Txn_Date,Ship_Date,Due_Date,Year,Month,Month_Name,Invoice_Amount,Balance_Remaining,Customer_Reference,Customer_ID,AR_Direct_Customer_Name,Staff,PO_Number,Invoice_Ref,Terms,Days_Outstanding,Days_Until_Due,Days_Past_Due,Payment_Timing,Customer,Aging_Bucket
2018-01-13,2018-01-14,2018-03-14,2018,1,January,1458471.27,0.0,Northstar Marine Engineering,AGC-00027,Northstar Marine Engineering,Eva Lewis,AGX-2018-004048-AGC-00027,INV-2018-0003770,NET 60 DAYS,3073,0,0,Paid,Northstar Marine Engineering,Paid
2018-01-15,2018-01-21,2018-04-15,2018,1,January,271265.67,0.0,Northstar Industrial Maintenance,AGC-00020,Northstar Industrial Maintenance,Avery Morgan,AGX-2018-004399-AGC-00020,INV-2018-0004090,20% ADVANCE / NET 90,3041,0,0,Paid,Northstar Industrial Maintenance,Paid
2018-01-20,2018-01-23,2018-03-21,2018,1,January,378698.96,0.0,Northstar Industrial Services,AGC-00032,Northstar Industrial Services,Theo Price,AGX-2018-003460-AGC-00032,INV-2018-0003222,30% ADVANCE / NET 60,3066,0,0,Paid,Northstar Industrial Services,Paid
2018-01-20,2018-01-24,2018-03-21,2018,1,January,1797486.42,0.0,Cobalt Rotating Equipment,AGC-00097,Cobalt Rotating Equipment,Eva Lewis,AGX-2018-004460-AGC-00097,INV-2018-0004148,NET 60 DAYS,3066,0,0,Paid,Cobalt Rotating Equipment,Paid
2018-01-25,2018-01-31,2018-03-26,2018,1,January,288741.53,0.0,Northstar Industrial Services,AGC-00032,Northstar Industrial Services,Theo Price,AGX-2018-003919-AGC-00032,INV-2018-0003642,30% ADVANCE / NET 60,3061,0,0,Paid,Northstar Industrial Services,Paid
2018-01-28,2018-02-04,2018-04-28,2018,1,January,1208014.67,0.0,Arcadia Pipeline Services,AGC-00170,Arcadia Pipeline Services,Adrian Walker,AGX-2018-003789-AGC-00170,INV-2018-0003521,20% ADVANCE / NET 90,3028,0,0,Paid,Arcadia Pipeline Services,Paid
2018-02-01,2018-02-03,2018-05-02,2018,2,February,163088.5,0.0,Cobalt Technical Supply,AGC-00098,Cobalt Technical Supply,Priya Nguyen,AGX-2018-004265-AGC-00098,INV-2018-0003971,20% ADVANCE / NET 90,3024,0,0,Paid,Cobalt Technical Supply,Paid
2018-02-06,2018-02-06,2018-04-07,2018,2,February,592097.05,0.0,Northstar Marine Engineering,AGC-00027,Northstar Marine Engineering,Eva Lewis,AGX-2018-003194-AGC-00027,INV-2018-0002981,NET 60 DAYS,3049,0,0,Paid,Northstar Marine Engineering,Paid
2018-02-13,2018-02-15,2018-05-14,2018,2,February,94835.87,0.0,Arcadia Field Services,AGC-00161,Arcadia Field Services,Grace Perry,AGX-2018-003780-AGC-00161,INV-2018-0003513,20% ADVANCE / NET 90,3012,0,0,Paid,Arcadia Field Services,Paid
2018-02-14,2018-02-15,2018-04-15,2018,2,February,1493543.98,0.0,Meridian Refinery Services,AGC-00136,Meridian Refinery Services,Camille Martin,AGX-2018-004066-AGC-00136,INV-2018-0003787,20% ADVANCE / NET 60,3041,0,0,Paid,Meridian Refinery Services,Paid
2018-02-14,2018-02-22,2018-04-15,2018,2,February,519406.44,0.0,Arcadia Offshore Systems,AGC-00178,Arcadia Offshore Systems,Camille Martin,AGX-2018-004370-AGC-00178,INV-2018-0004064,30% ADVANCE / NET 60,3041,0,0,Paid,Arcadia Offshore Systems,Paid
2018-02-18,2018-02-26,2018-04-19,2018,2,February,114706.92,0.0,Northstar Field Services,AGC-00013,Northstar Field Services,Eva Lewis,AGX-2018-003750-AGC-00013,INV-2018-0003486,NET 60 DAYS,3037,0,0,Paid,Northstar Field Services,Paid
2018-02-19,2018-03-01,2018-04-05,2018,2,February,359283.34,0.0,Northstar Industrial Group,AGC-00003,Northstar Industrial Group,Zara Grant,AGX-2018-003664-AGC-00003,INV-2018-0003408,NET 45 DAYS,3051,0,0,Paid,Northstar Industrial Group,Paid
2018-02-20,2018-02-26,2018-05-21,2018,2,February,1300667.45,0.0,Helios Power Partners,AGC-00052,Helios Power Partners,Camille Martin,AGX-2018-003627-AGC-00052,INV-2018-0003373,20% ADVANCE / NET 90,3005,0,0,Paid,Helios Power Partners,Paid
2018-02-22,2018-02-26,2018-03-24,2018,2,February,708381.0,21251.43,Arcadia Petro Systems,AGC-00156,Arcadia Petro Systems,Adrian Walker,AGX-2018-003730-AGC-00156,INV-2018-0003468,NET 30 DAYS,3063,0,3063,3063 day(s) overdue,Arcadia Petro Systems,90+ Days
2018-02-23,2018-03-03,2018-04-24,2018,2,February,195966.55,0.0,Northstar Process Controls,AGC-00016,Northstar Process Controls,Adrian Walker,AGX-2018-004374-AGC-00016,INV-2018-0004068,NET 60 DAYS,3032,0,0,Paid,Northstar Process Controls,Paid
2018-02-24,2018-03-05,2018-04-10,2018,2,February,215859.71,0.0,Northstar Offshore Engineering,AGC-00005,Northstar Offshore Engineering,Lucas Hayes,AGX-2018-003251-AGC-00005,INV-2018-0003034,NET 45 DAYS,3046,0,0,Paid,Northstar Offshore Engineering,Paid
2018-02-24,2018-03-03,2018-04-25,2018,2,February,337679.72,0.0,Meridian Marine Engineering,AGC-00138,Meridian Marine Engineering,Leo Foster,AGX-2018-004478-AGC-00138,INV-2018-0004165,NET 60 DAYS,3031,0,0,Paid,Meridian Marine Engineering,Paid
2018-02-26,2018-02-26,2018-04-27,2018,2,February,410649.5,0.0,Meridian Refinery Services,AGC-00136,Meridian Refinery Services,Camille Martin,AGX-2018-004013-AGC-00136,INV-2018-0003735,20% ADVANCE / NET 60,3029,0,0,Paid,Meridian Refinery Services,Paid
2018-02-27,2018-02-28,2018-04-28,2018,2,February,717755.05,0.0,Arcadia Rotating Equipment,AGC-00171,Arcadia Rotating Equipment,Zara Grant,AGX-2018-003807-AGC-00171,INV-2018-0003535,NET 60 DAYS,3028,0,0,Paid,Arcadia Rotating Equipment,Paid
2018-02-28,2018-03-07,2018-04-29,2018,2,February,990385.09,0.0,Meridian Flow Systems,AGC-00144,Meridian Flow Systems,Theo Price,AGX-2018-003477-AGC-00144,INV-2018-0003236,NET 60 DAYS,3027,0,0,Paid,Meridian Flow Systems,Paid
2018-02-28,2018-03-08,2018-04-14,2018,2,February,4911.33,0.0,Helios Mechanical,AGC-00051,Helios Mechanical,Lina Sato,AGX-2018-004153-AGC-00051,INV-2018-0003870,NET 45 DAYS,3042,0,0,Paid,Helios Mechanical,Paid
2018-03-03,2018-03-03,2018-05-02,2018,3,March,198213.55,0.0,Helios Energy Systems,AGC-00038,Helios Energy Systems,Camille Martin,AGX-2018-003852-AGC-00038,INV-2018-0003578,NET 60 DAYS,3024,0,0,Paid,Helios Energy Systems,Paid
2018-03-04,2018-03-10,2018-05-03,2018,3,March,45198.71,0.0,Helios Energy Systems,AGC-00038,Helios Energy Systems,Camille Martin,AGX-2018-003482-AGC-00038,INV-2018-0003241,NET 60 DAYS,3023,0,0,Paid,Helios Energy Systems,Paid
2018-03-06,2018-03-11,2018-06-04,2018,3,March,780751.42,0.0,Meridian Industrial Services,AGC-00143,Meridian Industrial Services,Zara Grant,AGX-2018-003563-AGC-00143,INV-2018-0003312,20% ADVANCE / NET 90,2991,0,0,Paid,Meridian Industrial Services,Paid
2018-03-07,2018-03-09,2018-05-06,2018,3,March,466362.18,0.0,Meridian Resources,AGC-00132,Meridian Resources,Avery Morgan,AGX-2018-003529-AGC-00132,INV-2018-0003281,NET 60 DAYS,3020,0,0,Paid,Meridian Resources,Paid
2018-03-14,2018-03-19,2018-05-13,2018,3,March,521864.08,0.0,Cobalt Energy Systems,AGC-00075,Cobalt Energy Systems,Lucas Hayes,AGX-2018-003531-AGC-00075,INV-2018-0003282,NET 60 DAYS,3013,0,0,Paid,Cobalt Energy Systems,Paid
2018-03-16,2018-03-16,2018-06-14,2018,3,March,2587701.97,0.0,Meridian Industrial Services,AGC-00143,Meridian Industrial Services,Zara Grant,AGX-2018-003743-AGC-00143,INV-2018-0003481,20% ADVANCE / NET 90,2981,0,0,Paid,Meridian Industrial Services,Paid
2018-03-18,2018-03-26,2018-05-02,2018,3,March,475262.79,0.0,Arcadia Industrial Maintenance,AGC-00168,Arcadia Industrial Maintenance,Priya Nguyen,AGX-2018-003176-AGC-00168,INV-2018-0002964,NET 45 DAYS,3024,0,0,Paid,Arcadia Industrial Maintenance,Paid
2018-03-18,2018-03-22,2018-05-17,2018,3,March,270860.72,0.0,Northstar Refinery Services,AGC-00025,Northstar Refinery Services,Mila Diaz,AGX-2018-004195-AGC-00025,INV-2018-0003910,30% ADVANCE / NET 60,3009,0,0,Paid,Northstar Refinery Services,Paid
2018-03-19,2018-03-20,2018-05-18,2018,3,March,1292819.3,0.0,Northstar Flow Systems,AGC-00033,Northstar Flow Systems,Lucas Hayes,AGX-2018-004363-AGC-00033,INV-2018-0004058,NET 60 DAYS,3008,0,0,Paid,Northstar Flow Systems,Paid
2018-03-21,2018-03-29,2018-04-20,2018,3,March,571598.72,0.0,Cobalt Power Partners,AGC-00089,Cobalt Power Partners,Lucas Hayes,AGX-2018-003939-AGC-00089,INV-2018-0003662,NET 30 DAYS,3036,0,0,Paid,Cobalt Power Partners,Paid
2018-03-24,2018-03-28,2018-04-23,2018,3,March,465642.12,0.0,Cobalt Marine Supply,AGC-00111,Cobalt Marine Supply,Eva Lewis,AGX-2018-004186-AGC-00111,INV-2018-0003902,NET 30 DAYS,3033,0,0,Paid,Cobalt Marine Supply,Paid
2018-03-25,2018-04-01,2018-05-24,2018,3,March,353786.56,0.0,Northstar Marine Supply,AGC-00037,Northstar Marine Supply,Lina Sato,AGX-2018-003304-AGC-00037,INV-2018-0003079,NET 60 DAYS,3002,0,0,Paid,Northstar Marine Supply,Paid
2018-03-31,2018-04-06,2018-06-29,2018,3,March,236564.68,0.0,Helios Petro Systems,AGC-00045,Helios Petro Systems,Zara Grant,AGX-2018-003888-AGC-00045,INV-2018-0003611,20% ADVANCE / NET 90,2966,0,0,Paid,Helios Petro Systems,Paid
2018-04-01,2018-04-11,2018-05-31,2018,4,April,1134960.7,0.0,Arcadia Technical Supply,AGC-00172,Arcadia Technical Supply,Theo Price,AGX-2018-003602-AGC-00172,INV-2018-0003349,30% ADVANCE / NET 60,2995,0,0,Paid,Arcadia Technical Supply,Paid
2018-04-03,2018-04-05,2018-05-03,2018,4,April,1770167.2,0.0,Northstar Energy Projects,AGC-00026,Northstar Energy Projects,Leo Foster,AGX-2018-004030-AGC-00026,INV-2018-0003752,NET 30 DAYS,3023,0,0,Paid,Northstar Energy Projects,Paid
2018-04-08,2018-04-15,2018-06-07,2018,4,April,1253611.24,0.0,Meridian Resources,AGC-00132,Meridian Resources,Avery Morgan,AGX-2018-003914-AGC-00132,INV-2018-0003637,NET 60 DAYS,2988,0,0,Paid,Meridian Resources,Paid
2018-04-09,2018-04-15,2018-06-08,2018,4,April,75477.99,0.0,Northstar Field Services,AGC-00013,Northstar Field Services,Eva Lewis,AGX-2018-004049-AGC-00013,INV-2018-0003771,NET 60 DAYS,2987,0,0,Paid,Northstar Field Services,Paid
2018-04-09,2018-04-18,2018-06-08,2018,4,April,1456420.21,0.0,Cobalt Energy Systems,AGC-00075,Cobalt Energy Systems,Lucas Hayes,AGX-2018-004264-AGC-00075,INV-2018-0003970,NET 60 DAYS,2987,0,0,Paid,Cobalt Energy Systems,Paid
2018-04-12,2018-04-20,2018-06-11,2018,4,April,601478.07,0.0,Arcadia Rotating Equipment,AGC-00171,Arcadia Rotating Equipment,Zara Grant,AGX-2018-003355-AGC-00171,INV-2018-0003128,NET 60 DAYS,2984,0,0,Paid,Arcadia Rotating Equipment,Paid
2018-04-12,2018-04-21,2018-06-11,2018,4,April,374994.55,0.0,Arcadia Automation,AGC-00159,Arcadia Automation,Lucas Hayes,AGX-2018-003891-AGC-00159,INV-2018-0003614,NET 60 DAYS,2984,0,0,Paid,Arcadia Automation,Paid
2018-04-13,2018-04-20,2018-07-12,2018,4,April,445483.14,0.0,Cobalt Offshore Engineering,AGC-00079,Cobalt Offshore Engineering,Lina Sato,AGX-2018-003829-AGC-00079,INV-2018-0003556,NET 90 DAYS,2953,0,0,Paid,Cobalt Offshore Engineering,Paid
2018-04-13,2018-04-18,2018-06-12,2018,4,April,262773.41,0.0,Cobalt Energy Systems,AGC-00075,Cobalt Energy Systems,Lucas Hayes,AGX-2018-004425-AGC-00075,INV-2018-0004116,NET 60 DAYS,2983,0,0,Paid,Cobalt Energy Systems,Paid
2018-04-15,2018-04-18,2018-06-14,2018,4,April,783868.07,0.0,Helios Process Solutions,AGC-00041,Helios Process Solutions,Eva Lewis,AGX-2018-003331-AGC-00041,INV-2018-0003105,20% ADVANCE / NET 60,2981,0,0,Paid,Helios Process Solutions,Paid
2018-04-15,2018-04-16,2018-05-30,2018,4,April,1438115.74,0.0,Meridian Offshore Systems,AGC-00141,Meridian Offshore Systems,Noah Keller,AGX-2018-003423-AGC-00141,INV-2018-0003189,NET 45 DAYS,2996,0,0,Paid,Meridian Offshore Systems,Paid
2018-04-16,2018-04-16,2018-05-16,2018,4,April,396918.35,0.0,Helios Flow Technologies,AGC-00043,Helios Flow Technologies,Noah Keller,AGX-2018-003599-AGC-00043,INV-2018-0003346,NET 30 DAYS,3010,0,0,Paid,Helios Flow Technologies,Paid
2018-04-17,2018-04-26,2018-07-16,2018,4,April,29054.37,0.0,Meridian Industrial Services,AGC-00143,Meridian Industrial Services,Zara Grant,AGX-2018-003616-AGC-00143,INV-2018-0003363,20% ADVANCE / NET 90,2949,0,0,Paid,Meridian Industrial Services,Paid
2018-04-19,2018-04-21,2018-06-18,2018,4,April,411723.62,12351.71,Arcadia Compression,AGC-00167,Arcadia Compression,Eva Lewis,AGX-2018-003983-AGC-00167,INV-2018-0003705,NET 60 DAYS,2977,0,2977,2977 day(s) overdue,Arcadia Compression,90+ Days
2018-04-22,2018-04-28,2018-06-21,2018,4,April,573211.05,0.0,Meridian Resources,AGC-00132,Meridian Resources,Avery Morgan,AGX-2018-003380-AGC-00132,INV-2018-0003151,NET 60 DAYS,2974,0,0,Paid,Meridian Resources,Paid
2018-04-23,2018-05-03,2018-06-22,2018,4,April,471039.23,0.0,Northstar Marine Engineering,AGC-00027,Northstar Marine Engineering,Eva Lewis,AGX-2018-004076-AGC-00027,INV-2018-0003796,NET 60 DAYS,2973,0,0,Paid,Northstar Marine Engineering,Paid
2018-04-26,2018-05-01,2018-06-25,2018,4,April,141577.07,0.0,Arcadia Resources,AGC-00169,Arcadia Resources,Noah Keller,AGX-2018-003675-AGC-00169,INV-2018-0003419,20% ADVANCE / NET 60,2970,0,0,Paid,Arcadia Resources,Paid
2018-04-26,2018-05-03,2018-06-25,2018,4,April,30401.9,0.0,Meridian Marine Engineering,AGC-00138,Meridian Marine Engineering,Leo Foster,AGX-2018-004459-AGC-00138,INV-2018-0004147,NET 60 DAYS,2970,0,0,Paid,Meridian Marine Engineering,Paid
2018-04-27,2018-04-28,2018-06-26,2018,4,April,304808.09,0.0,Northstar Marine Engineering,AGC-00027,Northstar Marine Engineering,Eva Lewis,AGX-2018-003361-AGC-00027,INV-2018-0003133,NET 60 DAYS,2969,0,0,Paid,Northstar Marine Engineering,Paid
2018-04-28,2018-05-07,2018-06-12,2018,4,April,256155.41,0.0,Northstar Industrial Group,AGC-00003,Northstar Industrial Group,Zara Grant,AGX-2018-003292-AGC-00003,INV-2018-0003069,NET 45 DAYS,2983,0,0,Paid,Northstar Industrial Group,Paid
2018-04-28,2018-05-08,2018-07-27,2018,4,April,368289.04,0.0,Arcadia Pipeline Services,AGC-00170,Arcadia Pipeline Services,Adrian Walker,AGX-2018-003651-AGC-00170,INV-2018-0003396,20% ADVANCE / NET 90,2938,0,0,Paid,Arcadia Pipeline Services,Paid
2018-04-29,2018-05-07,2018-06-28,2018,4,April,273108.59,0.0,Northstar Mining Services,AGC-00009,Northstar Mining Services,Lina Sato,AGX-2018-003828-AGC-00009,INV-2018-0003555,NET 60 DAYS,2967,0,0,Paid,Northstar Mining Services,Paid
2018-05-04,2018-05-07,2018-07-03,2018,5,May,1110293.41,0.0,Cobalt Controls,AGC-00103,Cobalt Controls,Lucas Hayes,AGX-2018-003818-AGC-00103,INV-2018-0003545,NET 60 DAYS,2962,0,0,Paid,Cobalt Controls,Paid
2018-05-06,2018-05-12,2018-07-05,2018,5,May,2616485.03,0.0,Cobalt Controls,AGC-00103,Cobalt Controls,Lucas Hayes,AGX-2018-003623-AGC-00103,INV-2018-0003370,NET 60 DAYS,2960,0,0,Paid,Cobalt Controls,Paid
2018-05-06,2018-05-09,2018-08-04,2018,5,May,379528.56,0.0,Cobalt Industrial Group,AGC-00077,Cobalt Industrial Group,Grace Perry,AGX-2018-003773-AGC-00077,INV-2018-0003506,20% ADVANCE / NET 90,2930,0,0,Paid,Cobalt Industrial Group,Paid
2018-05-09,2018-05-09,2018-07-08,2018,5,May,63815.87,0.0,Meridian Marine Engineering,AGC-00138,Meridian Marine Engineering,Leo Foster,AGX-2018-003244-AGC-00138,INV-2018-0003028,NET 60 DAYS,2957,0,0,Paid,Meridian Marine Engineering,Paid
2018-05-13,2018-05-23,2018-06-12,2018,5,May,121046.34,0.0,Northstar Technical Services,AGC-00035,Northstar Technical Services,Grace Perry,AGX-2018-004421-AGC-00035,INV-2018-0004112,NET 30 DAYS,2983,0,0,Paid,Northstar Technical Services,Paid
2018-05-17,2018-05-25,2018-07-16,2018,5,May,511483.58,0.0,Arcadia Rotating Equipment,AGC-00171,Arcadia Rotating Equipment,Zara Grant,AGX-2018-003514-AGC-00171,INV-2018-0003269,NET 60 DAYS,2949,0,0,Paid,Arcadia Rotating Equipment,Paid
2018-05-17,2018-05-18,2018-07-16,2018,5,May,784421.78,0.0,Meridian Technical Supply,AGC-00135,Meridian Technical Supply,Lina Sato,AGX-2018-003903-AGC-00135,INV-2018-0003626,30% ADVANCE / NET 60,2949,0,0,Paid,Meridian Technical Supply,Paid
2018-05-18,2018-05-26,2018-07-17,2018,5,May,154187.74,0.0,Northstar Field Services,AGC-00013,Northstar Field Services,Eva Lewis,AGX-2018-004445-AGC-00013,INV-2018-0004134,NET 60 DAYS,2948,0,0,Paid,Northstar Field Services,Paid
2018-05-23,2018-06-01,2018-06-22,2018,5,May,1302908.23,0.0,Meridian Pipeline Services,AGC-00133,Meridian Pipeline Services,Grace Perry,AGX-2018-004334-AGC-00133,INV-2018-0004033,NET 30 DAYS,2973,0,0,Paid,Meridian Pipeline Services,Paid
2018-05-24,2018-05-28,2018-06-23,2018,5,May,467833.95,0.0,Arcadia Petro Systems,AGC-00156,Arcadia Petro Systems,Adrian Walker,AGX-2018-003778-AGC-00156,INV-2018-0003511,NET 30 DAYS,2972,0,0,Paid,Arcadia Petro Systems,Paid
2018-05-31,2018-06-08,2018-08-29,2018,5,May,602926.97,0.0,Helios Refinery Services,AGC-00062,Helios Refinery Services,Avery Morgan,AGX-2018-004441-AGC-00062,INV-2018-0004131,NET 90 DAYS,2905,0,0,Paid,Helios Refinery Services,Paid
2018-05-31,2018-05-31,2018-06-30,2018,5,May,164059.34,0.0,Northstar Technical Services,AGC-00035,Northstar Technical Services,Grace Perry,AGX-2018-004477-AGC-00035,INV-2018-0004164,NET 30 DAYS,2965,0,0,Paid,Northstar Technical Services,Paid
2018-06-03,2018-06-06,2018-08-02,2018,6,June,211854.14,0.0,Helios Energy Systems,AGC-00038,Helios Energy Systems,Camille Martin,AGX-2018-003379-AGC-00038,INV-2018-0003150,NET 60 DAYS,2932,0,0,Paid,Helios Energy Systems,Paid
2018-06-12,2018-06-19,2018-08-11,2018,6,June,248088.81,0.0,Cobalt Marine Engineering,AGC-00101,Cobalt Marine Engineering,Zara Grant,AGX-2018-003956-AGC-00101,INV-2018-0003678,NET 60 DAYS,2923,0,0,Paid,Cobalt Marine Engineering,Paid
2018-06-15,2018-06-21,2018-09-13,2018,6,June,34659.16,0.0,Meridian Instrumentation,AGC-00145,Meridian Instrumentation,Lucas Hayes,AGX-2018-003160-AGC-00145,INV-2018-0002948,NET 90 DAYS,2890,0,0,Paid,Meridian Instrumentation,Paid
2018-06-16,2018-06-25,2018-08-15,2018,6,June,62551.63,0.0,Meridian Technical Services,AGC-00146,Meridian Technical Services,Avery Morgan,AGX-2018-004047-AGC-00146,INV-2018-0003769,NET 60 DAYS,2919,0,0,Paid,Meridian Technical Services,Paid
2018-06-19,2018-06-24,2018-08-18,2018,6,June,224309.28,0.0,Cobalt Marine Services,AGC-00076,Cobalt Marine Services,Avery Morgan,AGX-2018-003684-AGC-00076,INV-2018-0003428,NET 60 DAYS,2916,0,0,Paid,Cobalt Marine Services,Paid
2018-06-20,2018-06-28,2018-08-19,2018,6,June,3131.69,0.0,Arcadia Rotating Equipment,AGC-00171,Arcadia Rotating Equipment,Zara Grant,AGX-2018-004084-AGC-00171,INV-2018-0003803,NET 60 DAYS,2915,0,0,Paid,Arcadia Rotating Equipment,Paid
2018-06-20,2018-06-21,2018-08-19,2018,6,June,689024.51,0.0,Arcadia Compression,AGC-00167,Arcadia Compression,Eva Lewis,AGX-2018-004091-AGC-00167,INV-2018-0003809,NET 60 DAYS,2915,0,0,Paid,Arcadia Compression,Paid
2018-06-23,2018-06-29,2018-08-22,2018,6,June,917693.89,0.0,Helios Offshore Engineering,AGC-00042,Helios Offshore Engineering,Priya Nguyen,AGX-2018-004241-AGC-00042,INV-2018-0003950,20% ADVANCE / NET 60,2912,0,0,Paid,Helios Offshore Engineering,Paid
2018-06-25,2018-07-04,2018-08-24,2018,6,June,863373.7,0.0,Helios Process Solutions,AGC-00041,Helios Process Solutions,Eva Lewis,AGX-2018-004234-AGC-00041,INV-2018-0003943,20% ADVANCE / NET 60,2910,0,0,Paid,Helios Process Solutions,Paid
2018-06-26,2018-06-27,2018-08-25,2018,6,June,4973798.81,0.0,Northstar Field Services,AGC-00013,Northstar Field Services,Eva Lewis,AGX-2018-004096-AGC-00013,INV-2018-0003814,NET 60 DAYS,2909,0,0,Paid,Northstar Field Services,Paid
2018-06-26,2018-07-01,2018-07-26,2018,6,June,771710.67,0.0,Northstar Technical Services,AGC-00035,Northstar Technical Services,Grace Perry,AGX-2018-004456-AGC-00035,INV-2018-0004144,NET 30 DAYS,2939,0,0,Paid,Northstar Technical Services,Paid
2018-06-30,2018-07-07,2018-09-28,2018,6,June,3365350.04,0.0,Helios Power Partners,AGC-00052,Helios Power Partners,Camille Martin,AGX-2018-003823-AGC-00052,INV-2018-0003550,20% ADVANCE / NET 90,2875,0,0,Paid,Helios Power Partners,Paid
2018-07-05,2018-07-13,2018-10-03,2018,7,July,565382.07,0.0,Cobalt Technical Supply,AGC-00098,Cobalt Technical Supply,Priya Nguyen,AGX-2018-003640-AGC-00098,INV-2018-0003385,20% ADVANCE / NET 90,2870,0,0,Paid,Cobalt Technical Supply,Paid
2018-07-06,2018-07-06,2018-10-04,2018,7,July,1622177.45,0.0,Arcadia Infrastructure,AGC-00155,Arcadia Infrastructure,Noah Keller,AGX-2018-003516-AGC-00155,INV-2018-0003271,20% ADVANCE / NET 90,2869,0,0,Paid,Arcadia Infrastructure,Paid
2018-07-07,2018-07-16,2018-09-05,2018,7,July,494817.48,0.0,Meridian Resources,AGC-00132,Meridian Resources,Avery Morgan,AGX-2018-003540-AGC-00132,INV-2018-0003290,NET 60 DAYS,2898,0,0,Paid,Meridian Resources,Paid
2018-07-08,2018-07-09,2018-08-07,2018,7,July,5022462.43,0.0,Arcadia Petro Systems,AGC-00156,Arcadia Petro Systems,Adrian Walker,AGX-2018-003608-AGC-00156,INV-2018-0003355,NET 30 DAYS,2927,0,0,Paid,Arcadia Petro Systems,Paid
2018-07-09,2018-07-09,2018-10-07,2018,7,July,177969.98,0.0,Helios Pipeline Services,AGC-00059,Helios Pipeline Services,Zara Grant,AGX-2018-003657-AGC-00059,INV-2018-0003402,NET 90 DAYS,2866,0,0,Paid,Helios Pipeline Services,Paid
2018-07-11,2018-07-17,2018-09-09,2018,7,July,233880.36,0.0,Northstar Industrial Services,AGC-00032,Northstar Industrial Services,Theo Price,AGX-2018-003416-AGC-00032,INV-2018-0003183,30% ADVANCE / NET 60,2894,0,0,Paid,Northstar Industrial Services,Paid
2018-07-11,2018-07-11,2018-10-09,2018,7,July,104404.87,0.0,Arcadia Production Services,AGC-00176,Arcadia Production Services,Julian Howard,AGX-2018-003614-AGC-00176,INV-2018-0003361,20% ADVANCE / NET 90,2864,0,0,Paid,Arcadia Production Services,Paid
2018-07-13,2018-07-21,2018-09-11,2018,7,July,708311.39,0.0,Meridian Flow Systems,AGC-00144,Meridian Flow Systems,Theo Price,AGX-2018-003761-AGC-00144,INV-2018-0003497,NET 60 DAYS,2892,0,0,Paid,Meridian Flow Systems,Paid
2018-07-14,2018-07-19,2018-09-12,2018,7,July,201559.84,0.0,Meridian Refinery Services,AGC-00136,Meridian Refinery Services,Camille Martin,AGX-2018-003617-AGC-00136,INV-2018-0003364,20% ADVANCE / NET 60,2891,0,0,Paid,Meridian Refinery Services,Paid
2018-07-16,2018-07-21,2018-09-14,2018,7,July,93293.2,0.0,Arcadia Compression,AGC-00167,Arcadia Compression,Eva Lewis,AGX-2018-003873-AGC-00167,INV-2018-0003596,NET 60 DAYS,2889,0,0,Paid,Arcadia Compression,Paid
2018-07-17,2018-07-20,2018-08-31,2018,7,July,1787352.1,0.0,Northstar Industrial Group,AGC-00003,Northstar Industrial Group,Zara Grant,AGX-2018-003352-AGC-00003,INV-2018-0003125,NET 45 DAYS,2903,0,0,Paid,Northstar Industrial Group,Paid
2018-07-17,2018-07-21,2018-10-15,2018,7,July,164.96,0.0,Helios Controls,AGC-00066,Helios Controls,Camille Martin,AGX-2018-004003-AGC-00066,INV-2018-0003725,NET 90 DAYS,2858,0,0,Paid,Helios Controls,Paid
2018-07-22,2018-07-28,2018-09-05,2018,7,July,580164.35,0.0,Northstar Offshore Engineering,AGC-00005,Northstar Offshore Engineering,Lucas Hayes,AGX-2018-003180-AGC-00005,INV-2018-0002968,NET 45 DAYS,2898,0,0,Paid,Northstar Offshore Engineering,Paid
2018-07-23,2018-07-28,2018-10-21,2018,7,July,1192120.43,0.0,Helios Pipeline Services,AGC-00059,Helios Pipeline Services,Zara Grant,AGX-2018-003177-AGC-00059,INV-2018-0002965,NET 90 DAYS,2852,0,0,Paid,Helios Pipeline Services,Paid
2018-07-25,2018-07-31,2018-09-08,2018,7,July,340813.67,0.0,Meridian Offshore Systems,AGC-00141,Meridian Offshore Systems,Noah Keller,AGX-2018-003858-AGC-00141,INV-2018-0003583,NET 45 DAYS,2895,0,0,Paid,Meridian Offshore Systems,Paid
2018-07-31,2018-08-02,2018-09-29,2018,7,July,8929.73,0.0,Arcadia Automation,AGC-00159,Arcadia Automation,Lucas Hayes,AGX-2018-003926-AGC-00159,INV-2018-0003649,NET 60 DAYS,2874,0,0,Paid,Arcadia Automation,Paid
2018-08-01,2018-08-07,2018-08-31,2018,8,August,374491.85,0.0,Meridian Mining Services,AGC-00120,Meridian Mining Services,Julian Howard,AGX-2018-004476-AGC-00120,INV-2018-0004163,NET 30 DAYS,2903,0,0,Paid,Meridian Mining Services,Paid
2018-08-02,2018-08-07,2018-10-01,2018,8,August,352004.71,0.0,Meridian Process Controls,AGC-00127,Meridian Process Controls,Noah Keller,AGX-2018-003433-AGC-00127,INV-2018-0003199,NET 60 DAYS,2872,0,0,Paid,Meridian Process Controls,Paid
2018-08-02,2018-08-09,2018-09-16,2018,8,August,1915261.18,0.0,Northstar Industrial Group,AGC-00003,Northstar Industrial Group,Zara Grant,AGX-2018-003573-AGC-00003,INV-2018-0003320,NET 45 DAYS,2887,0,0,Paid,Northstar Industrial Group,Paid
2018-08-07,2018-08-12,2018-11-05,2018,8,August,305588.22,0.0,Cobalt Offshore Engineering,AGC-00079,Cobalt Offshore Engineering,Lina Sato,AGX-2018-003221-AGC-00079,INV-2018-0003007,NET 90 DAYS,2837,0,0,Paid,Cobalt Offshore Engineering,Paid
2018-08-08,2018-08-10,2018-09-07,2018,8,August,899011.59,0.0,Cobalt Field Services,AGC-00087,Cobalt Field Services,Zara Grant,AGX-2018-003230-AGC-00087,INV-2018-0003016,NET 30 DAYS,2896,0,0,Paid,Cobalt Field Services,Paid
2018-08-10,2018-08-13,2018-09-09,2018,8,August,279665.66,0.0,Arcadia Waterworks,AGC-00158,Arcadia Waterworks,Theo Price,AGX-2018-003321-AGC-00158,INV-2018-0003096,NET 30 DAYS,2894,0,0,Paid,Arcadia Waterworks,Paid
2018-08-11,2018-08-14,2018-10-10,2018,8,August,1934332.66,0.0,Meridian Flow Systems,AGC-00144,Meridian Flow Systems,Theo Price,AGX-2018-004375-AGC-00144,INV-2018-0004069,NET 60 DAYS,2863,0,0,Paid,Meridian Flow Systems,Paid
2018-08-12,2018-08-22,2018-10-11,2018,8,August,176186.45,0.0,Northstar Mining Services,AGC-00009,Northstar Mining Services,Lina Sato,AGX-2018-003929-AGC-00009,INV-2018-0003652,NET 60 DAYS,2862,0,0,Paid,Northstar Mining Services,Paid
2018-08-13,2018-08-17,2018-10-12,2018,8,August,133359.45,0.0,Northstar Marine Supply,AGC-00037,Northstar Marine Supply,Lina Sato,AGX-2018-003290-AGC-00037,INV-2018-0003067,NET 60 DAYS,2861,0,0,Paid,Northstar Marine Supply,Paid
2018-08-15,2018-08-23,2018-11-13,2018,8,August,1005332.89,0.0,Cobalt Industrial Group,AGC-00077,Cobalt Industrial Group,Grace Perry,AGX-2018-003238-AGC-00077,INV-2018-0003022,20% ADVANCE / NET 90,2829,0,0,Paid,Cobalt Industrial Group,Paid
2018-08-15,2018-08-18,2018-10-14,2018,8,August,38400.42,0.0,Arcadia Rotating Equipment,AGC-00171,Arcadia Rotating Equipment,Zara Grant,AGX-2018-003765-AGC-00171,INV-2018-0003499,NET 60 DAYS,2859,0,0,Paid,Arcadia Rotating Equipment,Paid
2018-08-16,2018-08-23,2018-10-15,2018,8,August,842048.72,0.0,Arcadia Offshore Systems,AGC-00178,Arcadia Offshore Systems,Camille Martin,AGX-2018-004008-AGC-00178,INV-2018-0003730,30% ADVANCE / NET 60,2858,0,0,Paid,Arcadia Offshore Systems,Paid
2018-08-21,2018-08-23,2018-10-20,2018,8,August,521412.75,0.0,Arcadia Industrial Group,AGC-00151,Arcadia Industrial Group,Mila Diaz,AGX-2018-003570-AGC-00151,INV-2018-0003319,20% ADVANCE / NET 60,2853,0,0,Paid,Arcadia Industrial Group,Paid
2018-08-28,2018-09-06,2018-09-27,2018,8,August,287655.12,0.0,Arcadia Petro Systems,AGC-00156,Arcadia Petro Systems,Adrian Walker,AGX-2018-003467-AGC-00156,INV-2018-0003229,NET 30 DAYS,2876,0,0,Paid,Arcadia Petro Systems,Paid
2018-08-30,2018-08-31,2018-10-29,2018,8,August,190671.97,0.0,Northstar Waterworks,AGC-00010,Northstar Waterworks,Camille Martin,AGX-2018-004025-AGC-00010,INV-2018-0003747,NET 60 DAYS,2844,0,0,Paid,Northstar Waterworks,Paid
2018-09-01,2018-09-03,2018-11-30,2018,9,September,250162.45,0.0,Arcadia Pipeline Services,AGC-00170,Arcadia Pipeline Services,Adrian Walker,AGX-2018-003736-AGC-00170,INV-2018-0003474,20% ADVANCE / NET 90,2812,0,0,Paid,Arcadia Pipeline Services,Paid
2018-09-01,2018-09-03,2018-11-30,2018,9,September,532766.1,0.0,Helios Petro Systems,AGC-00045,Helios Petro Systems,Zara Grant,AGX-2018-003995-AGC-00045,INV-2018-0003717,20% ADVANCE / NET 90,2812,0,0,Paid,Helios Petro Systems,Paid
2018-09-04,2018-09-06,2018-10-04,2018,9,September,1107084.47,0.0,Northstar Energy Projects,AGC-00026,Northstar Energy Projects,Leo Foster,AGX-2018-003706-AGC-00026,INV-2018-0003447,NET 30 DAYS,2869,0,0,Paid,Northstar Energy Projects,Paid
2018-09-05,2018-09-05,2018-11-04,2018,9,September,650315.15,0.0,Helios Compression,AGC-00056,Helios Compression,Priya Nguyen,AGX-2018-003406-AGC-00056,INV-2018-0003175,NET 60 DAYS,2838,0,0,Paid,Helios Compression,Paid
2018-09-06,2018-09-11,2018-11-05,2018,9,September,1542641.68,0.0,Cobalt Industrial Services,AGC-00106,Cobalt Industrial Services,Julian Howard,AGX-2018-003948-AGC-00106,INV-2018-0003670,30% ADVANCE / NET 60,2837,0,0,Paid,Cobalt Industrial Services,Paid
2018-09-07,2018-09-16,2018-11-06,2018,9,September,328123.76,0.0,Northstar Industrial Services,AGC-00032,Northstar Industrial Services,Theo Price,AGX-2018-003883-AGC-00032,INV-2018-0003606,30% ADVANCE / NET 60,2836,0,0,Paid,Northstar Industrial Services,Paid
2018-09-09,2018-09-13,2018-12-08,2018,9,September,25555.92,0.0,Arcadia Pipeline Services,AGC-00170,Arcadia Pipeline Services,Adrian Walker,AGX-2018-003668-AGC-00170,INV-2018-0003412,20% ADVANCE / NET 90,2804,0,0,Paid,Arcadia Pipeline Services,Paid
2018-09-09,2018-09-17,2018-10-09,2018,9,September,1043920.25,0.0,Meridian Pipeline Services,AGC-00133,Meridian Pipeline Services,Grace Perry,AGX-2018-004163-AGC-00133,INV-2018-0003880,NET 30 DAYS,2864,0,0,Paid,Meridian Pipeline Services,Paid
2018-09-12,2018-09-16,2018-11-11,2018,9,September,940159.93,0.0,Meridian Energy Systems,AGC-00112,Meridian Energy Systems,Priya Nguyen,AGX-2018-004262-AGC-00112,INV-2018-0003968,NET 60 DAYS,2831,0,0,Paid,Meridian Energy Systems,Paid
2018-09-18,2018-09-26,2018-10-18,2018,9,September,621667.73,0.0,Helios Industrial Services,AGC-00069,Helios Industrial Services,Eva Lewis,AGX-2018-003227-AGC-00069,INV-2018-0003013,NET 30 DAYS,2855,0,0,Paid,Helios Industrial Services,Paid
2018-09-18,2018-09-20,2018-10-18,2018,9,September,51853.01,0.0,Arcadia Mechanical Group,AGC-00179,Arcadia Mechanical Group,Mila Diaz,AGX-2018-004166-AGC-00179,INV-2018-0003883,NET 30 DAYS,2855,0,0,Paid,Arcadia Mechanical Group,Paid
2018-09-20,2018-09-22,2018-11-19,2018,9,September,584706.32,0.0,Cobalt Marine Services,AGC-00076,Cobalt Marine Services,Avery Morgan,AGX-2018-003182-AGC-00076,INV-2018-0002970,NET 60 DAYS,2823,0,0,Paid,Cobalt Marine Services,Paid
2018-09-20,2018-09-27,2018-11-19,2018,9,September,171131.17,0.0,Arcadia Automation,AGC-00159,Arcadia Automation,Lucas Hayes,AGX-2018-003297-AGC-00159,INV-2018-0003073,NET 60 DAYS,2823,0,0,Paid,Arcadia Automation,Paid
2018-09-20,2018-09-27,2018-11-19,2018,9,September,591713.38,0.0,Meridian Marine Services,AGC-00113,Meridian Marine Services,Noah Keller,AGX-2018-003673-AGC-00113,INV-2018-0003417,NET 60 DAYS,2823,0,0,Paid,Meridian Marine Services,Paid
2018-09-21,2018-09-27,2018-11-20,2018,9,September,1557164.16,0.0,Meridian Marine Services,AGC-00113,Meridian Marine Services,Noah Keller,AGX-2018-004088-AGC-00113,INV-2018-0003806,NET 60 DAYS,2822,0,0,Paid,Meridian Marine Services,Paid
2018-09-27,2018-10-07,2018-10-27,2018,9,September,1075568.19,32267.05,Northstar Energy Projects,AGC-00026,Northstar Energy Projects,Leo Foster,AGX-2018-003169-AGC-00026,INV-2018-0002957,NET 30 DAYS,2846,0,2846,2846 day(s) overdue,Northstar Energy Projects,90+ Days
2018-10-05,2018-10-13,2018-12-04,2018,10,October,1507575.78,0.0,Helios Utilities,AGC-00049,Helios Utilities,Grace Perry,AGX-2018-003545-AGC-00049,INV-2018-0003295,30% ADVANCE / NET 60,2808,0,0,Paid,Helios Utilities,Paid
2018-10-06,2018-10-07,2018-11-20,2018,10,October,227607.61,0.0,Meridian Offshore Systems,AGC-00141,Meridian Offshore Systems,Noah Keller,AGX-2018-003437-AGC-00141,INV-2018-0003203,NET 45 DAYS,2822,0,0,Paid,Meridian Offshore Systems,Paid
2018-10-07,2018-10-11,2019-01-05,2018,10,October,1341726.43,0.0,Arcadia Production Services,AGC-00176,Arcadia Production Services,Julian Howard,AGX-2018-003907-AGC-00176,INV-2018-0003630,20% ADVANCE / NET 90,2776,0,0,Paid,Arcadia Production Services,Paid
2018-10-09,2018-10-18,2018-12-08,2018,10,October,526271.42,0.0,Meridian Technical Services,AGC-00146,Meridian Technical Services,Avery Morgan,AGX-2018-003255-AGC-00146,INV-2018-0003038,NET 60 DAYS,2804,0,0,Paid,Meridian Technical Services,Paid
2018-10-10,2018-10-16,2018-11-09,2018,10,October,3614709.51,0.0,Northstar Engineering,AGC-00017,Northstar Engineering,Zara Grant,AGX-2018-003235-AGC-00017,INV-2018-0003020,NET 30 DAYS,2833,0,0,Paid,Northstar Engineering,Paid
2018-10-12,2018-10-21,2019-01-10,2018,10,October,46910.45,0.0,Meridian Instrumentation,AGC-00145,Meridian Instrumentation,Lucas Hayes,AGX-2018-003677-AGC-00145,INV-2018-0003421,NET 90 DAYS,2771,0,0,Paid,Meridian Instrumentation,Paid
2018-10-13,2018-10-19,2018-12-12,2018,10,October,4472230.19,0.0,Cobalt Infrastructure,AGC-00081,Cobalt Infrastructure,Mila Diaz,AGX-2018-003398-AGC-00081,INV-2018-0003168,NET 60 DAYS,2800,0,0,Paid,Cobalt Infrastructure,Paid
2018-10-15,2018-10-23,2018-12-14,2018,10,October,388939.66,38893.97,Helios Energy Projects,AGC-00063,Helios Energy Projects,Grace Perry,AGX-2018-003503-AGC-00063,INV-2018-0003260,20% ADVANCE / NET 60,2798,0,2798,2798 day(s) overdue,Helios Energy Projects,90+ Days
2018-10-22,2018-11-01,2018-11-21,2018,10,October,546627.31,0.0,Cobalt Mechanical,AGC-00088,Cobalt Mechanical,Theo Price,AGX-2018-003243-AGC-00088,INV-2018-0003027,NET 30 DAYS,2821,0,0,Paid,Cobalt Mechanical,Paid
2018-10-22,2018-10-27,2019-01-20,2018,10,October,72673.18,0.0,Helios Refinery Services,AGC-00062,Helios Refinery Services,Avery Morgan,AGX-2018-004118-AGC-00062,INV-2018-0003836,NET 90 DAYS,2761,0,0,Paid,Helios Refinery Services,Paid
2018-10-23,2018-10-25,2018-12-07,2018,10,October,590777.52,0.0,Northstar Offshore Engineering,AGC-00005,Northstar Offshore Engineering,Lucas Hayes,AGX-2018-003161-AGC-00005,INV-2018-0002949,NET 45 DAYS,2805,0,0,Paid,Northstar Offshore Engineering,Paid
2018-10-26,2018-10-31,2018-12-25,2018,10,October,348311.69,0.0,Northstar Waterworks,AGC-00010,Northstar Waterworks,Camille Martin,AGX-2018-004033-AGC-00010,INV-2018-0003755,NET 60 DAYS,2787,0,0,Paid,Northstar Waterworks,Paid
2018-10-26,2018-11-01,2018-11-25,2018,10,October,19155.78,0.0,Helios Flow Technologies,AGC-00043,Helios Flow Technologies,Noah Keller,AGX-2018-004108-AGC-00043,INV-2018-0003826,NET 30 DAYS,2817,0,0,Paid,Helios Flow Technologies,Paid
2018-10-28,2018-10-30,2018-12-27,2018,10,October,134537.94,0.0,Helios Energy Systems,AGC-00038,Helios Energy Systems,Camille Martin,AGX-2018-003408-AGC-00038,INV-2018-0003177,NET 60 DAYS,2785,0,0,Paid,Helios Energy Systems,Paid
2018-10-30,2018-11-01,2018-12-29,2018,10,October,1291634.23,0.0,Northstar Rotating Equipment,AGC-00023,Northstar Rotating Equipment,Lina Sato,AGX-2018-003381-AGC-00023,INV-2018-0003152,30% ADVANCE / NET 60,2783,0,0,Paid,Northstar Rotating Equipment,Paid
2018-11-02,2018-11-05,2018-12-17,2018,11,November,63039.04,0.0,Meridian Offshore Systems,AGC-00141,Meridian Offshore Systems,Noah Keller,AGX-2018-003469-AGC-00141,INV-2018-0003230,NET 45 DAYS,2795,0,0,Paid,Meridian Offshore Systems,Paid
2018-11-02,2018-11-03,2019-01-31,2018,11,November,77062.65,0.0,Arcadia Infrastructure,AGC-00155,Arcadia Infrastructure,Noah Keller,AGX-2018-004435-AGC-00155,INV-2018-0004126,20% ADVANCE / NET 90,2750,0,0,Paid,Arcadia Infrastructure,Paid
2018-11-02,2018-11-12,2019-01-01,2018,11,November,1911430.54,0.0,Cobalt Pipeline Services,AGC-00096,Cobalt Pipeline Services,Leo Foster,AGX-2018-004472-AGC-00096,INV-2018-0004159,NET 60 DAYS,2780,0,0,Paid,Cobalt Pipeline Services,Paid
2018-11-03,2018-11-09,2018-12-03,2018,11,November,422195.59,0.0,Helios Technical Supply,AGC-00061,Helios Technical Supply,Lucas Hayes,AGX-2018-003769-AGC-00061,INV-2018-0003502,NET 30 DAYS,2809,0,0,Paid,Helios Technical Supply,Paid
2018-11-03,2018-11-06,2018-12-18,2018,11,November,881346.18,0.0,Arcadia Industrial Maintenance,AGC-00168,Arcadia Industrial Maintenance,Priya Nguyen,AGX-2018-004123-AGC-00168,INV-2018-0003841,NET 45 DAYS,2794,0,0,Paid,Arcadia Industrial Maintenance,Paid
2018-11-05,2018-11-14,2019-01-04,2018,11,November,405285.7,0.0,Meridian Resources,AGC-00132,Meridian Resources,Avery Morgan,AGX-2018-003223-AGC-00132,INV-2018-0003009,NET 60 DAYS,2777,0,0,Paid,Meridian Resources,Paid
2018-11-06,2018-11-11,2019-01-05,2018,11,November,487849.1,0.0,Northstar Marine Supply,AGC-00037,Northstar Marine Supply,Lina Sato,AGX-2018-003204-AGC-00037,INV-2018-0002990,NET 60 DAYS,2776,0,0,Paid,Northstar Marine Supply,Paid
2018-11-06,2018-11-16,2018-12-06,2018,11,November,328620.78,0.0,Meridian Industrial Group,AGC-00114,Meridian Industrial Group,Adrian Walker,AGX-2018-003242-AGC-00114,INV-2018-0003026,NET 30 DAYS,2806,0,0,Paid,Meridian Industrial Group,Paid
2018-11-06,2018-11-14,2019-01-05,2018,11,November,179952.77,0.0,Meridian Technical Supply,AGC-00135,Meridian Technical Supply,Lina Sato,AGX-2018-003681-AGC-00135,INV-2018-0003425,30% ADVANCE / NET 60,2776,0,0,Paid,Meridian Technical Supply,Paid
2018-11-11,2018-11-13,2018-12-26,2018,11,November,623725.13,0.0,Meridian Offshore Systems,AGC-00141,Meridian Offshore Systems,Noah Keller,AGX-2018-004070-AGC-00141,INV-2018-0003790,NET 45 DAYS,2786,0,0,Paid,Meridian Offshore Systems,Paid
2018-11-14,2018-11-15,2019-01-13,2018,11,November,199419.52,0.0,Helios Compression,AGC-00056,Helios Compression,Priya Nguyen,AGX-2018-003658-AGC-00056,INV-2018-0003403,NET 60 DAYS,2768,0,0,Paid,Helios Compression,Paid
2018-11-16,2018-11-21,2019-01-15,2018,11,November,579905.53,0.0,Meridian Refinery Services,AGC-00136,Meridian Refinery Services,Camille Martin,AGX-2018-003330-AGC-00136,INV-2018-0003104,20% ADVANCE / NET 60,2766,0,0,Paid,Meridian Refinery Services,Paid
2018-11-19,2018-11-19,2019-01-18,2018,11,November,479210.73,0.0,Helios Utilities,AGC-00049,Helios Utilities,Grace Perry,AGX-2018-003295-AGC-00049,INV-2018-0003071,30% ADVANCE / NET 60,2763,0,0,Paid,Helios Utilities,Paid
2018-11-21,2018-12-01,2019-01-20,2018,11,November,59248.7,0.0,Cobalt Energy Systems,AGC-00075,Cobalt Energy Systems,Lucas Hayes,AGX-2018-004146-AGC-00075,INV-2018-0003864,NET 60 DAYS,2761,0,0,Paid,Cobalt Energy Systems,Paid
2018-11-23,2018-11-23,2019-01-22,2018,11,November,80293.53,0.0,Arcadia Technical Supply,AGC-00172,Arcadia Technical Supply,Theo Price,AGX-2018-003916-AGC-00172,INV-2018-0003639,30% ADVANCE / NET 60,2759,0,0,Paid,Arcadia Technical Supply,Paid
2018-11-23,2018-11-28,2019-01-22,2018,11,November,772245.35,0.0,Northstar Infrastructure,AGC-00007,Northstar Infrastructure,Grace Perry,AGX-2018-004027-AGC-00007,INV-2018-0003749,30% ADVANCE / NET 60,2759,0,0,Paid,Northstar Infrastructure,Paid
2018-11-23,2018-11-24,2019-01-22,2018,11,November,1178750.75,0.0,Northstar Technical Supply,AGC-00024,Northstar Technical Supply,Camille Martin,AGX-2018-004205-AGC-00024,INV-2018-0003919,NET 60 DAYS,2759,0,0,Paid,Northstar Technical Supply,Paid
2018-11-23,2018-11-30,2019-01-22,2018,11,November,47229.77,0.0,Arcadia Rotating Equipment,AGC-00171,Arcadia Rotating Equipment,Zara Grant,AGX-2018-004416-AGC-00171,INV-2018-0004107,NET 60 DAYS,2759,0,0,Paid,Arcadia Rotating Equipment,Paid
2018-11-26,2018-12-03,2019-01-25,2018,11,November,333855.96,0.0,Helios Utilities,AGC-00049,Helios Utilities,Grace Perry,AGX-2018-003794-AGC-00049,INV-2018-0003525,30% ADVANCE / NET 60,2756,0,0,Paid,Helios Utilities,Paid
2018-11-26,2018-11-30,2019-01-25,2018,11,November,901738.82,0.0,Helios Offshore Systems,AGC-00067,Helios Offshore Systems,Mila Diaz,AGX-2018-003798-AGC-00067,INV-2018-0003528,NET 60 DAYS,2756,0,0,Paid,Helios Offshore Systems,Paid
2018-11-26,2018-12-02,2019-01-10,2018,11,November,272767.52,0.0,Northstar Industrial Solutions,AGC-00036,Northstar Industrial Solutions,Julian Howard,AGX-2018-004029-AGC-00036,INV-2018-0003751,NET 45 DAYS,2771,0,0,Paid,Northstar Industrial Solutions,Paid
2018-11-28,2018-11-28,2018-12-28,2018,11,November,51939.81,0.0,Helios Process Controls,AGC-00053,Helios Process Controls,Mila Diaz,AGX-2018-004201-AGC-00053,INV-2018-0003915,NET 30 DAYS,2784,0,0,Paid,Helios Process Controls,Paid
2018-12-02,2018-12-05,2019-01-31,2018,12,December,1209721.56,0.0,Arcadia Technical Supply,AGC-00172,Arcadia Technical Supply,Theo Price,AGX-2018-003722-AGC-00172,INV-2018-0003462,30% ADVANCE / NET 60,2750,0,0,Paid,Arcadia Technical Supply,Paid
2018-12-03,2018-12-03,2019-02-01,2018,12,December,198701.7,0.0,Cobalt Compression,AGC-00093,Cobalt Compression,Lina Sato,AGX-2018-003470-AGC-00093,INV-2018-0003231,NET 60 DAYS,2749,0,0,Paid,Cobalt Compression,Paid
2018-12-03,2018-12-10,2019-03-03,2018,12,December,285360.55,0.0,Helios Power Partners,AGC-00052,Helios Power Partners,Camille Martin,AGX-2018-003842-AGC-00052,INV-2018-0003568,20% ADVANCE / NET 90,2719,0,0,Paid,Helios Power Partners,Paid
2018-12-04,2018-12-04,2019-02-02,2018,12,December,1451138.66,0.0,Helios Offshore Systems,AGC-00067,Helios Offshore Systems,Mila Diaz,AGX-2018-003845-AGC-00067,INV-2018-0003571,NET 60 DAYS,2748,0,0,Paid,Helios Offshore Systems,Paid
2018-12-06,2018-12-12,2019-01-20,2018,12,December,1939224.39,0.0,Northstar Energy Systems,AGC-00001,Northstar Energy Systems,Noah Keller,AGX-2018-003167-AGC-00001,INV-2018-0002955,NET 45 DAYS,2761,0,0,Paid,Northstar Energy Systems,Paid
2018-12-06,2018-12-07,2019-02-04,2018,12,December,164246.5,0.0,Meridian Industrial Solutions,AGC-00147,Meridian Industrial Solutions,Grace Perry,AGX-2018-003643-AGC-00147,INV-2018-0003388,30% ADVANCE / NET 60,2746,0,0,Paid,Meridian Industrial Solutions,Paid
2018-12-06,2018-12-11,2019-01-20,2018,12,December,273560.66,0.0,Cobalt Refinery Services,AGC-00099,Cobalt Refinery Services,Noah Keller,AGX-2018-004310-AGC-00099,INV-2018-0004012,NET 45 DAYS,2761,0,0,Paid,Cobalt Refinery Services,Paid
2018-12-08,2018-12-16,2019-03-08,2018,12,December,256202.86,0.0,Arcadia Production Services,AGC-00176,Arcadia Production Services,Julian Howard,AGX-2018-003901-AGC-00176,INV-2018-0003624,20% ADVANCE / NET 90,2714,0,0,Paid,Arcadia Production Services,Paid
2018-12-11,2018-12-11,2019-02-09,2018,12,December,204212.63,0.0,Cobalt Industrial Services,AGC-00106,Cobalt Industrial Services,Julian Howard,AGX-2018-003229-AGC-00106,INV-2018-0003015,30% ADVANCE / NET 60,2741,0,0,Paid,Cobalt Industrial Services,Paid
2018-12-13,2018-12-15,2019-01-27,2018,12,December,997820.27,0.0,Northstar Offshore Engineering,AGC-00005,Northstar Offshore Engineering,Lucas Hayes,AGX-2018-004015-AGC-00005,INV-2018-0003737,NET 45 DAYS,2754,0,0,Paid,Northstar Offshore Engineering,Paid
2018-12-15,2018-12-17,2019-01-29,2018,12,December,2257981.41,0.0,Meridian Offshore Systems,AGC-00141,Meridian Offshore Systems,Noah Keller,AGX-2018-003533-AGC-00141,INV-2018-0003283,NET 45 DAYS,2752,0,0,Paid,Meridian Offshore Systems,Paid
2018-12-17,2018-12-27,2019-01-31,2018,12,December,3030472.58,0.0,Arcadia Industrial Maintenance,AGC-00168,Arcadia Industrial Maintenance,Priya Nguyen,AGX-2018-004332-AGC-00168,INV-2018-0004032,NET 45 DAYS,2750,0,0,Paid,Arcadia Industrial Maintenance,Paid
2018-12-21,2018-12-25,2019-02-19,2018,12,December,994410.92,0.0,Northstar Marine Supply,AGC-00037,Northstar Marine Supply,Lina Sato,AGX-2018-003649-AGC-00037,INV-2018-0003394,NET 60 DAYS,2731,0,0,Paid,Northstar Marine Supply,Paid
2018-12-26,2019-01-01,2019-03-26,2018,12,December,874754.6,0.0,Meridian Industrial Services,AGC-00143,Meridian Industrial Services,Zara Grant,AGX-2018-003972-AGC-00143,INV-2018-0003694,20% ADVANCE / NET 90,2696,0,0,Paid,Meridian Industrial Services,Paid
2018-12-26,2018-12-28,2019-02-24,2018,12,December,1658290.11,0.0,Northstar Waterworks,AGC-00010,Northstar Waterworks,Camille Martin,AGX-2018-004133-AGC-00010,INV-2018-0003851,NET 60 DAYS,2726,0,0,Paid,Northstar Waterworks,Paid
2018-12-27,2019-01-05,2019-01-26,2018,12,December,159852.28,0.0,Helios Technical Supply,AGC-00061,Helios Technical Supply,Lucas Hayes,AGX-2018-004134-AGC-00061,INV-2018-0003852,NET 30 DAYS,2755,0,0,Paid,Helios Technical Supply,Paid
2018-12-30,2018-12-30,2019-02-13,2018,12,December,124940.31,0.0,Meridian Offshore Systems,AGC-00141,Meridian Offshore Systems,Noah Keller,AGX-2018-003511-AGC-00141,INV-2018-0003266,NET 45 DAYS,2737,0,0,Paid,Meridian Offshore Systems,Paid
2018-12-31,2019-01-03,2019-03-01,2018,12,December,186668.57,0.0,Meridian Marine Services,AGC-00113,Meridian Marine Services,Noah Keller,AGX-2018-003378-AGC-00113,INV-2018-0003149,NET 60 DAYS,2721,0,0,Paid,Meridian Marine Services,Paid
2018-12-31,2018-12-31,2019-03-31,2018,12,December,848961.03,0.0,Arcadia Field Services,AGC-00161,Arcadia Field Services,Grace Perry,AGX-2018-004338-AGC-00161,INV-2018-0004037,20% ADVANCE / NET 90,2691,0,0,Paid,Arcadia Field Services,Paid
2019-01-02,2019-01-10,2019-03-03,2019,1,January,3360404.65,0.0,Helios Offshore Engineering,AGC-00042,Helios Offshore Engineering,Priya Nguyen,AGX-2018-004052-AGC-00042,INV-2019-0003774,20% ADVANCE / NET 60,2719,0,0,Paid,Helios Offshore Engineering,Paid
2019-01-08,2019-01-08,2019-03-09,2019,1,January,124329.12,0.0,Northstar Petro Systems,AGC-00008,Northstar Petro Systems,Julian Howard,AGX-2018-004329-AGC-00008,INV-2019-0004029,NET 60 DAYS,2713,0,0,Paid,Northstar Petro Systems,Paid
2019-01-09,2019-01-10,2019-02-23,2019,1,January,1174886.21,0.0,Northstar Industrial Group,AGC-00003,Northstar Industrial Group,Zara Grant,AGX-2018-003249-AGC-00003,INV-2019-0003033,NET 45 DAYS,2727,0,0,Paid,Northstar Industrial Group,Paid
2019-01-10,2019-01-10,2019-02-09,2019,1,January,172698.48,0.0,Helios Flow Technologies,AGC-00043,Helios Flow Technologies,Noah Keller,AGX-2018-004412-AGC-00043,INV-2019-0004103,NET 30 DAYS,2741,0,0,Paid,Helios Flow Technologies,Paid
2019-01-11,2019-01-13,2019-03-12,2019,1,January,305939.04,0.0,Northstar Petro Systems,AGC-00008,Northstar Petro Systems,Julian Howard,AGX-2018-004140-AGC-00008,INV-2019-0003858,NET 60 DAYS,2710,0,0,Paid,Northstar Petro Systems,Paid
2019-01-16,2019-01-20,2019-03-17,2019,1,January,1794069.95,0.0,Arcadia Energy Projects,AGC-00174,Arcadia Energy Projects,Avery Morgan,AGX-2018-004239-AGC-00174,INV-2019-0003948,NET 60 DAYS,2705,0,0,Paid,Arcadia Energy Projects,Paid
2019-01-16,2019-01-26,2019-03-02,2019,1,January,541280.82,54128.08,Northstar Industrial Group,AGC-00003,Northstar Industrial Group,Zara Grant,AGX-2019-005128-AGC-00003,INV-2019-0004772,NET 45 DAYS,2720,0,2720,2720 day(s) overdue,Northstar Industrial Group,90+ Days
2019-01-18,2019-01-24,2019-03-19,2019,1,January,99120.39,0.0,Northstar Mining Services,AGC-00009,Northstar Mining Services,Lina Sato,AGX-2018-004162-AGC-00009,INV-2019-0003879,NET 60 DAYS,2703,0,0,Paid,Northstar Mining Services,Paid
2019-01-19,2019-01-27,2019-03-20,2019,1,January,267593.28,26759.33,Arcadia Industrial Services,AGC-00180,Arcadia Industrial Services,Leo Foster,AGX-2018-004131-AGC-00180,INV-2019-0003849,20% ADVANCE / NET 60,2702,0,2702,2702 day(s) overdue,Arcadia Industrial Services,90+ Days
2019-01-21,2019-01-25,2019-03-22,2019,1,January,1329837.18,0.0,Cobalt Controls,AGC-00103,Cobalt Controls,Lucas Hayes,AGX-2018-003576-AGC-00103,INV-2019-0003323,NET 60 DAYS,2700,0,0,Paid,Cobalt Controls,Paid
2019-01-23,2019-01-25,2019-03-24,2019,1,January,599138.29,0.0,Arcadia Mining Services,AGC-00157,Arcadia Mining Services,Zara Grant,AGX-2019-005146-AGC-00157,INV-2019-0004789,30% ADVANCE / NET 60,2698,0,0,Paid,Arcadia Mining Services,Paid
2019-01-24,2019-01-27,2019-03-25,2019,1,January,43662.82,0.0,Helios Offshore Engineering,AGC-00042,Helios Offshore Engineering,Priya Nguyen,AGX-2018-004045-AGC-00042,INV-2019-0003767,20% ADVANCE / NET 60,2697,0,0,Paid,Helios Offshore Engineering,Paid
2019-01-27,2019-01-29,2019-03-28,2019,1,January,516622.28,0.0,Northstar Automation,AGC-00011,Northstar Automation,Mila Diaz,AGX-2018-003603-AGC-00011,INV-2019-0003350,20% ADVANCE / NET 60,2694,0,0,Paid,Northstar Automation,Paid
2019-01-28,2019-01-31,2019-03-14,2019,1,January,524624.72,0.0,Arcadia Industrial Maintenance,AGC-00168,Arcadia Industrial Maintenance,Priya Nguyen,AGX-2018-003523-AGC-00168,INV-2019-0003276,NET 45 DAYS,2708,0,0,Paid,Arcadia Industrial Maintenance,Paid
2019-01-28,2019-02-05,2019-04-28,2019,1,January,660969.22,0.0,Meridian Industrial Services,AGC-00143,Meridian Industrial Services,Zara Grant,AGX-2018-004169-AGC-00143,INV-2019-0003886,20% ADVANCE / NET 90,2663,0,0,Paid,Meridian Industrial Services,Paid
2019-01-29,2019-02-02,2019-03-30,2019,1,January,103816.49,0.0,Helios Utilities,AGC-00049,Helios Utilities,Grace Perry,AGX-2018-003218-AGC-00049,INV-2019-0003004,30% ADVANCE / NET 60,2692,0,0,Paid,Helios Utilities,Paid
2019-01-29,2019-02-06,2019-02-28,2019,1,January,195590.03,0.0,Meridian Pipeline Services,AGC-00133,Meridian Pipeline Services,Grace Perry,AGX-2019-005398-AGC-00133,INV-2019-0005020,NET 30 DAYS,2722,0,0,Paid,Meridian Pipeline Services,Paid
2019-02-01,2019-02-01,2019-04-02,2019,2,February,1578261.42,0.0,Meridian Technical Supply,AGC-00135,Meridian Technical Supply,Lina Sato,AGX-2018-003779-AGC-00135,INV-2019-0003512,30% ADVANCE / NET 60,2689,0,0,Paid,Meridian Technical Supply,Paid
2019-02-01,2019-02-09,2019-03-03,2019,2,February,157266.79,0.0,Helios Technical Supply,AGC-00061,Helios Technical Supply,Lucas Hayes,AGX-2019-005590-AGC-00061,INV-2019-0005191,NET 30 DAYS,2719,0,0,Paid,Helios Technical Supply,Paid
2019-02-03,2019-02-07,2019-04-04,2019,2,February,3553087.62,0.0,Arcadia Drilling Solutions,AGC-00166,Arcadia Drilling Solutions,Leo Foster,AGX-2018-003703-AGC-00166,INV-2019-0003444,20% ADVANCE / NET 60,2687,0,0,Paid,Arcadia Drilling Solutions,Paid
2019-02-04,2019-02-12,2019-04-05,2019,2,February,735793.67,0.0,Arcadia Rotating Equipment,AGC-00171,Arcadia Rotating Equipment,Zara Grant,AGX-2018-004400-AGC-00171,INV-2019-0004091,NET 60 DAYS,2686,0,0,Paid,Arcadia Rotating Equipment,Paid
2019-02-04,2019-02-08,2019-04-05,2019,2,February,488628.77,0.0,Cobalt Infrastructure,AGC-00081,Cobalt Infrastructure,Mila Diaz,AGX-2019-005049-AGC-00081,INV-2019-0004697,NET 60 DAYS,2686,0,0,Paid,Cobalt Infrastructure,Paid
2019-02-05,2019-02-09,2019-03-07,2019,2,February,3314998.33,0.0,Arcadia Waterworks,AGC-00158,Arcadia Waterworks,Theo Price,AGX-2018-004328-AGC-00158,INV-2019-0004028,NET 30 DAYS,2715,0,0,Paid,Arcadia Waterworks,Paid
2019-02-07,2019-02-10,2019-04-08,2019,2,February,774808.79,0.0,Cobalt Energy Systems,AGC-00075,Cobalt Energy Systems,Lucas Hayes,AGX-2018-003904-AGC-00075,INV-2019-0003627,NET 60 DAYS,2683,0,0,Paid,Cobalt Energy Systems,Paid
2019-02-07,2019-02-17,2019-04-08,2019,2,February,60265.85,0.0,Northstar Waterworks,AGC-00010,Northstar Waterworks,Camille Martin,AGX-2018-004075-AGC-00010,INV-2019-0003795,NET 60 DAYS,2683,0,0,Paid,Northstar Waterworks,Paid
2019-02-10,2019-02-10,2019-03-12,2019,2,February,175309.89,0.0,Cobalt Engineering,AGC-00091,Cobalt Engineering,Grace Perry,AGX-2018-003979-AGC-00091,INV-2019-0003701,NET 30 DAYS,2710,0,0,Paid,Cobalt Engineering,Paid
2019-02-15,2019-02-21,2019-04-16,2019,2,February,131584.76,0.0,Meridian Resources,AGC-00132,Meridian Resources,Avery Morgan,AGX-2019-004699-AGC-00132,INV-2019-0004376,NET 60 DAYS,2675,0,0,Paid,Meridian Resources,Paid
2019-02-16,2019-02-24,2019-04-02,2019,2,February,297395.87,0.0,Northstar Industrial Solutions,AGC-00036,Northstar Industrial Solutions,Julian Howard,AGX-2019-004834-AGC-00036,INV-2019-0004506,NET 45 DAYS,2689,0,0,Paid,Northstar Industrial Solutions,Paid
2019-02-17,2019-02-18,2019-04-03,2019,2,February,443658.21,0.0,Northstar Offshore Engineering,AGC-00005,Northstar Offshore Engineering,Lucas Hayes,AGX-2018-004090-AGC-00005,INV-2019-0003808,NET 45 DAYS,2688,0,0,Paid,Northstar Offshore Engineering,Paid
2019-02-20,2019-02-28,2019-04-21,2019,2,February,57626.21,0.0,Arcadia Industrial Group,AGC-00151,Arcadia Industrial Group,Mila Diaz,AGX-2019-004923-AGC-00151,INV-2019-0004585,20% ADVANCE / NET 60,2670,0,0,Paid,Arcadia Industrial Group,Paid
2019-02-22,2019-03-02,2019-03-24,2019,2,February,175696.1,0.0,Arcadia Flow Technologies,AGC-00154,Arcadia Flow Technologies,Priya Nguyen,AGX-2019-005379-AGC-00154,INV-2019-0005002,NET 30 DAYS,2698,0,0,Paid,Arcadia Flow Technologies,Paid
2019-02-27,2019-03-01,2019-04-28,2019,2,February,55514.39,0.0,Helios Energy Systems,AGC-00038,Helios Energy Systems,Camille Martin,AGX-2018-003612-AGC-00038,INV-2019-0003359,NET 60 DAYS,2663,0,0,Paid,Helios Energy Systems,Paid
2019-02-27,2019-02-28,2019-04-28,2019,2,February,731066.89,0.0,Helios Utilities,AGC-00049,Helios Utilities,Grace Perry,AGX-2019-004897-AGC-00049,INV-2019-0004561,30% ADVANCE / NET 60,2663,0,0,Paid,Helios Utilities,Paid
2019-02-27,2019-03-08,2019-03-29,2019,2,February,307401.2,0.0,Helios Technical Supply,AGC-00061,Helios Technical Supply,Lucas Hayes,AGX-2019-004918-AGC-00061,INV-2019-0004580,NET 30 DAYS,2693,0,0,Paid,Helios Technical Supply,Paid
2019-03-01,2019-03-06,2019-04-30,2019,3,March,274633.04,0.0,Northstar Field Services,AGC-00013,Northstar Field Services,Eva Lewis,AGX-2018-004434-AGC-00013,INV-2019-0004125,NET 60 DAYS,2661,0,0,Paid,Northstar Field Services,Paid
2019-03-01,2019-03-08,2019-04-30,2019,3,March,362764.73,0.0,Meridian Marine Supply,AGC-00148,Meridian Marine Supply,Julian Howard,AGX-2019-005402-AGC-00148,INV-2019-0005023,NET 60 DAYS,2661,0,0,Paid,Meridian Marine Supply,Paid
2019-03-02,2019-03-03,2019-05-01,2019,3,March,193501.89,0.0,Meridian Refinery Services,AGC-00136,Meridian Refinery Services,Camille Martin,AGX-2019-005235-AGC-00136,INV-2019-0004869,20% ADVANCE / NET 60,2660,0,0,Paid,Meridian Refinery Services,Paid
2019-03-03,2019-03-04,2019-04-02,2019,3,March,491787.84,0.0,Meridian Energy Projects,AGC-00137,Meridian Energy Projects,Mila Diaz,AGX-2019-004707-AGC-00137,INV-2019-0004384,NET 30 DAYS,2689,0,0,Paid,Meridian Energy Projects,Paid
2019-03-05,2019-03-07,2019-05-04,2019,3,March,452172.39,0.0,Cobalt Energy Systems,AGC-00075,Cobalt Energy Systems,Lucas Hayes,AGX-2019-005143-AGC-00075,INV-2019-0004786,NET 60 DAYS,2657,0,0,Paid,Cobalt Energy Systems,Paid
2019-03-06,2019-03-13,2019-05-05,2019,3,March,612895.98,0.0,Arcadia Automation,AGC-00159,Arcadia Automation,Lucas Hayes,AGX-2019-004723-AGC-00159,INV-2019-0004400,NET 60 DAYS,2656,0,0,Paid,Arcadia Automation,Paid
2019-03-07,2019-03-12,2019-05-06,2019,3,March,590301.51,0.0,Cobalt Energy Systems,AGC-00075,Cobalt Energy Systems,Lucas Hayes,AGX-2019-005297-AGC-00075,INV-2019-0004926,NET 60 DAYS,2655,0,0,Paid,Cobalt Energy Systems,Paid
2019-03-12,2019-03-22,2019-06-10,2019,3,March,1805455.08,0.0,Helios Pipeline Services,AGC-00059,Helios Pipeline Services,Zara Grant,AGX-2019-005575-AGC-00059,INV-2019-0005177,NET 90 DAYS,2620,0,0,Paid,Helios Pipeline Services,Paid
2019-03-14,2019-03-23,2019-05-13,2019,3,March,247582.88,0.0,Northstar Marine Engineering,AGC-00027,Northstar Marine Engineering,Eva Lewis,AGX-2019-004508-AGC-00027,INV-2019-0004195,NET 60 DAYS,2648,0,0,Paid,Northstar Marine Engineering,Paid
2019-03-15,2019-03-18,2019-04-29,2019,3,March,526518.72,0.0,Arcadia Industrial Maintenance,AGC-00168,Arcadia Industrial Maintenance,Priya Nguyen,AGX-2019-005250-AGC-00168,INV-2019-0004884,NET 45 DAYS,2662,0,0,Paid,Arcadia Industrial Maintenance,Paid
2019-03-18,2019-03-28,2019-05-17,2019,3,March,176480.77,0.0,Meridian Power Partners,AGC-00126,Meridian Power Partners,Priya Nguyen,AGX-2019-004788-AGC-00126,INV-2019-0004462,NET 60 DAYS,2644,0,0,Paid,Meridian Power Partners,Paid
2019-03-18,2019-03-21,2019-04-17,2019,3,March,472424.23,0.0,Helios Technical Supply,AGC-00061,Helios Technical Supply,Lucas Hayes,AGX-2019-004910-AGC-00061,INV-2019-0004572,NET 30 DAYS,2674,0,0,Paid,Helios Technical Supply,Paid
2019-03-18,2019-03-28,2019-05-17,2019,3,March,770484.95,0.0,Helios Marine Services,AGC-00039,Helios Marine Services,Mila Diaz,AGX-2019-005098-AGC-00039,INV-2019-0004744,20% ADVANCE / NET 60,2644,0,0,Paid,Helios Marine Services,Paid
2019-03-20,2019-03-30,2019-05-19,2019,3,March,470104.5,0.0,Helios Offshore Systems,AGC-00067,Helios Offshore Systems,Mila Diaz,AGX-2019-005460-AGC-00067,INV-2019-0005069,NET 60 DAYS,2642,0,0,Paid,Helios Offshore Systems,Paid
2019-03-20,2019-03-20,2019-04-19,2019,3,March,1208728.29,0.0,Meridian Industrial Group,AGC-00114,Meridian Industrial Group,Adrian Walker,AGX-2019-005520-AGC-00114,INV-2019-0005124,NET 30 DAYS,2672,0,0,Paid,Meridian Industrial Group,Paid
2019-03-21,2019-03-28,2019-05-20,2019,3,March,59010.0,0.0,Cobalt Mining Services,AGC-00083,Cobalt Mining Services,Eva Lewis,AGX-2019-005217-AGC-00083,INV-2019-0004852,NET 60 DAYS,2641,0,0,Paid,Cobalt Mining Services,Paid
2019-03-22,2019-03-23,2019-05-21,2019,3,March,95009.08,0.0,Meridian Industrial Solutions,AGC-00147,Meridian Industrial Solutions,Grace Perry,AGX-2019-004503-AGC-00147,INV-2019-0004190,30% ADVANCE / NET 60,2640,0,0,Paid,Meridian Industrial Solutions,Paid
2019-03-22,2019-03-22,2019-06-20,2019,3,March,307998.22,0.0,Northstar Industrial Maintenance,AGC-00020,Northstar Industrial Maintenance,Avery Morgan,AGX-2019-004507-AGC-00020,INV-2019-0004194,20% ADVANCE / NET 90,2610,0,0,Paid,Northstar Industrial Maintenance,Paid
2019-03-23,2019-03-23,2019-04-22,2019,3,March,1162071.23,0.0,Meridian Controls,AGC-00140,Meridian Controls,Priya Nguyen,AGX-2019-004621-AGC-00140,INV-2019-0004303,NET 30 DAYS,2669,0,0,Paid,Meridian Controls,Paid
2019-03-23,2019-03-27,2019-05-22,2019,3,March,407583.32,0.0,Arcadia Mining Services,AGC-00157,Arcadia Mining Services,Zara Grant,AGX-2019-005283-AGC-00157,INV-2019-0004913,30% ADVANCE / NET 60,2639,0,0,Paid,Arcadia Mining Services,Paid
2019-03-26,2019-04-01,2019-05-25,2019,3,March,1261752.35,0.0,Northstar Flow Systems,AGC-00033,Northstar Flow Systems,Lucas Hayes,AGX-2019-004978-AGC-00033,INV-2019-0004634,NET 60 DAYS,2636,0,0,Paid,Northstar Flow Systems,Paid
2019-03-26,2019-04-02,2019-05-25,2019,3,March,453884.09,0.0,Helios Process Solutions,AGC-00041,Helios Process Solutions,Eva Lewis,AGX-2019-005731-AGC-00041,INV-2019-0005323,20% ADVANCE / NET 60,2636,0,0,Paid,Helios Process Solutions,Paid
2019-03-27,2019-03-31,2019-05-11,2019,3,March,2745522.87,0.0,Northstar Industrial Group,AGC-00003,Northstar Industrial Group,Zara Grant,AGX-2019-005386-AGC-00003,INV-2019-0005009,NET 45 DAYS,2650,0,0,Paid,Northstar Industrial Group,Paid
2019-03-29,2019-04-01,2019-05-28,2019,3,March,182291.74,0.0,Helios Energy Systems,AGC-00038,Helios Energy Systems,Camille Martin,AGX-2019-004689-AGC-00038,INV-2019-0004367,NET 60 DAYS,2633,0,0,Paid,Helios Energy Systems,Paid
2019-03-31,2019-04-10,2019-06-29,2019,3,March,516772.26,0.0,Helios Petro Systems,AGC-00045,Helios Petro Systems,Zara Grant,AGX-2019-004882-AGC-00045,INV-2019-0004551,20% ADVANCE / NET 90,2601,0,0,Paid,Helios Petro Systems,Paid
2019-03-31,2019-04-01,2019-05-15,2019,3,March,188981.8,0.0,Northstar Energy Systems,AGC-00001,Northstar Energy Systems,Noah Keller,AGX-2019-005614-AGC-00001,INV-2019-0005214,NET 45 DAYS,2646,0,0,Paid,Northstar Energy Systems,Paid
2019-04-01,2019-04-05,2019-05-31,2019,4,April,623569.78,0.0,Helios Energy Projects,AGC-00063,Helios Energy Projects,Grace Perry,AGX-2019-005316-AGC-00063,INV-2019-0004944,20% ADVANCE / NET 60,2630,0,0,Paid,Helios Energy Projects,Paid
2019-04-02,2019-04-06,2019-05-02,2019,4,April,489468.71,0.0,Meridian Controls,AGC-00140,Meridian Controls,Priya Nguyen,AGX-2019-004851-AGC-00140,INV-2019-0004522,NET 30 DAYS,2659,0,0,Paid,Meridian Controls,Paid
2019-04-04,2019-04-10,2019-06-03,2019,4,April,87214.58,0.0,Meridian Refinery Services,AGC-00136,Meridian Refinery Services,Camille Martin,AGX-2019-005962-AGC-00136,INV-2019-0005534,20% ADVANCE / NET 60,2627,0,0,Paid,Meridian Refinery Services,Paid
2019-04-05,2019-04-05,2019-05-20,2019,4,April,48698.12,0.0,Northstar Marine Services,AGC-00002,Northstar Marine Services,Adrian Walker,AGX-2019-004570-AGC-00002,INV-2019-0004254,NET 45 DAYS,2641,0,0,Paid,Northstar Marine Services,Paid
2019-04-05,2019-04-12,2019-06-04,2019,4,April,105458.8,0.0,Helios Offshore Systems,AGC-00067,Helios Offshore Systems,Mila Diaz,AGX-2019-005608-AGC-00067,INV-2019-0005208,NET 60 DAYS,2626,0,0,Paid,Helios Offshore Systems,Paid
2019-04-07,2019-04-09,2019-07-06,2019,4,April,645730.67,0.0,Cobalt Technical Supply,AGC-00098,Cobalt Technical Supply,Priya Nguyen,AGX-2019-004740-AGC-00098,INV-2019-0004416,20% ADVANCE / NET 90,2594,0,0,Paid,Cobalt Technical Supply,Paid
2019-04-07,2019-04-08,2019-06-06,2019,4,April,25186.58,0.0,Helios Waterworks,AGC-00047,Helios Waterworks,Lucas Hayes,AGX-2019-005470-AGC-00047,INV-2019-0005079,NET 60 DAYS,2624,0,0,Paid,Helios Waterworks,Paid
2019-04-19,2019-04-21,2019-06-18,2019,4,April,22234.49,0.0,Meridian Industrial Solutions,AGC-00147,Meridian Industrial Solutions,Grace Perry,AGX-2019-005343-AGC-00147,INV-2019-0004971,30% ADVANCE / NET 60,2612,0,0,Paid,Meridian Industrial Solutions,Paid
2019-04-20,2019-04-24,2019-05-20,2019,4,April,36581.48,0.0,Meridian Pipeline Services,AGC-00133,Meridian Pipeline Services,Grace Perry,AGX-2019-005509-AGC-00133,INV-2019-0005114,NET 30 DAYS,2641,0,0,Paid,Meridian Pipeline Services,Paid
2019-04-21,2019-04-28,2019-05-21,2019,4,April,782075.96,0.0,Meridian Industrial Group,AGC-00114,Meridian Industrial Group,Adrian Walker,AGX-2019-005531-AGC-00114,INV-2019-0005135,NET 30 DAYS,2640,0,0,Paid,Meridian Industrial Group,Paid
2019-04-22,2019-04-29,2019-05-22,2019,4,April,2649482.45,0.0,Helios Process Controls,AGC-00053,Helios Process Controls,Mila Diaz,AGX-2019-004900-AGC-00053,INV-2019-0004564,NET 30 DAYS,2639,0,0,Paid,Helios Process Controls,Paid
2019-04-22,2019-04-27,2019-06-21,2019,4,April,208878.02,0.0,Helios Offshore Engineering,AGC-00042,Helios Offshore Engineering,Priya Nguyen,AGX-2019-005065-AGC-00042,INV-2019-0004713,20% ADVANCE / NET 60,2609,0,0,Paid,Helios Offshore Engineering,Paid
2019-04-24,2019-04-28,2019-06-23,2019,4,April,117070.87,0.0,Northstar Mining Services,AGC-00009,Northstar Mining Services,Lina Sato,AGX-2019-005842-AGC-00009,INV-2019-0005426,NET 60 DAYS,2607,0,0,Paid,Northstar Mining Services,Paid
2019-04-25,2019-05-04,2019-06-09,2019,4,April,223623.06,0.0,Northstar Offshore Engineering,AGC-00005,Northstar Offshore Engineering,Lucas Hayes,AGX-2019-004734-AGC-00005,INV-2019-0004410,NET 45 DAYS,2621,0,0,Paid,Northstar Offshore Engineering,Paid
2019-04-26,2019-05-03,2019-05-26,2019,4,April,917700.29,0.0,Helios Process Controls,AGC-00053,Helios Process Controls,Mila Diaz,AGX-2019-005035-AGC-00053,INV-2019-0004685,NET 30 DAYS,2635,0,0,Paid,Helios Process Controls,Paid
2019-04-28,2019-05-02,2019-06-27,2019,4,April,484570.18,0.0,Cobalt Controls,AGC-00103,Cobalt Controls,Lucas Hayes,AGX-2019-004633-AGC-00103,INV-2019-0004313,NET 60 DAYS,2603,0,0,Paid,Cobalt Controls,Paid
2019-04-30,2019-05-10,2019-07-29,2019,4,April,468786.94,0.0,Meridian Instrumentation,AGC-00145,Meridian Instrumentation,Lucas Hayes,AGX-2019-005358-AGC-00145,INV-2019-0004983,NET 90 DAYS,2571,0,0,Paid,Meridian Instrumentation,Paid
2019-04-30,2019-05-10,2019-06-29,2019,4,April,325655.98,0.0,Helios Utilities,AGC-00049,Helios Utilities,Grace Perry,AGX-2019-005701-AGC-00049,INV-2019-0005295,30% ADVANCE / NET 60,2601,0,0,Paid,Helios Utilities,Paid
2019-05-01,2019-05-03,2019-06-30,2019,5,May,416517.26,0.0,Meridian Flow Systems,AGC-00144,Meridian Flow Systems,Theo Price,AGX-2019-005734-AGC-00144,INV-2019-0005326,NET 60 DAYS,2600,0,0,Paid,Meridian Flow Systems,Paid
2019-05-02,2019-05-07,2019-07-31,2019,5,May,321265.99,0.0,Meridian Industrial Services,AGC-00143,Meridian Industrial Services,Zara Grant,AGX-2019-005849-AGC-00143,INV-2019-0005433,20% ADVANCE / NET 90,2569,0,0,Paid,Meridian Industrial Services,Paid
2019-05-04,2019-05-14,2019-07-03,2019,5,May,397041.92,0.0,Northstar Technical Supply,AGC-00024,Northstar Technical Supply,Camille Martin,AGX-2019-004904-AGC-00024,INV-2019-0004566,NET 60 DAYS,2597,0,0,Paid,Northstar Technical Supply,Paid
2019-05-12,2019-05-19,2019-07-11,2019,5,May,285748.95,8572.47,Arcadia Offshore Systems,AGC-00178,Arcadia Offshore Systems,Camille Martin,AGX-2019-005068-AGC-00178,INV-2019-0004716,30% ADVANCE / NET 60,2589,0,2589,2589 day(s) overdue,Arcadia Offshore Systems,90+ Days
2019-05-12,2019-05-22,2019-06-11,2019,5,May,16467.13,0.0,Arcadia Flow Technologies,AGC-00154,Arcadia Flow Technologies,Priya Nguyen,AGX-2019-005795-AGC-00154,INV-2019-0005381,NET 30 DAYS,2619,0,0,Paid,Arcadia Flow Technologies,Paid
2019-05-13,2019-05-14,2019-06-12,2019,5,May,412972.2,0.0,Meridian Pipeline Services,AGC-00133,Meridian Pipeline Services,Grace Perry,AGX-2019-005841-AGC-00133,INV-2019-0005425,NET 30 DAYS,2618,0,0,Paid,Meridian Pipeline Services,Paid
2019-05-13,2019-05-18,2019-07-12,2019,5,May,619249.93,0.0,Meridian Mechanical,AGC-00125,Meridian Mechanical,Eva Lewis,AGX-2019-005976-AGC-00125,INV-2019-0005547,NET 60 DAYS,2588,0,0,Paid,Meridian Mechanical,Paid
2019-05-17,2019-05-20,2019-06-16,2019,5,May,65510.66,0.0,Arcadia Process Solutions,AGC-00152,Arcadia Process Solutions,Leo Foster,AGX-2019-004837-AGC-00152,INV-2019-0004509,NET 30 DAYS,2614,0,0,Paid,Arcadia Process Solutions,Paid
2019-05-21,2019-05-21,2019-08-19,2019,5,May,632629.87,0.0,Helios Power Partners,AGC-00052,Helios Power Partners,Camille Martin,AGX-2019-004623-AGC-00052,INV-2019-0004305,20% ADVANCE / NET 90,2550,0,0,Paid,Helios Power Partners,Paid
2019-05-26,2019-06-03,2019-07-10,2019,5,May,824766.38,0.0,Northstar Energy Systems,AGC-00001,Northstar Energy Systems,Noah Keller,AGX-2019-004697-AGC-00001,INV-2019-0004374,NET 45 DAYS,2590,0,0,Paid,Northstar Energy Systems,Paid
2019-05-28,2019-05-28,2019-07-27,2019,5,May,216452.8,0.0,Northstar Mining Services,AGC-00009,Northstar Mining Services,Lina Sato,AGX-2019-005371-AGC-00009,INV-2019-0004994,NET 60 DAYS,2573,0,0,Paid,Northstar Mining Services,Paid
2019-05-31,2019-05-31,2019-06-30,2019,5,May,703771.71,0.0,Arcadia Mechanical Group,AGC-00179,Arcadia Mechanical Group,Mila Diaz,AGX-2019-005008-AGC-00179,INV-2019-0004661,NET 30 DAYS,2600,0,0,Paid,Arcadia Mechanical Group,Paid
2019-06-02,2019-06-06,2019-08-01,2019,6,June,209611.68,0.0,Arcadia Resources,AGC-00169,Arcadia Resources,Noah Keller,AGX-2019-005611-AGC-00169,INV-2019-0005211,20% ADVANCE / NET 60,2568,0,0,Paid,Arcadia Resources,Paid
2019-06-02,2019-06-04,2019-07-17,2019,6,June,420537.29,0.0,Cobalt Refinery Services,AGC-00099,Cobalt Refinery Services,Noah Keller,AGX-2019-005963-AGC-00099,INV-2019-0005535,NET 45 DAYS,2583,0,0,Paid,Cobalt Refinery Services,Paid
2019-06-05,2019-06-12,2019-08-04,2019,6,June,123008.59,0.0,Cobalt Controls,AGC-00103,Cobalt Controls,Lucas Hayes,AGX-2019-005978-AGC-00103,INV-2019-0005549,NET 60 DAYS,2565,0,0,Paid,Cobalt Controls,Paid
2019-06-07,2019-06-16,2019-09-05,2019,6,June,88622.14,0.0,Helios Petro Systems,AGC-00045,Helios Petro Systems,Zara Grant,AGX-2019-005232-AGC-00045,INV-2019-0004867,20% ADVANCE / NET 90,2533,0,0,Paid,Helios Petro Systems,Paid
2019-06-10,2019-06-14,2019-08-09,2019,6,June,448785.09,0.0,Arcadia Resources,AGC-00169,Arcadia Resources,Noah Keller,AGX-2019-005857-AGC-00169,INV-2019-0005440,20% ADVANCE / NET 60,2560,0,0,Paid,Arcadia Resources,Paid
2019-06-13,2019-06-16,2019-08-12,2019,6,June,630290.13,0.0,Helios Offshore Engineering,AGC-00042,Helios Offshore Engineering,Priya Nguyen,AGX-2019-004799-AGC-00042,INV-2019-0004473,20% ADVANCE / NET 60,2557,0,0,Paid,Helios Offshore Engineering,Paid
2019-06-14,2019-06-17,2019-09-12,2019,6,June,2593226.9,0.0,Cobalt Offshore Engineering,AGC-00079,Cobalt Offshore Engineering,Lina Sato,AGX-2019-005821-AGC-00079,INV-2019-0005405,NET 90 DAYS,2526,0,0,Paid,Cobalt Offshore Engineering,Paid
2019-06-18,2019-06-24,2019-08-02,2019,6,June,147342.02,0.0,Northstar Industrial Group,AGC-00003,Northstar Industrial Group,Zara Grant,AGX-2019-005565-AGC-00003,INV-2019-0005167,NET 45 DAYS,2567,0,0,Paid,Northstar Industrial Group,Paid
2019-06-19,2019-06-23,2019-08-18,2019,6,June,2559626.1,0.0,Cobalt Mining Services,AGC-00083,Cobalt Mining Services,Eva Lewis,AGX-2019-004585-AGC-00083,INV-2019-0004268,NET 60 DAYS,2551,0,0,Paid,Cobalt Mining Services,Paid
2019-06-22,2019-06-26,2019-07-22,2019,6,June,35302.89,0.0,Meridian Energy Projects,AGC-00137,Meridian Energy Projects,Mila Diaz,AGX-2019-005238-AGC-00137,INV-2019-0004872,NET 30 DAYS,2578,0,0,Paid,Meridian Energy Projects,Paid
2019-06-23,2019-06-24,2019-07-23,2019,6,June,1068022.53,0.0,Arcadia Petro Systems,AGC-00156,Arcadia Petro Systems,Adrian Walker,AGX-2019-005993-AGC-00156,INV-2019-0005564,NET 30 DAYS,2577,0,0,Paid,Arcadia Petro Systems,Paid
2019-06-28,2019-06-29,2019-07-28,2019,6,June,540515.47,0.0,Arcadia Waterworks,AGC-00158,Arcadia Waterworks,Theo Price,AGX-2019-005577-AGC-00158,INV-2019-0005179,NET 30 DAYS,2572,0,0,Paid,Arcadia Waterworks,Paid
2019-06-28,2019-07-04,2019-08-27,2019,6,June,903865.66,0.0,Helios Process Solutions,AGC-00041,Helios Process Solutions,Eva Lewis,AGX-2019-005583-AGC-00041,INV-2019-0005185,20% ADVANCE / NET 60,2542,0,0,Paid,Helios Process Solutions,Paid
2019-06-29,2019-06-30,2019-08-28,2019,6,June,239684.73,0.0,Arcadia Drilling Solutions,AGC-00166,Arcadia Drilling Solutions,Leo Foster,AGX-2019-004690-AGC-00166,INV-2019-0004368,20% ADVANCE / NET 60,2541,0,0,Paid,Arcadia Drilling Solutions,Paid
2019-06-30,2019-07-03,2019-08-29,2019,6,June,1498411.25,0.0,Meridian Mechanical,AGC-00125,Meridian Mechanical,Eva Lewis,AGX-2019-004642-AGC-00125,INV-2019-0004322,NET 60 DAYS,2540,0,0,Paid,Meridian Mechanical,Paid
2019-06-30,2019-07-02,2019-08-29,2019,6,June,1097678.82,0.0,Northstar Rotating Equipment,AGC-00023,Northstar Rotating Equipment,Lina Sato,AGX-2019-005737-AGC-00023,INV-2019-0005329,30% ADVANCE / NET 60,2540,0,0,Paid,Northstar Rotating Equipment,Paid
2019-07-05,2019-07-05,2019-08-04,2019,7,July,444051.45,0.0,Cobalt Field Services,AGC-00087,Cobalt Field Services,Zara Grant,AGX-2019-005174-AGC-00087,INV-2019-0004816,NET 30 DAYS,2565,0,0,Paid,Cobalt Field Services,Paid
2019-07-06,2019-07-07,2019-09-04,2019,7,July,40447.27,0.0,Meridian Technical Services,AGC-00146,Meridian Technical Services,Avery Morgan,AGX-2019-005230-AGC-00146,INV-2019-0004865,NET 60 DAYS,2534,0,0,Paid,Meridian Technical Services,Paid
2019-07-08,2019-07-10,2019-09-06,2019,7,July,1158070.41,0.0,Cobalt Compression,AGC-00093,Cobalt Compression,Lina Sato,AGX-2019-005321-AGC-00093,INV-2019-0004949,NET 60 DAYS,2532,0,0,Paid,Cobalt Compression,Paid
2019-07-09,2019-07-19,2019-08-08,2019,7,July,198487.57,0.0,Cobalt Mechanical,AGC-00088,Cobalt Mechanical,Theo Price,AGX-2019-004977-AGC-00088,INV-2019-0004633,NET 30 DAYS,2561,0,0,Paid,Cobalt Mechanical,Paid
2019-07-12,2019-07-21,2019-09-10,2019,7,July,355836.03,0.0,Meridian Marine Services,AGC-00113,Meridian Marine Services,Noah Keller,AGX-2019-005189-AGC-00113,INV-2019-0004827,NET 60 DAYS,2528,0,0,Paid,Meridian Marine Services,Paid
2019-07-13,2019-07-14,2019-09-11,2019,7,July,629403.73,0.0,Northstar Infrastructure,AGC-00007,Northstar Infrastructure,Grace Perry,AGX-2019-005825-AGC-00007,INV-2019-0005409,30% ADVANCE / NET 60,2527,0,0,Paid,Northstar Infrastructure,Paid
2019-07-16,2019-07-16,2019-09-14,2019,7,July,213371.97,0.0,Helios Compression,AGC-00056,Helios Compression,Priya Nguyen,AGX-2019-004668-AGC-00056,INV-2019-0004347,NET 60 DAYS,2524,0,0,Paid,Helios Compression,Paid
2019-07-19,2019-07-19,2019-09-02,2019,7,July,695183.01,0.0,Meridian Process Solutions,AGC-00115,Meridian Process Solutions,Zara Grant,AGX-2019-005270-AGC-00115,INV-2019-0004901,NET 45 DAYS,2536,0,0,Paid,Meridian Process Solutions,Paid
2019-07-19,2019-07-29,2019-08-18,2019,7,July,2287028.28,0.0,Helios Technical Supply,AGC-00061,Helios Technical Supply,Lucas Hayes,AGX-2019-005306-AGC-00061,INV-2019-0004934,NET 30 DAYS,2551,0,0,Paid,Helios Technical Supply,Paid
2019-07-22,2019-07-22,2019-09-20,2019,7,July,137930.78,0.0,Meridian Resources,AGC-00132,Meridian Resources,Avery Morgan,AGX-2019-004548-AGC-00132,INV-2019-0004233,NET 60 DAYS,2518,0,0,Paid,Meridian Resources,Paid
2019-07-23,2019-08-02,2019-09-21,2019,7,July,363687.23,0.0,Northstar Mechanical Group,AGC-00031,Northstar Mechanical Group,Zara Grant,AGX-2019-005265-AGC-00031,INV-2019-0004896,20% ADVANCE / NET 60,2517,0,0,Paid,Northstar Mechanical Group,Paid
2019-07-23,2019-07-28,2019-09-21,2019,7,July,1388208.58,0.0,Helios Waterworks,AGC-00047,Helios Waterworks,Lucas Hayes,AGX-2019-005542-AGC-00047,INV-2019-0005145,NET 60 DAYS,2517,0,0,Paid,Helios Waterworks,Paid
2019-07-23,2019-07-24,2019-09-21,2019,7,July,941212.51,0.0,Meridian Resources,AGC-00132,Meridian Resources,Avery Morgan,AGX-2019-005601-AGC-00132,INV-2019-0005201,NET 60 DAYS,2517,0,0,Paid,Meridian Resources,Paid
2019-07-26,2019-08-01,2019-08-25,2019,7,July,295040.98,0.0,Helios Technical Supply,AGC-00061,Helios Technical Supply,Lucas Hayes,AGX-2019-004619-AGC-00061,INV-2019-0004301,NET 30 DAYS,2544,0,0,Paid,Helios Technical Supply,Paid
2019-07-26,2019-07-31,2019-09-09,2019,7,July,54156.12,0.0,Meridian Offshore Systems,AGC-00141,Meridian Offshore Systems,Noah Keller,AGX-2019-005329-AGC-00141,INV-2019-0004957,NET 45 DAYS,2529,0,0,Paid,Meridian Offshore Systems,Paid
2019-07-26,2019-07-30,2019-08-25,2019,7,July,68856.03,0.0,Arcadia Marine Engineering,AGC-00175,Arcadia Marine Engineering,Grace Perry,AGX-2019-005593-AGC-00175,INV-2019-0005193,NET 30 DAYS,2544,0,0,Paid,Arcadia Marine Engineering,Paid
2019-07-30,2019-08-06,2019-09-28,2019,7,July,877901.34,0.0,Northstar Industrial Services,AGC-00032,Northstar Industrial Services,Theo Price,AGX-2019-005387-AGC-00032,INV-2019-0005010,30% ADVANCE / NET 60,2510,0,0,Paid,Northstar Industrial Services,Paid
2019-07-31,2019-08-10,2019-09-29,2019,7,July,2122991.33,0.0,Northstar Industrial Services,AGC-00032,Northstar Industrial Services,Theo Price,AGX-2019-004987-AGC-00032,INV-2019-0004642,30% ADVANCE / NET 60,2509,0,0,Paid,Northstar Industrial Services,Paid
2019-08-02,2019-08-08,2019-10-01,2019,8,August,790872.07,0.0,Northstar Process Controls,AGC-00016,Northstar Process Controls,Adrian Walker,AGX-2019-004920-AGC-00016,INV-2019-0004582,NET 60 DAYS,2507,0,0,Paid,Northstar Process Controls,Paid
2019-08-04,2019-08-08,2019-09-03,2019,8,August,145448.89,0.0,Arcadia Flow Technologies,AGC-00154,Arcadia Flow Technologies,Priya Nguyen,AGX-2019-005473-AGC-00154,INV-2019-0005082,NET 30 DAYS,2535,0,0,Paid,Arcadia Flow Technologies,Paid
2019-08-04,2019-08-07,2019-09-03,2019,8,August,1225063.68,0.0,Northstar Technical Services,AGC-00035,Northstar Technical Services,Grace Perry,AGX-2019-005893-AGC-00035,INV-2019-0005472,NET 30 DAYS,2535,0,0,Paid,Northstar Technical Services,Paid
2019-08-05,2019-08-12,2019-10-04,2019,8,August,477068.75,0.0,Arcadia Mining Services,AGC-00157,Arcadia Mining Services,Zara Grant,AGX-2019-005687-AGC-00157,INV-2019-0005282,30% ADVANCE / NET 60,2504,0,0,Paid,Arcadia Mining Services,Paid
2019-08-07,2019-08-12,2019-10-06,2019,8,August,455147.18,0.0,Northstar Refinery Services,AGC-00025,Northstar Refinery Services,Mila Diaz,AGX-2019-004727-AGC-00025,INV-2019-0004404,30% ADVANCE / NET 60,2502,0,0,Paid,Northstar Refinery Services,Paid
2019-08-07,2019-08-10,2019-10-06,2019,8,August,260850.31,0.0,Arcadia Drilling Solutions,AGC-00166,Arcadia Drilling Solutions,Leo Foster,AGX-2019-004807-AGC-00166,INV-2019-0004480,20% ADVANCE / NET 60,2502,0,0,Paid,Arcadia Drilling Solutions,Paid
2019-08-09,2019-08-19,2019-10-08,2019,8,August,1959347.24,0.0,Helios Offshore Systems,AGC-00067,Helios Offshore Systems,Mila Diaz,AGX-2019-004651-AGC-00067,INV-2019-0004331,NET 60 DAYS,2500,0,0,Paid,Helios Offshore Systems,Paid
2019-08-12,2019-08-20,2019-10-11,2019,8,August,68288.07,0.0,Arcadia Technical Supply,AGC-00172,Arcadia Technical Supply,Theo Price,AGX-2019-004952-AGC-00172,INV-2019-0004611,30% ADVANCE / NET 60,2497,0,0,Paid,Arcadia Technical Supply,Paid
2019-08-15,2019-08-23,2019-09-29,2019,8,August,35431.96,0.0,Northstar Industrial Solutions,AGC-00036,Northstar Industrial Solutions,Julian Howard,AGX-2019-004648-AGC-00036,INV-2019-0004328,NET 45 DAYS,2509,0,0,Paid,Northstar Industrial Solutions,Paid
2019-08-15,2019-08-25,2019-09-29,2019,8,August,760554.19,0.0,Meridian Offshore Systems,AGC-00141,Meridian Offshore Systems,Noah Keller,AGX-2019-004769-AGC-00141,INV-2019-0004443,NET 45 DAYS,2509,0,0,Paid,Meridian Offshore Systems,Paid
2019-08-15,2019-08-18,2019-10-14,2019,8,August,328566.84,0.0,Arcadia Compression,AGC-00167,Arcadia Compression,Eva Lewis,AGX-2019-004930-AGC-00167,INV-2019-0004592,NET 60 DAYS,2494,0,0,Paid,Arcadia Compression,Paid
2019-08-18,2019-08-19,2019-10-02,2019,8,August,1271442.6,38143.28,Northstar Offshore Engineering,AGC-00005,Northstar Offshore Engineering,Lucas Hayes,AGX-2019-004510-AGC-00005,INV-2019-0004197,NET 45 DAYS,2506,0,2506,2506 day(s) overdue,Northstar Offshore Engineering,90+ Days
2019-08-22,2019-08-28,2019-10-21,2019,8,August,399719.64,0.0,Arcadia Mining Services,AGC-00157,Arcadia Mining Services,Zara Grant,AGX-2019-005298-AGC-00157,INV-2019-0004927,30% ADVANCE / NET 60,2487,0,0,Paid,Arcadia Mining Services,Paid
2019-08-24,2019-08-25,2019-10-23,2019,8,August,365807.31,0.0,Meridian Marine Services,AGC-00113,Meridian Marine Services,Noah Keller,AGX-2019-004750-AGC-00113,INV-2019-0004426,NET 60 DAYS,2485,0,0,Paid,Meridian Marine Services,Paid
2019-08-27,2019-09-05,2019-09-26,2019,8,August,311444.91,0.0,Cobalt Utilities,AGC-00086,Cobalt Utilities,Adrian Walker,AGX-2019-005064-AGC-00086,INV-2019-0004712,NET 30 DAYS,2512,0,0,Paid,Cobalt Utilities,Paid
2019-08-28,2019-09-05,2019-10-27,2019,8,August,323890.03,0.0,Northstar Waterworks,AGC-00010,Northstar Waterworks,Camille Martin,AGX-2019-004996-AGC-00010,INV-2019-0004649,NET 60 DAYS,2481,0,0,Paid,Northstar Waterworks,Paid
2019-08-28,2019-08-28,2019-11-26,2019,8,August,24056.6,0.0,Arcadia Field Services,AGC-00161,Arcadia Field Services,Grace Perry,AGX-2019-005101-AGC-00161,INV-2019-0004747,20% ADVANCE / NET 90,2451,0,0,Paid,Arcadia Field Services,Paid
2019-08-30,2019-08-30,2019-11-28,2019,8,August,78428.81,0.0,Cobalt Industrial Group,AGC-00077,Cobalt Industrial Group,Grace Perry,AGX-2019-004713-AGC-00077,INV-2019-0004390,20% ADVANCE / NET 90,2449,0,0,Paid,Cobalt Industrial Group,Paid
2019-09-03,2019-09-06,2019-12-02,2019,9,September,660262.63,0.0,Meridian Industrial Services,AGC-00143,Meridian Industrial Services,Zara Grant,AGX-2019-005317-AGC-00143,INV-2019-0004945,20% ADVANCE / NET 90,2445,0,0,Paid,Meridian Industrial Services,Paid
2019-09-04,2019-09-07,2019-11-03,2019,9,September,453742.8,0.0,Meridian Marine Engineering,AGC-00138,Meridian Marine Engineering,Leo Foster,AGX-2019-005906-AGC-00138,INV-2019-0005483,NET 60 DAYS,2474,0,0,Paid,Meridian Marine Engineering,Paid
2019-09-05,2019-09-13,2019-10-05,2019,9,September,570240.63,0.0,Arcadia Petro Systems,AGC-00156,Arcadia Petro Systems,Adrian Walker,AGX-2019-005733-AGC-00156,INV-2019-0005325,NET 30 DAYS,2503,0,0,Paid,Arcadia Petro Systems,Paid
2019-09-06,2019-09-10,2019-10-06,2019,9,September,291380.66,0.0,Arcadia Waterworks,AGC-00158,Arcadia Waterworks,Theo Price,AGX-2019-004791-AGC-00158,INV-2019-0004465,NET 30 DAYS,2502,0,0,Paid,Arcadia Waterworks,Paid
2019-09-06,2019-09-15,2019-10-06,2019,9,September,809320.1,0.0,Helios Industrial Services,AGC-00069,Helios Industrial Services,Eva Lewis,AGX-2019-005207-AGC-00069,INV-2019-0004843,NET 30 DAYS,2502,0,0,Paid,Helios Industrial Services,Paid
2019-09-07,2019-09-14,2019-11-06,2019,9,September,1440923.05,0.0,Northstar Petro Systems,AGC-00008,Northstar Petro Systems,Julian Howard,AGX-2019-005258-AGC-00008,INV-2019-0004892,NET 60 DAYS,2471,0,0,Paid,Northstar Petro Systems,Paid
2019-09-09,2019-09-16,2019-12-08,2019,9,September,135431.84,0.0,Northstar Compression,AGC-00019,Northstar Compression,Lucas Hayes,AGX-2019-004733-AGC-00019,INV-2019-0004409,NET 90 DAYS,2439,0,0,Paid,Northstar Compression,Paid
2019-09-15,2019-09-25,2019-10-15,2019,9,September,352567.44,0.0,Northstar Technical Services,AGC-00035,Northstar Technical Services,Grace Perry,AGX-2019-004758-AGC-00035,INV-2019-0004433,NET 30 DAYS,2493,0,0,Paid,Northstar Technical Services,Paid
2019-09-18,2019-09-24,2019-12-17,2019,9,September,2053661.44,0.0,Meridian Drilling Solutions,AGC-00129,Meridian Drilling Solutions,Zara Grant,AGX-2019-005268-AGC-00129,INV-2019-0004899,NET 90 DAYS,2430,0,0,Paid,Meridian Drilling Solutions,Paid
2019-09-18,2019-09-28,2019-11-17,2019,9,September,709038.22,0.0,Helios Energy Systems,AGC-00038,Helios Energy Systems,Camille Martin,AGX-2019-005756-AGC-00038,INV-2019-0005345,NET 60 DAYS,2460,0,0,Paid,Helios Energy Systems,Paid
2019-09-20,2019-09-28,2019-12-19,2019,9,September,183209.25,0.0,Meridian Instrumentation,AGC-00145,Meridian Instrumentation,Lucas Hayes,AGX-2019-005372-AGC-00145,INV-2019-0004995,NET 90 DAYS,2428,0,0,Paid,Meridian Instrumentation,Paid
2019-09-26,2019-09-29,2019-11-10,2019,9,September,274283.94,0.0,Meridian Process Solutions,AGC-00115,Meridian Process Solutions,Zara Grant,AGX-2019-004682-AGC-00115,INV-2019-0004361,NET 45 DAYS,2467,0,0,Paid,Meridian Process Solutions,Paid
2019-09-28,2019-09-28,2019-11-27,2019,9,September,369730.74,0.0,Northstar Offshore Systems,AGC-00030,Northstar Offshore Systems,Adrian Walker,AGX-2019-005843-AGC-00030,INV-2019-0005427,NET 60 DAYS,2450,0,0,Paid,Northstar Offshore Systems,Paid
2019-10-03,2019-10-10,2019-11-02,2019,10,October,216734.99,0.0,Northstar Engineering,AGC-00017,Northstar Engineering,Zara Grant,AGX-2019-004615-AGC-00017,INV-2019-0004297,NET 30 DAYS,2475,0,0,Paid,Northstar Engineering,Paid
2019-10-03,2019-10-12,2019-12-02,2019,10,October,478295.61,14348.87,Arcadia Offshore Systems,AGC-00178,Arcadia Offshore Systems,Camille Martin,AGX-2019-005393-AGC-00178,INV-2019-0005016,30% ADVANCE / NET 60,2445,0,2445,2445 day(s) overdue,Arcadia Offshore Systems,90+ Days
2019-10-03,2019-10-12,2019-11-17,2019,10,October,14557.04,0.0,Helios Mechanical,AGC-00051,Helios Mechanical,Lina Sato,AGX-2019-005493-AGC-00051,INV-2019-0005099,NET 45 DAYS,2460,0,0,Paid,Helios Mechanical,Paid
2019-10-04,2019-10-12,2019-12-03,2019,10,October,252961.67,0.0,Northstar Mining Services,AGC-00009,Northstar Mining Services,Lina Sato,AGX-2019-004779-AGC-00009,INV-2019-0004453,NET 60 DAYS,2444,0,0,Paid,Northstar Mining Services,Paid
2019-10-06,2019-10-08,2019-11-05,2019,10,October,563130.65,0.0,Meridian Utilities,AGC-00123,Meridian Utilities,Mila Diaz,AGX-2019-004787-AGC-00123,INV-2019-0004461,NET 30 DAYS,2472,0,0,Paid,Meridian Utilities,Paid
2019-10-06,2019-10-07,2019-12-05,2019,10,October,2340487.29,0.0,Helios Process Solutions,AGC-00041,Helios Process Solutions,Eva Lewis,AGX-2019-005295-AGC-00041,INV-2019-0004924,20% ADVANCE / NET 60,2442,0,0,Paid,Helios Process Solutions,Paid
2019-10-07,2019-10-07,2019-12-06,2019,10,October,20675.49,0.0,Meridian Marine Services,AGC-00113,Meridian Marine Services,Noah Keller,AGX-2019-004793-AGC-00113,INV-2019-0004467,NET 60 DAYS,2441,0,0,Paid,Meridian Marine Services,Paid
2019-10-12,2019-10-19,2019-12-11,2019,10,October,313297.52,0.0,Helios Energy Systems,AGC-00038,Helios Energy Systems,Camille Martin,AGX-2019-004565-AGC-00038,INV-2019-0004249,NET 60 DAYS,2436,0,0,Paid,Helios Energy Systems,Paid
2019-10-13,2019-10-22,2019-12-12,2019,10,October,1412261.58,0.0,Meridian Resources,AGC-00132,Meridian Resources,Avery Morgan,AGX-2019-004831-AGC-00132,INV-2019-0004503,NET 60 DAYS,2435,0,0,Paid,Meridian Resources,Paid
2019-10-14,2019-10-20,2019-12-13,2019,10,October,2242935.46,0.0,Helios Offshore Engineering,AGC-00042,Helios Offshore Engineering,Priya Nguyen,AGX-2019-004506-AGC-00042,INV-2019-0004193,20% ADVANCE / NET 60,2434,0,0,Paid,Helios Offshore Engineering,Paid
2019-10-14,2019-10-14,2019-12-13,2019,10,October,1288104.4,0.0,Meridian Industrial Solutions,AGC-00147,Meridian Industrial Solutions,Grace Perry,AGX-2019-004559-AGC-00147,INV-2019-0004244,30% ADVANCE / NET 60,2434,0,0,Paid,Meridian Industrial Solutions,Paid
2019-10-14,2019-10-23,2020-01-12,2019,10,October,179654.72,0.0,Arcadia Production Services,AGC-00176,Arcadia Production Services,Julian Howard,AGX-2019-005248-AGC-00176,INV-2019-0004882,20% ADVANCE / NET 90,2404,0,0,Paid,Arcadia Production Services,Paid
2019-10-15,2019-10-21,2019-12-14,2019,10,October,618653.98,0.0,Arcadia Rotating Equipment,AGC-00171,Arcadia Rotating Equipment,Zara Grant,AGX-2019-004953-AGC-00171,INV-2019-0004612,NET 60 DAYS,2433,0,0,Paid,Arcadia Rotating Equipment,Paid
2019-10-18,2019-10-24,2019-12-17,2019,10,October,505525.76,0.0,Meridian Technical Services,AGC-00146,Meridian Technical Services,Avery Morgan,AGX-2019-004808-AGC-00146,INV-2019-0004481,NET 60 DAYS,2430,0,0,Paid,Meridian Technical Services,Paid
2019-10-20,2019-10-23,2019-12-19,2019,10,October,293077.76,0.0,Northstar Industrial Services,AGC-00032,Northstar Industrial Services,Theo Price,AGX-2019-005941-AGC-00032,INV-2019-0005515,30% ADVANCE / NET 60,2428,0,0,Paid,Northstar Industrial Services,Paid
2019-10-22,2019-10-24,2019-12-06,2019,10,October,723870.85,0.0,Helios Mechanical,AGC-00051,Helios Mechanical,Lina Sato,AGX-2019-005652-AGC-00051,INV-2019-0005250,NET 45 DAYS,2441,0,0,Paid,Helios Mechanical,Paid
2019-10-23,2019-11-02,2019-11-22,2019,10,October,2339373.39,0.0,Cobalt Power Partners,AGC-00089,Cobalt Power Partners,Lucas Hayes,AGX-2019-004661-AGC-00089,INV-2019-0004340,NET 30 DAYS,2455,0,0,Paid,Cobalt Power Partners,Paid
2019-10-26,2019-10-26,2019-11-25,2019,10,October,1167589.18,0.0,Helios Industrial Services,AGC-00069,Helios Industrial Services,Eva Lewis,AGX-2019-004586-AGC-00069,INV-2019-0004269,NET 30 DAYS,2452,0,0,Paid,Helios Industrial Services,Paid
2019-10-28,2019-10-28,2019-12-27,2019,10,October,380496.19,0.0,Cobalt Rotating Equipment,AGC-00097,Cobalt Rotating Equipment,Eva Lewis,AGX-2019-004512-AGC-00097,INV-2019-0004199,NET 60 DAYS,2420,0,0,Paid,Cobalt Rotating Equipment,Paid
2019-10-31,2019-10-31,2019-11-30,2019,10,October,1000933.14,0.0,Northstar Technical Services,AGC-00035,Northstar Technical Services,Grace Perry,AGX-2019-004663-AGC-00035,INV-2019-0004342,NET 30 DAYS,2447,0,0,Paid,Northstar Technical Services,Paid
2019-10-31,2019-11-01,2020-01-29,2019,10,October,315860.68,0.0,Cobalt Technical Supply,AGC-00098,Cobalt Technical Supply,Priya Nguyen,AGX-2019-004907-AGC-00098,INV-2019-0004569,20% ADVANCE / NET 90,2387,0,0,Paid,Cobalt Technical Supply,Paid
2019-11-01,2019-11-04,2019-12-31,2019,11,November,111976.66,0.0,Arcadia Automation,AGC-00159,Arcadia Automation,Lucas Hayes,AGX-2019-005932-AGC-00159,INV-2019-0005509,NET 60 DAYS,2416,0,0,Paid,Arcadia Automation,Paid
2019-11-02,2019-11-12,2020-01-01,2019,11,November,22493.63,0.0,Helios Flow Systems,AGC-00070,Helios Flow Systems,Priya Nguyen,AGX-2019-004561-AGC-00070,INV-2019-0004246,NET 60 DAYS,2415,0,0,Paid,Helios Flow Systems,Paid
2019-11-02,2019-11-08,2019-12-02,2019,11,November,162724.52,0.0,Meridian Pipeline Services,AGC-00133,Meridian Pipeline Services,Grace Perry,AGX-2019-005927-AGC-00133,INV-2019-0005504,NET 30 DAYS,2445,0,0,Paid,Meridian Pipeline Services,Paid
2019-11-08,2019-11-12,2019-12-23,2019,11,November,260964.75,0.0,Meridian Offshore Systems,AGC-00141,Meridian Offshore Systems,Noah Keller,AGX-2019-004721-AGC-00141,INV-2019-0004398,NET 45 DAYS,2424,0,0,Paid,Meridian Offshore Systems,Paid
2019-11-08,2019-11-16,2020-02-06,2019,11,November,405759.65,0.0,Arcadia Pipeline Services,AGC-00170,Arcadia Pipeline Services,Adrian Walker,AGX-2019-004968-AGC-00170,INV-2019-0004625,20% ADVANCE / NET 90,2379,0,0,Paid,Arcadia Pipeline Services,Paid
2019-11-09,2019-11-18,2020-01-08,2019,11,November,193571.11,0.0,Arcadia Mining Services,AGC-00157,Arcadia Mining Services,Zara Grant,AGX-2019-005339-AGC-00157,INV-2019-0004967,30% ADVANCE / NET 60,2408,0,0,Paid,Arcadia Mining Services,Paid
2019-11-09,2019-11-11,2020-02-07,2019,11,November,1205755.16,0.0,Helios Refinery Services,AGC-00062,Helios Refinery Services,Avery Morgan,AGX-2019-005554-AGC-00062,INV-2019-0005157,NET 90 DAYS,2378,0,0,Paid,Helios Refinery Services,Paid
2019-11-09,2019-11-10,2020-01-08,2019,11,November,645275.58,0.0,Cobalt Industrial Services,AGC-00106,Cobalt Industrial Services,Julian Howard,AGX-2019-005811-AGC-00106,INV-2019-0005397,30% ADVANCE / NET 60,2408,0,0,Paid,Cobalt Industrial Services,Paid
2019-11-12,2019-11-14,2020-01-11,2019,11,November,565779.0,0.0,Northstar Industrial Services,AGC-00032,Northstar Industrial Services,Theo Price,AGX-2019-005699-AGC-00032,INV-2019-0005293,30% ADVANCE / NET 60,2405,0,0,Paid,Northstar Industrial Services,Paid
2019-11-12,2019-11-12,2020-02-10,2019,11,November,383846.92,0.0,Arcadia Utilities,AGC-00160,Arcadia Utilities,Avery Morgan,AGX-2019-005845-AGC-00160,INV-2019-0005429,NET 90 DAYS,2375,0,0,Paid,Arcadia Utilities,Paid
2019-11-12,2019-11-21,2020-01-11,2019,11,November,7169.29,0.0,Arcadia Industrial Services,AGC-00180,Arcadia Industrial Services,Leo Foster,AGX-2019-005914-AGC-00180,INV-2019-0005491,20% ADVANCE / NET 60,2405,0,0,Paid,Arcadia Industrial Services,Paid
2019-11-14,2019-11-20,2019-12-14,2019,11,November,823983.48,0.0,Northstar Energy Projects,AGC-00026,Northstar Energy Projects,Leo Foster,AGX-2019-004553-AGC-00026,INV-2019-0004238,NET 30 DAYS,2433,0,0,Paid,Northstar Energy Projects,Paid
2019-11-19,2019-11-25,2020-01-18,2019,11,November,279450.47,0.0,Northstar Marine Supply,AGC-00037,Northstar Marine Supply,Lina Sato,AGX-2019-005171-AGC-00037,INV-2019-0004813,NET 60 DAYS,2398,0,0,Paid,Northstar Marine Supply,Paid
2019-11-20,2019-11-29,2020-01-19,2019,11,November,319113.43,0.0,Helios Utilities,AGC-00049,Helios Utilities,Grace Perry,AGX-2019-004551-AGC-00049,INV-2019-0004236,30% ADVANCE / NET 60,2397,0,0,Paid,Helios Utilities,Paid
2019-11-21,2019-11-21,2020-02-19,2019,11,November,20407.14,0.0,Meridian Industrial Services,AGC-00143,Meridian Industrial Services,Zara Grant,AGX-2019-004583-AGC-00143,INV-2019-0004266,20% ADVANCE / NET 90,2366,0,0,Paid,Meridian Industrial Services,Paid
2019-11-23,2019-11-27,2020-01-22,2019,11,November,265009.28,0.0,Meridian Marine Engineering,AGC-00138,Meridian Marine Engineering,Leo Foster,AGX-2019-005312-AGC-00138,INV-2019-0004940,NET 60 DAYS,2394,0,0,Paid,Meridian Marine Engineering,Paid
2019-11-24,2019-11-24,2019-12-24,2019,11,November,234038.58,0.0,Meridian Controls,AGC-00140,Meridian Controls,Priya Nguyen,AGX-2019-004933-AGC-00140,INV-2019-0004594,NET 30 DAYS,2423,0,0,Paid,Meridian Controls,Paid
2019-11-26,2019-12-03,2020-01-25,2019,11,November,1098778.11,0.0,Northstar Technical Supply,AGC-00024,Northstar Technical Supply,Camille Martin,AGX-2019-005588-AGC-00024,INV-2019-0005189,NET 60 DAYS,2391,0,0,Paid,Northstar Technical Supply,Paid
2019-11-26,2019-11-29,2020-01-25,2019,11,November,39633.3,0.0,Meridian Resources,AGC-00132,Meridian Resources,Avery Morgan,AGX-2019-005888-AGC-00132,INV-2019-0005467,NET 60 DAYS,2391,0,0,Paid,Meridian Resources,Paid
2019-11-29,2019-12-03,2020-02-27,2019,11,November,97229.32,0.0,Northstar Industrial Maintenance,AGC-00020,Northstar Industrial Maintenance,Avery Morgan,AGX-2019-005789-AGC-00020,INV-2019-0005375,20% ADVANCE / NET 90,2358,0,0,Paid,Northstar Industrial Maintenance,Paid
2019-11-30,2019-12-06,2020-01-29,2019,11,November,121524.88,0.0,Helios Waterworks,AGC-00047,Helios Waterworks,Lucas Hayes,AGX-2019-005391-AGC-00047,INV-2019-0005014,NET 60 DAYS,2387,0,0,Paid,Helios Waterworks,Paid
2019-12-02,2019-12-11,2020-01-31,2019,12,December,667778.58,0.0,Cobalt Marine Services,AGC-00076,Cobalt Marine Services,Avery Morgan,AGX-2019-005011-AGC-00076,INV-2019-0004663,NET 60 DAYS,2385,0,0,Paid,Cobalt Marine Services,Paid
2019-12-03,2019-12-05,2020-01-02,2019,12,December,1960314.46,0.0,Meridian Industrial Group,AGC-00114,Meridian Industrial Group,Adrian Walker,AGX-2019-004660-AGC-00114,INV-2019-0004339,NET 30 DAYS,2414,0,0,Paid,Meridian Industrial Group,Paid
2019-12-03,2019-12-10,2020-03-02,2019,12,December,530275.87,0.0,Arcadia Infrastructure,AGC-00155,Arcadia Infrastructure,Noah Keller,AGX-2019-005395-AGC-00155,INV-2019-0005017,20% ADVANCE / NET 90,2354,0,0,Paid,Arcadia Infrastructure,Paid
2019-12-03,2019-12-07,2020-03-02,2019,12,December,407763.59,0.0,Arcadia Field Services,AGC-00161,Arcadia Field Services,Grace Perry,AGX-2019-005545-AGC-00161,INV-2019-0005148,20% ADVANCE / NET 90,2354,0,0,Paid,Arcadia Field Services,Paid
2019-12-04,2019-12-04,2020-02-02,2019,12,December,81833.32,0.0,Arcadia Industrial Services,AGC-00180,Arcadia Industrial Services,Leo Foster,AGX-2019-004691-AGC-00180,INV-2019-0004369,20% ADVANCE / NET 60,2383,0,0,Paid,Arcadia Industrial Services,Paid
2019-12-05,2019-12-07,2020-02-03,2019,12,December,234936.9,0.0,Meridian Power Partners,AGC-00126,Meridian Power Partners,Priya Nguyen,AGX-2019-005273-AGC-00126,INV-2019-0004904,NET 60 DAYS,2382,0,0,Paid,Meridian Power Partners,Paid
2019-12-06,2019-12-11,2020-02-04,2019,12,December,1268288.31,0.0,Meridian Energy Systems,AGC-00112,Meridian Energy Systems,Priya Nguyen,AGX-2019-005586-AGC-00112,INV-2019-0005187,NET 60 DAYS,2381,0,0,Paid,Meridian Energy Systems,Paid
2019-12-08,2019-12-18,2020-03-07,2019,12,December,1258528.07,0.0,Helios Controls,AGC-00066,Helios Controls,Camille Martin,AGX-2019-005617-AGC-00066,INV-2019-0005216,NET 90 DAYS,2349,0,0,Paid,Helios Controls,Paid
2019-12-10,2019-12-12,2020-02-08,2019,12,December,770528.95,0.0,Meridian Technical Supply,AGC-00135,Meridian Technical Supply,Lina Sato,AGX-2019-005759-AGC-00135,INV-2019-0005348,30% ADVANCE / NET 60,2377,0,0,Paid,Meridian Technical Supply,Paid
2019-12-10,2019-12-15,2020-01-09,2019,12,December,1340462.1,0.0,Northstar Technical Services,AGC-00035,Northstar Technical Services,Grace Perry,AGX-2019-005834-AGC-00035,INV-2019-0005418,NET 30 DAYS,2407,0,0,Paid,Northstar Technical Services,Paid
2019-12-11,2019-12-13,2020-03-10,2019,12,December,94591.44,0.0,Meridian Industrial Services,AGC-00143,Meridian Industrial Services,Zara Grant,AGX-2019-004891-AGC-00143,INV-2019-0004557,20% ADVANCE / NET 90,2346,0,0,Paid,Meridian Industrial Services,Paid
2019-12-11,2019-12-13,2020-02-09,2019,12,December,653839.52,0.0,Cobalt Marine Engineering,AGC-00101,Cobalt Marine Engineering,Zara Grant,AGX-2019-005526-AGC-00101,INV-2019-0005130,NET 60 DAYS,2376,0,0,Paid,Cobalt Marine Engineering,Paid
2019-12-15,2019-12-22,2020-01-14,2019,12,December,229247.43,0.0,Arcadia Marine Engineering,AGC-00175,Arcadia Marine Engineering,Grace Perry,AGX-2019-004881-AGC-00175,INV-2019-0004550,NET 30 DAYS,2402,0,0,Paid,Arcadia Marine Engineering,Paid
2019-12-17,2019-12-21,2020-02-15,2019,12,December,457653.71,0.0,Cobalt Pipeline Services,AGC-00096,Cobalt Pipeline Services,Leo Foster,AGX-2019-005708-AGC-00096,INV-2019-0005301,NET 60 DAYS,2370,0,0,Paid,Cobalt Pipeline Services,Paid
2019-12-24,2020-01-03,2020-02-22,2019,12,December,239787.08,0.0,Cobalt Infrastructure,AGC-00081,Cobalt Infrastructure,Mila Diaz,AGX-2019-005822-AGC-00081,INV-2019-0005406,NET 60 DAYS,2363,0,0,Paid,Cobalt Infrastructure,Paid
2020-01-02,2020-01-05,2020-03-02,2020,1,January,376687.54,0.0,Cobalt Mining Services,AGC-00083,Cobalt Mining Services,Eva Lewis,AGX-2019-004940-AGC-00083,INV-2020-0004601,NET 60 DAYS,2354,0,0,Paid,Cobalt Mining Services,Paid
2020-01-03,2020-01-04,2020-03-03,2020,1,January,486772.7,0.0,Meridian Industrial Solutions,AGC-00147,Meridian Industrial Solutions,Grace Perry,AGX-2019-005323-AGC-00147,INV-2020-0004951,30% ADVANCE / NET 60,2353,0,0,Paid,Meridian Industrial Solutions,Paid
2020-01-04,2020-01-07,2020-03-04,2020,1,January,216773.59,0.0,Northstar Infrastructure,AGC-00007,Northstar Infrastructure,Grace Perry,AGX-2019-005861-AGC-00007,INV-2020-0005442,30% ADVANCE / NET 60,2352,0,0,Paid,Northstar Infrastructure,Paid
2020-01-06,2020-01-16,2020-02-20,2020,1,January,220485.42,0.0,Arcadia Industrial Maintenance,AGC-00168,Arcadia Industrial Maintenance,Priya Nguyen,AGX-2019-005202-AGC-00168,INV-2020-0004839,NET 45 DAYS,2365,0,0,Paid,Arcadia Industrial Maintenance,Paid
2020-01-09,2020-01-16,2020-04-08,2020,1,January,346814.9,0.0,Helios Industrial Group,AGC-00040,Helios Industrial Group,Leo Foster,AGX-2019-004984-AGC-00040,INV-2020-0004640,NET 90 DAYS,2317,0,0,Paid,Helios Industrial Group,Paid
2020-01-09,2020-01-16,2020-03-09,2020,1,January,414630.35,0.0,Northstar Mechanical Group,AGC-00031,Northstar Mechanical Group,Zara Grant,AGX-2019-005084-AGC-00031,INV-2020-0004732,20% ADVANCE / NET 60,2347,0,0,Paid,Northstar Mechanical Group,Paid
2020-01-10,2020-01-19,2020-03-10,2020,1,January,265021.76,0.0,Arcadia Industrial Group,AGC-00151,Arcadia Industrial Group,Mila Diaz,AGX-2019-004544-AGC-00151,INV-2020-0004229,20% ADVANCE / NET 60,2346,0,0,Paid,Arcadia Industrial Group,Paid
2020-01-12,2020-01-16,2020-03-12,2020,1,January,417442.87,0.0,Cobalt Marine Engineering,AGC-00101,Cobalt Marine Engineering,Zara Grant,AGX-2019-005449-AGC-00101,INV-2020-0005060,NET 60 DAYS,2344,0,0,Paid,Cobalt Marine Engineering,Paid
2020-01-13,2020-01-20,2020-03-13,2020,1,January,1007850.5,0.0,Meridian Resources,AGC-00132,Meridian Resources,Avery Morgan,AGX-2019-004673-AGC-00132,INV-2020-0004352,NET 60 DAYS,2343,0,0,Paid,Meridian Resources,Paid
2020-01-16,2020-01-16,2020-03-16,2020,1,January,2389231.02,0.0,Meridian Industrial Solutions,AGC-00147,Meridian Industrial Solutions,Grace Perry,AGX-2019-005001-AGC-00147,INV-2020-0004654,30% ADVANCE / NET 60,2340,0,0,Paid,Meridian Industrial Solutions,Paid
2020-01-16,2020-01-22,2020-03-16,2020,1,January,286983.8,0.0,Northstar Field Services,AGC-00013,Northstar Field Services,Eva Lewis,AGX-2019-005315-AGC-00013,INV-2020-0004943,NET 60 DAYS,2340,0,0,Paid,Northstar Field Services,Paid
2020-01-17,2020-01-17,2020-02-16,2020,1,January,224921.9,0.0,Arcadia Mechanical Group,AGC-00179,Arcadia Mechanical Group,Mila Diaz,AGX-2019-004566-AGC-00179,INV-2020-0004250,NET 30 DAYS,2369,0,0,Paid,Arcadia Mechanical Group,Paid
2020-01-19,2020-01-22,2020-03-19,2020,1,January,983710.6,0.0,Northstar Offshore Systems,AGC-00030,Northstar Offshore Systems,Adrian Walker,AGX-2019-005945-AGC-00030,INV-2020-0005518,NET 60 DAYS,2337,0,0,Paid,Northstar Offshore Systems,Paid
2020-01-20,2020-01-25,2020-03-20,2020,1,January,1883991.12,0.0,Cobalt Controls,AGC-00103,Cobalt Controls,Lucas Hayes,AGX-2019-005668-AGC-00103,INV-2020-0005265,NET 60 DAYS,2336,0,0,Paid,Cobalt Controls,Paid
2020-01-23,2020-01-24,2020-03-23,2020,1,January,1884390.39,0.0,Helios Marine Services,AGC-00039,Helios Marine Services,Mila Diaz,AGX-2019-005793-AGC-00039,INV-2020-0005379,20% ADVANCE / NET 60,2333,0,0,Paid,Helios Marine Services,Paid
2020-01-25,2020-01-30,2020-02-24,2020,1,January,98689.47,0.0,Cobalt Engineering,AGC-00091,Cobalt Engineering,Grace Perry,AGX-2019-005942-AGC-00091,INV-2020-0005516,NET 30 DAYS,2361,0,0,Paid,Cobalt Engineering,Paid
2020-01-27,2020-01-28,2020-04-26,2020,1,January,252395.13,0.0,Arcadia Pipeline Services,AGC-00170,Arcadia Pipeline Services,Adrian Walker,AGX-2019-004764-AGC-00170,INV-2020-0004438,20% ADVANCE / NET 90,2299,0,0,Paid,Arcadia Pipeline Services,Paid
2020-01-29,2020-02-02,2020-03-29,2020,1,January,400731.44,12021.94,Meridian Mechanical,AGC-00125,Meridian Mechanical,Eva Lewis,AGX-2020-006683-AGC-00125,INV-2020-0006212,NET 60 DAYS,2327,0,2327,2327 day(s) overdue,Meridian Mechanical,90+ Days
2020-01-31,2020-01-31,2020-03-01,2020,1,January,1707275.14,0.0,Helios Flow Technologies,AGC-00043,Helios Flow Technologies,Noah Keller,AGX-2019-005915-AGC-00043,INV-2020-0005492,NET 30 DAYS,2355,0,0,Paid,Helios Flow Technologies,Paid
2020-02-01,2020-02-08,2020-04-01,2020,2,February,299333.46,0.0,Helios Flow Systems,AGC-00070,Helios Flow Systems,Priya Nguyen,AGX-2019-005365-AGC-00070,INV-2020-0004988,NET 60 DAYS,2324,0,0,Paid,Helios Flow Systems,Paid
2020-02-01,2020-02-05,2020-03-02,2020,2,February,277050.32,0.0,Meridian Mining Services,AGC-00120,Meridian Mining Services,Julian Howard,AGX-2020-006701-AGC-00120,INV-2020-0006229,NET 30 DAYS,2354,0,0,Paid,Meridian Mining Services,Paid
2020-02-04,2020-02-08,2020-04-04,2020,2,February,155308.72,0.0,Arcadia Technical Supply,AGC-00172,Arcadia Technical Supply,Theo Price,AGX-2019-004820-AGC-00172,INV-2020-0004493,30% ADVANCE / NET 60,2321,0,0,Paid,Arcadia Technical Supply,Paid
2020-02-04,2020-02-11,2020-04-04,2020,2,February,933688.54,0.0,Helios Utilities,AGC-00049,Helios Utilities,Grace Perry,AGX-2019-005324-AGC-00049,INV-2020-0004952,30% ADVANCE / NET 60,2321,0,0,Paid,Helios Utilities,Paid
2020-02-06,2020-02-14,2020-04-06,2020,2,February,328435.04,0.0,Northstar Process Controls,AGC-00016,Northstar Process Controls,Adrian Walker,AGX-2020-006848-AGC-00016,INV-2020-0006366,NET 60 DAYS,2319,0,0,Paid,Northstar Process Controls,Paid
2020-02-06,2020-02-13,2020-04-06,2020,2,February,946720.92,0.0,Helios Rotating Equipment,AGC-00060,Helios Rotating Equipment,Theo Price,AGX-2020-007204-AGC-00060,INV-2020-0006692,20% ADVANCE / NET 60,2319,0,0,Paid,Helios Rotating Equipment,Paid
2020-02-08,2020-02-13,2020-03-09,2020,2,February,310968.75,0.0,Northstar Energy Projects,AGC-00026,Northstar Energy Projects,Leo Foster,AGX-2020-006393-AGC-00026,INV-2020-0005940,NET 30 DAYS,2347,0,0,Paid,Northstar Energy Projects,Paid
2020-02-13,2020-02-16,2020-04-13,2020,2,February,197225.15,0.0,Northstar Mining Services,AGC-00009,Northstar Mining Services,Lina Sato,AGX-2019-004757-AGC-00009,INV-2020-0004432,NET 60 DAYS,2312,0,0,Paid,Northstar Mining Services,Paid
2020-02-16,2020-02-16,2020-03-17,2020,2,February,148360.0,0.0,Meridian Mining Services,AGC-00120,Meridian Mining Services,Julian Howard,AGX-2019-005671-AGC-00120,INV-2020-0005267,NET 30 DAYS,2339,0,0,Paid,Meridian Mining Services,Paid
2020-02-21,2020-02-24,2020-04-21,2020,2,February,69591.79,0.0,Cobalt Technical Services,AGC-00109,Cobalt Technical Services,Mila Diaz,AGX-2020-006977-AGC-00109,INV-2020-0006484,NET 60 DAYS,2304,0,0,Paid,Cobalt Technical Services,Paid
2020-02-22,2020-03-02,2020-04-22,2020,2,February,585256.75,17557.7,Helios Energy Systems,AGC-00038,Helios Energy Systems,Camille Martin,AGX-2020-006681-AGC-00038,INV-2020-0006210,NET 60 DAYS,2303,0,2303,2303 day(s) overdue,Helios Energy Systems,90+ Days
2020-02-23,2020-02-27,2020-03-24,2020,2,February,122469.6,0.0,Cobalt Power Partners,AGC-00089,Cobalt Power Partners,Lucas Hayes,AGX-2020-007023-AGC-00089,INV-2020-0006523,NET 30 DAYS,2332,0,0,Paid,Cobalt Power Partners,Paid
2020-02-24,2020-02-28,2020-04-09,2020,2,February,3748400.51,0.0,Northstar Offshore Engineering,AGC-00005,Northstar Offshore Engineering,Lucas Hayes,AGX-2019-005716-AGC-00005,INV-2020-0005309,NET 45 DAYS,2316,0,0,Paid,Northstar Offshore Engineering,Paid
2020-02-24,2020-02-29,2020-04-24,2020,2,February,936387.23,0.0,Arcadia Compression,AGC-00167,Arcadia Compression,Eva Lewis,AGX-2020-007086-AGC-00167,INV-2020-0006581,NET 60 DAYS,2301,0,0,Paid,Arcadia Compression,Paid
2020-02-25,2020-03-06,2020-05-25,2020,2,February,81321.42,0.0,Northstar Industrial Maintenance,AGC-00020,Northstar Industrial Maintenance,Avery Morgan,AGX-2020-006024-AGC-00020,INV-2020-0005595,20% ADVANCE / NET 90,2270,0,0,Paid,Northstar Industrial Maintenance,Paid
2020-02-25,2020-03-01,2020-04-25,2020,2,February,87411.91,0.0,Arcadia Engineering,AGC-00165,Arcadia Engineering,Mila Diaz,AGX-2020-006623-AGC-00165,INV-2020-0006158,20% ADVANCE / NET 60,2300,0,0,Paid,Arcadia Engineering,Paid
2020-03-01,2020-03-06,2020-04-30,2020,3,March,193833.33,0.0,Northstar Industrial Services,AGC-00032,Northstar Industrial Services,Theo Price,AGX-2019-005066-AGC-00032,INV-2020-0004714,30% ADVANCE / NET 60,2295,0,0,Paid,Northstar Industrial Services,Paid
2020-03-02,2020-03-11,2020-05-01,2020,3,March,283272.6,0.0,Meridian Resources,AGC-00132,Meridian Resources,Avery Morgan,AGX-2020-006925-AGC-00132,INV-2020-0006436,NET 60 DAYS,2294,0,0,Paid,Meridian Resources,Paid
2020-03-04,2020-03-11,2020-05-03,2020,3,March,672667.21,0.0,Arcadia Offshore Systems,AGC-00178,Arcadia Offshore Systems,Camille Martin,AGX-2019-004922-AGC-00178,INV-2020-0004584,30% ADVANCE / NET 60,2292,0,0,Paid,Arcadia Offshore Systems,Paid
2020-03-04,2020-03-13,2020-04-18,2020,3,March,180168.03,0.0,Cobalt Refinery Services,AGC-00099,Cobalt Refinery Services,Noah Keller,AGX-2020-006981-AGC-00099,INV-2020-0006487,NET 45 DAYS,2307,0,0,Paid,Cobalt Refinery Services,Paid
2020-03-07,2020-03-08,2020-05-06,2020,3,March,504625.39,0.0,Cobalt Mining Services,AGC-00083,Cobalt Mining Services,Eva Lewis,AGX-2020-006121-AGC-00083,INV-2020-0005687,NET 60 DAYS,2289,0,0,Paid,Cobalt Mining Services,Paid
2020-03-07,2020-03-11,2020-05-06,2020,3,March,177086.8,0.0,Meridian Marine Supply,AGC-00148,Meridian Marine Supply,Julian Howard,AGX-2020-006370-AGC-00148,INV-2020-0005917,NET 60 DAYS,2289,0,0,Paid,Meridian Marine Supply,Paid
2020-03-08,2020-03-09,2020-05-07,2020,3,March,67971.52,0.0,Helios Process Solutions,AGC-00041,Helios Process Solutions,Eva Lewis,AGX-2020-006888-AGC-00041,INV-2020-0006402,20% ADVANCE / NET 60,2288,0,0,Paid,Helios Process Solutions,Paid
2020-03-13,2020-03-22,2020-06-11,2020,3,March,199849.75,0.0,Helios Marine Engineering,AGC-00064,Helios Marine Engineering,Julian Howard,AGX-2020-006211-AGC-00064,INV-2020-0005770,NET 90 DAYS,2253,0,0,Paid,Helios Marine Engineering,Paid
2020-03-14,2020-03-23,2020-05-13,2020,3,March,64518.82,0.0,Helios Offshore Engineering,AGC-00042,Helios Offshore Engineering,Priya Nguyen,AGX-2020-006956-AGC-00042,INV-2020-0006466,20% ADVANCE / NET 60,2282,0,0,Paid,Helios Offshore Engineering,Paid
2020-03-15,2020-03-23,2020-04-14,2020,3,March,483955.5,0.0,Cobalt Mechanical,AGC-00088,Cobalt Mechanical,Theo Price,AGX-2020-006339-AGC-00088,INV-2020-0005891,NET 30 DAYS,2311,0,0,Paid,Cobalt Mechanical,Paid
2020-03-15,2020-03-22,2020-05-14,2020,3,March,195009.76,0.0,Arcadia Engineering,AGC-00165,Arcadia Engineering,Mila Diaz,AGX-2020-006432-AGC-00165,INV-2020-0005977,20% ADVANCE / NET 60,2281,0,0,Paid,Arcadia Engineering,Paid
2020-03-16,2020-03-26,2020-04-15,2020,3,March,35378.24,0.0,Meridian Controls,AGC-00140,Meridian Controls,Priya Nguyen,AGX-2020-006151-AGC-00140,INV-2020-0005713,NET 30 DAYS,2310,0,0,Paid,Meridian Controls,Paid
2020-03-19,2020-03-19,2020-04-18,2020,3,March,538061.57,0.0,Meridian Pipeline Services,AGC-00133,Meridian Pipeline Services,Grace Perry,AGX-2020-007206-AGC-00133,INV-2020-0006694,NET 30 DAYS,2307,0,0,Paid,Meridian Pipeline Services,Paid
2020-03-20,2020-03-25,2020-05-19,2020,3,March,10539.38,0.0,Helios Compression,AGC-00056,Helios Compression,Priya Nguyen,AGX-2020-007203-AGC-00056,INV-2020-0006691,NET 60 DAYS,2276,0,0,Paid,Helios Compression,Paid
2020-03-24,2020-04-03,2020-06-22,2020,3,March,95793.12,0.0,Helios Controls,AGC-00066,Helios Controls,Camille Martin,AGX-2020-006032-AGC-00066,INV-2020-0005603,NET 90 DAYS,2242,0,0,Paid,Helios Controls,Paid
2020-03-24,2020-03-29,2020-05-08,2020,3,March,102889.9,0.0,Helios Mechanical,AGC-00051,Helios Mechanical,Lina Sato,AGX-2020-006847-AGC-00051,INV-2020-0006365,NET 45 DAYS,2287,0,0,Paid,Helios Mechanical,Paid
2020-03-25,2020-03-29,2020-05-24,2020,3,March,944382.94,0.0,Arcadia Industrial Services,AGC-00180,Arcadia Industrial Services,Leo Foster,AGX-2020-006057-AGC-00180,INV-2020-0005628,20% ADVANCE / NET 60,2271,0,0,Paid,Arcadia Industrial Services,Paid
2020-03-25,2020-04-02,2020-05-24,2020,3,March,614545.25,0.0,Helios Utilities,AGC-00049,Helios Utilities,Grace Perry,AGX-2020-006431-AGC-00049,INV-2020-0005976,30% ADVANCE / NET 60,2271,0,0,Paid,Helios Utilities,Paid
2020-03-26,2020-04-01,2020-05-25,2020,3,March,538107.63,0.0,Meridian Process Controls,AGC-00127,Meridian Process Controls,Noah Keller,AGX-2020-006240-AGC-00127,INV-2020-0005797,NET 60 DAYS,2270,0,0,Paid,Meridian Process Controls,Paid
2020-03-27,2020-03-30,2020-05-26,2020,3,March,6608.87,0.0,Northstar Offshore Systems,AGC-00030,Northstar Offshore Systems,Adrian Walker,AGX-2020-007105-AGC-00030,INV-2020-0006600,NET 60 DAYS,2269,0,0,Paid,Northstar Offshore Systems,Paid
2020-03-29,2020-04-07,2020-06-27,2020,3,March,65644.58,0.0,Arcadia Field Services,AGC-00161,Arcadia Field Services,Grace Perry,AGX-2020-006197-AGC-00161,INV-2020-0005758,20% ADVANCE / NET 90,2237,0,0,Paid,Arcadia Field Services,Paid
2020-03-29,2020-04-06,2020-05-28,2020,3,March,75377.45,0.0,Helios Rotating Equipment,AGC-00060,Helios Rotating Equipment,Theo Price,AGX-2020-006494-AGC-00060,INV-2020-0006037,20% ADVANCE / NET 60,2267,0,0,Paid,Helios Rotating Equipment,Paid
2020-03-29,2020-04-04,2020-05-28,2020,3,March,52943.71,0.0,Meridian Marine Supply,AGC-00148,Meridian Marine Supply,Julian Howard,AGX-2020-006852-AGC-00148,INV-2020-0006369,NET 60 DAYS,2267,0,0,Paid,Meridian Marine Supply,Paid
2020-03-29,2020-03-29,2020-05-28,2020,3,March,52726.25,0.0,Meridian Power Partners,AGC-00126,Meridian Power Partners,Priya Nguyen,AGX-2020-006890-AGC-00126,INV-2020-0006403,NET 60 DAYS,2267,0,0,Paid,Meridian Power Partners,Paid
2020-03-29,2020-04-07,2020-05-28,2020,3,March,440203.21,0.0,Helios Energy Projects,AGC-00063,Helios Energy Projects,Grace Perry,AGX-2020-006905-AGC-00063,INV-2020-0006417,20% ADVANCE / NET 60,2267,0,0,Paid,Helios Energy Projects,Paid
2020-03-31,2020-04-06,2020-04-30,2020,3,March,523767.24,0.0,Northstar Engineering,AGC-00017,Northstar Engineering,Zara Grant,AGX-2020-007026-AGC-00017,INV-2020-0006526,NET 30 DAYS,2295,0,0,Paid,Northstar Engineering,Paid
2020-04-02,2020-04-06,2020-06-01,2020,4,April,3451159.43,0.0,Arcadia Industrial Group,AGC-00151,Arcadia Industrial Group,Mila Diaz,AGX-2020-006613-AGC-00151,INV-2020-0006149,20% ADVANCE / NET 60,2263,0,0,Paid,Arcadia Industrial Group,Paid
2020-04-05,2020-04-07,2020-06-04,2020,4,April,242489.46,0.0,Northstar Technical Supply,AGC-00024,Northstar Technical Supply,Camille Martin,AGX-2020-006624-AGC-00024,INV-2020-0006159,NET 60 DAYS,2260,0,0,Paid,Northstar Technical Supply,Paid
2020-04-10,2020-04-13,2020-05-10,2020,4,April,272694.14,0.0,Cobalt Utilities,AGC-00086,Cobalt Utilities,Adrian Walker,AGX-2020-006407-AGC-00086,INV-2020-0005954,NET 30 DAYS,2285,0,0,Paid,Cobalt Utilities,Paid
2020-04-11,2020-04-21,2020-06-10,2020,4,April,17269.11,0.0,Northstar Petro Systems,AGC-00008,Northstar Petro Systems,Julian Howard,AGX-2020-006103-AGC-00008,INV-2020-0005670,NET 60 DAYS,2254,0,0,Paid,Northstar Petro Systems,Paid
2020-04-15,2020-04-25,2020-07-14,2020,4,April,407305.34,0.0,Helios Controls,AGC-00066,Helios Controls,Camille Martin,AGX-2020-006210-AGC-00066,INV-2020-0005769,NET 90 DAYS,2220,0,0,Paid,Helios Controls,Paid
2020-04-16,2020-04-20,2020-05-16,2020,4,April,718927.38,0.0,Cobalt Marine Supply,AGC-00111,Cobalt Marine Supply,Eva Lewis,AGX-2020-006283-AGC-00111,INV-2020-0005837,NET 30 DAYS,2279,0,0,Paid,Cobalt Marine Supply,Paid
2020-04-16,2020-04-25,2020-06-15,2020,4,April,539386.56,0.0,Northstar Flow Systems,AGC-00033,Northstar Flow Systems,Lucas Hayes,AGX-2020-006803-AGC-00033,INV-2020-0006325,NET 60 DAYS,2249,0,0,Paid,Northstar Flow Systems,Paid
2020-04-17,2020-04-23,2020-06-16,2020,4,April,2991249.39,0.0,Cobalt Energy Systems,AGC-00075,Cobalt Energy Systems,Lucas Hayes,AGX-2020-007006-AGC-00075,INV-2020-0006508,NET 60 DAYS,2248,0,0,Paid,Cobalt Energy Systems,Paid
2020-04-20,2020-04-23,2020-06-19,2020,4,April,12118.75,0.0,Cobalt Compression,AGC-00093,Cobalt Compression,Lina Sato,AGX-2020-006218-AGC-00093,INV-2020-0005777,NET 60 DAYS,2245,0,0,Paid,Cobalt Compression,Paid
2020-04-21,2020-04-30,2020-06-20,2020,4,April,280048.12,0.0,Helios Utilities,AGC-00049,Helios Utilities,Grace Perry,AGX-2020-006800-AGC-00049,INV-2020-0006322,30% ADVANCE / NET 60,2244,0,0,Paid,Helios Utilities,Paid
2020-04-22,2020-04-30,2020-06-21,2020,4,April,305480.86,0.0,Northstar Rotating Equipment,AGC-00023,Northstar Rotating Equipment,Lina Sato,AGX-2020-007057-AGC-00023,INV-2020-0006555,30% ADVANCE / NET 60,2243,0,0,Paid,Northstar Rotating Equipment,Paid
2020-04-24,2020-05-04,2020-06-23,2020,4,April,151161.28,0.0,Arcadia Industrial Services,AGC-00180,Arcadia Industrial Services,Leo Foster,AGX-2020-006192-AGC-00180,INV-2020-0005753,20% ADVANCE / NET 60,2241,0,0,Paid,Arcadia Industrial Services,Paid
2020-04-25,2020-05-03,2020-07-24,2020,4,April,69692.14,0.0,Helios Petro Systems,AGC-00045,Helios Petro Systems,Zara Grant,AGX-2020-006129-AGC-00045,INV-2020-0005694,20% ADVANCE / NET 90,2210,0,0,Paid,Helios Petro Systems,Paid
2020-04-25,2020-04-30,2020-06-24,2020,4,April,684904.76,0.0,Meridian Marine Supply,AGC-00148,Meridian Marine Supply,Julian Howard,AGX-2020-006747-AGC-00148,INV-2020-0006272,NET 60 DAYS,2240,0,0,Paid,Meridian Marine Supply,Paid
2020-04-26,2020-04-27,2020-06-25,2020,4,April,974755.36,0.0,Northstar Controls,AGC-00029,Northstar Controls,Noah Keller,AGX-2020-006628-AGC-00029,INV-2020-0006163,NET 60 DAYS,2239,0,0,Paid,Northstar Controls,Paid
2020-04-30,2020-05-02,2020-06-29,2020,4,April,41819.09,0.0,Arcadia Technical Supply,AGC-00172,Arcadia Technical Supply,Theo Price,AGX-2020-007218-AGC-00172,INV-2020-0006706,30% ADVANCE / NET 60,2235,0,0,Paid,Arcadia Technical Supply,Paid
2020-05-01,2020-05-03,2020-06-30,2020,5,May,681842.39,0.0,Meridian Flow Systems,AGC-00144,Meridian Flow Systems,Theo Price,AGX-2020-006384-AGC-00144,INV-2020-0005931,NET 60 DAYS,2234,0,0,Paid,Meridian Flow Systems,Paid
2020-05-01,2020-05-03,2020-06-15,2020,5,May,179574.57,0.0,Arcadia Industrial Maintenance,AGC-00168,Arcadia Industrial Maintenance,Priya Nguyen,AGX-2020-007076-AGC-00168,INV-2020-0006571,NET 45 DAYS,2249,0,0,Paid,Arcadia Industrial Maintenance,Paid
2020-05-04,2020-05-06,2020-07-03,2020,5,May,142080.87,0.0,Cobalt Controls,AGC-00103,Cobalt Controls,Lucas Hayes,AGX-2020-007104-AGC-00103,INV-2020-0006599,NET 60 DAYS,2231,0,0,Paid,Cobalt Controls,Paid
2020-05-10,2020-05-12,2020-08-08,2020,5,May,1564504.64,0.0,Helios Marine Engineering,AGC-00064,Helios Marine Engineering,Julian Howard,AGX-2020-007159-AGC-00064,INV-2020-0006648,NET 90 DAYS,2195,0,0,Paid,Helios Marine Engineering,Paid
2020-05-11,2020-05-19,2020-07-10,2020,5,May,481783.73,0.0,Northstar Mechanical Group,AGC-00031,Northstar Mechanical Group,Zara Grant,AGX-2020-006520-AGC-00031,INV-2020-0006063,20% ADVANCE / NET 60,2224,0,0,Paid,Northstar Mechanical Group,Paid
2020-05-12,2020-05-22,2020-08-10,2020,5,May,113873.76,0.0,Arcadia Utilities,AGC-00160,Arcadia Utilities,Avery Morgan,AGX-2020-006985-AGC-00160,INV-2020-0006491,NET 90 DAYS,2193,0,0,Paid,Arcadia Utilities,Paid
2020-05-13,2020-05-23,2020-07-12,2020,5,May,727828.08,0.0,Helios Marine Services,AGC-00039,Helios Marine Services,Mila Diaz,AGX-2020-006194-AGC-00039,INV-2020-0005755,20% ADVANCE / NET 60,2222,0,0,Paid,Helios Marine Services,Paid
2020-05-15,2020-05-22,2020-06-14,2020,5,May,196427.8,0.0,Arcadia Marine Engineering,AGC-00175,Arcadia Marine Engineering,Grace Perry,AGX-2020-006426-AGC-00175,INV-2020-0005971,NET 30 DAYS,2250,0,0,Paid,Arcadia Marine Engineering,Paid
2020-05-17,2020-05-20,2020-07-16,2020,5,May,562811.06,0.0,Helios Marine Supply,AGC-00074,Helios Marine Supply,Theo Price,AGX-2020-006128-AGC-00074,INV-2020-0005693,30% ADVANCE / NET 60,2218,0,0,Paid,Helios Marine Supply,Paid
2020-05-19,2020-05-20,2020-06-18,2020,5,May,976605.22,0.0,Arcadia Marine Engineering,AGC-00175,Arcadia Marine Engineering,Grace Perry,AGX-2020-006292-AGC-00175,INV-2020-0005846,NET 30 DAYS,2246,0,0,Paid,Arcadia Marine Engineering,Paid
2020-05-19,2020-05-25,2020-07-03,2020,5,May,214929.45,0.0,Meridian Offshore Systems,AGC-00141,Meridian Offshore Systems,Noah Keller,AGX-2020-006665-AGC-00141,INV-2020-0006196,NET 45 DAYS,2231,0,0,Paid,Meridian Offshore Systems,Paid
2020-05-21,2020-05-26,2020-06-20,2020,5,May,313825.28,0.0,Helios Process Controls,AGC-00053,Helios Process Controls,Mila Diaz,AGX-2020-006186-AGC-00053,INV-2020-0005747,NET 30 DAYS,2244,0,0,Paid,Helios Process Controls,Paid
2020-05-24,2020-05-30,2020-07-23,2020,5,May,3718.62,0.0,Arcadia Drilling Solutions,AGC-00166,Arcadia Drilling Solutions,Leo Foster,AGX-2020-006297-AGC-00166,INV-2020-0005851,20% ADVANCE / NET 60,2211,0,0,Paid,Arcadia Drilling Solutions,Paid
2020-05-24,2020-05-30,2020-07-23,2020,5,May,729059.59,0.0,Northstar Mechanical Group,AGC-00031,Northstar Mechanical Group,Zara Grant,AGX-2020-006379-AGC-00031,INV-2020-0005926,20% ADVANCE / NET 60,2211,0,0,Paid,Northstar Mechanical Group,Paid
2020-05-24,2020-05-24,2020-07-23,2020,5,May,729895.95,0.0,Northstar Field Services,AGC-00013,Northstar Field Services,Eva Lewis,AGX-2020-006614-AGC-00013,INV-2020-0006150,NET 60 DAYS,2211,0,0,Paid,Northstar Field Services,Paid
2020-05-25,2020-06-02,2020-06-24,2020,5,May,190201.92,0.0,Helios Flow Technologies,AGC-00043,Helios Flow Technologies,Noah Keller,AGX-2020-006935-AGC-00043,INV-2020-0006446,NET 30 DAYS,2240,0,0,Paid,Helios Flow Technologies,Paid
2020-05-28,2020-06-02,2020-08-26,2020,5,May,131440.74,0.0,Helios Power Partners,AGC-00052,Helios Power Partners,Camille Martin,AGX-2020-006644-AGC-00052,INV-2020-0006178,20% ADVANCE / NET 90,2177,0,0,Paid,Helios Power Partners,Paid
2020-05-28,2020-05-31,2020-06-27,2020,5,May,511633.31,0.0,Cobalt Power Partners,AGC-00089,Cobalt Power Partners,Lucas Hayes,AGX-2020-006734-AGC-00089,INV-2020-0006260,NET 30 DAYS,2237,0,0,Paid,Cobalt Power Partners,Paid
2020-05-29,2020-06-05,2020-07-28,2020,5,May,272650.23,0.0,Helios Energy Systems,AGC-00038,Helios Energy Systems,Camille Martin,AGX-2020-006673-AGC-00038,INV-2020-0006203,NET 60 DAYS,2206,0,0,Paid,Helios Energy Systems,Paid
2020-05-30,2020-06-04,2020-07-29,2020,5,May,4137889.12,0.0,Northstar Rotating Equipment,AGC-00023,Northstar Rotating Equipment,Lina Sato,AGX-2020-007099-AGC-00023,INV-2020-0006594,30% ADVANCE / NET 60,2205,0,0,Paid,Northstar Rotating Equipment,Paid
2020-05-31,2020-06-10,2020-07-15,2020,5,May,187962.73,0.0,Cobalt Refinery Services,AGC-00099,Cobalt Refinery Services,Noah Keller,AGX-2020-006831-AGC-00099,INV-2020-0006350,NET 45 DAYS,2219,0,0,Paid,Cobalt Refinery Services,Paid
2020-06-02,2020-06-03,2020-08-01,2020,6,June,958018.55,0.0,Northstar Mining Services,AGC-00009,Northstar Mining Services,Lina Sato,AGX-2020-006735-AGC-00009,INV-2020-0006261,NET 60 DAYS,2202,0,0,Paid,Northstar Mining Services,Paid
2020-06-04,2020-06-11,2020-08-03,2020,6,June,23073.47,0.0,Arcadia Energy Projects,AGC-00174,Arcadia Energy Projects,Avery Morgan,AGX-2020-006420-AGC-00174,INV-2020-0005965,NET 60 DAYS,2200,0,0,Paid,Arcadia Energy Projects,Paid
2020-06-04,2020-06-10,2020-08-03,2020,6,June,4250829.47,0.0,Northstar Offshore Systems,AGC-00030,Northstar Offshore Systems,Adrian Walker,AGX-2020-007002-AGC-00030,INV-2020-0006505,NET 60 DAYS,2200,0,0,Paid,Northstar Offshore Systems,Paid
2020-06-09,2020-06-19,2020-09-07,2020,6,June,292295.42,0.0,Cobalt Drilling Solutions,AGC-00092,Cobalt Drilling Solutions,Julian Howard,AGX-2020-006396-AGC-00092,INV-2020-0005943,NET 90 DAYS,2165,0,0,Paid,Cobalt Drilling Solutions,Paid
2020-06-09,2020-06-11,2020-09-07,2020,6,June,255818.27,0.0,Arcadia Production Services,AGC-00176,Arcadia Production Services,Julian Howard,AGX-2020-006752-AGC-00176,INV-2020-0006277,20% ADVANCE / NET 90,2165,0,0,Paid,Arcadia Production Services,Paid
2020-06-09,2020-06-10,2020-08-08,2020,6,June,195644.39,0.0,Helios Offshore Engineering,AGC-00042,Helios Offshore Engineering,Priya Nguyen,AGX-2020-006914-AGC-00042,INV-2020-0006426,20% ADVANCE / NET 60,2195,0,0,Paid,Helios Offshore Engineering,Paid
2020-06-10,2020-06-16,2020-09-08,2020,6,June,648159.48,0.0,Meridian Drilling Solutions,AGC-00129,Meridian Drilling Solutions,Zara Grant,AGX-2020-007109-AGC-00129,INV-2020-0006604,NET 90 DAYS,2164,0,0,Paid,Meridian Drilling Solutions,Paid
2020-06-14,2020-06-24,2020-08-13,2020,6,June,162051.11,0.0,Arcadia Automation,AGC-00159,Arcadia Automation,Lucas Hayes,AGX-2020-007140-AGC-00159,INV-2020-0006630,NET 60 DAYS,2190,0,0,Paid,Arcadia Automation,Paid
2020-06-16,2020-06-23,2020-08-15,2020,6,June,975619.96,0.0,Arcadia Technical Supply,AGC-00172,Arcadia Technical Supply,Theo Price,AGX-2020-006122-AGC-00172,INV-2020-0005688,30% ADVANCE / NET 60,2188,0,0,Paid,Arcadia Technical Supply,Paid
2020-06-18,2020-06-20,2020-09-16,2020,6,June,612110.2,0.0,Northstar Compression,AGC-00019,Northstar Compression,Lucas Hayes,AGX-2020-006195-AGC-00019,INV-2020-0005756,NET 90 DAYS,2156,0,0,Paid,Northstar Compression,Paid
2020-06-18,2020-06-26,2020-07-18,2020,6,June,60603.71,0.0,Arcadia Mechanical Group,AGC-00179,Arcadia Mechanical Group,Mila Diaz,AGX-2020-006882-AGC-00179,INV-2020-0006396,NET 30 DAYS,2216,0,0,Paid,Arcadia Mechanical Group,Paid
2020-06-18,2020-06-21,2020-08-17,2020,6,June,117658.42,0.0,Cobalt Energy Systems,AGC-00075,Cobalt Energy Systems,Lucas Hayes,AGX-2020-007118-AGC-00075,INV-2020-0006611,NET 60 DAYS,2186,0,0,Paid,Cobalt Energy Systems,Paid
2020-06-19,2020-06-27,2020-08-18,2020,6,June,158826.17,0.0,Meridian Marine Supply,AGC-00148,Meridian Marine Supply,Julian Howard,AGX-2020-006232-AGC-00148,INV-2020-0005789,NET 60 DAYS,2185,0,0,Paid,Meridian Marine Supply,Paid
2020-06-19,2020-06-22,2020-07-19,2020,6,June,299056.29,0.0,Meridian Mining Services,AGC-00120,Meridian Mining Services,Julian Howard,AGX-2020-006713-AGC-00120,INV-2020-0006239,NET 30 DAYS,2215,0,0,Paid,Meridian Mining Services,Paid
2020-06-20,2020-06-25,2020-08-19,2020,6,June,285054.54,0.0,Meridian Process Controls,AGC-00127,Meridian Process Controls,Noah Keller,AGX-2020-006249-AGC-00127,INV-2020-0005806,NET 60 DAYS,2184,0,0,Paid,Meridian Process Controls,Paid
2020-06-22,2020-07-01,2020-08-21,2020,6,June,84496.67,0.0,Helios Energy Systems,AGC-00038,Helios Energy Systems,Camille Martin,AGX-2020-006258-AGC-00038,INV-2020-0005814,NET 60 DAYS,2182,0,0,Paid,Helios Energy Systems,Paid
2020-06-23,2020-07-02,2020-08-22,2020,6,June,873944.29,0.0,Cobalt Marine Services,AGC-00076,Cobalt Marine Services,Avery Morgan,AGX-2020-007161-AGC-00076,INV-2020-0006650,NET 60 DAYS,2181,0,0,Paid,Cobalt Marine Services,Paid
2020-06-24,2020-06-25,2020-08-23,2020,6,June,1246774.89,0.0,Cobalt Infrastructure,AGC-00081,Cobalt Infrastructure,Mila Diaz,AGX-2020-006508-AGC-00081,INV-2020-0006051,NET 60 DAYS,2180,0,0,Paid,Cobalt Infrastructure,Paid
2020-06-24,2020-06-26,2020-08-23,2020,6,June,67309.67,0.0,Cobalt Compression,AGC-00093,Cobalt Compression,Lina Sato,AGX-2020-006801-AGC-00093,INV-2020-0006323,NET 60 DAYS,2180,0,0,Paid,Cobalt Compression,Paid
2020-06-25,2020-06-28,2020-07-25,2020,6,June,77756.36,0.0,Helios Instrumentation,AGC-00071,Helios Instrumentation,Noah Keller,AGX-2020-006372-AGC-00071,INV-2020-0005919,NET 30 DAYS,2209,0,0,Paid,Helios Instrumentation,Paid
2020-06-25,2020-07-01,2020-09-23,2020,6,June,861516.51,0.0,Northstar Compression,AGC-00019,Northstar Compression,Lucas Hayes,AGX-2020-006595-AGC-00019,INV-2020-0006133,NET 90 DAYS,2149,0,0,Paid,Northstar Compression,Paid
2020-07-03,2020-07-05,2020-08-02,2020,7,July,532957.91,0.0,Arcadia Waterworks,AGC-00158,Arcadia Waterworks,Theo Price,AGX-2020-006319-AGC-00158,INV-2020-0005872,NET 30 DAYS,2201,0,0,Paid,Arcadia Waterworks,Paid
2020-07-07,2020-07-15,2020-09-05,2020,7,July,283876.94,0.0,Northstar Field Services,AGC-00013,Northstar Field Services,Eva Lewis,AGX-2020-006270-AGC-00013,INV-2020-0005824,NET 60 DAYS,2167,0,0,Paid,Northstar Field Services,Paid
2020-07-08,2020-07-17,2020-09-06,2020,7,July,268460.34,0.0,Meridian Engineering,AGC-00128,Meridian Engineering,Adrian Walker,AGX-2020-006026-AGC-00128,INV-2020-0005597,NET 60 DAYS,2166,0,0,Paid,Meridian Engineering,Paid
2020-07-08,2020-07-08,2020-09-06,2020,7,July,249822.07,0.0,Arcadia Drilling Solutions,AGC-00166,Arcadia Drilling Solutions,Leo Foster,AGX-2020-006535-AGC-00166,INV-2020-0006078,20% ADVANCE / NET 60,2166,0,0,Paid,Arcadia Drilling Solutions,Paid
2020-07-10,2020-07-14,2020-09-08,2020,7,July,462719.49,0.0,Northstar Controls,AGC-00029,Northstar Controls,Noah Keller,AGX-2020-006806-AGC-00029,INV-2020-0006328,NET 60 DAYS,2164,0,0,Paid,Northstar Controls,Paid
2020-07-12,2020-07-18,2020-08-26,2020,7,July,546492.01,0.0,Northstar Offshore Engineering,AGC-00005,Northstar Offshore Engineering,Lucas Hayes,AGX-2020-006234-AGC-00005,INV-2020-0005791,NET 45 DAYS,2177,0,0,Paid,Northstar Offshore Engineering,Paid
2020-07-14,2020-07-14,2020-10-12,2020,7,July,201759.73,0.0,Cobalt Production Services,AGC-00102,Cobalt Production Services,Theo Price,AGX-2020-006587-AGC-00102,INV-2020-0006125,NET 90 DAYS,2130,0,0,Paid,Cobalt Production Services,Paid
2020-07-16,2020-07-18,2020-09-14,2020,7,July,827266.26,0.0,Northstar Mechanical Group,AGC-00031,Northstar Mechanical Group,Zara Grant,AGX-2020-006401-AGC-00031,INV-2020-0005948,20% ADVANCE / NET 60,2158,0,0,Paid,Northstar Mechanical Group,Paid
2020-07-18,2020-07-26,2020-10-16,2020,7,July,409631.12,0.0,Meridian Instrumentation,AGC-00145,Meridian Instrumentation,Lucas Hayes,AGX-2020-006328-AGC-00145,INV-2020-0005881,NET 90 DAYS,2126,0,0,Paid,Meridian Instrumentation,Paid
2020-07-24,2020-07-28,2020-09-22,2020,7,July,1006292.78,0.0,Arcadia Automation,AGC-00159,Arcadia Automation,Lucas Hayes,AGX-2020-006527-AGC-00159,INV-2020-0006070,NET 60 DAYS,2150,0,0,Paid,Arcadia Automation,Paid
2020-07-26,2020-08-02,2020-09-24,2020,7,July,867660.92,0.0,Cobalt Marine Services,AGC-00076,Cobalt Marine Services,Avery Morgan,AGX-2020-007000-AGC-00076,INV-2020-0006504,NET 60 DAYS,2148,0,0,Paid,Cobalt Marine Services,Paid
2020-07-29,2020-08-05,2020-09-27,2020,7,July,499127.77,0.0,Helios Process Solutions,AGC-00041,Helios Process Solutions,Eva Lewis,AGX-2020-006237-AGC-00041,INV-2020-0005794,20% ADVANCE / NET 60,2145,0,0,Paid,Helios Process Solutions,Paid
2020-07-29,2020-07-30,2020-08-28,2020,7,July,314489.52,0.0,Arcadia Petro Systems,AGC-00156,Arcadia Petro Systems,Adrian Walker,AGX-2020-007144-AGC-00156,INV-2020-0006633,NET 30 DAYS,2175,0,0,Paid,Arcadia Petro Systems,Paid
2020-07-31,2020-08-09,2020-08-30,2020,7,July,1305021.04,0.0,Meridian Energy Projects,AGC-00137,Meridian Energy Projects,Mila Diaz,AGX-2020-006035-AGC-00137,INV-2020-0005606,NET 30 DAYS,2173,0,0,Paid,Meridian Energy Projects,Paid
2020-08-01,2020-08-07,2020-08-31,2020,8,August,887260.21,0.0,Arcadia Process Solutions,AGC-00152,Arcadia Process Solutions,Leo Foster,AGX-2020-006447-AGC-00152,INV-2020-0005992,NET 30 DAYS,2172,0,0,Paid,Arcadia Process Solutions,Paid
2020-08-01,2020-08-06,2020-09-30,2020,8,August,366083.18,0.0,Helios Resources,AGC-00058,Helios Resources,Adrian Walker,AGX-2020-007142-AGC-00058,INV-2020-0006632,30% ADVANCE / NET 60,2142,0,0,Paid,Helios Resources,Paid
2020-08-01,2020-08-11,2020-09-30,2020,8,August,35142.79,0.0,Meridian Flow Systems,AGC-00144,Meridian Flow Systems,Theo Price,AGX-2020-007231-AGC-00144,INV-2020-0006719,NET 60 DAYS,2142,0,0,Paid,Meridian Flow Systems,Paid
2020-08-04,2020-08-05,2020-09-03,2020,8,August,193102.16,0.0,Northstar Energy Projects,AGC-00026,Northstar Energy Projects,Leo Foster,AGX-2020-006464-AGC-00026,INV-2020-0006008,NET 30 DAYS,2169,0,0,Paid,Northstar Energy Projects,Paid
2020-08-05,2020-08-14,2020-10-04,2020,8,August,413208.71,0.0,Northstar Automation,AGC-00011,Northstar Automation,Mila Diaz,AGX-2020-007120-AGC-00011,INV-2020-0006613,20% ADVANCE / NET 60,2138,0,0,Paid,Northstar Automation,Paid
2020-08-06,2020-08-09,2020-10-05,2020,8,August,342937.64,0.0,Northstar Field Services,AGC-00013,Northstar Field Services,Eva Lewis,AGX-2020-007061-AGC-00013,INV-2020-0006559,NET 60 DAYS,2137,0,0,Paid,Northstar Field Services,Paid
2020-08-08,2020-08-08,2020-10-07,2020,8,August,225383.34,0.0,Helios Flow Systems,AGC-00070,Helios Flow Systems,Priya Nguyen,AGX-2020-006930-AGC-00070,INV-2020-0006441,NET 60 DAYS,2135,0,0,Paid,Helios Flow Systems,Paid
2020-08-11,2020-08-16,2020-11-09,2020,8,August,1265182.57,0.0,Meridian Instrumentation,AGC-00145,Meridian Instrumentation,Lucas Hayes,AGX-2020-006947-AGC-00145,INV-2020-0006458,NET 90 DAYS,2102,0,0,Paid,Meridian Instrumentation,Paid
2020-08-12,2020-08-22,2020-09-11,2020,8,August,287032.76,0.0,Cobalt Power Partners,AGC-00089,Cobalt Power Partners,Lucas Hayes,AGX-2020-006422-AGC-00089,INV-2020-0005967,NET 30 DAYS,2161,0,0,Paid,Cobalt Power Partners,Paid
2020-08-12,2020-08-14,2020-10-11,2020,8,August,2979187.1,0.0,Arcadia Mining Services,AGC-00157,Arcadia Mining Services,Zara Grant,AGX-2020-006983-AGC-00157,INV-2020-0006489,30% ADVANCE / NET 60,2131,0,0,Paid,Arcadia Mining Services,Paid
2020-08-15,2020-08-25,2020-10-14,2020,8,August,452751.25,0.0,Meridian Technical Supply,AGC-00135,Meridian Technical Supply,Lina Sato,AGX-2020-006028-AGC-00135,INV-2020-0005599,30% ADVANCE / NET 60,2128,0,0,Paid,Meridian Technical Supply,Paid
2020-08-19,2020-08-19,2020-10-03,2020,8,August,512488.86,0.0,Helios Mechanical,AGC-00051,Helios Mechanical,Lina Sato,AGX-2020-006099-AGC-00051,INV-2020-0005667,NET 45 DAYS,2139,0,0,Paid,Helios Mechanical,Paid
2020-08-20,2020-08-27,2020-10-19,2020,8,August,579807.27,0.0,Helios Utilities,AGC-00049,Helios Utilities,Grace Perry,AGX-2020-007089-AGC-00049,INV-2020-0006584,30% ADVANCE / NET 60,2123,0,0,Paid,Helios Utilities,Paid
2020-08-22,2020-08-28,2020-10-21,2020,8,August,530697.05,0.0,Northstar Industrial Services,AGC-00032,Northstar Industrial Services,Theo Price,AGX-2020-006774-AGC-00032,INV-2020-0006296,30% ADVANCE / NET 60,2121,0,0,Paid,Northstar Industrial Services,Paid
2020-08-23,2020-08-28,2020-11-21,2020,8,August,1452803.47,0.0,Cobalt Industrial Group,AGC-00077,Cobalt Industrial Group,Grace Perry,AGX-2020-006578-AGC-00077,INV-2020-0006119,20% ADVANCE / NET 90,2090,0,0,Paid,Cobalt Industrial Group,Paid
2020-08-26,2020-09-04,2020-10-10,2020,8,August,971552.61,0.0,Northstar Industrial Group,AGC-00003,Northstar Industrial Group,Zara Grant,AGX-2020-006045-AGC-00003,INV-2020-0005616,NET 45 DAYS,2132,0,0,Paid,Northstar Industrial Group,Paid
2020-08-27,2020-08-27,2020-10-26,2020,8,August,289710.22,0.0,Meridian Field Services,AGC-00124,Meridian Field Services,Leo Foster,AGX-2020-006519-AGC-00124,INV-2020-0006062,NET 60 DAYS,2116,0,0,Paid,Meridian Field Services,Paid
2020-08-29,2020-09-02,2020-11-27,2020,8,August,1618433.82,0.0,Meridian Industrial Services,AGC-00143,Meridian Industrial Services,Zara Grant,AGX-2020-006675-AGC-00143,INV-2020-0006205,20% ADVANCE / NET 90,2084,0,0,Paid,Meridian Industrial Services,Paid
2020-08-30,2020-09-06,2020-10-14,2020,8,August,118884.35,0.0,Helios Mechanical,AGC-00051,Helios Mechanical,Lina Sato,AGX-2020-006188-AGC-00051,INV-2020-0005749,NET 45 DAYS,2128,0,0,Paid,Helios Mechanical,Paid
2020-08-31,2020-09-07,2020-10-15,2020,8,August,127735.17,0.0,Helios Mechanical,AGC-00051,Helios Mechanical,Lina Sato,AGX-2020-006568-AGC-00051,INV-2020-0006110,NET 45 DAYS,2127,0,0,Paid,Helios Mechanical,Paid
2020-09-01,2020-09-03,2020-10-01,2020,9,September,1440709.93,0.0,Helios Process Controls,AGC-00053,Helios Process Controls,Mila Diaz,AGX-2020-006042-AGC-00053,INV-2020-0005613,NET 30 DAYS,2141,0,0,Paid,Helios Process Controls,Paid
2020-09-03,2020-09-10,2020-10-18,2020,9,September,4787111.5,0.0,Northstar Marine Services,AGC-00002,Northstar Marine Services,Adrian Walker,AGX-2020-006141-AGC-00002,INV-2020-0005703,NET 45 DAYS,2124,0,0,Paid,Northstar Marine Services,Paid
2020-09-06,2020-09-08,2020-11-05,2020,9,September,707143.05,0.0,Northstar Offshore Systems,AGC-00030,Northstar Offshore Systems,Adrian Walker,AGX-2020-006027-AGC-00030,INV-2020-0005598,NET 60 DAYS,2106,0,0,Paid,Northstar Offshore Systems,Paid
2020-09-08,2020-09-15,2020-12-07,2020,9,September,872888.31,0.0,Cobalt Technical Supply,AGC-00098,Cobalt Technical Supply,Priya Nguyen,AGX-2020-006606-AGC-00098,INV-2020-0006144,20% ADVANCE / NET 90,2074,0,0,Paid,Cobalt Technical Supply,Paid
2020-09-08,2020-09-17,2020-11-07,2020,9,September,745070.14,0.0,Northstar Marine Supply,AGC-00037,Northstar Marine Supply,Lina Sato,AGX-2020-007125-AGC-00037,INV-2020-0006617,NET 60 DAYS,2104,0,0,Paid,Northstar Marine Supply,Paid
2020-09-10,2020-09-19,2020-11-09,2020,9,September,177588.17,0.0,Meridian Industrial Solutions,AGC-00147,Meridian Industrial Solutions,Grace Perry,AGX-2020-006865-AGC-00147,INV-2020-0006381,30% ADVANCE / NET 60,2102,0,0,Paid,Meridian Industrial Solutions,Paid
2020-09-12,2020-09-16,2020-12-11,2020,9,September,4876.87,0.0,Cobalt Drilling Solutions,AGC-00092,Cobalt Drilling Solutions,Julian Howard,AGX-2020-006514-AGC-00092,INV-2020-0006057,NET 90 DAYS,2070,0,0,Paid,Cobalt Drilling Solutions,Paid
2020-09-13,2020-09-21,2020-12-12,2020,9,September,126828.48,0.0,Meridian Instrumentation,AGC-00145,Meridian Instrumentation,Lucas Hayes,AGX-2020-006287-AGC-00145,INV-2020-0005841,NET 90 DAYS,2069,0,0,Paid,Meridian Instrumentation,Paid
2020-09-14,2020-09-15,2020-11-13,2020,9,September,433219.8,0.0,Meridian Technical Services,AGC-00146,Meridian Technical Services,Avery Morgan,AGX-2020-006696-AGC-00146,INV-2020-0006224,NET 60 DAYS,2098,0,0,Paid,Meridian Technical Services,Paid
2020-09-15,2020-09-16,2020-10-30,2020,9,September,402932.16,0.0,Northstar Marine Services,AGC-00002,Northstar Marine Services,Adrian Walker,AGX-2020-006686-AGC-00002,INV-2020-0006215,NET 45 DAYS,2112,0,0,Paid,Northstar Marine Services,Paid
2020-09-19,2020-09-19,2020-12-18,2020,9,September,91173.79,0.0,Cobalt Offshore Engineering,AGC-00079,Cobalt Offshore Engineering,Lina Sato,AGX-2020-006087-AGC-00079,INV-2020-0005656,NET 90 DAYS,2063,0,0,Paid,Cobalt Offshore Engineering,Paid
2020-09-23,2020-10-02,2020-11-22,2020,9,September,55593.78,0.0,Cobalt Rotating Equipment,AGC-00097,Cobalt Rotating Equipment,Eva Lewis,AGX-2020-006387-AGC-00097,INV-2020-0005934,NET 60 DAYS,2089,0,0,Paid,Cobalt Rotating Equipment,Paid
2020-09-27,2020-09-29,2020-11-26,2020,9,September,321692.93,0.0,Cobalt Marine Engineering,AGC-00101,Cobalt Marine Engineering,Zara Grant,AGX-2020-006378-AGC-00101,INV-2020-0005925,NET 60 DAYS,2085,0,0,Paid,Cobalt Marine Engineering,Paid
2020-10-07,2020-10-09,2020-11-06,2020,10,October,202984.28,0.0,Northstar Technical Services,AGC-00035,Northstar Technical Services,Grace Perry,AGX-2020-006112-AGC-00035,INV-2020-0005679,NET 30 DAYS,2105,0,0,Paid,Northstar Technical Services,Paid
2020-10-07,2020-10-14,2021-01-05,2020,10,October,331353.09,0.0,Helios Refinery Services,AGC-00062,Helios Refinery Services,Avery Morgan,AGX-2020-007207-AGC-00062,INV-2020-0006695,NET 90 DAYS,2045,0,0,Paid,Helios Refinery Services,Paid
2020-10-08,2020-10-12,2020-12-07,2020,10,October,162171.77,0.0,Northstar Marine Supply,AGC-00037,Northstar Marine Supply,Lina Sato,AGX-2020-006381-AGC-00037,INV-2020-0005928,NET 60 DAYS,2074,0,0,Paid,Northstar Marine Supply,Paid
2020-10-08,2020-10-15,2020-12-07,2020,10,October,927855.17,0.0,Meridian Industrial Solutions,AGC-00147,Meridian Industrial Solutions,Grace Perry,AGX-2020-006749-AGC-00147,INV-2020-0006274,30% ADVANCE / NET 60,2074,0,0,Paid,Meridian Industrial Solutions,Paid
2020-10-09,2020-10-14,2020-12-08,2020,10,October,202661.72,0.0,Cobalt Energy Systems,AGC-00075,Cobalt Energy Systems,Lucas Hayes,AGX-2020-006658-AGC-00075,INV-2020-0006189,NET 60 DAYS,2073,0,0,Paid,Cobalt Energy Systems,Paid
2020-10-10,2020-10-20,2020-12-09,2020,10,October,122468.0,0.0,Helios Infrastructure,AGC-00044,Helios Infrastructure,Adrian Walker,AGX-2020-006058-AGC-00044,INV-2020-0005629,NET 60 DAYS,2072,0,0,Paid,Helios Infrastructure,Paid
2020-10-13,2020-10-17,2020-11-12,2020,10,October,313762.07,0.0,Meridian Controls,AGC-00140,Meridian Controls,Priya Nguyen,AGX-2020-007037-AGC-00140,INV-2020-0006536,NET 30 DAYS,2099,0,0,Paid,Meridian Controls,Paid
2020-10-14,2020-10-18,2020-12-13,2020,10,October,2215573.66,0.0,Arcadia Mining Services,AGC-00157,Arcadia Mining Services,Zara Grant,AGX-2020-007130-AGC-00157,INV-2020-0006621,30% ADVANCE / NET 60,2068,0,0,Paid,Arcadia Mining Services,Paid
2020-10-21,2020-10-31,2020-12-20,2020,10,October,219017.45,0.0,Northstar Infrastructure,AGC-00007,Northstar Infrastructure,Grace Perry,AGX-2020-006175-AGC-00007,INV-2020-0005736,30% ADVANCE / NET 60,2061,0,0,Paid,Northstar Infrastructure,Paid
2020-10-21,2020-10-21,2020-12-20,2020,10,October,484038.89,0.0,Northstar Marine Engineering,AGC-00027,Northstar Marine Engineering,Eva Lewis,AGX-2020-006255-AGC-00027,INV-2020-0005812,NET 60 DAYS,2061,0,0,Paid,Northstar Marine Engineering,Paid
2020-10-21,2020-10-21,2020-11-20,2020,10,October,239317.01,0.0,Meridian Industrial Group,AGC-00114,Meridian Industrial Group,Adrian Walker,AGX-2020-006325-AGC-00114,INV-2020-0005878,NET 30 DAYS,2091,0,0,Paid,Meridian Industrial Group,Paid
2020-10-23,2020-10-31,2020-12-22,2020,10,October,107683.41,0.0,Arcadia Rotating Equipment,AGC-00171,Arcadia Rotating Equipment,Zara Grant,AGX-2020-007103-AGC-00171,INV-2020-0006598,NET 60 DAYS,2059,0,0,Paid,Arcadia Rotating Equipment,Paid
2020-10-26,2020-11-03,2020-12-25,2020,10,October,118415.93,0.0,Northstar Marine Engineering,AGC-00027,Northstar Marine Engineering,Eva Lewis,AGX-2020-006764-AGC-00027,INV-2020-0006287,NET 60 DAYS,2056,0,0,Paid,Northstar Marine Engineering,Paid
2020-10-27,2020-10-27,2020-12-11,2020,10,October,485985.1,0.0,Cobalt Process Controls,AGC-00090,Cobalt Process Controls,Avery Morgan,AGX-2020-006864-AGC-00090,INV-2020-0006380,NET 45 DAYS,2070,0,0,Paid,Cobalt Process Controls,Paid
2020-10-28,2020-10-28,2020-12-12,2020,10,October,1305555.4,0.0,Arcadia Industrial Maintenance,AGC-00168,Arcadia Industrial Maintenance,Priya Nguyen,AGX-2020-006069-AGC-00168,INV-2020-0005640,NET 45 DAYS,2069,0,0,Paid,Arcadia Industrial Maintenance,Paid
2020-10-29,2020-10-30,2020-12-28,2020,10,October,477512.72,0.0,Arcadia Offshore Systems,AGC-00178,Arcadia Offshore Systems,Camille Martin,AGX-2020-006081-AGC-00178,INV-2020-0005651,30% ADVANCE / NET 60,2053,0,0,Paid,Arcadia Offshore Systems,Paid
2020-10-31,2020-11-02,2020-12-30,2020,10,October,2119445.1,0.0,Helios Energy Projects,AGC-00063,Helios Energy Projects,Grace Perry,AGX-2020-006344-AGC-00063,INV-2020-0005895,20% ADVANCE / NET 60,2051,0,0,Paid,Helios Energy Projects,Paid
2020-11-01,2020-11-02,2020-12-31,2020,11,November,27337.98,0.0,Arcadia Rotating Equipment,AGC-00171,Arcadia Rotating Equipment,Zara Grant,AGX-2020-006461-AGC-00171,INV-2020-0006006,NET 60 DAYS,2050,0,0,Paid,Arcadia Rotating Equipment,Paid
2020-11-02,2020-11-07,2021-01-01,2020,11,November,87003.95,0.0,Arcadia Resources,AGC-00169,Arcadia Resources,Noah Keller,AGX-2020-006576-AGC-00169,INV-2020-0006117,20% ADVANCE / NET 60,2049,0,0,Paid,Arcadia Resources,Paid
2020-11-02,2020-11-10,2021-01-31,2020,11,November,342806.25,0.0,Arcadia Pipeline Services,AGC-00170,Arcadia Pipeline Services,Adrian Walker,AGX-2020-006824-AGC-00170,INV-2020-0006344,20% ADVANCE / NET 90,2019,0,0,Paid,Arcadia Pipeline Services,Paid
2020-11-03,2020-11-06,2020-12-18,2020,11,November,288875.63,8666.27,Northstar Offshore Engineering,AGC-00005,Northstar Offshore Engineering,Lucas Hayes,AGX-2020-006712-AGC-00005,INV-2020-0006238,NET 45 DAYS,2063,0,2063,2063 day(s) overdue,Northstar Offshore Engineering,90+ Days
2020-11-06,2020-11-06,2021-01-05,2020,11,November,591566.53,0.0,Helios Marine Services,AGC-00039,Helios Marine Services,Mila Diaz,AGX-2020-006579-AGC-00039,INV-2020-0006120,20% ADVANCE / NET 60,2045,0,0,Paid,Helios Marine Services,Paid
2020-11-07,2020-11-16,2021-02-05,2020,11,November,38865.55,0.0,Cobalt Industrial Group,AGC-00077,Cobalt Industrial Group,Grace Perry,AGX-2020-006242-AGC-00077,INV-2020-0005799,20% ADVANCE / NET 90,2014,0,0,Paid,Cobalt Industrial Group,Paid
2020-11-08,2020-11-08,2021-02-06,2020,11,November,43206.34,0.0,Meridian Industrial Services,AGC-00143,Meridian Industrial Services,Zara Grant,AGX-2020-006083-AGC-00143,INV-2020-0005653,20% ADVANCE / NET 90,2013,0,0,Paid,Meridian Industrial Services,Paid
2020-11-09,2020-11-15,2021-01-08,2020,11,November,3639387.5,0.0,Northstar Process Controls,AGC-00016,Northstar Process Controls,Adrian Walker,AGX-2020-006198-AGC-00016,INV-2020-0005759,NET 60 DAYS,2042,0,0,Paid,Northstar Process Controls,Paid
2020-11-12,2020-11-16,2020-12-12,2020,11,November,460743.79,0.0,Meridian Mining Services,AGC-00120,Meridian Mining Services,Julian Howard,AGX-2020-006277-AGC-00120,INV-2020-0005831,NET 30 DAYS,2069,0,0,Paid,Meridian Mining Services,Paid
2020-11-15,2020-11-25,2020-12-15,2020,11,November,1990596.54,0.0,Cobalt Engineering,AGC-00091,Cobalt Engineering,Grace Perry,AGX-2020-006116-AGC-00091,INV-2020-0005682,NET 30 DAYS,2066,0,0,Paid,Cobalt Engineering,Paid
2020-11-16,2020-11-26,2021-01-15,2020,11,November,1007048.73,0.0,Cobalt Industrial Services,AGC-00106,Cobalt Industrial Services,Julian Howard,AGX-2020-006843-AGC-00106,INV-2020-0006361,30% ADVANCE / NET 60,2035,0,0,Paid,Cobalt Industrial Services,Paid
2020-11-17,2020-11-23,2021-01-16,2020,11,November,279212.46,0.0,Northstar Rotating Equipment,AGC-00023,Northstar Rotating Equipment,Lina Sato,AGX-2020-007232-AGC-00023,INV-2020-0006720,30% ADVANCE / NET 60,2034,0,0,Paid,Northstar Rotating Equipment,Paid
2020-11-20,2020-11-26,2021-01-19,2020,11,November,524515.11,0.0,Northstar Automation,AGC-00011,Northstar Automation,Mila Diaz,AGX-2020-006788-AGC-00011,INV-2020-0006310,20% ADVANCE / NET 60,2031,0,0,Paid,Northstar Automation,Paid
2020-11-21,2020-11-22,2020-12-21,2020,11,November,2298748.89,0.0,Meridian Utilities,AGC-00123,Meridian Utilities,Mila Diaz,AGX-2020-006574-AGC-00123,INV-2020-0006115,NET 30 DAYS,2060,0,0,Paid,Meridian Utilities,Paid
2020-11-22,2020-11-30,2021-01-06,2020,11,November,19021.13,0.0,Northstar Industrial Group,AGC-00003,Northstar Industrial Group,Zara Grant,AGX-2020-006334-AGC-00003,INV-2020-0005886,NET 45 DAYS,2044,0,0,Paid,Northstar Industrial Group,Paid
2020-11-22,2020-11-24,2021-01-21,2020,11,November,93713.03,0.0,Meridian Marine Services,AGC-00113,Meridian Marine Services,Noah Keller,AGX-2020-006450-AGC-00113,INV-2020-0005995,NET 60 DAYS,2029,0,0,Paid,Meridian Marine Services,Paid
2020-11-22,2020-11-26,2020-12-22,2020,11,November,37604.45,0.0,Arcadia Flow Technologies,AGC-00154,Arcadia Flow Technologies,Priya Nguyen,AGX-2020-006602-AGC-00154,INV-2020-0006140,NET 30 DAYS,2059,0,0,Paid,Arcadia Flow Technologies,Paid
2020-11-24,2020-12-01,2021-01-23,2020,11,November,258230.69,0.0,Meridian Energy Systems,AGC-00112,Meridian Energy Systems,Priya Nguyen,AGX-2020-006049-AGC-00112,INV-2020-0005620,NET 60 DAYS,2027,0,0,Paid,Meridian Energy Systems,Paid
2020-11-24,2020-11-25,2021-01-23,2020,11,November,511847.01,0.0,Helios Process Solutions,AGC-00041,Helios Process Solutions,Eva Lewis,AGX-2020-006158-AGC-00041,INV-2020-0005720,20% ADVANCE / NET 60,2027,0,0,Paid,Helios Process Solutions,Paid
2020-11-26,2020-12-05,2020-12-26,2020,11,November,54613.48,0.0,Helios Industrial Services,AGC-00069,Helios Industrial Services,Eva Lewis,AGX-2020-007183-AGC-00069,INV-2020-0006671,NET 30 DAYS,2055,0,0,Paid,Helios Industrial Services,Paid
2020-11-29,2020-12-06,2021-02-27,2020,11,November,67479.8,0.0,Helios Power Partners,AGC-00052,Helios Power Partners,Camille Martin,AGX-2020-006202-AGC-00052,INV-2020-0005762,20% ADVANCE / NET 90,1992,0,0,Paid,Helios Power Partners,Paid
2020-11-29,2020-12-03,2021-01-13,2020,11,November,1496850.56,0.0,Cobalt Process Controls,AGC-00090,Cobalt Process Controls,Avery Morgan,AGX-2020-006866-AGC-00090,INV-2020-0006382,NET 45 DAYS,2037,0,0,Paid,Cobalt Process Controls,Paid
2020-11-30,2020-12-04,2020-12-30,2020,11,November,2826817.27,0.0,Helios Instrumentation,AGC-00071,Helios Instrumentation,Noah Keller,AGX-2020-006278-AGC-00071,INV-2020-0005832,NET 30 DAYS,2051,0,0,Paid,Helios Instrumentation,Paid
2020-12-03,2020-12-09,2021-01-02,2020,12,December,564079.22,0.0,Meridian Energy Projects,AGC-00137,Meridian Energy Projects,Mila Diaz,AGX-2020-006484-AGC-00137,INV-2020-0006027,NET 30 DAYS,2048,0,0,Paid,Meridian Energy Projects,Paid
2020-12-06,2020-12-10,2021-01-05,2020,12,December,68173.38,0.0,Meridian Pipeline Services,AGC-00133,Meridian Pipeline Services,Grace Perry,AGX-2020-007132-AGC-00133,INV-2020-0006623,NET 30 DAYS,2045,0,0,Paid,Meridian Pipeline Services,Paid
2020-12-07,2020-12-11,2021-01-06,2020,12,December,823458.35,0.0,Helios Flow Technologies,AGC-00043,Helios Flow Technologies,Noah Keller,AGX-2020-006392-AGC-00043,INV-2020-0005939,NET 30 DAYS,2044,0,0,Paid,Helios Flow Technologies,Paid
2020-12-07,2020-12-10,2021-02-05,2020,12,December,90341.51,0.0,Meridian Flow Systems,AGC-00144,Meridian Flow Systems,Theo Price,AGX-2020-006585-AGC-00144,INV-2020-0006124,NET 60 DAYS,2014,0,0,Paid,Meridian Flow Systems,Paid
2020-12-09,2020-12-10,2021-01-23,2020,12,December,447243.5,0.0,Meridian Process Solutions,AGC-00115,Meridian Process Solutions,Zara Grant,AGX-2020-006833-AGC-00115,INV-2020-0006352,NET 45 DAYS,2027,0,0,Paid,Meridian Process Solutions,Paid
2020-12-11,2020-12-21,2021-02-09,2020,12,December,389215.95,0.0,Meridian Field Services,AGC-00124,Meridian Field Services,Leo Foster,AGX-2020-006366-AGC-00124,INV-2020-0005913,NET 60 DAYS,2010,0,0,Paid,Meridian Field Services,Paid
2020-12-14,2020-12-15,2021-02-12,2020,12,December,463691.33,0.0,Helios Waterworks,AGC-00047,Helios Waterworks,Lucas Hayes,AGX-2020-006939-AGC-00047,INV-2020-0006450,NET 60 DAYS,2007,0,0,Paid,Helios Waterworks,Paid
2020-12-19,2020-12-29,2021-02-17,2020,12,December,413264.82,0.0,Northstar Refinery Services,AGC-00025,Northstar Refinery Services,Mila Diaz,AGX-2020-006790-AGC-00025,INV-2020-0006312,30% ADVANCE / NET 60,2002,0,0,Paid,Northstar Refinery Services,Paid
2020-12-24,2020-12-30,2021-02-22,2020,12,December,164549.52,0.0,Cobalt Pipeline Services,AGC-00096,Cobalt Pipeline Services,Leo Foster,AGX-2020-006360-AGC-00096,INV-2020-0005907,NET 60 DAYS,1997,0,0,Paid,Cobalt Pipeline Services,Paid
2020-12-25,2020-12-26,2021-02-23,2020,12,December,1327234.45,0.0,Helios Offshore Systems,AGC-00067,Helios Offshore Systems,Mila Diaz,AGX-2020-006295-AGC-00067,INV-2020-0005849,NET 60 DAYS,1996,0,0,Paid,Helios Offshore Systems,Paid
2020-12-29,2021-01-02,2021-03-29,2020,12,December,116906.15,0.0,Cobalt Technical Supply,AGC-00098,Cobalt Technical Supply,Priya Nguyen,AGX-2020-006452-AGC-00098,INV-2020-0005997,20% ADVANCE / NET 90,1962,0,0,Paid,Cobalt Technical Supply,Paid
2020-12-31,2021-01-06,2021-03-31,2020,12,December,153599.93,0.0,Meridian Drilling Solutions,AGC-00129,Meridian Drilling Solutions,Zara Grant,AGX-2020-006776-AGC-00129,INV-2020-0006298,NET 90 DAYS,1960,0,0,Paid,Meridian Drilling Solutions,Paid
2021-01-04,2021-01-07,2021-02-03,2021,1,January,199257.51,0.0,Meridian Industrial Group,AGC-00114,Meridian Industrial Group,Adrian Walker,AGX-2020-006413-AGC-00114,INV-2021-0005960,NET 30 DAYS,2016,0,0,Paid,Meridian Industrial Group,Paid
2021-01-04,2021-01-09,2021-02-18,2021,1,January,176479.06,5294.37,Arcadia Industrial Maintenance,AGC-00168,Arcadia Industrial Maintenance,Priya Nguyen,AGX-2020-006443-AGC-00168,INV-2021-0005988,NET 45 DAYS,2001,0,2001,2001 day(s) overdue,Arcadia Industrial Maintenance,90+ Days
2021-01-04,2021-01-10,2021-04-04,2021,1,January,767483.67,0.0,Cobalt Drilling Solutions,AGC-00092,Cobalt Drilling Solutions,Julian Howard,AGX-2020-006827-AGC-00092,INV-2021-0006347,NET 90 DAYS,1956,0,0,Paid,Cobalt Drilling Solutions,Paid
2021-01-04,2021-01-06,2021-03-05,2021,1,January,608974.44,0.0,Meridian Marine Engineering,AGC-00138,Meridian Marine Engineering,Leo Foster,AGX-2020-007111-AGC-00138,INV-2021-0006606,NET 60 DAYS,1986,0,0,Paid,Meridian Marine Engineering,Paid
2021-01-05,2021-01-05,2021-02-19,2021,1,January,24751.69,0.0,Northstar Industrial Solutions,AGC-00036,Northstar Industrial Solutions,Julian Howard,AGX-2020-006154-AGC-00036,INV-2021-0005716,NET 45 DAYS,2000,0,0,Paid,Northstar Industrial Solutions,Paid
2021-01-07,2021-01-13,2021-03-08,2021,1,January,605664.35,0.0,Cobalt Energy Systems,AGC-00075,Cobalt Energy Systems,Lucas Hayes,AGX-2020-006900-AGC-00075,INV-2021-0006412,NET 60 DAYS,1983,0,0,Paid,Cobalt Energy Systems,Paid
2021-01-07,2021-01-13,2021-03-08,2021,1,January,255032.82,0.0,Northstar Rotating Equipment,AGC-00023,Northstar Rotating Equipment,Lina Sato,AGX-2020-007063-AGC-00023,INV-2021-0006561,30% ADVANCE / NET 60,1983,0,0,Paid,Northstar Rotating Equipment,Paid
2021-01-08,2021-01-10,2021-02-22,2021,1,January,2456455.49,0.0,Meridian Process Solutions,AGC-00115,Meridian Process Solutions,Zara Grant,AGX-2020-006412-AGC-00115,INV-2021-0005959,NET 45 DAYS,1997,0,0,Paid,Meridian Process Solutions,Paid
2021-01-10,2021-01-17,2021-04-10,2021,1,January,489848.15,0.0,Cobalt Drilling Solutions,AGC-00092,Cobalt Drilling Solutions,Julian Howard,AGX-2020-006814-AGC-00092,INV-2021-0006336,NET 90 DAYS,1950,0,0,Paid,Cobalt Drilling Solutions,Paid
2021-01-10,2021-01-20,2021-02-09,2021,1,January,674324.09,20229.72,Helios Technical Supply,AGC-00061,Helios Technical Supply,Lucas Hayes,AGX-2020-007199-AGC-00061,INV-2021-0006687,NET 30 DAYS,2010,0,2010,2010 day(s) overdue,Helios Technical Supply,90+ Days
2021-01-11,2021-01-20,2021-04-11,2021,1,January,2426467.41,0.0,Arcadia Production Services,AGC-00176,Arcadia Production Services,Julian Howard,AGX-2020-006469-AGC-00176,INV-2021-0006012,20% ADVANCE / NET 90,1949,0,0,Paid,Arcadia Production Services,Paid
2021-01-15,2021-01-16,2021-02-14,2021,1,January,410094.64,0.0,Helios Technical Supply,AGC-00061,Helios Technical Supply,Lucas Hayes,AGX-2020-006722-AGC-00061,INV-2021-0006248,NET 30 DAYS,2005,0,0,Paid,Helios Technical Supply,Paid
2021-01-16,2021-01-23,2021-03-17,2021,1,January,505011.39,0.0,Helios Utilities,AGC-00049,Helios Utilities,Grace Perry,AGX-2020-006921-AGC-00049,INV-2021-0006432,30% ADVANCE / NET 60,1974,0,0,Paid,Helios Utilities,Paid
2021-01-24,2021-01-26,2021-03-25,2021,1,January,151346.62,0.0,Cobalt Controls,AGC-00103,Cobalt Controls,Lucas Hayes,AGX-2021-007411-AGC-00103,INV-2021-0006885,NET 60 DAYS,1966,0,0,Paid,Cobalt Controls,Paid
2021-01-25,2021-01-26,2021-03-26,2021,1,January,416657.35,0.0,Cobalt Marine Services,AGC-00076,Cobalt Marine Services,Avery Morgan,AGX-2020-006239-AGC-00076,INV-2021-0005796,NET 60 DAYS,1965,0,0,Paid,Cobalt Marine Services,Paid
2021-01-27,2021-01-27,2021-04-27,2021,1,January,1492868.59,0.0,Arcadia Production Services,AGC-00176,Arcadia Production Services,Julian Howard,AGX-2021-007542-AGC-00176,INV-2021-0007007,20% ADVANCE / NET 90,1933,0,0,Paid,Arcadia Production Services,Paid
2021-01-30,2021-02-04,2021-03-31,2021,1,January,650773.2,0.0,Arcadia Technical Supply,AGC-00172,Arcadia Technical Supply,Theo Price,AGX-2020-006304-AGC-00172,INV-2021-0005858,30% ADVANCE / NET 60,1960,0,0,Paid,Arcadia Technical Supply,Paid
2021-01-31,2021-02-01,2021-03-02,2021,1,January,259808.64,0.0,Meridian Industrial Group,AGC-00114,Meridian Industrial Group,Adrian Walker,AGX-2021-008612-AGC-00114,INV-2021-0008003,NET 30 DAYS,1989,0,0,Paid,Meridian Industrial Group,Paid
2021-02-03,2021-02-09,2021-03-20,2021,2,February,361155.02,0.0,Northstar Energy Systems,AGC-00001,Northstar Energy Systems,Noah Keller,AGX-2020-006451-AGC-00001,INV-2021-0005996,NET 45 DAYS,1971,0,0,Paid,Northstar Energy Systems,Paid
2021-02-03,2021-02-04,2021-04-04,2021,2,February,687823.48,0.0,Cobalt Mining Services,AGC-00083,Cobalt Mining Services,Eva Lewis,AGX-2020-006533-AGC-00083,INV-2021-0006076,NET 60 DAYS,1956,0,0,Paid,Cobalt Mining Services,Paid
2021-02-04,2021-02-09,2021-04-05,2021,2,February,475268.24,0.0,Meridian Technical Services,AGC-00146,Meridian Technical Services,Avery Morgan,AGX-2021-008239-AGC-00146,INV-2021-0007653,NET 60 DAYS,1955,0,0,Paid,Meridian Technical Services,Paid
2021-02-04,2021-02-09,2021-04-05,2021,2,February,554175.38,0.0,Arcadia Technical Supply,AGC-00172,Arcadia Technical Supply,Theo Price,AGX-2021-008522-AGC-00172,INV-2021-0007918,30% ADVANCE / NET 60,1955,0,0,Paid,Arcadia Technical Supply,Paid
2021-02-06,2021-02-10,2021-04-07,2021,2,February,232161.12,0.0,Meridian Energy Systems,AGC-00112,Meridian Energy Systems,Priya Nguyen,AGX-2021-008107-AGC-00112,INV-2021-0007529,NET 60 DAYS,1953,0,0,Paid,Meridian Energy Systems,Paid
2021-02-12,2021-02-17,2021-04-13,2021,2,February,679481.53,0.0,Helios Marine Supply,AGC-00074,Helios Marine Supply,Theo Price,AGX-2021-008394-AGC-00074,INV-2021-0007797,30% ADVANCE / NET 60,1947,0,0,Paid,Helios Marine Supply,Paid
2021-02-15,2021-02-18,2021-04-01,2021,2,February,270071.24,0.0,Meridian Waterworks,AGC-00121,Meridian Waterworks,Lina Sato,AGX-2020-007011-AGC-00121,INV-2021-0006511,NET 45 DAYS,1959,0,0,Paid,Meridian Waterworks,Paid
2021-02-19,2021-02-28,2021-04-20,2021,2,February,329345.77,0.0,Arcadia Industrial Services,AGC-00180,Arcadia Industrial Services,Leo Foster,AGX-2021-007849-AGC-00180,INV-2021-0007287,20% ADVANCE / NET 60,1940,0,0,Paid,Arcadia Industrial Services,Paid
2021-02-19,2021-02-20,2021-04-20,2021,2,February,111586.09,0.0,Northstar Waterworks,AGC-00010,Northstar Waterworks,Camille Martin,AGX-2021-008670-AGC-00010,INV-2021-0008058,NET 60 DAYS,1940,0,0,Paid,Northstar Waterworks,Paid
2021-02-23,2021-02-26,2021-04-24,2021,2,February,482061.51,0.0,Arcadia Engineering,AGC-00165,Arcadia Engineering,Mila Diaz,AGX-2021-007418-AGC-00165,INV-2021-0006892,20% ADVANCE / NET 60,1936,0,0,Paid,Arcadia Engineering,Paid
2021-02-25,2021-02-26,2021-05-26,2021,2,February,74645.9,0.0,Helios Marine Engineering,AGC-00064,Helios Marine Engineering,Julian Howard,AGX-2020-006532-AGC-00064,INV-2021-0006075,NET 90 DAYS,1904,0,0,Paid,Helios Marine Engineering,Paid
2021-02-27,2021-03-07,2021-03-29,2021,2,February,97590.9,0.0,Meridian Pipeline Services,AGC-00133,Meridian Pipeline Services,Grace Perry,AGX-2021-008645-AGC-00133,INV-2021-0008035,NET 30 DAYS,1962,0,0,Paid,Meridian Pipeline Services,Paid
2021-03-03,2021-03-09,2021-04-02,2021,3,March,676337.69,0.0,Arcadia Mechanical Group,AGC-00179,Arcadia Mechanical Group,Mila Diaz,AGX-2021-008323-AGC-00179,INV-2021-0007730,NET 30 DAYS,1958,0,0,Paid,Arcadia Mechanical Group,Paid
2021-03-05,2021-03-10,2021-04-19,2021,3,March,4695.74,0.0,Cobalt Refinery Services,AGC-00099,Cobalt Refinery Services,Noah Keller,AGX-2021-008349-AGC-00099,INV-2021-0007755,NET 45 DAYS,1941,0,0,Paid,Cobalt Refinery Services,Paid
2021-03-06,2021-03-11,2021-05-05,2021,3,March,337364.22,0.0,Meridian Resources,AGC-00132,Meridian Resources,Avery Morgan,AGX-2021-008845-AGC-00132,INV-2021-0008222,NET 60 DAYS,1925,0,0,Paid,Meridian Resources,Paid
2021-03-07,2021-03-16,2021-05-06,2021,3,March,643020.68,0.0,Cobalt Technical Services,AGC-00109,Cobalt Technical Services,Mila Diaz,AGX-2021-007268-AGC-00109,INV-2021-0006751,NET 60 DAYS,1924,0,0,Paid,Cobalt Technical Services,Paid
2021-03-07,2021-03-09,2021-06-05,2021,3,March,889115.99,0.0,Cobalt Drilling Solutions,AGC-00092,Cobalt Drilling Solutions,Julian Howard,AGX-2021-008148-AGC-00092,INV-2021-0007569,NET 90 DAYS,1894,0,0,Paid,Cobalt Drilling Solutions,Paid
2021-03-10,2021-03-12,2021-05-09,2021,3,March,79404.75,0.0,Helios Energy Projects,AGC-00063,Helios Energy Projects,Grace Perry,AGX-2021-007477-AGC-00063,INV-2021-0006948,20% ADVANCE / NET 60,1921,0,0,Paid,Helios Energy Projects,Paid
2021-03-13,2021-03-22,2021-05-12,2021,3,March,169626.1,0.0,Meridian Flow Systems,AGC-00144,Meridian Flow Systems,Theo Price,AGX-2021-008304-AGC-00144,INV-2021-0007712,NET 60 DAYS,1918,0,0,Paid,Meridian Flow Systems,Paid
2021-03-18,2021-03-19,2021-05-17,2021,3,March,805855.24,0.0,Meridian Refinery Services,AGC-00136,Meridian Refinery Services,Camille Martin,AGX-2021-008541-AGC-00136,INV-2021-0007936,20% ADVANCE / NET 60,1913,0,0,Paid,Meridian Refinery Services,Paid
2021-03-18,2021-03-22,2021-05-17,2021,3,March,1048385.63,0.0,Meridian Mechanical,AGC-00125,Meridian Mechanical,Eva Lewis,AGX-2021-008708-AGC-00125,INV-2021-0008095,NET 60 DAYS,1913,0,0,Paid,Meridian Mechanical,Paid
2021-03-20,2021-03-28,2021-05-19,2021,3,March,271951.5,0.0,Northstar Automation,AGC-00011,Northstar Automation,Mila Diaz,AGX-2021-008130-AGC-00011,INV-2021-0007551,20% ADVANCE / NET 60,1911,0,0,Paid,Northstar Automation,Paid
2021-03-21,2021-03-21,2021-06-19,2021,3,March,451615.4,0.0,Arcadia Field Services,AGC-00161,Arcadia Field Services,Grace Perry,AGX-2021-007643-AGC-00161,INV-2021-0007102,20% ADVANCE / NET 90,1880,0,0,Paid,Arcadia Field Services,Paid
2021-03-21,2021-03-28,2021-05-05,2021,3,March,1185168.02,0.0,Northstar Marine Services,AGC-00002,Northstar Marine Services,Adrian Walker,AGX-2021-007861-AGC-00002,INV-2021-0007299,NET 45 DAYS,1925,0,0,Paid,Northstar Marine Services,Paid
2021-03-24,2021-03-27,2021-05-23,2021,3,March,540455.99,0.0,Northstar Rotating Equipment,AGC-00023,Northstar Rotating Equipment,Lina Sato,AGX-2021-008090-AGC-00023,INV-2021-0007513,30% ADVANCE / NET 60,1907,0,0,Paid,Northstar Rotating Equipment,Paid
2021-03-26,2021-03-28,2021-04-25,2021,3,March,187296.38,0.0,Helios Technical Supply,AGC-00061,Helios Technical Supply,Lucas Hayes,AGX-2021-007515-AGC-00061,INV-2021-0006984,NET 30 DAYS,1935,0,0,Paid,Helios Technical Supply,Paid
2021-03-29,2021-04-03,2021-06-27,2021,3,March,613739.23,0.0,Meridian Industrial Services,AGC-00143,Meridian Industrial Services,Zara Grant,AGX-2021-007318-AGC-00143,INV-2021-0006800,20% ADVANCE / NET 90,1872,0,0,Paid,Meridian Industrial Services,Paid
2021-03-29,2021-03-31,2021-05-28,2021,3,March,247803.11,0.0,Helios Waterworks,AGC-00047,Helios Waterworks,Lucas Hayes,AGX-2021-008535-AGC-00047,INV-2021-0007931,NET 60 DAYS,1902,0,0,Paid,Helios Waterworks,Paid
2021-04-04,2021-04-12,2021-05-04,2021,4,April,118277.29,0.0,Arcadia Mechanical Group,AGC-00179,Arcadia Mechanical Group,Mila Diaz,AGX-2021-007519-AGC-00179,INV-2021-0006987,NET 30 DAYS,1926,0,0,Paid,Arcadia Mechanical Group,Paid
2021-04-04,2021-04-10,2021-06-03,2021,4,April,123611.17,0.0,Helios Infrastructure,AGC-00044,Helios Infrastructure,Adrian Walker,AGX-2021-008101-AGC-00044,INV-2021-0007523,NET 60 DAYS,1896,0,0,Paid,Helios Infrastructure,Paid
2021-04-11,2021-04-12,2021-06-10,2021,4,April,118384.78,0.0,Helios Resources,AGC-00058,Helios Resources,Adrian Walker,AGX-2021-007644-AGC-00058,INV-2021-0007103,30% ADVANCE / NET 60,1889,0,0,Paid,Helios Resources,Paid
2021-04-11,2021-04-19,2021-06-10,2021,4,April,748580.38,0.0,Cobalt Infrastructure,AGC-00081,Cobalt Infrastructure,Mila Diaz,AGX-2021-008346-AGC-00081,INV-2021-0007752,NET 60 DAYS,1889,0,0,Paid,Cobalt Infrastructure,Paid
2021-04-13,2021-04-23,2021-06-12,2021,4,April,373530.94,0.0,Meridian Marine Services,AGC-00113,Meridian Marine Services,Noah Keller,AGX-2021-007880-AGC-00113,INV-2021-0007316,NET 60 DAYS,1887,0,0,Paid,Meridian Marine Services,Paid
2021-04-15,2021-04-20,2021-06-14,2021,4,April,271857.16,0.0,Northstar Flow Systems,AGC-00033,Northstar Flow Systems,Lucas Hayes,AGX-2021-007829-AGC-00033,INV-2021-0007269,NET 60 DAYS,1885,0,0,Paid,Northstar Flow Systems,Paid
2021-04-18,2021-04-28,2021-05-18,2021,4,April,651994.89,0.0,Arcadia Process Solutions,AGC-00152,Arcadia Process Solutions,Leo Foster,AGX-2021-007769-AGC-00152,INV-2021-0007218,NET 30 DAYS,1912,0,0,Paid,Arcadia Process Solutions,Paid
2021-04-20,2021-04-29,2021-06-04,2021,4,April,2493242.94,0.0,Cobalt Process Controls,AGC-00090,Cobalt Process Controls,Avery Morgan,AGX-2021-007493-AGC-00090,INV-2021-0006963,NET 45 DAYS,1895,0,0,Paid,Cobalt Process Controls,Paid
2021-04-21,2021-04-23,2021-06-20,2021,4,April,846268.52,0.0,Cobalt Energy Systems,AGC-00075,Cobalt Energy Systems,Lucas Hayes,AGX-2021-008225-AGC-00075,INV-2021-0007640,NET 60 DAYS,1879,0,0,Paid,Cobalt Energy Systems,Paid
2021-04-22,2021-05-01,2021-05-22,2021,4,April,1369736.38,0.0,Northstar Technical Services,AGC-00035,Northstar Technical Services,Grace Perry,AGX-2021-007917-AGC-00035,INV-2021-0007352,NET 30 DAYS,1908,0,0,Paid,Northstar Technical Services,Paid
2021-04-22,2021-04-23,2021-06-21,2021,4,April,1046897.33,0.0,Arcadia Offshore Systems,AGC-00178,Arcadia Offshore Systems,Camille Martin,AGX-2021-008376-AGC-00178,INV-2021-0007780,30% ADVANCE / NET 60,1878,0,0,Paid,Arcadia Offshore Systems,Paid
2021-04-24,2021-05-04,2021-06-23,2021,4,April,1978750.45,0.0,Northstar Marine Supply,AGC-00037,Northstar Marine Supply,Lina Sato,AGX-2021-007363-AGC-00037,INV-2021-0006843,NET 60 DAYS,1876,0,0,Paid,Northstar Marine Supply,Paid
2021-04-24,2021-05-02,2021-06-23,2021,4,April,895794.55,0.0,Northstar Process Controls,AGC-00016,Northstar Process Controls,Adrian Walker,AGX-2021-008260-AGC-00016,INV-2021-0007671,NET 60 DAYS,1876,0,0,Paid,Northstar Process Controls,Paid
2021-04-27,2021-04-29,2021-06-26,2021,4,April,340232.31,0.0,Helios Energy Systems,AGC-00038,Helios Energy Systems,Camille Martin,AGX-2021-007893-AGC-00038,INV-2021-0007328,NET 60 DAYS,1873,0,0,Paid,Helios Energy Systems,Paid
2021-04-27,2021-05-01,2021-06-26,2021,4,April,61645.83,0.0,Helios Offshore Engineering,AGC-00042,Helios Offshore Engineering,Priya Nguyen,AGX-2021-008024-AGC-00042,INV-2021-0007449,20% ADVANCE / NET 60,1873,0,0,Paid,Helios Offshore Engineering,Paid
2021-04-29,2021-05-08,2021-05-29,2021,4,April,185667.4,0.0,Arcadia Petro Systems,AGC-00156,Arcadia Petro Systems,Adrian Walker,AGX-2021-008803-AGC-00156,INV-2021-0008183,NET 30 DAYS,1901,0,0,Paid,Arcadia Petro Systems,Paid
2021-05-04,2021-05-05,2021-06-03,2021,5,May,1310989.29,0.0,Northstar Technical Services,AGC-00035,Northstar Technical Services,Grace Perry,AGX-2021-008176-AGC-00035,INV-2021-0007596,NET 30 DAYS,1896,0,0,Paid,Northstar Technical Services,Paid
2021-05-07,2021-05-10,2021-06-06,2021,5,May,440430.92,0.0,Arcadia Petro Systems,AGC-00156,Arcadia Petro Systems,Adrian Walker,AGX-2021-008741-AGC-00156,INV-2021-0008126,NET 30 DAYS,1893,0,0,Paid,Arcadia Petro Systems,Paid
2021-05-12,2021-05-18,2021-07-11,2021,5,May,152365.18,0.0,Helios Marine Supply,AGC-00074,Helios Marine Supply,Theo Price,AGX-2021-007475-AGC-00074,INV-2021-0006946,30% ADVANCE / NET 60,1858,0,0,Paid,Helios Marine Supply,Paid
2021-05-12,2021-05-22,2021-08-10,2021,5,May,973877.27,0.0,Helios Controls,AGC-00066,Helios Controls,Camille Martin,AGX-2021-008258-AGC-00066,INV-2021-0007669,NET 90 DAYS,1828,0,0,Paid,Helios Controls,Paid
2021-05-14,2021-05-15,2021-06-28,2021,5,May,99608.19,0.0,Meridian Offshore Systems,AGC-00141,Meridian Offshore Systems,Noah Keller,AGX-2021-008564-AGC-00141,INV-2021-0007959,NET 45 DAYS,1871,0,0,Paid,Meridian Offshore Systems,Paid
2021-05-16,2021-05-16,2021-07-15,2021,5,May,537285.17,0.0,Helios Offshore Engineering,AGC-00042,Helios Offshore Engineering,Priya Nguyen,AGX-2021-008449-AGC-00042,INV-2021-0007850,20% ADVANCE / NET 60,1854,0,0,Paid,Helios Offshore Engineering,Paid
2021-05-19,2021-05-22,2021-07-18,2021,5,May,293925.0,0.0,Meridian Energy Systems,AGC-00112,Meridian Energy Systems,Priya Nguyen,AGX-2021-007671-AGC-00112,INV-2021-0007128,NET 60 DAYS,1851,0,0,Paid,Meridian Energy Systems,Paid
2021-05-20,2021-05-27,2021-07-19,2021,5,May,542393.51,0.0,Arcadia Automation,AGC-00159,Arcadia Automation,Lucas Hayes,AGX-2021-007628-AGC-00159,INV-2021-0007087,NET 60 DAYS,1850,0,0,Paid,Arcadia Automation,Paid
2021-05-20,2021-05-22,2021-07-04,2021,5,May,2006207.6,0.0,Northstar Resources,AGC-00021,Northstar Resources,Grace Perry,AGX-2021-008044-AGC-00021,INV-2021-0007469,NET 45 DAYS,1865,0,0,Paid,Northstar Resources,Paid
2021-05-25,2021-05-26,2021-07-24,2021,5,May,85031.47,0.0,Northstar Mining Services,AGC-00009,Northstar Mining Services,Lina Sato,AGX-2021-008519-AGC-00009,INV-2021-0007915,NET 60 DAYS,1845,0,0,Paid,Northstar Mining Services,Paid
2021-05-28,2021-06-01,2021-07-27,2021,5,May,138595.73,0.0,Northstar Marine Engineering,AGC-00027,Northstar Marine Engineering,Eva Lewis,AGX-2021-007541-AGC-00027,INV-2021-0007006,NET 60 DAYS,1842,0,0,Paid,Northstar Marine Engineering,Paid
2021-05-28,2021-06-01,2021-07-27,2021,5,May,283336.67,0.0,Cobalt Flow Systems,AGC-00107,Cobalt Flow Systems,Lina Sato,AGX-2021-007913-AGC-00107,INV-2021-0007348,NET 60 DAYS,1842,0,0,Paid,Cobalt Flow Systems,Paid
2021-05-29,2021-06-02,2021-06-28,2021,5,May,606544.34,0.0,Meridian Industrial Group,AGC-00114,Meridian Industrial Group,Adrian Walker,AGX-2021-007886-AGC-00114,INV-2021-0007322,NET 30 DAYS,1871,0,0,Paid,Meridian Industrial Group,Paid
2021-05-29,2021-06-08,2021-07-28,2021,5,May,618802.14,0.0,Helios Offshore Engineering,AGC-00042,Helios Offshore Engineering,Priya Nguyen,AGX-2021-008551-AGC-00042,INV-2021-0007946,20% ADVANCE / NET 60,1841,0,0,Paid,Helios Offshore Engineering,Paid
2021-05-31,2021-06-04,2021-06-30,2021,5,May,684717.4,0.0,Cobalt Instrumentation,AGC-00108,Cobalt Instrumentation,Camille Martin,AGX-2021-007833-AGC-00108,INV-2021-0007273,NET 30 DAYS,1869,0,0,Paid,Cobalt Instrumentation,Paid
2021-06-02,2021-06-10,2021-07-02,2021,6,June,309397.1,0.0,Cobalt Field Services,AGC-00087,Cobalt Field Services,Zara Grant,AGX-2021-007412-AGC-00087,INV-2021-0006886,NET 30 DAYS,1867,0,0,Paid,Cobalt Field Services,Paid
2021-06-02,2021-06-12,2021-08-01,2021,6,June,721927.74,0.0,Meridian Marine Engineering,AGC-00138,Meridian Marine Engineering,Leo Foster,AGX-2021-008143-AGC-00138,INV-2021-0007564,NET 60 DAYS,1837,0,0,Paid,Meridian Marine Engineering,Paid
2021-06-03,2021-06-03,2021-08-02,2021,6,June,116583.1,0.0,Meridian Technical Supply,AGC-00135,Meridian Technical Supply,Lina Sato,AGX-2021-008327-AGC-00135,INV-2021-0007733,30% ADVANCE / NET 60,1836,0,0,Paid,Meridian Technical Supply,Paid
2021-06-08,2021-06-09,2021-07-08,2021,6,June,50218.54,0.0,Cobalt Marine Supply,AGC-00111,Cobalt Marine Supply,Eva Lewis,AGX-2021-008186-AGC-00111,INV-2021-0007605,NET 30 DAYS,1861,0,0,Paid,Cobalt Marine Supply,Paid
2021-06-09,2021-06-16,2021-09-07,2021,6,June,1263323.45,0.0,Cobalt Production Services,AGC-00102,Cobalt Production Services,Theo Price,AGX-2021-007354-AGC-00102,INV-2021-0006834,NET 90 DAYS,1800,0,0,Paid,Cobalt Production Services,Paid
2021-06-11,2021-06-11,2021-08-10,2021,6,June,2441273.09,0.0,Northstar Petro Systems,AGC-00008,Northstar Petro Systems,Julian Howard,AGX-2021-008439-AGC-00008,INV-2021-0007840,NET 60 DAYS,1828,0,0,Paid,Northstar Petro Systems,Paid
2021-06-15,2021-06-21,2021-08-14,2021,6,June,538568.1,0.0,Arcadia Rotating Equipment,AGC-00171,Arcadia Rotating Equipment,Zara Grant,AGX-2021-008850-AGC-00171,INV-2021-0008227,NET 60 DAYS,1824,0,0,Paid,Arcadia Rotating Equipment,Paid
2021-06-18,2021-06-21,2021-07-18,2021,6,June,485948.08,0.0,Cobalt Utilities,AGC-00086,Cobalt Utilities,Adrian Walker,AGX-2021-007534-AGC-00086,INV-2021-0006999,NET 30 DAYS,1851,0,0,Paid,Cobalt Utilities,Paid
2021-06-18,2021-06-18,2021-08-17,2021,6,June,143220.59,14322.06,Meridian Marine Services,AGC-00113,Meridian Marine Services,Noah Keller,AGX-2021-008240-AGC-00113,INV-2021-0007654,NET 60 DAYS,1821,0,1821,1821 day(s) overdue,Meridian Marine Services,90+ Days
2021-06-26,2021-07-01,2021-08-25,2021,6,June,4569.2,0.0,Cobalt Marine Services,AGC-00076,Cobalt Marine Services,Avery Morgan,AGX-2021-008220-AGC-00076,INV-2021-0007635,NET 60 DAYS,1813,0,0,Paid,Cobalt Marine Services,Paid
2021-07-03,2021-07-08,2021-10-01,2021,7,July,2621940.52,0.0,Helios Pipeline Services,AGC-00059,Helios Pipeline Services,Zara Grant,AGX-2021-008002-AGC-00059,INV-2021-0007429,NET 90 DAYS,1776,0,0,Paid,Helios Pipeline Services,Paid
2021-07-04,2021-07-13,2021-08-03,2021,7,July,99028.24,0.0,Cobalt Power Partners,AGC-00089,Cobalt Power Partners,Lucas Hayes,AGX-2021-008084-AGC-00089,INV-2021-0007507,NET 30 DAYS,1835,0,0,Paid,Cobalt Power Partners,Paid
2021-07-05,2021-07-06,2021-08-04,2021,7,July,197363.65,0.0,Meridian Energy Projects,AGC-00137,Meridian Energy Projects,Mila Diaz,AGX-2021-007912-AGC-00137,INV-2021-0007347,NET 30 DAYS,1834,0,0,Paid,Meridian Energy Projects,Paid
2021-07-07,2021-07-15,2021-09-05,2021,7,July,224352.1,0.0,Meridian Field Services,AGC-00124,Meridian Field Services,Leo Foster,AGX-2021-007987-AGC-00124,INV-2021-0007415,NET 60 DAYS,1802,0,0,Paid,Meridian Field Services,Paid
2021-07-10,2021-07-20,2021-09-08,2021,7,July,1104027.15,0.0,Northstar Field Services,AGC-00013,Northstar Field Services,Eva Lewis,AGX-2021-007358-AGC-00013,INV-2021-0006838,NET 60 DAYS,1799,0,0,Paid,Northstar Field Services,Paid
2021-07-13,2021-07-17,2021-09-11,2021,7,July,858013.56,0.0,Meridian Flow Systems,AGC-00144,Meridian Flow Systems,Theo Price,AGX-2021-007595-AGC-00144,INV-2021-0007056,NET 60 DAYS,1796,0,0,Paid,Meridian Flow Systems,Paid
2021-07-18,2021-07-28,2021-08-17,2021,7,July,106118.02,0.0,Meridian Pipeline Services,AGC-00133,Meridian Pipeline Services,Grace Perry,AGX-2021-007335-AGC-00133,INV-2021-0006816,NET 30 DAYS,1821,0,0,Paid,Meridian Pipeline Services,Paid
2021-07-20,2021-07-25,2021-10-18,2021,7,July,560374.32,0.0,Arcadia Utilities,AGC-00160,Arcadia Utilities,Avery Morgan,AGX-2021-007867-AGC-00160,INV-2021-0007305,NET 90 DAYS,1759,0,0,Paid,Arcadia Utilities,Paid
2021-07-22,2021-07-26,2021-09-20,2021,7,July,19256.86,0.0,Helios Marine Supply,AGC-00074,Helios Marine Supply,Theo Price,AGX-2021-007932-AGC-00074,INV-2021-0007367,30% ADVANCE / NET 60,1787,0,0,Paid,Helios Marine Supply,Paid
2021-07-24,2021-07-28,2021-09-22,2021,7,July,285963.78,0.0,Cobalt Marine Engineering,AGC-00101,Cobalt Marine Engineering,Zara Grant,AGX-2021-008217-AGC-00101,INV-2021-0007632,NET 60 DAYS,1785,0,0,Paid,Cobalt Marine Engineering,Paid
2021-07-24,2021-08-01,2021-08-23,2021,7,July,181884.72,0.0,Meridian Energy Projects,AGC-00137,Meridian Energy Projects,Mila Diaz,AGX-2021-008361-AGC-00137,INV-2021-0007765,NET 30 DAYS,1815,0,0,Paid,Meridian Energy Projects,Paid
2021-07-28,2021-07-30,2021-10-26,2021,7,July,207376.23,0.0,Meridian Instrumentation,AGC-00145,Meridian Instrumentation,Lucas Hayes,AGX-2021-008054-AGC-00145,INV-2021-0007478,NET 90 DAYS,1751,0,0,Paid,Meridian Instrumentation,Paid
2021-07-28,2021-07-29,2021-10-26,2021,7,July,133718.4,0.0,Helios Marine Engineering,AGC-00064,Helios Marine Engineering,Julian Howard,AGX-2021-008135-AGC-00064,INV-2021-0007556,NET 90 DAYS,1751,0,0,Paid,Helios Marine Engineering,Paid
2021-07-31,2021-08-04,2021-10-29,2021,7,July,80398.39,0.0,Helios Pipeline Services,AGC-00059,Helios Pipeline Services,Zara Grant,AGX-2021-008048-AGC-00059,INV-2021-0007472,NET 90 DAYS,1748,0,0,Paid,Helios Pipeline Services,Paid
2021-08-01,2021-08-01,2021-09-30,2021,8,August,393018.61,0.0,Northstar Marine Engineering,AGC-00027,Northstar Marine Engineering,Eva Lewis,AGX-2021-007605-AGC-00027,INV-2021-0007065,NET 60 DAYS,1777,0,0,Paid,Northstar Marine Engineering,Paid
2021-08-01,2021-08-10,2021-08-31,2021,8,August,819253.42,0.0,Northstar Energy Projects,AGC-00026,Northstar Energy Projects,Leo Foster,AGX-2021-008106-AGC-00026,INV-2021-0007528,NET 30 DAYS,1807,0,0,Paid,Northstar Energy Projects,Paid
2021-08-02,2021-08-10,2021-10-01,2021,8,August,10556.64,0.0,Northstar Refinery Services,AGC-00025,Northstar Refinery Services,Mila Diaz,AGX-2021-007997-AGC-00025,INV-2021-0007425,30% ADVANCE / NET 60,1776,0,0,Paid,Northstar Refinery Services,Paid
2021-08-04,2021-08-07,2021-10-03,2021,8,August,1105027.46,0.0,Arcadia Resources,AGC-00169,Arcadia Resources,Noah Keller,AGX-2021-007553-AGC-00169,INV-2021-0007018,20% ADVANCE / NET 60,1774,0,0,Paid,Arcadia Resources,Paid
2021-08-06,2021-08-06,2021-09-05,2021,8,August,565234.33,0.0,Northstar Process Solutions,AGC-00004,Northstar Process Solutions,Theo Price,AGX-2021-008575-AGC-00004,INV-2021-0007968,NET 30 DAYS,1802,0,0,Paid,Northstar Process Solutions,Paid
2021-08-07,2021-08-16,2021-11-05,2021,8,August,548161.38,0.0,Helios Industrial Group,AGC-00040,Helios Industrial Group,Leo Foster,AGX-2021-007396-AGC-00040,INV-2021-0006871,NET 90 DAYS,1741,0,0,Paid,Helios Industrial Group,Paid
2021-08-07,2021-08-15,2021-09-21,2021,8,August,2247757.67,0.0,Meridian Offshore Systems,AGC-00141,Meridian Offshore Systems,Noah Keller,AGX-2021-008134-AGC-00141,INV-2021-0007555,NET 45 DAYS,1786,0,0,Paid,Meridian Offshore Systems,Paid
2021-08-07,2021-08-16,2021-09-21,2021,8,August,61870.51,0.0,Meridian Waterworks,AGC-00121,Meridian Waterworks,Lina Sato,AGX-2021-008296-AGC-00121,INV-2021-0007704,NET 45 DAYS,1786,0,0,Paid,Meridian Waterworks,Paid
2021-08-08,2021-08-10,2021-09-07,2021,8,August,1090206.71,0.0,Cobalt Engineering,AGC-00091,Cobalt Engineering,Grace Perry,AGX-2021-008247-AGC-00091,INV-2021-0007659,NET 30 DAYS,1800,0,0,Paid,Cobalt Engineering,Paid
2021-08-09,2021-08-18,2021-10-08,2021,8,August,361430.94,0.0,Arcadia Drilling Solutions,AGC-00166,Arcadia Drilling Solutions,Leo Foster,AGX-2021-007399-AGC-00166,INV-2021-0006874,20% ADVANCE / NET 60,1769,0,0,Paid,Arcadia Drilling Solutions,Paid
2021-08-14,2021-08-20,2021-09-13,2021,8,August,277993.9,0.0,Northstar Engineering,AGC-00017,Northstar Engineering,Zara Grant,AGX-2021-007560-AGC-00017,INV-2021-0007024,NET 30 DAYS,1794,0,0,Paid,Northstar Engineering,Paid
2021-08-14,2021-08-14,2021-09-13,2021,8,August,85791.18,0.0,Cobalt Industrial Solutions,AGC-00110,Cobalt Industrial Solutions,Leo Foster,AGX-2021-007653-AGC-00110,INV-2021-0007111,NET 30 DAYS,1794,0,0,Paid,Cobalt Industrial Solutions,Paid
2021-08-14,2021-08-22,2021-11-12,2021,8,August,141112.62,0.0,Northstar Industrial Maintenance,AGC-00020,Northstar Industrial Maintenance,Avery Morgan,AGX-2021-008387-AGC-00020,INV-2021-0007790,20% ADVANCE / NET 90,1734,0,0,Paid,Northstar Industrial Maintenance,Paid
2021-08-15,2021-08-16,2021-10-14,2021,8,August,225817.51,0.0,Cobalt Mining Services,AGC-00083,Cobalt Mining Services,Eva Lewis,AGX-2021-007333-AGC-00083,INV-2021-0006814,NET 60 DAYS,1763,0,0,Paid,Cobalt Mining Services,Paid
2021-08-16,2021-08-21,2021-10-15,2021,8,August,562087.86,0.0,Helios Marine Supply,AGC-00074,Helios Marine Supply,Theo Price,AGX-2021-007895-AGC-00074,INV-2021-0007330,30% ADVANCE / NET 60,1762,0,0,Paid,Helios Marine Supply,Paid
2021-08-16,2021-08-17,2021-10-15,2021,8,August,180489.57,0.0,Northstar Field Services,AGC-00013,Northstar Field Services,Eva Lewis,AGX-2021-008465-AGC-00013,INV-2021-0007865,NET 60 DAYS,1762,0,0,Paid,Northstar Field Services,Paid
2021-08-17,2021-08-25,2021-11-15,2021,8,August,852280.8,0.0,Cobalt Drilling Solutions,AGC-00092,Cobalt Drilling Solutions,Julian Howard,AGX-2021-007257-AGC-00092,INV-2021-0006742,NET 90 DAYS,1731,0,0,Paid,Cobalt Drilling Solutions,Paid
2021-08-18,2021-08-20,2021-10-17,2021,8,August,206954.01,0.0,Helios Marine Services,AGC-00039,Helios Marine Services,Mila Diaz,AGX-2021-007587-AGC-00039,INV-2021-0007049,20% ADVANCE / NET 60,1760,0,0,Paid,Helios Marine Services,Paid
2021-08-21,2021-08-27,2021-11-19,2021,8,August,7057950.21,0.0,Arcadia Pipeline Services,AGC-00170,Arcadia Pipeline Services,Adrian Walker,AGX-2021-008712-AGC-00170,INV-2021-0008099,20% ADVANCE / NET 90,1727,0,0,Paid,Arcadia Pipeline Services,Paid
2021-08-23,2021-08-24,2021-10-22,2021,8,August,2995532.84,0.0,Northstar Industrial Services,AGC-00032,Northstar Industrial Services,Theo Price,AGX-2021-007689-AGC-00032,INV-2021-0007141,30% ADVANCE / NET 60,1755,0,0,Paid,Northstar Industrial Services,Paid
2021-08-24,2021-08-26,2021-10-23,2021,8,August,686606.75,0.0,Northstar Marine Supply,AGC-00037,Northstar Marine Supply,Lina Sato,AGX-2021-007372-AGC-00037,INV-2021-0006851,NET 60 DAYS,1754,0,0,Paid,Northstar Marine Supply,Paid
2021-08-26,2021-08-28,2021-10-25,2021,8,August,612399.57,0.0,Meridian Industrial Solutions,AGC-00147,Meridian Industrial Solutions,Grace Perry,AGX-2021-008088-AGC-00147,INV-2021-0007511,30% ADVANCE / NET 60,1752,0,0,Paid,Meridian Industrial Solutions,Paid
2021-08-27,2021-09-02,2021-10-26,2021,8,August,446121.22,0.0,Helios Process Solutions,AGC-00041,Helios Process Solutions,Eva Lewis,AGX-2021-007625-AGC-00041,INV-2021-0007084,20% ADVANCE / NET 60,1751,0,0,Paid,Helios Process Solutions,Paid
2021-08-27,2021-09-02,2021-10-26,2021,8,August,113235.93,0.0,Cobalt Flow Systems,AGC-00107,Cobalt Flow Systems,Lina Sato,AGX-2021-007876-AGC-00107,INV-2021-0007312,NET 60 DAYS,1751,0,0,Paid,Cobalt Flow Systems,Paid
2021-08-29,2021-09-07,2021-09-28,2021,8,August,275540.77,0.0,Meridian Utilities,AGC-00123,Meridian Utilities,Mila Diaz,AGX-2021-007453-AGC-00123,INV-2021-0006926,NET 30 DAYS,1779,0,0,Paid,Meridian Utilities,Paid
2021-09-04,2021-09-14,2021-12-03,2021,9,September,282181.88,0.0,Cobalt Offshore Engineering,AGC-00079,Cobalt Offshore Engineering,Lina Sato,AGX-2021-007316-AGC-00079,INV-2021-0006798,NET 90 DAYS,1713,0,0,Paid,Cobalt Offshore Engineering,Paid
2021-09-06,2021-09-14,2021-10-06,2021,9,September,270247.96,0.0,Arcadia Waterworks,AGC-00158,Arcadia Waterworks,Theo Price,AGX-2021-007413-AGC-00158,INV-2021-0006887,NET 30 DAYS,1771,0,0,Paid,Arcadia Waterworks,Paid
2021-09-06,2021-09-15,2021-11-05,2021,9,September,310200.9,0.0,Meridian Marine Supply,AGC-00148,Meridian Marine Supply,Julian Howard,AGX-2021-007887-AGC-00148,INV-2021-0007323,NET 60 DAYS,1741,0,0,Paid,Meridian Marine Supply,Paid
2021-09-06,2021-09-06,2021-12-05,2021,9,September,872434.41,0.0,Meridian Industrial Services,AGC-00143,Meridian Industrial Services,Zara Grant,AGX-2021-008199-AGC-00143,INV-2021-0007618,20% ADVANCE / NET 90,1711,0,0,Paid,Meridian Industrial Services,Paid
2021-09-07,2021-09-11,2021-11-06,2021,9,September,1075091.52,0.0,Northstar Instrumentation,AGC-00034,Northstar Instrumentation,Avery Morgan,AGX-2021-008056-AGC-00034,INV-2021-0007480,NET 60 DAYS,1740,0,0,Paid,Northstar Instrumentation,Paid
2021-09-09,2021-09-13,2021-10-09,2021,9,September,449835.4,0.0,Meridian Industrial Maintenance,AGC-00131,Meridian Industrial Maintenance,Lucas Hayes,AGX-2021-007943-AGC-00131,INV-2021-0007376,NET 30 DAYS,1768,0,0,Paid,Meridian Industrial Maintenance,Paid
2021-09-10,2021-09-17,2021-12-09,2021,9,September,2527580.27,0.0,Cobalt Drilling Solutions,AGC-00092,Cobalt Drilling Solutions,Julian Howard,AGX-2021-007957-AGC-00092,INV-2021-0007388,NET 90 DAYS,1707,0,0,Paid,Cobalt Drilling Solutions,Paid
2021-09-16,2021-09-25,2021-12-15,2021,9,September,165254.64,0.0,Helios Pipeline Services,AGC-00059,Helios Pipeline Services,Zara Grant,AGX-2021-007608-AGC-00059,INV-2021-0007068,NET 90 DAYS,1701,0,0,Paid,Helios Pipeline Services,Paid
2021-09-19,2021-09-28,2021-11-18,2021,9,September,639425.96,0.0,Arcadia Compression,AGC-00167,Arcadia Compression,Eva Lewis,AGX-2021-008455-AGC-00167,INV-2021-0007856,NET 60 DAYS,1728,0,0,Paid,Arcadia Compression,Paid
2021-09-20,2021-09-25,2021-11-19,2021,9,September,219695.0,0.0,Arcadia Rotating Equipment,AGC-00171,Arcadia Rotating Equipment,Zara Grant,AGX-2021-008078-AGC-00171,INV-2021-0007501,NET 60 DAYS,1727,0,0,Paid,Arcadia Rotating Equipment,Paid
2021-09-22,2021-09-26,2021-12-21,2021,9,September,2632611.95,0.0,Helios Refinery Services,AGC-00062,Helios Refinery Services,Avery Morgan,AGX-2021-008563-AGC-00062,INV-2021-0007958,NET 90 DAYS,1695,0,0,Paid,Helios Refinery Services,Paid
2021-09-23,2021-10-03,2021-12-22,2021,9,September,73407.02,0.0,Helios Power Partners,AGC-00052,Helios Power Partners,Camille Martin,AGX-2021-007295-AGC-00052,INV-2021-0006778,20% ADVANCE / NET 90,1694,0,0,Paid,Helios Power Partners,Paid
2021-09-23,2021-09-29,2021-12-22,2021,9,September,49956.29,0.0,Cobalt Industrial Group,AGC-00077,Cobalt Industrial Group,Grace Perry,AGX-2021-008178-AGC-00077,INV-2021-0007598,20% ADVANCE / NET 90,1694,0,0,Paid,Cobalt Industrial Group,Paid
2021-09-23,2021-09-26,2021-11-22,2021,9,September,367641.69,0.0,Helios Rotating Equipment,AGC-00060,Helios Rotating Equipment,Theo Price,AGX-2021-008540-AGC-00060,INV-2021-0007935,20% ADVANCE / NET 60,1724,0,0,Paid,Helios Rotating Equipment,Paid
2021-09-25,2021-09-28,2021-11-24,2021,9,September,134739.85,0.0,Cobalt Compression,AGC-00093,Cobalt Compression,Lina Sato,AGX-2021-007431-AGC-00093,INV-2021-0006905,NET 60 DAYS,1722,0,0,Paid,Cobalt Compression,Paid
2021-09-27,2021-10-07,2021-11-26,2021,9,September,817075.85,0.0,Arcadia Industrial Services,AGC-00180,Arcadia Industrial Services,Leo Foster,AGX-2021-007520-AGC-00180,INV-2021-0006988,20% ADVANCE / NET 60,1720,0,0,Paid,Arcadia Industrial Services,Paid
2021-10-01,2021-10-06,2021-11-15,2021,10,October,35977.36,0.0,Helios Mechanical,AGC-00051,Helios Mechanical,Lina Sato,AGX-2021-007606-AGC-00051,INV-2021-0007066,NET 45 DAYS,1731,0,0,Paid,Helios Mechanical,Paid
2021-10-05,2021-10-09,2021-11-04,2021,10,October,627863.58,0.0,Cobalt Instrumentation,AGC-00108,Cobalt Instrumentation,Camille Martin,AGX-2021-008180-AGC-00108,INV-2021-0007600,NET 30 DAYS,1742,0,0,Paid,Cobalt Instrumentation,Paid
2021-10-05,2021-10-14,2021-11-04,2021,10,October,139381.12,0.0,Helios Process Controls,AGC-00053,Helios Process Controls,Mila Diaz,AGX-2021-008649-AGC-00053,INV-2021-0008039,NET 30 DAYS,1742,0,0,Paid,Helios Process Controls,Paid
2021-10-09,2021-10-10,2021-12-08,2021,10,October,720019.15,0.0,Arcadia Drilling Solutions,AGC-00166,Arcadia Drilling Solutions,Leo Foster,AGX-2021-008696-AGC-00166,INV-2021-0008083,20% ADVANCE / NET 60,1708,0,0,Paid,Arcadia Drilling Solutions,Paid
2021-10-10,2021-10-15,2021-12-09,2021,10,October,265268.66,0.0,Helios Offshore Engineering,AGC-00042,Helios Offshore Engineering,Priya Nguyen,AGX-2021-007613-AGC-00042,INV-2021-0007073,20% ADVANCE / NET 60,1707,0,0,Paid,Helios Offshore Engineering,Paid
2021-10-11,2021-10-13,2022-01-09,2021,10,October,537356.11,0.0,Cobalt Industrial Group,AGC-00077,Cobalt Industrial Group,Grace Perry,AGX-2021-007821-AGC-00077,INV-2021-0007261,20% ADVANCE / NET 90,1676,0,0,Paid,Cobalt Industrial Group,Paid
2021-10-12,2021-10-22,2021-11-26,2021,10,October,754960.02,0.0,Northstar Industrial Group,AGC-00003,Northstar Industrial Group,Zara Grant,AGX-2021-007303-AGC-00003,INV-2021-0006786,NET 45 DAYS,1720,0,0,Paid,Northstar Industrial Group,Paid
2021-10-15,2021-10-17,2021-11-29,2021,10,October,1038165.24,0.0,Cobalt Refinery Services,AGC-00099,Cobalt Refinery Services,Noah Keller,AGX-2021-008576-AGC-00099,INV-2021-0007969,NET 45 DAYS,1717,0,0,Paid,Cobalt Refinery Services,Paid
2021-10-15,2021-10-15,2021-12-14,2021,10,October,257184.5,0.0,Arcadia Mining Services,AGC-00157,Arcadia Mining Services,Zara Grant,AGX-2021-008776-AGC-00157,INV-2021-0008159,30% ADVANCE / NET 60,1702,0,0,Paid,Arcadia Mining Services,Paid
2021-10-17,2021-10-25,2021-11-16,2021,10,October,253195.54,0.0,Arcadia Flow Technologies,AGC-00154,Arcadia Flow Technologies,Priya Nguyen,AGX-2021-007652-AGC-00154,INV-2021-0007110,NET 30 DAYS,1730,0,0,Paid,Arcadia Flow Technologies,Paid
2021-10-21,2021-10-28,2021-11-20,2021,10,October,78386.41,0.0,Helios Technical Supply,AGC-00061,Helios Technical Supply,Lucas Hayes,AGX-2021-008717-AGC-00061,INV-2021-0008104,NET 30 DAYS,1726,0,0,Paid,Helios Technical Supply,Paid
2021-10-22,2021-10-22,2021-12-21,2021,10,October,176855.06,0.0,Northstar Flow Systems,AGC-00033,Northstar Flow Systems,Lucas Hayes,AGX-2021-007970-AGC-00033,INV-2021-0007400,NET 60 DAYS,1695,0,0,Paid,Northstar Flow Systems,Paid
2021-10-25,2021-11-03,2021-12-24,2021,10,October,13125.32,0.0,Arcadia Energy Projects,AGC-00174,Arcadia Energy Projects,Avery Morgan,AGX-2021-008746-AGC-00174,INV-2021-0008130,NET 60 DAYS,1692,0,0,Paid,Arcadia Energy Projects,Paid
2021-10-26,2021-11-05,2021-12-10,2021,10,October,211987.91,0.0,Northstar Marine Services,AGC-00002,Northstar Marine Services,Adrian Walker,AGX-2021-008406-AGC-00002,INV-2021-0007809,NET 45 DAYS,1706,0,0,Paid,Northstar Marine Services,Paid
2021-10-26,2021-11-05,2021-12-25,2021,10,October,28190.36,0.0,Helios Utilities,AGC-00049,Helios Utilities,Grace Perry,AGX-2021-008752-AGC-00049,INV-2021-0008136,30% ADVANCE / NET 60,1691,0,0,Paid,Helios Utilities,Paid
2021-10-27,2021-10-27,2021-11-26,2021,10,October,683464.47,0.0,Arcadia Petro Systems,AGC-00156,Arcadia Petro Systems,Adrian Walker,AGX-2021-007708-AGC-00156,INV-2021-0007160,NET 30 DAYS,1720,0,0,Paid,Arcadia Petro Systems,Paid
2021-10-27,2021-10-29,2021-12-26,2021,10,October,95642.09,0.0,Meridian Engineering,AGC-00128,Meridian Engineering,Adrian Walker,AGX-2021-008339-AGC-00128,INV-2021-0007745,NET 60 DAYS,1690,0,0,Paid,Meridian Engineering,Paid
2021-10-29,2021-11-04,2021-12-13,2021,10,October,192823.62,0.0,Northstar Industrial Solutions,AGC-00036,Northstar Industrial Solutions,Julian Howard,AGX-2021-007885-AGC-00036,INV-2021-0007321,NET 45 DAYS,1703,0,0,Paid,Northstar Industrial Solutions,Paid
2021-10-31,2021-11-04,2021-12-15,2021,10,October,646319.51,0.0,Northstar Offshore Engineering,AGC-00005,Northstar Offshore Engineering,Lucas Hayes,AGX-2021-007640-AGC-00005,INV-2021-0007099,NET 45 DAYS,1701,0,0,Paid,Northstar Offshore Engineering,Paid
2021-10-31,2021-11-08,2021-12-30,2021,10,October,286309.84,0.0,Cobalt Flow Systems,AGC-00107,Cobalt Flow Systems,Lina Sato,AGX-2021-007710-AGC-00107,INV-2021-0007162,NET 60 DAYS,1686,0,0,Paid,Cobalt Flow Systems,Paid
2021-11-02,2021-11-03,2021-12-17,2021,11,November,189585.59,0.0,Northstar Industrial Group,AGC-00003,Northstar Industrial Group,Zara Grant,AGX-2021-008347-AGC-00003,INV-2021-0007753,NET 45 DAYS,1699,0,0,Paid,Northstar Industrial Group,Paid
2021-11-03,2021-11-07,2022-02-01,2021,11,November,1971.64,0.0,Meridian Drilling Solutions,AGC-00129,Meridian Drilling Solutions,Zara Grant,AGX-2021-007491-AGC-00129,INV-2021-0006961,NET 90 DAYS,1653,0,0,Paid,Meridian Drilling Solutions,Paid
2021-11-04,2021-11-08,2022-01-03,2021,11,November,222014.06,0.0,Helios Offshore Systems,AGC-00067,Helios Offshore Systems,Mila Diaz,AGX-2021-007966-AGC-00067,INV-2021-0007396,NET 60 DAYS,1682,0,0,Paid,Helios Offshore Systems,Paid
2021-11-05,2021-11-15,2022-02-03,2021,11,November,1742648.23,0.0,Arcadia Offshore Engineering,AGC-00153,Arcadia Offshore Engineering,Eva Lewis,AGX-2021-007532-AGC-00153,INV-2021-0006997,20% ADVANCE / NET 90,1651,0,0,Paid,Arcadia Offshore Engineering,Paid
2021-11-05,2021-11-14,2021-12-20,2021,11,November,60809.05,0.0,Helios Mechanical,AGC-00051,Helios Mechanical,Lina Sato,AGX-2021-008066-AGC-00051,INV-2021-0007490,NET 45 DAYS,1696,0,0,Paid,Helios Mechanical,Paid
2021-11-06,2021-11-09,2021-12-21,2021,11,November,482048.89,0.0,Meridian Waterworks,AGC-00121,Meridian Waterworks,Lina Sato,AGX-2021-008091-AGC-00121,INV-2021-0007514,NET 45 DAYS,1695,0,0,Paid,Meridian Waterworks,Paid
2021-11-06,2021-11-16,2022-02-04,2021,11,November,919474.49,0.0,Northstar Compression,AGC-00019,Northstar Compression,Lucas Hayes,AGX-2021-008175-AGC-00019,INV-2021-0007595,NET 90 DAYS,1650,0,0,Paid,Northstar Compression,Paid
2021-11-06,2021-11-09,2021-12-06,2021,11,November,316935.3,0.0,Helios Industrial Services,AGC-00069,Helios Industrial Services,Eva Lewis,AGX-2021-008448-AGC-00069,INV-2021-0007849,NET 30 DAYS,1710,0,0,Paid,Helios Industrial Services,Paid
2021-11-09,2021-11-19,2022-01-08,2021,11,November,633548.04,0.0,Arcadia Resources,AGC-00169,Arcadia Resources,Noah Keller,AGX-2021-007397-AGC-00169,INV-2021-0006872,20% ADVANCE / NET 60,1677,0,0,Paid,Arcadia Resources,Paid
2021-11-10,2021-11-19,2022-01-09,2021,11,November,33426.73,0.0,Cobalt Rotating Equipment,AGC-00097,Cobalt Rotating Equipment,Eva Lewis,AGX-2021-007278-AGC-00097,INV-2021-0006761,NET 60 DAYS,1676,0,0,Paid,Cobalt Rotating Equipment,Paid
2021-11-15,2021-11-25,2022-01-14,2021,11,November,772335.62,0.0,Arcadia Drilling Solutions,AGC-00166,Arcadia Drilling Solutions,Leo Foster,AGX-2021-007670-AGC-00166,INV-2021-0007127,20% ADVANCE / NET 60,1671,0,0,Paid,Arcadia Drilling Solutions,Paid
2021-11-15,2021-11-23,2021-12-15,2021,11,November,3457044.65,0.0,Helios Technical Supply,AGC-00061,Helios Technical Supply,Lucas Hayes,AGX-2021-007709-AGC-00061,INV-2021-0007161,NET 30 DAYS,1701,0,0,Paid,Helios Technical Supply,Paid
2021-11-16,2021-11-25,2022-01-15,2021,11,November,461183.42,0.0,Cobalt Controls,AGC-00103,Cobalt Controls,Lucas Hayes,AGX-2021-008377-AGC-00103,INV-2021-0007781,NET 60 DAYS,1670,0,0,Paid,Cobalt Controls,Paid
2021-11-18,2021-11-21,2022-01-02,2021,11,November,428875.5,0.0,Northstar Offshore Engineering,AGC-00005,Northstar Offshore Engineering,Lucas Hayes,AGX-2021-007743-AGC-00005,INV-2021-0007194,NET 45 DAYS,1683,0,0,Paid,Northstar Offshore Engineering,Paid
2021-11-18,2021-11-19,2021-12-18,2021,11,November,91584.82,0.0,Northstar Engineering,AGC-00017,Northstar Engineering,Zara Grant,AGX-2021-008218-AGC-00017,INV-2021-0007633,NET 30 DAYS,1698,0,0,Paid,Northstar Engineering,Paid
2021-11-20,2021-11-25,2022-01-19,2021,11,November,265608.75,0.0,Helios Process Solutions,AGC-00041,Helios Process Solutions,Eva Lewis,AGX-2021-008196-AGC-00041,INV-2021-0007615,20% ADVANCE / NET 60,1666,0,0,Paid,Helios Process Solutions,Paid
2021-11-23,2021-12-02,2022-01-22,2021,11,November,440820.44,0.0,Northstar Mechanical Group,AGC-00031,Northstar Mechanical Group,Zara Grant,AGX-2021-008057-AGC-00031,INV-2021-0007481,20% ADVANCE / NET 60,1663,0,0,Paid,Northstar Mechanical Group,Paid
2021-11-26,2021-12-05,2022-01-10,2021,11,November,109445.79,0.0,Northstar Offshore Engineering,AGC-00005,Northstar Offshore Engineering,Lucas Hayes,AGX-2021-008683-AGC-00005,INV-2021-0008070,NET 45 DAYS,1675,0,0,Paid,Northstar Offshore Engineering,Paid
2021-11-28,2021-11-28,2022-01-27,2021,11,November,943250.57,0.0,Northstar Field Services,AGC-00013,Northstar Field Services,Eva Lewis,AGX-2021-008671-AGC-00013,INV-2021-0008059,NET 60 DAYS,1658,0,0,Paid,Northstar Field Services,Paid
2021-11-30,2021-12-03,2022-02-28,2021,11,November,406963.48,0.0,Northstar Compression,AGC-00019,Northstar Compression,Lucas Hayes,AGX-2021-007294-AGC-00019,INV-2021-0006777,NET 90 DAYS,1626,0,0,Paid,Northstar Compression,Paid
2021-12-01,2021-12-08,2021-12-31,2021,12,December,399553.45,0.0,Cobalt Utilities,AGC-00086,Cobalt Utilities,Adrian Walker,AGX-2021-007727-AGC-00086,INV-2021-0007178,NET 30 DAYS,1685,0,0,Paid,Cobalt Utilities,Paid
2021-12-02,2021-12-11,2022-01-01,2021,12,December,1398329.52,0.0,Cobalt Marine Supply,AGC-00111,Cobalt Marine Supply,Eva Lewis,AGX-2021-007548-AGC-00111,INV-2021-0007013,NET 30 DAYS,1684,0,0,Paid,Cobalt Marine Supply,Paid
2021-12-02,2021-12-10,2022-01-01,2021,12,December,472258.69,0.0,Meridian Mining Services,AGC-00120,Meridian Mining Services,Julian Howard,AGX-2021-007611-AGC-00120,INV-2021-0007071,NET 30 DAYS,1684,0,0,Paid,Meridian Mining Services,Paid
2021-12-04,2021-12-10,2022-02-02,2021,12,December,413613.83,0.0,Helios Flow Systems,AGC-00070,Helios Flow Systems,Priya Nguyen,AGX-2021-007780-AGC-00070,INV-2021-0007228,NET 60 DAYS,1652,0,0,Paid,Helios Flow Systems,Paid
2021-12-04,2021-12-09,2022-02-02,2021,12,December,459063.71,0.0,Arcadia Engineering,AGC-00165,Arcadia Engineering,Mila Diaz,AGX-2021-008436-AGC-00165,INV-2021-0007837,20% ADVANCE / NET 60,1652,0,0,Paid,Arcadia Engineering,Paid
2021-12-04,2021-12-04,2022-02-02,2021,12,December,738791.36,0.0,Helios Waterworks,AGC-00047,Helios Waterworks,Lucas Hayes,AGX-2021-008451-AGC-00047,INV-2021-0007852,NET 60 DAYS,1652,0,0,Paid,Helios Waterworks,Paid
2021-12-05,2021-12-14,2022-02-03,2021,12,December,216402.0,0.0,Arcadia Mining Services,AGC-00157,Arcadia Mining Services,Zara Grant,AGX-2021-008123-AGC-00157,INV-2021-0007544,30% ADVANCE / NET 60,1651,0,0,Paid,Arcadia Mining Services,Paid
2021-12-07,2021-12-17,2022-01-21,2021,12,December,196370.53,0.0,Arcadia Industrial Maintenance,AGC-00168,Arcadia Industrial Maintenance,Priya Nguyen,AGX-2021-007277-AGC-00168,INV-2021-0006760,NET 45 DAYS,1664,0,0,Paid,Arcadia Industrial Maintenance,Paid
2021-12-10,2021-12-14,2022-02-08,2021,12,December,280678.65,28067.87,Helios Marine Services,AGC-00039,Helios Marine Services,Mila Diaz,AGX-2021-008224-AGC-00039,INV-2021-0007639,20% ADVANCE / NET 60,1646,0,1646,1646 day(s) overdue,Helios Marine Services,90+ Days
2021-12-11,2021-12-20,2022-02-09,2021,12,December,843796.25,0.0,Helios Compression,AGC-00056,Helios Compression,Priya Nguyen,AGX-2021-007574-AGC-00056,INV-2021-0007036,NET 60 DAYS,1645,0,0,Paid,Helios Compression,Paid
2021-12-12,2021-12-15,2022-02-10,2021,12,December,187109.93,0.0,Northstar Rotating Equipment,AGC-00023,Northstar Rotating Equipment,Lina Sato,AGX-2021-007903-AGC-00023,INV-2021-0007338,30% ADVANCE / NET 60,1644,0,0,Paid,Northstar Rotating Equipment,Paid
2021-12-13,2021-12-17,2022-01-27,2021,12,December,1028004.67,0.0,Northstar Energy Systems,AGC-00001,Northstar Energy Systems,Noah Keller,AGX-2021-007332-AGC-00001,INV-2021-0006813,NET 45 DAYS,1658,0,0,Paid,Northstar Energy Systems,Paid
2021-12-13,2021-12-20,2022-02-11,2021,12,December,102113.78,3063.41,Helios Waterworks,AGC-00047,Helios Waterworks,Lucas Hayes,AGX-2021-007349-AGC-00047,INV-2021-0006830,NET 60 DAYS,1643,0,1643,1643 day(s) overdue,Helios Waterworks,90+ Days
2021-12-14,2021-12-24,2022-02-12,2021,12,December,591161.67,17734.85,Arcadia Drilling Solutions,AGC-00166,Arcadia Drilling Solutions,Leo Foster,AGX-2021-007626-AGC-00166,INV-2021-0007085,20% ADVANCE / NET 60,1642,0,1642,1642 day(s) overdue,Arcadia Drilling Solutions,90+ Days
2021-12-15,2021-12-25,2022-02-13,2021,12,December,137124.06,0.0,Helios Utilities,AGC-00049,Helios Utilities,Grace Perry,AGX-2021-007848-AGC-00049,INV-2021-0007286,30% ADVANCE / NET 60,1641,0,0,Paid,Helios Utilities,Paid
2021-12-16,2021-12-16,2022-02-14,2021,12,December,1215414.12,0.0,Meridian Technical Supply,AGC-00135,Meridian Technical Supply,Lina Sato,AGX-2021-007444-AGC-00135,INV-2021-0006917,30% ADVANCE / NET 60,1640,0,0,Paid,Meridian Technical Supply,Paid
2021-12-18,2021-12-23,2022-03-18,2021,12,December,738070.95,0.0,Helios Technical Services,AGC-00072,Helios Technical Services,Adrian Walker,AGX-2021-007370-AGC-00072,INV-2021-0006849,NET 90 DAYS,1608,0,0,Paid,Helios Technical Services,Paid
2021-12-18,2021-12-26,2022-02-16,2021,12,December,686026.14,0.0,Cobalt Pipeline Services,AGC-00096,Cobalt Pipeline Services,Leo Foster,AGX-2021-008403-AGC-00096,INV-2021-0007806,NET 60 DAYS,1638,0,0,Paid,Cobalt Pipeline Services,Paid
2021-12-19,2021-12-22,2022-01-18,2021,12,December,1317005.79,0.0,Cobalt Utilities,AGC-00086,Cobalt Utilities,Adrian Walker,AGX-2021-008254-AGC-00086,INV-2021-0007665,NET 30 DAYS,1667,0,0,Paid,Cobalt Utilities,Paid
2021-12-20,2021-12-27,2022-02-18,2021,12,December,73814.15,0.0,Arcadia Industrial Group,AGC-00151,Arcadia Industrial Group,Mila Diaz,AGX-2021-008839-AGC-00151,INV-2021-0008216,20% ADVANCE / NET 60,1636,0,0,Paid,Arcadia Industrial Group,Paid
2021-12-21,2021-12-28,2022-02-04,2021,12,December,1010911.86,0.0,Northstar Energy Systems,AGC-00001,Northstar Energy Systems,Noah Keller,AGX-2021-008162-AGC-00001,INV-2021-0007583,NET 45 DAYS,1650,0,0,Paid,Northstar Energy Systems,Paid
2021-12-22,2021-12-23,2022-02-20,2021,12,December,81168.77,0.0,Meridian Power Partners,AGC-00126,Meridian Power Partners,Priya Nguyen,AGX-2021-008502-AGC-00126,INV-2021-0007898,NET 60 DAYS,1634,0,0,Paid,Meridian Power Partners,Paid
2021-12-23,2021-12-25,2022-02-21,2021,12,December,195557.86,0.0,Northstar Controls,AGC-00029,Northstar Controls,Noah Keller,AGX-2021-007946-AGC-00029,INV-2021-0007379,NET 60 DAYS,1633,0,0,Paid,Northstar Controls,Paid
2021-12-28,2022-01-05,2022-03-28,2021,12,December,1019661.0,0.0,Arcadia Infrastructure,AGC-00155,Arcadia Infrastructure,Noah Keller,AGX-2021-007367-AGC-00155,INV-2021-0006847,20% ADVANCE / NET 90,1598,0,0,Paid,Arcadia Infrastructure,Paid
2021-12-28,2021-12-30,2022-01-27,2021,12,December,373316.83,0.0,Arcadia Mechanical Group,AGC-00179,Arcadia Mechanical Group,Mila Diaz,AGX-2021-007737-AGC-00179,INV-2021-0007188,NET 30 DAYS,1658,0,0,Paid,Arcadia Mechanical Group,Paid
2021-12-28,2021-12-31,2022-01-27,2021,12,December,220976.12,0.0,Meridian Controls,AGC-00140,Meridian Controls,Priya Nguyen,AGX-2021-008450-AGC-00140,INV-2021-0007851,NET 30 DAYS,1658,0,0,Paid,Meridian Controls,Paid
2021-12-30,2022-01-02,2022-03-30,2021,12,December,87919.22,0.0,Helios Petro Systems,AGC-00045,Helios Petro Systems,Zara Grant,AGX-2021-007273-AGC-00045,INV-2021-0006756,20% ADVANCE / NET 90,1596,0,0,Paid,Helios Petro Systems,Paid
2022-01-01,2022-01-04,2022-03-02,2022,1,January,108631.15,0.0,Meridian Process Controls,AGC-00127,Meridian Process Controls,Noah Keller,AGX-2021-008534-AGC-00127,INV-2022-0007930,NET 60 DAYS,1624,0,0,Paid,Meridian Process Controls,Paid
2022-01-02,2022-01-07,2022-02-01,2022,1,January,1269333.2,0.0,Cobalt Marine Supply,AGC-00111,Cobalt Marine Supply,Eva Lewis,AGX-2021-007447-AGC-00111,INV-2022-0006920,NET 30 DAYS,1653,0,0,Paid,Cobalt Marine Supply,Paid
2022-01-02,2022-01-10,2022-03-03,2022,1,January,308445.72,0.0,Cobalt Compression,AGC-00093,Cobalt Compression,Lina Sato,AGX-2021-008434-AGC-00093,INV-2022-0007835,NET 60 DAYS,1623,0,0,Paid,Cobalt Compression,Paid
2022-01-02,2022-01-06,2022-03-03,2022,1,January,448904.71,0.0,Helios Energy Systems,AGC-00038,Helios Energy Systems,Camille Martin,AGX-2021-008791-AGC-00038,INV-2022-0008173,NET 60 DAYS,1623,0,0,Paid,Helios Energy Systems,Paid
2022-01-03,2022-01-12,2022-03-04,2022,1,January,1437516.3,0.0,Cobalt Controls,AGC-00103,Cobalt Controls,Lucas Hayes,AGX-2021-008288-AGC-00103,INV-2022-0007696,NET 60 DAYS,1622,0,0,Paid,Cobalt Controls,Paid
2022-01-04,2022-01-13,2022-02-03,2022,1,January,677431.88,0.0,Helios Flow Technologies,AGC-00043,Helios Flow Technologies,Noah Keller,AGX-2021-008111-AGC-00043,INV-2022-0007533,NET 30 DAYS,1651,0,0,Paid,Helios Flow Technologies,Paid
2022-01-04,2022-01-04,2022-02-03,2022,1,January,538773.41,0.0,Northstar Energy Projects,AGC-00026,Northstar Energy Projects,Leo Foster,AGX-2021-008375-AGC-00026,INV-2022-0007779,NET 30 DAYS,1651,0,0,Paid,Northstar Energy Projects,Paid
2022-01-06,2022-01-15,2022-04-06,2022,1,January,73729.3,0.0,Helios Petro Systems,AGC-00045,Helios Petro Systems,Zara Grant,AGX-2021-007324-AGC-00045,INV-2022-0006806,20% ADVANCE / NET 90,1589,0,0,Paid,Helios Petro Systems,Paid
2022-01-06,2022-01-16,2022-04-06,2022,1,January,252076.59,0.0,Meridian Drilling Solutions,AGC-00129,Meridian Drilling Solutions,Zara Grant,AGX-2021-008666-AGC-00129,INV-2022-0008055,NET 90 DAYS,1589,0,0,Paid,Meridian Drilling Solutions,Paid
2022-01-07,2022-01-12,2022-04-07,2022,1,January,3057838.72,0.0,Cobalt Technical Supply,AGC-00098,Cobalt Technical Supply,Priya Nguyen,AGX-2021-008231-AGC-00098,INV-2022-0007646,20% ADVANCE / NET 90,1588,0,0,Paid,Cobalt Technical Supply,Paid
2022-01-08,2022-01-08,2022-02-07,2022,1,January,417721.38,0.0,Helios Technical Supply,AGC-00061,Helios Technical Supply,Lucas Hayes,AGX-2021-008729-AGC-00061,INV-2022-0008114,NET 30 DAYS,1647,0,0,Paid,Helios Technical Supply,Paid
2022-01-12,2022-01-17,2022-03-13,2022,1,January,449561.43,0.0,Northstar Waterworks,AGC-00010,Northstar Waterworks,Camille Martin,AGX-2021-007385-AGC-00010,INV-2022-0006863,NET 60 DAYS,1613,0,0,Paid,Northstar Waterworks,Paid
2022-01-15,2022-01-15,2022-03-16,2022,1,January,665404.23,0.0,Cobalt Industrial Services,AGC-00106,Cobalt Industrial Services,Julian Howard,AGX-2021-008230-AGC-00106,INV-2022-0007645,30% ADVANCE / NET 60,1610,0,0,Paid,Cobalt Industrial Services,Paid
2022-01-27,2022-01-28,2022-03-28,2022,1,January,861069.7,0.0,Arcadia Drilling Solutions,AGC-00166,Arcadia Drilling Solutions,Leo Foster,AGX-2021-008510-AGC-00166,INV-2022-0007906,20% ADVANCE / NET 60,1598,0,0,Paid,Arcadia Drilling Solutions,Paid
2022-01-27,2022-01-30,2022-02-26,2022,1,January,188197.1,0.0,Arcadia Mechanical Group,AGC-00179,Arcadia Mechanical Group,Mila Diaz,AGX-2022-010623-AGC-00179,INV-2022-0009869,NET 30 DAYS,1628,0,0,Paid,Arcadia Mechanical Group,Paid
2022-01-28,2022-02-04,2022-02-27,2022,1,January,149322.11,0.0,Arcadia Marine Engineering,AGC-00175,Arcadia Marine Engineering,Grace Perry,AGX-2021-008163-AGC-00175,INV-2022-0007584,NET 30 DAYS,1627,0,0,Paid,Arcadia Marine Engineering,Paid
2022-01-29,2022-02-05,2022-04-29,2022,1,January,28213.85,0.0,Arcadia Infrastructure,AGC-00155,Arcadia Infrastructure,Noah Keller,AGX-2022-009578-AGC-00155,INV-2022-0008908,20% ADVANCE / NET 90,1566,0,0,Paid,Arcadia Infrastructure,Paid
2022-01-31,2022-02-10,2022-04-01,2022,1,January,198170.71,0.0,Northstar Offshore Systems,AGC-00030,Northstar Offshore Systems,Adrian Walker,AGX-2021-007551-AGC-00030,INV-2022-0007016,NET 60 DAYS,1594,0,0,Paid,Northstar Offshore Systems,Paid
2022-02-04,2022-02-04,2022-04-05,2022,2,February,133074.1,0.0,Northstar Infrastructure,AGC-00007,Northstar Infrastructure,Grace Perry,AGX-2021-007877-AGC-00007,INV-2022-0007313,30% ADVANCE / NET 60,1590,0,0,Paid,Northstar Infrastructure,Paid
2022-02-06,2022-02-06,2022-04-07,2022,2,February,306541.03,0.0,Northstar Mining Services,AGC-00009,Northstar Mining Services,Lina Sato,AGX-2021-008611-AGC-00009,INV-2022-0008002,NET 60 DAYS,1588,0,0,Paid,Northstar Mining Services,Paid
2022-02-10,2022-02-10,2022-04-11,2022,2,February,282387.07,0.0,Cobalt Marine Services,AGC-00076,Cobalt Marine Services,Avery Morgan,AGX-2022-010383-AGC-00076,INV-2022-0009646,NET 60 DAYS,1584,0,0,Paid,Cobalt Marine Services,Paid
2022-02-16,2022-02-24,2022-04-17,2022,2,February,67907.71,0.0,Northstar Offshore Systems,AGC-00030,Northstar Offshore Systems,Adrian Walker,AGX-2022-008918-AGC-00030,INV-2022-0008290,NET 60 DAYS,1578,0,0,Paid,Northstar Offshore Systems,Paid
2022-02-17,2022-02-18,2022-05-18,2022,2,February,206643.12,0.0,Helios Technical Services,AGC-00072,Helios Technical Services,Adrian Walker,AGX-2022-009332-AGC-00072,INV-2022-0008672,NET 90 DAYS,1547,0,0,Paid,Helios Technical Services,Paid
2022-02-17,2022-02-25,2022-03-19,2022,2,February,405639.23,0.0,Arcadia Process Solutions,AGC-00152,Arcadia Process Solutions,Leo Foster,AGX-2022-010003-AGC-00152,INV-2022-0009301,NET 30 DAYS,1607,0,0,Paid,Arcadia Process Solutions,Paid
2022-02-17,2022-02-25,2022-05-18,2022,2,February,76117.16,7611.72,Meridian Industrial Services,AGC-00143,Meridian Industrial Services,Zara Grant,AGX-2022-010432-AGC-00143,INV-2022-0009690,20% ADVANCE / NET 90,1547,0,1547,1547 day(s) overdue,Meridian Industrial Services,90+ Days
2022-02-19,2022-02-22,2022-04-05,2022,2,February,578349.56,0.0,Northstar Energy Systems,AGC-00001,Northstar Energy Systems,Noah Keller,AGX-2022-009760-AGC-00001,INV-2022-0009080,NET 45 DAYS,1590,0,0,Paid,Northstar Energy Systems,Paid
2022-02-21,2022-03-02,2022-05-22,2022,2,February,126347.56,0.0,Meridian Drilling Solutions,AGC-00129,Meridian Drilling Solutions,Zara Grant,AGX-2021-007965-AGC-00129,INV-2022-0007395,NET 90 DAYS,1543,0,0,Paid,Meridian Drilling Solutions,Paid
2022-02-21,2022-02-23,2022-04-07,2022,2,February,727965.32,0.0,Helios Mechanical,AGC-00051,Helios Mechanical,Lina Sato,AGX-2022-008973-AGC-00051,INV-2022-0008338,NET 45 DAYS,1588,0,0,Paid,Helios Mechanical,Paid
2022-02-25,2022-03-02,2022-04-26,2022,2,February,911714.87,0.0,Cobalt Pipeline Services,AGC-00096,Cobalt Pipeline Services,Leo Foster,AGX-2022-009857-AGC-00096,INV-2022-0009169,NET 60 DAYS,1569,0,0,Paid,Cobalt Pipeline Services,Paid
2022-02-27,2022-03-07,2022-04-28,2022,2,February,62354.49,0.0,Helios Rotating Equipment,AGC-00060,Helios Rotating Equipment,Theo Price,AGX-2021-008279-AGC-00060,INV-2022-0007688,20% ADVANCE / NET 60,1567,0,0,Paid,Helios Rotating Equipment,Paid
2022-02-28,2022-03-08,2022-05-29,2022,2,February,56663.14,0.0,Cobalt Offshore Engineering,AGC-00079,Cobalt Offshore Engineering,Lina Sato,AGX-2022-010075-AGC-00079,INV-2022-0009366,NET 90 DAYS,1536,0,0,Paid,Cobalt Offshore Engineering,Paid
2022-03-04,2022-03-10,2022-04-03,2022,3,March,2528250.08,0.0,Helios Flow Technologies,AGC-00043,Helios Flow Technologies,Noah Keller,AGX-2021-008706-AGC-00043,INV-2022-0008093,NET 30 DAYS,1592,0,0,Paid,Helios Flow Technologies,Paid
2022-03-06,2022-03-14,2022-04-05,2022,3,March,127932.13,0.0,Cobalt Instrumentation,AGC-00108,Cobalt Instrumentation,Camille Martin,AGX-2021-007954-AGC-00108,INV-2022-0007385,NET 30 DAYS,1590,0,0,Paid,Cobalt Instrumentation,Paid
2022-03-13,2022-03-14,2022-04-12,2022,3,March,777879.04,0.0,Meridian Industrial Group,AGC-00114,Meridian Industrial Group,Adrian Walker,AGX-2022-009162-AGC-00114,INV-2022-0008516,NET 30 DAYS,1583,0,0,Paid,Meridian Industrial Group,Paid
2022-03-13,2022-03-22,2022-05-12,2022,3,March,568078.48,0.0,Helios Utilities,AGC-00049,Helios Utilities,Grace Perry,AGX-2022-009384-AGC-00049,INV-2022-0008722,30% ADVANCE / NET 60,1553,0,0,Paid,Helios Utilities,Paid
2022-03-15,2022-03-16,2022-05-14,2022,3,March,24057.46,0.0,Northstar Flow Systems,AGC-00033,Northstar Flow Systems,Lucas Hayes,AGX-2022-009207-AGC-00033,INV-2022-0008556,NET 60 DAYS,1551,0,0,Paid,Northstar Flow Systems,Paid
2022-03-17,2022-03-21,2022-04-16,2022,3,March,108290.06,0.0,Northstar Engineering,AGC-00017,Northstar Engineering,Zara Grant,AGX-2022-008932-AGC-00017,INV-2022-0008304,NET 30 DAYS,1579,0,0,Paid,Northstar Engineering,Paid
2022-03-17,2022-03-23,2022-05-16,2022,3,March,1061735.29,0.0,Northstar Automation,AGC-00011,Northstar Automation,Mila Diaz,AGX-2022-009243-AGC-00011,INV-2022-0008589,20% ADVANCE / NET 60,1549,0,0,Paid,Northstar Automation,Paid
2022-03-21,2022-03-25,2022-04-20,2022,3,March,657785.77,0.0,Cobalt Industrial Solutions,AGC-00110,Cobalt Industrial Solutions,Leo Foster,AGX-2022-010409-AGC-00110,INV-2022-0009669,NET 30 DAYS,1575,0,0,Paid,Cobalt Industrial Solutions,Paid
2022-03-22,2022-03-28,2022-04-21,2022,3,March,688439.15,0.0,Arcadia Marine Engineering,AGC-00175,Arcadia Marine Engineering,Grace Perry,AGX-2022-010012-AGC-00175,INV-2022-0009309,NET 30 DAYS,1574,0,0,Paid,Arcadia Marine Engineering,Paid
2022-03-24,2022-03-24,2022-05-23,2022,3,March,1321157.15,0.0,Arcadia Offshore Systems,AGC-00178,Arcadia Offshore Systems,Camille Martin,AGX-2022-009264-AGC-00178,INV-2022-0008609,30% ADVANCE / NET 60,1542,0,0,Paid,Arcadia Offshore Systems,Paid
2022-03-24,2022-04-02,2022-05-23,2022,3,March,527399.46,0.0,Northstar Process Controls,AGC-00016,Northstar Process Controls,Adrian Walker,AGX-2022-009705-AGC-00016,INV-2022-0009027,NET 60 DAYS,1542,0,0,Paid,Northstar Process Controls,Paid
2022-03-27,2022-03-27,2022-05-26,2022,3,March,544400.3,0.0,Cobalt Energy Systems,AGC-00075,Cobalt Energy Systems,Lucas Hayes,AGX-2022-010390-AGC-00075,INV-2022-0009651,NET 60 DAYS,1539,0,0,Paid,Cobalt Energy Systems,Paid
2022-03-28,2022-04-02,2022-05-27,2022,3,March,927419.2,0.0,Arcadia Process Controls,AGC-00164,Arcadia Process Controls,Camille Martin,AGX-2022-010551-AGC-00164,INV-2022-0009804,30% ADVANCE / NET 60,1538,0,0,Paid,Arcadia Process Controls,Paid
2022-03-28,2022-04-07,2022-05-12,2022,3,March,610990.26,0.0,Northstar Marine Services,AGC-00002,Northstar Marine Services,Adrian Walker,AGX-2022-010609-AGC-00002,INV-2022-0009856,NET 45 DAYS,1553,0,0,Paid,Northstar Marine Services,Paid
2022-03-31,2022-04-06,2022-05-30,2022,3,March,259172.87,0.0,Meridian Automation,AGC-00122,Meridian Automation,Camille Martin,AGX-2022-009484-AGC-00122,INV-2022-0008819,NET 60 DAYS,1535,0,0,Paid,Meridian Automation,Paid
2022-04-05,2022-04-06,2022-05-05,2022,4,April,747277.62,0.0,Cobalt Marine Supply,AGC-00111,Cobalt Marine Supply,Eva Lewis,AGX-2022-010598-AGC-00111,INV-2022-0009846,NET 30 DAYS,1560,0,0,Paid,Cobalt Marine Supply,Paid
2022-04-09,2022-04-16,2022-05-09,2022,4,April,86747.53,0.0,Meridian Utilities,AGC-00123,Meridian Utilities,Mila Diaz,AGX-2022-010466-AGC-00123,INV-2022-0009723,NET 30 DAYS,1556,0,0,Paid,Meridian Utilities,Paid
2022-04-13,2022-04-23,2022-07-12,2022,4,April,1898765.05,0.0,Cobalt Production Services,AGC-00102,Cobalt Production Services,Theo Price,AGX-2022-009508-AGC-00102,INV-2022-0008841,NET 90 DAYS,1492,0,0,Paid,Cobalt Production Services,Paid
2022-04-13,2022-04-21,2022-06-12,2022,4,April,253762.01,0.0,Meridian Technical Services,AGC-00146,Meridian Technical Services,Avery Morgan,AGX-2022-010416-AGC-00146,INV-2022-0009676,NET 60 DAYS,1522,0,0,Paid,Meridian Technical Services,Paid
2022-04-14,2022-04-16,2022-07-13,2022,4,April,79806.37,0.0,Arcadia Offshore Engineering,AGC-00153,Arcadia Offshore Engineering,Eva Lewis,AGX-2022-010189-AGC-00153,INV-2022-0009470,20% ADVANCE / NET 90,1491,0,0,Paid,Arcadia Offshore Engineering,Paid
2022-04-14,2022-04-17,2022-06-13,2022,4,April,206668.02,0.0,Arcadia Drilling Solutions,AGC-00166,Arcadia Drilling Solutions,Leo Foster,AGX-2022-010557-AGC-00166,INV-2022-0009810,20% ADVANCE / NET 60,1521,0,0,Paid,Arcadia Drilling Solutions,Paid
2022-04-17,2022-04-20,2022-06-16,2022,4,April,226128.41,0.0,Arcadia Energy Projects,AGC-00174,Arcadia Energy Projects,Avery Morgan,AGX-2022-009076-AGC-00174,INV-2022-0008435,NET 60 DAYS,1518,0,0,Paid,Arcadia Energy Projects,Paid
2022-04-18,2022-04-21,2022-06-02,2022,4,April,3793.79,0.0,Arcadia Industrial Maintenance,AGC-00168,Arcadia Industrial Maintenance,Priya Nguyen,AGX-2022-009131-AGC-00168,INV-2022-0008487,NET 45 DAYS,1532,0,0,Paid,Arcadia Industrial Maintenance,Paid
2022-04-18,2022-04-23,2022-06-17,2022,4,April,272175.02,0.0,Cobalt Marine Engineering,AGC-00101,Cobalt Marine Engineering,Zara Grant,AGX-2022-009560-AGC-00101,INV-2022-0008892,NET 60 DAYS,1517,0,0,Paid,Cobalt Marine Engineering,Paid
2022-04-19,2022-04-20,2022-06-18,2022,4,April,252308.99,0.0,Arcadia Energy Projects,AGC-00174,Arcadia Energy Projects,Avery Morgan,AGX-2022-009886-AGC-00174,INV-2022-0009196,NET 60 DAYS,1516,0,0,Paid,Arcadia Energy Projects,Paid
2022-04-22,2022-04-23,2022-06-06,2022,4,April,476291.24,0.0,Cobalt Waterworks,AGC-00084,Cobalt Waterworks,Priya Nguyen,AGX-2022-009247-AGC-00084,INV-2022-0008593,NET 45 DAYS,1528,0,0,Paid,Cobalt Waterworks,Paid
2022-04-28,2022-04-28,2022-06-27,2022,4,April,103490.5,0.0,Northstar Drilling Solutions,AGC-00018,Northstar Drilling Solutions,Theo Price,AGX-2022-010200-AGC-00018,INV-2022-0009480,NET 60 DAYS,1507,0,0,Paid,Northstar Drilling Solutions,Paid
2022-04-30,2022-05-08,2022-06-29,2022,4,April,1857187.72,0.0,Meridian Energy Systems,AGC-00112,Meridian Energy Systems,Priya Nguyen,AGX-2022-008911-AGC-00112,INV-2022-0008283,NET 60 DAYS,1505,0,0,Paid,Meridian Energy Systems,Paid
2022-04-30,2022-05-10,2022-06-29,2022,4,April,220844.65,0.0,Cobalt Offshore Systems,AGC-00104,Cobalt Offshore Systems,Avery Morgan,AGX-2022-009391-AGC-00104,INV-2022-0008729,NET 60 DAYS,1505,0,0,Paid,Cobalt Offshore Systems,Paid
2022-05-03,2022-05-05,2022-06-02,2022,5,May,119505.78,0.0,Northstar Technical Services,AGC-00035,Northstar Technical Services,Grace Perry,AGX-2022-008934-AGC-00035,INV-2022-0008306,NET 30 DAYS,1532,0,0,Paid,Northstar Technical Services,Paid
2022-05-05,2022-05-10,2022-06-19,2022,5,May,32967.88,0.0,Northstar Offshore Engineering,AGC-00005,Northstar Offshore Engineering,Lucas Hayes,AGX-2022-009909-AGC-00005,INV-2022-0009216,NET 45 DAYS,1515,0,0,Paid,Northstar Offshore Engineering,Paid
2022-05-06,2022-05-13,2022-06-05,2022,5,May,759942.96,0.0,Meridian Industrial Maintenance,AGC-00131,Meridian Industrial Maintenance,Lucas Hayes,AGX-2022-009492-AGC-00131,INV-2022-0008826,NET 30 DAYS,1529,0,0,Paid,Meridian Industrial Maintenance,Paid
2022-05-06,2022-05-08,2022-07-05,2022,5,May,545489.56,0.0,Northstar Industrial Services,AGC-00032,Northstar Industrial Services,Theo Price,AGX-2022-010298-AGC-00032,INV-2022-0009571,30% ADVANCE / NET 60,1499,0,0,Paid,Northstar Industrial Services,Paid
2022-05-07,2022-05-07,2022-06-21,2022,5,May,41344.41,0.0,Northstar Industrial Group,AGC-00003,Northstar Industrial Group,Zara Grant,AGX-2022-009519-AGC-00003,INV-2022-0008852,NET 45 DAYS,1513,0,0,Paid,Northstar Industrial Group,Paid
2022-05-07,2022-05-13,2022-07-06,2022,5,May,71774.16,0.0,Meridian Marine Services,AGC-00113,Meridian Marine Services,Noah Keller,AGX-2022-010590-AGC-00113,INV-2022-0009839,NET 60 DAYS,1498,0,0,Paid,Meridian Marine Services,Paid
2022-05-09,2022-05-11,2022-06-08,2022,5,May,1050175.42,0.0,Cobalt Industrial Maintenance,AGC-00094,Cobalt Industrial Maintenance,Camille Martin,AGX-2022-009650-AGC-00094,INV-2022-0008975,NET 30 DAYS,1526,0,0,Paid,Cobalt Industrial Maintenance,Paid
2022-05-10,2022-05-12,2022-07-09,2022,5,May,531113.62,0.0,Cobalt Industrial Services,AGC-00106,Cobalt Industrial Services,Julian Howard,AGX-2022-010225-AGC-00106,INV-2022-0009503,30% ADVANCE / NET 60,1495,0,0,Paid,Cobalt Industrial Services,Paid
2022-05-13,2022-05-20,2022-08-11,2022,5,May,330115.02,0.0,Arcadia Infrastructure,AGC-00155,Arcadia Infrastructure,Noah Keller,AGX-2022-008878-AGC-00155,INV-2022-0008253,20% ADVANCE / NET 90,1462,0,0,Paid,Arcadia Infrastructure,Paid
2022-05-14,2022-05-18,2022-07-13,2022,5,May,905825.66,0.0,Northstar Mining Services,AGC-00009,Northstar Mining Services,Lina Sato,AGX-2022-009630-AGC-00009,INV-2022-0008955,NET 60 DAYS,1491,0,0,Paid,Northstar Mining Services,Paid
2022-05-14,2022-05-14,2022-08-12,2022,5,May,4275281.51,0.0,Helios Marine Engineering,AGC-00064,Helios Marine Engineering,Julian Howard,AGX-2022-009666-AGC-00064,INV-2022-0008991,NET 90 DAYS,1461,0,0,Paid,Helios Marine Engineering,Paid
2022-05-14,2022-05-16,2022-07-13,2022,5,May,133660.38,0.0,Helios Offshore Systems,AGC-00067,Helios Offshore Systems,Mila Diaz,AGX-2022-010373-AGC-00067,INV-2022-0009637,NET 60 DAYS,1491,0,0,Paid,Helios Offshore Systems,Paid
2022-05-15,2022-05-15,2022-06-14,2022,5,May,268844.0,0.0,Helios Drilling Solutions,AGC-00055,Helios Drilling Solutions,Eva Lewis,AGX-2022-010014-AGC-00055,INV-2022-0009311,NET 30 DAYS,1520,0,0,Paid,Helios Drilling Solutions,Paid
2022-05-15,2022-05-17,2022-06-14,2022,5,May,174857.41,0.0,Cobalt Field Services,AGC-00087,Cobalt Field Services,Zara Grant,AGX-2022-010035-AGC-00087,INV-2022-0009331,NET 30 DAYS,1520,0,0,Paid,Cobalt Field Services,Paid
2022-05-21,2022-05-30,2022-07-05,2022,5,May,760789.99,0.0,Northstar Industrial Solutions,AGC-00036,Northstar Industrial Solutions,Julian Howard,AGX-2022-009037-AGC-00036,INV-2022-0008397,NET 45 DAYS,1499,0,0,Paid,Northstar Industrial Solutions,Paid
2022-05-22,2022-05-24,2022-07-21,2022,5,May,4600758.11,0.0,Arcadia Technical Supply,AGC-00172,Arcadia Technical Supply,Theo Price,AGX-2022-010566-AGC-00172,INV-2022-0009817,30% ADVANCE / NET 60,1483,0,0,Paid,Arcadia Technical Supply,Paid
2022-05-28,2022-05-30,2022-08-26,2022,5,May,165550.42,0.0,Arcadia Field Services,AGC-00161,Arcadia Field Services,Grace Perry,AGX-2022-009832-AGC-00161,INV-2022-0009146,20% ADVANCE / NET 90,1447,0,0,Paid,Arcadia Field Services,Paid
2022-05-30,2022-06-02,2022-06-29,2022,5,May,675010.88,0.0,Northstar Technical Services,AGC-00035,Northstar Technical Services,Grace Perry,AGX-2022-009989-AGC-00035,INV-2022-0009288,NET 30 DAYS,1505,0,0,Paid,Northstar Technical Services,Paid
2022-06-01,2022-06-10,2022-07-31,2022,6,June,1163079.15,0.0,Northstar Utilities,AGC-00012,Northstar Utilities,Leo Foster,AGX-2022-009982-AGC-00012,INV-2022-0009282,NET 60 DAYS,1473,0,0,Paid,Northstar Utilities,Paid
2022-06-02,2022-06-02,2022-08-01,2022,6,June,281187.44,0.0,Northstar Controls,AGC-00029,Northstar Controls,Noah Keller,AGX-2022-009535-AGC-00029,INV-2022-0008867,NET 60 DAYS,1472,0,0,Paid,Northstar Controls,Paid
2022-06-05,2022-06-13,2022-07-05,2022,6,June,567672.61,0.0,Helios Instrumentation,AGC-00071,Helios Instrumentation,Noah Keller,AGX-2022-009149-AGC-00071,INV-2022-0008503,NET 30 DAYS,1499,0,0,Paid,Helios Instrumentation,Paid
2022-06-06,2022-06-10,2022-07-06,2022,6,June,1125443.29,0.0,Meridian Controls,AGC-00140,Meridian Controls,Priya Nguyen,AGX-2022-008983-AGC-00140,INV-2022-0008347,NET 30 DAYS,1498,0,0,Paid,Meridian Controls,Paid
2022-06-10,2022-06-17,2022-07-25,2022,6,June,427902.26,0.0,Northstar Offshore Engineering,AGC-00005,Northstar Offshore Engineering,Lucas Hayes,AGX-2022-009904-AGC-00005,INV-2022-0009211,NET 45 DAYS,1479,0,0,Paid,Northstar Offshore Engineering,Paid
2022-06-11,2022-06-19,2022-08-10,2022,6,June,193188.95,0.0,Meridian Marine Engineering,AGC-00138,Meridian Marine Engineering,Leo Foster,AGX-2022-010371-AGC-00138,INV-2022-0009635,NET 60 DAYS,1463,0,0,Paid,Meridian Marine Engineering,Paid
2022-06-14,2022-06-24,2022-08-13,2022,6,June,257866.1,0.0,Northstar Petro Systems,AGC-00008,Northstar Petro Systems,Julian Howard,AGX-2022-010222-AGC-00008,INV-2022-0009500,NET 60 DAYS,1460,0,0,Paid,Northstar Petro Systems,Paid
2022-06-20,2022-06-23,2022-07-20,2022,6,June,598581.26,0.0,Cobalt Engineering,AGC-00091,Cobalt Engineering,Grace Perry,AGX-2022-009992-AGC-00091,INV-2022-0009291,NET 30 DAYS,1484,0,0,Paid,Cobalt Engineering,Paid
2022-06-24,2022-07-01,2022-08-08,2022,6,June,377694.62,0.0,Northstar Resources,AGC-00021,Northstar Resources,Grace Perry,AGX-2022-009674-AGC-00021,INV-2022-0008998,NET 45 DAYS,1465,0,0,Paid,Northstar Resources,Paid
2022-06-26,2022-06-29,2022-07-26,2022,6,June,855328.65,0.0,Arcadia Flow Technologies,AGC-00154,Arcadia Flow Technologies,Priya Nguyen,AGX-2022-010084-AGC-00154,INV-2022-0009373,NET 30 DAYS,1478,0,0,Paid,Arcadia Flow Technologies,Paid
2022-06-29,2022-06-30,2022-09-27,2022,6,June,7659.38,0.0,Helios Marine Engineering,AGC-00064,Helios Marine Engineering,Julian Howard,AGX-2022-009255-AGC-00064,INV-2022-0008600,NET 90 DAYS,1415,0,0,Paid,Helios Marine Engineering,Paid
2022-06-29,2022-07-07,2022-09-27,2022,6,June,260093.68,0.0,Arcadia Offshore Engineering,AGC-00153,Arcadia Offshore Engineering,Eva Lewis,AGX-2022-009981-AGC-00153,INV-2022-0009281,20% ADVANCE / NET 90,1415,0,0,Paid,Arcadia Offshore Engineering,Paid
2022-06-29,2022-07-02,2022-08-28,2022,6,June,216921.75,0.0,Northstar Production Services,AGC-00028,Northstar Production Services,Priya Nguyen,AGX-2022-010031-AGC-00028,INV-2022-0009327,NET 60 DAYS,1445,0,0,Paid,Northstar Production Services,Paid
2022-07-01,2022-07-06,2022-09-29,2022,7,July,500162.25,0.0,Arcadia Field Services,AGC-00161,Arcadia Field Services,Grace Perry,AGX-2022-009569-AGC-00161,INV-2022-0008900,20% ADVANCE / NET 90,1413,0,0,Paid,Arcadia Field Services,Paid
2022-07-03,2022-07-06,2022-08-02,2022,7,July,207604.79,0.0,Helios Drilling Solutions,AGC-00055,Helios Drilling Solutions,Eva Lewis,AGX-2022-009588-AGC-00055,INV-2022-0008917,NET 30 DAYS,1471,0,0,Paid,Helios Drilling Solutions,Paid
2022-07-04,2022-07-04,2022-10-02,2022,7,July,393190.45,0.0,Cobalt Drilling Solutions,AGC-00092,Cobalt Drilling Solutions,Julian Howard,AGX-2022-010479-AGC-00092,INV-2022-0009736,NET 90 DAYS,1410,0,0,Paid,Cobalt Drilling Solutions,Paid
2022-07-06,2022-07-15,2022-09-04,2022,7,July,140754.55,0.0,Meridian Refinery Services,AGC-00136,Meridian Refinery Services,Camille Martin,AGX-2022-009864-AGC-00136,INV-2022-0009176,20% ADVANCE / NET 60,1438,0,0,Paid,Meridian Refinery Services,Paid
2022-07-11,2022-07-12,2022-09-09,2022,7,July,212125.89,0.0,Northstar Process Controls,AGC-00016,Northstar Process Controls,Adrian Walker,AGX-2022-010147-AGC-00016,INV-2022-0009431,NET 60 DAYS,1433,0,0,Paid,Northstar Process Controls,Paid
2022-07-13,2022-07-18,2022-09-11,2022,7,July,54705.88,0.0,Cobalt Resources,AGC-00095,Cobalt Resources,Mila Diaz,AGX-2022-010361-AGC-00095,INV-2022-0009626,NET 60 DAYS,1431,0,0,Paid,Cobalt Resources,Paid
2022-07-15,2022-07-18,2022-09-13,2022,7,July,5039945.95,0.0,Northstar Mechanical Group,AGC-00031,Northstar Mechanical Group,Zara Grant,AGX-2022-010610-AGC-00031,INV-2022-0009857,20% ADVANCE / NET 60,1429,0,0,Paid,Northstar Mechanical Group,Paid
2022-07-18,2022-07-24,2022-09-16,2022,7,July,94702.66,0.0,Helios Rotating Equipment,AGC-00060,Helios Rotating Equipment,Theo Price,AGX-2022-009611-AGC-00060,INV-2022-0008937,20% ADVANCE / NET 60,1426,0,0,Paid,Helios Rotating Equipment,Paid
2022-07-21,2022-07-28,2022-08-20,2022,7,July,240940.62,0.0,Helios Technical Supply,AGC-00061,Helios Technical Supply,Lucas Hayes,AGX-2022-010448-AGC-00061,INV-2022-0009705,NET 30 DAYS,1453,0,0,Paid,Helios Technical Supply,Paid
2022-07-22,2022-07-26,2022-09-20,2022,7,July,1675242.81,0.0,Helios Infrastructure,AGC-00044,Helios Infrastructure,Adrian Walker,AGX-2022-008898-AGC-00044,INV-2022-0008270,NET 60 DAYS,1422,0,0,Paid,Helios Infrastructure,Paid
2022-07-22,2022-07-26,2022-09-20,2022,7,July,61842.84,0.0,Arcadia Rotating Equipment,AGC-00171,Arcadia Rotating Equipment,Zara Grant,AGX-2022-010059-AGC-00171,INV-2022-0009352,NET 60 DAYS,1422,0,0,Paid,Arcadia Rotating Equipment,Paid
2022-07-26,2022-08-05,2022-09-09,2022,7,July,98998.45,0.0,Arcadia Marine Services,AGC-00150,Arcadia Marine Services,Camille Martin,AGX-2022-009217-AGC-00150,INV-2022-0008565,NET 45 DAYS,1433,0,0,Paid,Arcadia Marine Services,Paid
2022-07-26,2022-07-26,2022-09-09,2022,7,July,1165795.96,0.0,Helios Mechanical,AGC-00051,Helios Mechanical,Lina Sato,AGX-2022-010636-AGC-00051,INV-2022-0009882,NET 45 DAYS,1433,0,0,Paid,Helios Mechanical,Paid
2022-07-27,2022-07-28,2022-09-25,2022,7,July,52498.16,0.0,Arcadia Industrial Group,AGC-00151,Arcadia Industrial Group,Mila Diaz,AGX-2022-010040-AGC-00151,INV-2022-0009336,20% ADVANCE / NET 60,1417,0,0,Paid,Arcadia Industrial Group,Paid
2022-07-29,2022-08-03,2022-10-27,2022,7,July,5368272.59,0.0,Northstar Industrial Maintenance,AGC-00020,Northstar Industrial Maintenance,Avery Morgan,AGX-2022-009235-AGC-00020,INV-2022-0008581,20% ADVANCE / NET 90,1385,0,0,Paid,Northstar Industrial Maintenance,Paid
2022-08-01,2022-08-02,2022-08-31,2022,8,August,1309829.62,0.0,Meridian Petro Systems,AGC-00119,Meridian Petro Systems,Grace Perry,AGX-2022-009196-AGC-00119,INV-2022-0008548,NET 30 DAYS,1442,0,0,Paid,Meridian Petro Systems,Paid
2022-08-02,2022-08-12,2022-09-01,2022,8,August,293581.62,0.0,Meridian Mining Services,AGC-00120,Meridian Mining Services,Julian Howard,AGX-2022-009100-AGC-00120,INV-2022-0008456,NET 30 DAYS,1441,0,0,Paid,Meridian Mining Services,Paid
2022-08-02,2022-08-04,2022-10-01,2022,8,August,318157.31,0.0,Cobalt Energy Systems,AGC-00075,Cobalt Energy Systems,Lucas Hayes,AGX-2022-009545-AGC-00075,INV-2022-0008877,NET 60 DAYS,1411,0,0,Paid,Cobalt Energy Systems,Paid
2022-08-02,2022-08-07,2022-10-31,2022,8,August,983067.91,0.0,Arcadia Utilities,AGC-00160,Arcadia Utilities,Avery Morgan,AGX-2022-009797-AGC-00160,INV-2022-0009112,NET 90 DAYS,1381,0,0,Paid,Arcadia Utilities,Paid
2022-08-02,2022-08-11,2022-10-01,2022,8,August,386810.67,0.0,Meridian Energy Systems,AGC-00112,Meridian Energy Systems,Priya Nguyen,AGX-2022-010394-AGC-00112,INV-2022-0009655,NET 60 DAYS,1411,0,0,Paid,Meridian Energy Systems,Paid
2022-08-05,2022-08-08,2022-09-04,2022,8,August,3554035.55,0.0,Helios Process Controls,AGC-00053,Helios Process Controls,Mila Diaz,AGX-2022-009386-AGC-00053,INV-2022-0008724,NET 30 DAYS,1438,0,0,Paid,Helios Process Controls,Paid
2022-08-11,2022-08-13,2022-09-10,2022,8,August,528198.57,0.0,Arcadia Waterworks,AGC-00158,Arcadia Waterworks,Theo Price,AGX-2022-009906-AGC-00158,INV-2022-0009213,NET 30 DAYS,1432,0,0,Paid,Arcadia Waterworks,Paid
2022-08-12,2022-08-22,2022-10-11,2022,8,August,27775.35,0.0,Northstar Waterworks,AGC-00010,Northstar Waterworks,Camille Martin,AGX-2022-009913-AGC-00010,INV-2022-0009219,NET 60 DAYS,1401,0,0,Paid,Northstar Waterworks,Paid
2022-08-12,2022-08-12,2022-10-11,2022,8,August,212850.35,0.0,Helios Energy Systems,AGC-00038,Helios Energy Systems,Camille Martin,AGX-2022-010069-AGC-00038,INV-2022-0009362,NET 60 DAYS,1401,0,0,Paid,Helios Energy Systems,Paid
2022-08-14,2022-08-24,2022-10-13,2022,8,August,936845.82,0.0,Meridian Industrial Solutions,AGC-00147,Meridian Industrial Solutions,Grace Perry,AGX-2022-009141-AGC-00147,INV-2022-0008496,30% ADVANCE / NET 60,1399,0,0,Paid,Meridian Industrial Solutions,Paid
2022-08-18,2022-08-24,2022-09-17,2022,8,August,179965.57,0.0,Helios Flow Technologies,AGC-00043,Helios Flow Technologies,Noah Keller,AGX-2022-009421-AGC-00043,INV-2022-0008757,NET 30 DAYS,1425,0,0,Paid,Helios Flow Technologies,Paid
2022-08-20,2022-08-25,2022-10-19,2022,8,August,1154077.1,0.0,Northstar Rotating Equipment,AGC-00023,Northstar Rotating Equipment,Lina Sato,AGX-2022-009988-AGC-00023,INV-2022-0009287,30% ADVANCE / NET 60,1393,0,0,Paid,Northstar Rotating Equipment,Paid
2022-08-22,2022-08-24,2022-09-21,2022,8,August,160667.46,0.0,Meridian Pipeline Services,AGC-00133,Meridian Pipeline Services,Grace Perry,AGX-2022-009702-AGC-00133,INV-2022-0009024,NET 30 DAYS,1421,0,0,Paid,Meridian Pipeline Services,Paid
2022-08-26,2022-09-03,2022-09-25,2022,8,August,262132.26,0.0,Northstar Energy Projects,AGC-00026,Northstar Energy Projects,Leo Foster,AGX-2022-009248-AGC-00026,INV-2022-0008594,NET 30 DAYS,1417,0,0,Paid,Northstar Energy Projects,Paid
2022-08-26,2022-09-04,2022-10-25,2022,8,August,104217.08,0.0,Meridian Marine Services,AGC-00113,Meridian Marine Services,Noah Keller,AGX-2022-009841-AGC-00113,INV-2022-0009155,NET 60 DAYS,1387,0,0,Paid,Meridian Marine Services,Paid
2022-08-26,2022-08-29,2022-10-25,2022,8,August,1453990.94,0.0,Northstar Offshore Systems,AGC-00030,Northstar Offshore Systems,Adrian Walker,AGX-2022-010584-AGC-00030,INV-2022-0009834,NET 60 DAYS,1387,0,0,Paid,Northstar Offshore Systems,Paid
2022-08-27,2022-08-27,2022-11-25,2022,8,August,194687.86,0.0,Helios Power Partners,AGC-00052,Helios Power Partners,Camille Martin,AGX-2022-010486-AGC-00052,INV-2022-0009743,20% ADVANCE / NET 90,1356,0,0,Paid,Helios Power Partners,Paid
2022-08-27,2022-08-30,2022-10-26,2022,8,August,311454.19,0.0,Cobalt Compression,AGC-00093,Cobalt Compression,Lina Sato,AGX-2022-010638-AGC-00093,INV-2022-0009884,NET 60 DAYS,1386,0,0,Paid,Cobalt Compression,Paid
2022-08-29,2022-09-07,2022-11-27,2022,8,August,318620.81,0.0,Northstar Industrial Maintenance,AGC-00020,Northstar Industrial Maintenance,Avery Morgan,AGX-2022-010097-AGC-00020,INV-2022-0009386,20% ADVANCE / NET 90,1354,0,0,Paid,Northstar Industrial Maintenance,Paid
2022-09-02,2022-09-09,2022-10-02,2022,9,September,124669.21,0.0,Cobalt Industrial Maintenance,AGC-00094,Cobalt Industrial Maintenance,Camille Martin,AGX-2022-009599-AGC-00094,INV-2022-0008926,NET 30 DAYS,1410,0,0,Paid,Cobalt Industrial Maintenance,Paid
2022-09-03,2022-09-03,2022-11-02,2022,9,September,294457.39,0.0,Cobalt Energy Systems,AGC-00075,Cobalt Energy Systems,Lucas Hayes,AGX-2022-009289-AGC-00075,INV-2022-0008633,NET 60 DAYS,1379,0,0,Paid,Cobalt Energy Systems,Paid
2022-09-04,2022-09-06,2022-12-03,2022,9,September,519901.26,0.0,Arcadia Infrastructure,AGC-00155,Arcadia Infrastructure,Noah Keller,AGX-2022-009957-AGC-00155,INV-2022-0009261,20% ADVANCE / NET 90,1348,0,0,Paid,Arcadia Infrastructure,Paid
2022-09-06,2022-09-10,2022-11-05,2022,9,September,348382.53,0.0,Helios Waterworks,AGC-00047,Helios Waterworks,Lucas Hayes,AGX-2022-009921-AGC-00047,INV-2022-0009227,NET 60 DAYS,1376,0,0,Paid,Helios Waterworks,Paid
2022-09-06,2022-09-13,2022-11-05,2022,9,September,162617.38,0.0,Meridian Mechanical,AGC-00125,Meridian Mechanical,Eva Lewis,AGX-2022-009954-AGC-00125,INV-2022-0009258,NET 60 DAYS,1376,0,0,Paid,Meridian Mechanical,Paid
2022-09-07,2022-09-15,2022-12-06,2022,9,September,654042.81,0.0,Cobalt Offshore Engineering,AGC-00079,Cobalt Offshore Engineering,Lina Sato,AGX-2022-010505-AGC-00079,INV-2022-0009761,NET 90 DAYS,1345,0,0,Paid,Cobalt Offshore Engineering,Paid
2022-09-08,2022-09-18,2022-11-07,2022,9,September,179384.5,0.0,Helios Rotating Equipment,AGC-00060,Helios Rotating Equipment,Theo Price,AGX-2022-009490-AGC-00060,INV-2022-0008824,20% ADVANCE / NET 60,1374,0,0,Paid,Helios Rotating Equipment,Paid
2022-09-09,2022-09-11,2022-11-08,2022,9,September,579700.27,17391.01,Northstar Drilling Solutions,AGC-00018,Northstar Drilling Solutions,Theo Price,AGX-2022-009009-AGC-00018,INV-2022-0008371,NET 60 DAYS,1373,0,1373,1373 day(s) overdue,Northstar Drilling Solutions,90+ Days
2022-09-10,2022-09-15,2022-11-09,2022,9,September,1619935.43,0.0,Cobalt Flow Systems,AGC-00107,Cobalt Flow Systems,Lina Sato,AGX-2022-010171-AGC-00107,INV-2022-0009453,NET 60 DAYS,1372,0,0,Paid,Cobalt Flow Systems,Paid
2022-09-13,2022-09-20,2022-11-12,2022,9,September,329615.95,0.0,Helios Compression,AGC-00056,Helios Compression,Priya Nguyen,AGX-2022-009389-AGC-00056,INV-2022-0008727,NET 60 DAYS,1369,0,0,Paid,Helios Compression,Paid
2022-09-13,2022-09-22,2022-11-12,2022,9,September,406237.27,0.0,Helios Resources,AGC-00058,Helios Resources,Adrian Walker,AGX-2022-009805-AGC-00058,INV-2022-0009120,30% ADVANCE / NET 60,1369,0,0,Paid,Helios Resources,Paid
2022-09-15,2022-09-15,2022-11-14,2022,9,September,151874.55,0.0,Meridian Resources,AGC-00132,Meridian Resources,Avery Morgan,AGX-2022-010564-AGC-00132,INV-2022-0009816,NET 60 DAYS,1367,0,0,Paid,Meridian Resources,Paid
2022-09-18,2022-09-18,2022-12-17,2022,9,September,600166.89,0.0,Helios Marine Engineering,AGC-00064,Helios Marine Engineering,Julian Howard,AGX-2022-008949-AGC-00064,INV-2022-0008318,NET 90 DAYS,1334,0,0,Paid,Helios Marine Engineering,Paid
2022-09-19,2022-09-28,2022-11-18,2022,9,September,4664815.58,0.0,Cobalt Controls,AGC-00103,Cobalt Controls,Lucas Hayes,AGX-2022-008977-AGC-00103,INV-2022-0008342,NET 60 DAYS,1363,0,0,Paid,Cobalt Controls,Paid
2022-09-19,2022-09-29,2022-11-18,2022,9,September,75551.98,0.0,Northstar Field Services,AGC-00013,Northstar Field Services,Eva Lewis,AGX-2022-010264-AGC-00013,INV-2022-0009541,NET 60 DAYS,1363,0,0,Paid,Northstar Field Services,Paid
2022-09-21,2022-09-22,2022-11-20,2022,9,September,3261005.29,0.0,Northstar Infrastructure,AGC-00007,Northstar Infrastructure,Grace Perry,AGX-2022-009518-AGC-00007,INV-2022-0008851,30% ADVANCE / NET 60,1361,0,0,Paid,Northstar Infrastructure,Paid
2022-09-21,2022-09-30,2022-12-20,2022,9,September,268104.71,0.0,Helios Refinery Services,AGC-00062,Helios Refinery Services,Avery Morgan,AGX-2022-010190-AGC-00062,INV-2022-0009471,NET 90 DAYS,1331,0,0,Paid,Helios Refinery Services,Paid
2022-09-23,2022-10-01,2022-10-23,2022,9,September,289662.05,0.0,Helios Production Services,AGC-00065,Helios Production Services,Lina Sato,AGX-2022-010330-AGC-00065,INV-2022-0009598,NET 30 DAYS,1389,0,0,Paid,Helios Production Services,Paid
2022-09-24,2022-10-03,2022-11-23,2022,9,September,357909.52,0.0,Meridian Resources,AGC-00132,Meridian Resources,Avery Morgan,AGX-2022-010452-AGC-00132,INV-2022-0009709,NET 60 DAYS,1358,0,0,Paid,Meridian Resources,Paid
2022-09-29,2022-10-08,2022-10-29,2022,9,September,104813.62,0.0,Meridian Energy Projects,AGC-00137,Meridian Energy Projects,Mila Diaz,AGX-2022-009627-AGC-00137,INV-2022-0008952,NET 30 DAYS,1383,0,0,Paid,Meridian Energy Projects,Paid
2022-09-30,2022-10-09,2022-11-29,2022,9,September,1524048.69,0.0,Northstar Instrumentation,AGC-00034,Northstar Instrumentation,Avery Morgan,AGX-2022-009636-AGC-00034,INV-2022-0008961,NET 60 DAYS,1352,0,0,Paid,Northstar Instrumentation,Paid
2022-09-30,2022-10-06,2022-11-14,2022,9,September,652660.03,0.0,Cobalt Refinery Services,AGC-00099,Cobalt Refinery Services,Noah Keller,AGX-2022-010244-AGC-00099,INV-2022-0009522,NET 45 DAYS,1367,0,0,Paid,Cobalt Refinery Services,Paid
2022-10-01,2022-10-01,2022-11-30,2022,10,October,967980.37,0.0,Meridian Offshore Engineering,AGC-00116,Meridian Offshore Engineering,Theo Price,AGX-2022-009745-AGC-00116,INV-2022-0009066,NET 60 DAYS,1351,0,0,Paid,Meridian Offshore Engineering,Paid
2022-10-05,2022-10-08,2022-12-04,2022,10,October,39921.17,0.0,Meridian Field Services,AGC-00124,Meridian Field Services,Leo Foster,AGX-2022-009656-AGC-00124,INV-2022-0008981,NET 60 DAYS,1347,0,0,Paid,Meridian Field Services,Paid
2022-10-09,2022-10-12,2022-12-08,2022,10,October,568637.11,17059.11,Meridian Process Controls,AGC-00127,Meridian Process Controls,Noah Keller,AGX-2022-010132-AGC-00127,INV-2022-0009419,NET 60 DAYS,1343,0,1343,1343 day(s) overdue,Meridian Process Controls,90+ Days
2022-10-09,2022-10-13,2022-12-08,2022,10,October,1898202.6,0.0,Arcadia Drilling Solutions,AGC-00166,Arcadia Drilling Solutions,Leo Foster,AGX-2022-010210-AGC-00166,INV-2022-0009489,20% ADVANCE / NET 60,1343,0,0,Paid,Arcadia Drilling Solutions,Paid
2022-10-10,2022-10-12,2022-12-09,2022,10,October,678674.92,0.0,Meridian Compression,AGC-00130,Meridian Compression,Theo Price,AGX-2022-009594-AGC-00130,INV-2022-0008922,NET 60 DAYS,1342,0,0,Paid,Meridian Compression,Paid
2022-10-10,2022-10-16,2022-11-09,2022,10,October,1167427.37,0.0,Cobalt Power Partners,AGC-00089,Cobalt Power Partners,Lucas Hayes,AGX-2022-010354-AGC-00089,INV-2022-0009619,NET 30 DAYS,1372,0,0,Paid,Cobalt Power Partners,Paid
2022-10-12,2022-10-21,2023-01-10,2022,10,October,235564.43,0.0,Meridian Instrumentation,AGC-00145,Meridian Instrumentation,Lucas Hayes,AGX-2022-010228-AGC-00145,INV-2022-0009506,NET 90 DAYS,1310,0,0,Paid,Meridian Instrumentation,Paid
2022-10-14,2022-10-20,2023-01-12,2022,10,October,1149166.24,0.0,Helios Power Partners,AGC-00052,Helios Power Partners,Camille Martin,AGX-2022-008854-AGC-00052,INV-2022-0008231,20% ADVANCE / NET 90,1308,0,0,Paid,Helios Power Partners,Paid
2022-10-14,2022-10-24,2022-11-13,2022,10,October,327155.61,0.0,Meridian Industrial Group,AGC-00114,Meridian Industrial Group,Adrian Walker,AGX-2022-009807-AGC-00114,INV-2022-0009122,NET 30 DAYS,1368,0,0,Paid,Meridian Industrial Group,Paid
2022-10-16,2022-10-25,2022-12-15,2022,10,October,3090.32,0.0,Meridian Energy Systems,AGC-00112,Meridian Energy Systems,Priya Nguyen,AGX-2022-008925-AGC-00112,INV-2022-0008297,NET 60 DAYS,1336,0,0,Paid,Meridian Energy Systems,Paid
2022-10-17,2022-10-26,2023-01-15,2022,10,October,1972995.77,59189.87,Meridian Drilling Solutions,AGC-00129,Meridian Drilling Solutions,Zara Grant,AGX-2022-008896-AGC-00129,INV-2022-0008269,NET 90 DAYS,1305,0,1305,1305 day(s) overdue,Meridian Drilling Solutions,90+ Days
2022-10-18,2022-10-20,2022-12-17,2022,10,October,614937.37,0.0,Arcadia Resources,AGC-00169,Arcadia Resources,Noah Keller,AGX-2022-009105-AGC-00169,INV-2022-0008461,20% ADVANCE / NET 60,1334,0,0,Paid,Arcadia Resources,Paid
2022-10-18,2022-10-22,2023-01-16,2022,10,October,1440265.34,0.0,Cobalt Technical Supply,AGC-00098,Cobalt Technical Supply,Priya Nguyen,AGX-2022-009223-AGC-00098,INV-2022-0008570,20% ADVANCE / NET 90,1304,0,0,Paid,Cobalt Technical Supply,Paid
2022-10-20,2022-10-22,2022-12-19,2022,10,October,295171.05,0.0,Arcadia Mining Services,AGC-00157,Arcadia Mining Services,Zara Grant,AGX-2022-009672-AGC-00157,INV-2022-0008996,30% ADVANCE / NET 60,1332,0,0,Paid,Arcadia Mining Services,Paid
2022-10-22,2022-10-22,2022-11-21,2022,10,October,398299.56,0.0,Helios Technical Supply,AGC-00061,Helios Technical Supply,Lucas Hayes,AGX-2022-009376-AGC-00061,INV-2022-0008715,NET 30 DAYS,1360,0,0,Paid,Helios Technical Supply,Paid
2022-10-22,2022-10-22,2022-12-21,2022,10,October,491388.9,0.0,Meridian Marine Supply,AGC-00148,Meridian Marine Supply,Julian Howard,AGX-2022-010637-AGC-00148,INV-2022-0009883,NET 60 DAYS,1330,0,0,Paid,Meridian Marine Supply,Paid
2022-10-23,2022-10-28,2022-12-22,2022,10,October,505822.49,0.0,Helios Marine Supply,AGC-00074,Helios Marine Supply,Theo Price,AGX-2022-009736-AGC-00074,INV-2022-0009057,30% ADVANCE / NET 60,1329,0,0,Paid,Helios Marine Supply,Paid
2022-10-26,2022-10-28,2022-12-25,2022,10,October,36252.51,0.0,Cobalt Infrastructure,AGC-00081,Cobalt Infrastructure,Mila Diaz,AGX-2022-009965-AGC-00081,INV-2022-0009267,NET 60 DAYS,1326,0,0,Paid,Cobalt Infrastructure,Paid
2022-10-26,2022-10-26,2023-01-24,2022,10,October,143115.91,0.0,Cobalt Drilling Solutions,AGC-00092,Cobalt Drilling Solutions,Julian Howard,AGX-2022-009990-AGC-00092,INV-2022-0009289,NET 90 DAYS,1296,0,0,Paid,Cobalt Drilling Solutions,Paid
2022-10-26,2022-10-26,2022-12-25,2022,10,October,188084.86,0.0,Northstar Marine Supply,AGC-00037,Northstar Marine Supply,Lina Sato,AGX-2022-010586-AGC-00037,INV-2022-0009836,NET 60 DAYS,1326,0,0,Paid,Northstar Marine Supply,Paid
2022-10-27,2022-10-31,2023-01-25,2022,10,October,1291493.89,0.0,Arcadia Pipeline Services,AGC-00170,Arcadia Pipeline Services,Adrian Walker,AGX-2022-010001-AGC-00170,INV-2022-0009299,20% ADVANCE / NET 90,1295,0,0,Paid,Arcadia Pipeline Services,Paid
2022-10-28,2022-11-03,2022-12-27,2022,10,October,1951488.86,0.0,Arcadia Compression,AGC-00167,Arcadia Compression,Eva Lewis,AGX-2022-009798-AGC-00167,INV-2022-0009113,NET 60 DAYS,1324,0,0,Paid,Arcadia Compression,Paid
2022-10-29,2022-10-30,2022-12-28,2022,10,October,2492226.51,0.0,Meridian Compression,AGC-00130,Meridian Compression,Theo Price,AGX-2022-010047-AGC-00130,INV-2022-0009343,NET 60 DAYS,1323,0,0,Paid,Meridian Compression,Paid
2022-10-30,2022-11-08,2022-12-14,2022,10,October,13179.49,0.0,Meridian Offshore Systems,AGC-00141,Meridian Offshore Systems,Noah Keller,AGX-2022-009234-AGC-00141,INV-2022-0008580,NET 45 DAYS,1337,0,0,Paid,Meridian Offshore Systems,Paid
2022-10-31,2022-11-03,2022-11-30,2022,10,October,213941.19,0.0,Cobalt Instrumentation,AGC-00108,Cobalt Instrumentation,Camille Martin,AGX-2022-009166-AGC-00108,INV-2022-0008520,NET 30 DAYS,1351,0,0,Paid,Cobalt Instrumentation,Paid
2022-11-01,2022-11-02,2022-12-01,2022,11,November,494850.11,0.0,Meridian Pipeline Services,AGC-00133,Meridian Pipeline Services,Grace Perry,AGX-2022-009200-AGC-00133,INV-2022-0008550,NET 30 DAYS,1350,0,0,Paid,Meridian Pipeline Services,Paid
2022-11-04,2022-11-06,2022-12-04,2022,11,November,252589.28,0.0,Arcadia Petro Systems,AGC-00156,Arcadia Petro Systems,Adrian Walker,AGX-2022-009462-AGC-00156,INV-2022-0008798,NET 30 DAYS,1347,0,0,Paid,Arcadia Petro Systems,Paid
2022-11-04,2022-11-10,2023-01-03,2022,11,November,498986.02,0.0,Arcadia Engineering,AGC-00165,Arcadia Engineering,Mila Diaz,AGX-2022-010593-AGC-00165,INV-2022-0009842,20% ADVANCE / NET 60,1317,0,0,Paid,Arcadia Engineering,Paid
2022-11-05,2022-11-06,2023-01-04,2022,11,November,35805.65,0.0,Meridian Flow Systems,AGC-00144,Meridian Flow Systems,Theo Price,AGX-2022-010148-AGC-00144,INV-2022-0009432,NET 60 DAYS,1316,0,0,Paid,Meridian Flow Systems,Paid
2022-11-05,2022-11-09,2023-01-04,2022,11,November,131652.53,0.0,Meridian Technical Supply,AGC-00135,Meridian Technical Supply,Lina Sato,AGX-2022-010563-AGC-00135,INV-2022-0009815,30% ADVANCE / NET 60,1316,0,0,Paid,Meridian Technical Supply,Paid
2022-11-07,2022-11-09,2022-12-07,2022,11,November,237284.49,0.0,Cobalt Mechanical,AGC-00088,Cobalt Mechanical,Theo Price,AGX-2022-009058-AGC-00088,INV-2022-0008418,NET 30 DAYS,1344,0,0,Paid,Cobalt Mechanical,Paid
2022-11-10,2022-11-18,2023-01-09,2022,11,November,719040.06,0.0,Meridian Marine Services,AGC-00113,Meridian Marine Services,Noah Keller,AGX-2022-010135-AGC-00113,INV-2022-0009421,NET 60 DAYS,1311,0,0,Paid,Meridian Marine Services,Paid
2022-11-11,2022-11-11,2023-01-10,2022,11,November,475534.16,0.0,Helios Flow Systems,AGC-00070,Helios Flow Systems,Priya Nguyen,AGX-2022-009305-AGC-00070,INV-2022-0008647,NET 60 DAYS,1310,0,0,Paid,Helios Flow Systems,Paid
2022-11-14,2022-11-15,2023-01-13,2022,11,November,646502.11,0.0,Meridian Mechanical,AGC-00125,Meridian Mechanical,Eva Lewis,AGX-2022-009548-AGC-00125,INV-2022-0008880,NET 60 DAYS,1307,0,0,Paid,Meridian Mechanical,Paid
2022-11-15,2022-11-21,2023-02-13,2022,11,November,438949.24,0.0,Northstar Compression,AGC-00019,Northstar Compression,Lucas Hayes,AGX-2022-009222-AGC-00019,INV-2022-0008569,NET 90 DAYS,1276,0,0,Paid,Northstar Compression,Paid
2022-11-20,2022-11-27,2022-12-20,2022,11,November,482053.85,0.0,Cobalt Utilities,AGC-00086,Cobalt Utilities,Adrian Walker,AGX-2022-009501-AGC-00086,INV-2022-0008834,NET 30 DAYS,1331,0,0,Paid,Cobalt Utilities,Paid
2022-11-20,2022-11-23,2023-01-19,2022,11,November,1060564.69,0.0,Northstar Refinery Services,AGC-00025,Northstar Refinery Services,Mila Diaz,AGX-2022-010252-AGC-00025,INV-2022-0009529,30% ADVANCE / NET 60,1301,0,0,Paid,Northstar Refinery Services,Paid
2022-11-20,2022-11-27,2023-01-19,2022,11,November,1656542.42,0.0,Arcadia Technical Supply,AGC-00172,Arcadia Technical Supply,Theo Price,AGX-2022-010501-AGC-00172,INV-2022-0009757,30% ADVANCE / NET 60,1301,0,0,Paid,Arcadia Technical Supply,Paid
2022-11-23,2022-11-26,2023-01-22,2022,11,November,627104.11,0.0,Cobalt Technical Services,AGC-00109,Cobalt Technical Services,Mila Diaz,AGX-2022-009125-AGC-00109,INV-2022-0008481,NET 60 DAYS,1298,0,0,Paid,Cobalt Technical Services,Paid
2022-11-24,2022-11-26,2023-01-23,2022,11,November,62052.91,0.0,Helios Energy Projects,AGC-00063,Helios Energy Projects,Grace Perry,AGX-2022-009278-AGC-00063,INV-2022-0008622,20% ADVANCE / NET 60,1297,0,0,Paid,Helios Energy Projects,Paid
2022-11-24,2022-12-04,2023-02-22,2022,11,November,1230422.01,0.0,Helios Pipeline Services,AGC-00059,Helios Pipeline Services,Zara Grant,AGX-2022-010343-AGC-00059,INV-2022-0009610,NET 90 DAYS,1267,0,0,Paid,Helios Pipeline Services,Paid
2022-11-25,2022-11-28,2023-01-24,2022,11,November,26454.07,0.0,Meridian Technical Supply,AGC-00135,Meridian Technical Supply,Lina Sato,AGX-2022-009265-AGC-00135,INV-2022-0008610,30% ADVANCE / NET 60,1296,0,0,Paid,Meridian Technical Supply,Paid
2022-11-25,2022-11-27,2022-12-25,2022,11,November,100763.78,0.0,Northstar Process Solutions,AGC-00004,Northstar Process Solutions,Theo Price,AGX-2022-009360-AGC-00004,INV-2022-0008700,NET 30 DAYS,1326,0,0,Paid,Northstar Process Solutions,Paid
2022-11-27,2022-12-02,2023-01-26,2022,11,November,541837.58,0.0,Helios Process Solutions,AGC-00041,Helios Process Solutions,Eva Lewis,AGX-2022-009716-AGC-00041,INV-2022-0009038,20% ADVANCE / NET 60,1294,0,0,Paid,Helios Process Solutions,Paid
2022-11-27,2022-12-05,2023-01-26,2022,11,November,260310.78,0.0,Arcadia Industrial Services,AGC-00180,Arcadia Industrial Services,Leo Foster,AGX-2022-010206-AGC-00180,INV-2022-0009485,20% ADVANCE / NET 60,1294,0,0,Paid,Arcadia Industrial Services,Paid
2022-11-27,2022-11-27,2023-02-25,2022,11,November,17482.52,0.0,Helios Industrial Group,AGC-00040,Helios Industrial Group,Leo Foster,AGX-2022-010342-AGC-00040,INV-2022-0009609,NET 90 DAYS,1264,0,0,Paid,Helios Industrial Group,Paid
2022-11-29,2022-11-30,2023-02-27,2022,11,November,32960.82,0.0,Arcadia Production Services,AGC-00176,Arcadia Production Services,Julian Howard,AGX-2022-010401-AGC-00176,INV-2022-0009662,20% ADVANCE / NET 90,1262,0,0,Paid,Arcadia Production Services,Paid
2022-11-30,2022-12-01,2023-02-28,2022,11,November,136822.53,0.0,Meridian Infrastructure,AGC-00118,Meridian Infrastructure,Avery Morgan,AGX-2022-009868-AGC-00118,INV-2022-0009180,NET 90 DAYS,1261,0,0,Paid,Meridian Infrastructure,Paid
2022-11-30,2022-12-05,2023-01-29,2022,11,November,68913.69,0.0,Helios Marine Services,AGC-00039,Helios Marine Services,Mila Diaz,AGX-2022-009919-AGC-00039,INV-2022-0009225,20% ADVANCE / NET 60,1291,0,0,Paid,Helios Marine Services,Paid
2022-11-30,2022-12-05,2023-01-29,2022,11,November,3904960.33,0.0,Northstar Marine Engineering,AGC-00027,Northstar Marine Engineering,Eva Lewis,AGX-2022-010193-AGC-00027,INV-2022-0009473,NET 60 DAYS,1291,0,0,Paid,Northstar Marine Engineering,Paid
2022-12-04,2022-12-14,2023-02-02,2022,12,December,267650.13,0.0,Meridian Offshore Engineering,AGC-00116,Meridian Offshore Engineering,Theo Price,AGX-2022-009132-AGC-00116,INV-2022-0008488,NET 60 DAYS,1287,0,0,Paid,Meridian Offshore Engineering,Paid
2022-12-05,2022-12-11,2023-02-03,2022,12,December,1564412.56,0.0,Meridian Technical Services,AGC-00146,Meridian Technical Services,Avery Morgan,AGX-2022-009676-AGC-00146,INV-2022-0009000,NET 60 DAYS,1286,0,0,Paid,Meridian Technical Services,Paid
2022-12-06,2022-12-13,2023-03-06,2022,12,December,828564.73,0.0,Cobalt Industrial Group,AGC-00077,Cobalt Industrial Group,Grace Perry,AGX-2022-009566-AGC-00077,INV-2022-0008897,20% ADVANCE / NET 90,1255,0,0,Paid,Cobalt Industrial Group,Paid
2022-12-08,2022-12-12,2023-03-08,2022,12,December,669908.86,0.0,Cobalt Drilling Solutions,AGC-00092,Cobalt Drilling Solutions,Julian Howard,AGX-2022-009758-AGC-00092,INV-2022-0009078,NET 90 DAYS,1253,0,0,Paid,Cobalt Drilling Solutions,Paid
2022-12-09,2022-12-16,2023-02-07,2022,12,December,314393.48,0.0,Cobalt Mining Services,AGC-00083,Cobalt Mining Services,Eva Lewis,AGX-2022-010013-AGC-00083,INV-2022-0009310,NET 60 DAYS,1282,0,0,Paid,Cobalt Mining Services,Paid
2022-12-10,2022-12-20,2023-02-08,2022,12,December,836157.52,0.0,Helios Offshore Engineering,AGC-00042,Helios Offshore Engineering,Priya Nguyen,AGX-2022-009035-AGC-00042,INV-2022-0008395,20% ADVANCE / NET 60,1281,0,0,Paid,Helios Offshore Engineering,Paid
2022-12-11,2022-12-13,2023-02-09,2022,12,December,395442.09,0.0,Northstar Field Services,AGC-00013,Northstar Field Services,Eva Lewis,AGX-2022-009250-AGC-00013,INV-2022-0008596,NET 60 DAYS,1280,0,0,Paid,Northstar Field Services,Paid
2022-12-12,2022-12-20,2023-01-11,2022,12,December,183760.56,0.0,Arcadia Marine Engineering,AGC-00175,Arcadia Marine Engineering,Grace Perry,AGX-2022-009794-AGC-00175,INV-2022-0009109,NET 30 DAYS,1309,0,0,Paid,Arcadia Marine Engineering,Paid
2022-12-13,2022-12-22,2023-03-13,2022,12,December,1189153.98,0.0,Arcadia Infrastructure,AGC-00155,Arcadia Infrastructure,Noah Keller,AGX-2022-010396-AGC-00155,INV-2022-0009657,20% ADVANCE / NET 90,1248,0,0,Paid,Arcadia Infrastructure,Paid
2022-12-14,2022-12-18,2023-02-12,2022,12,December,2251416.75,0.0,Meridian Mechanical,AGC-00125,Meridian Mechanical,Eva Lewis,AGX-2022-009542-AGC-00125,INV-2022-0008874,NET 60 DAYS,1277,0,0,Paid,Meridian Mechanical,Paid
2022-12-15,2022-12-20,2023-02-13,2022,12,December,193724.18,0.0,Helios Resources,AGC-00058,Helios Resources,Adrian Walker,AGX-2022-010331-AGC-00058,INV-2022-0009599,30% ADVANCE / NET 60,1276,0,0,Paid,Helios Resources,Paid
2022-12-18,2022-12-23,2023-02-01,2022,12,December,696349.61,0.0,Arcadia Marine Services,AGC-00150,Arcadia Marine Services,Camille Martin,AGX-2022-009447-AGC-00150,INV-2022-0008783,NET 45 DAYS,1288,0,0,Paid,Arcadia Marine Services,Paid
2022-12-18,2022-12-27,2023-02-01,2022,12,December,131879.09,0.0,Arcadia Controls,AGC-00177,Arcadia Controls,Lina Sato,AGX-2022-009759-AGC-00177,INV-2022-0009079,NET 45 DAYS,1288,0,0,Paid,Arcadia Controls,Paid
2022-12-21,2022-12-29,2023-02-04,2022,12,December,1485139.48,0.0,Arcadia Industrial Maintenance,AGC-00168,Arcadia Industrial Maintenance,Priya Nguyen,AGX-2022-009156-AGC-00168,INV-2022-0008510,NET 45 DAYS,1285,0,0,Paid,Arcadia Industrial Maintenance,Paid
2022-12-21,2022-12-31,2023-02-19,2022,12,December,342230.33,0.0,Meridian Industrial Solutions,AGC-00147,Meridian Industrial Solutions,Grace Perry,AGX-2022-009937-AGC-00147,INV-2022-0009242,30% ADVANCE / NET 60,1270,0,0,Paid,Meridian Industrial Solutions,Paid
2022-12-31,2022-12-31,2023-02-14,2022,12,December,413070.75,0.0,Meridian Process Solutions,AGC-00115,Meridian Process Solutions,Zara Grant,AGX-2022-008965-AGC-00115,INV-2022-0008332,NET 45 DAYS,1275,0,0,Paid,Meridian Process Solutions,Paid
2022-12-31,2022-12-31,2023-02-14,2022,12,December,338574.62,0.0,Cobalt Process Controls,AGC-00090,Cobalt Process Controls,Avery Morgan,AGX-2022-010369-AGC-00090,INV-2022-0009633,NET 45 DAYS,1275,0,0,Paid,Cobalt Process Controls,Paid
2023-01-02,2023-01-06,2023-02-16,2023,1,January,18571.93,0.0,Meridian Rotating Equipment,AGC-00134,Meridian Rotating Equipment,Julian Howard,AGX-2022-009070-AGC-00134,INV-2023-0008430,NET 45 DAYS,1273,0,0,Paid,Meridian Rotating Equipment,Paid
2023-01-02,2023-01-02,2023-04-02,2023,1,January,544716.31,0.0,Cobalt Drilling Solutions,AGC-00092,Cobalt Drilling Solutions,Julian Howard,AGX-2022-009503-AGC-00092,INV-2023-0008836,NET 90 DAYS,1228,0,0,Paid,Cobalt Drilling Solutions,Paid
2023-01-02,2023-01-05,2023-03-03,2023,1,January,136869.19,0.0,Meridian Power Partners,AGC-00126,Meridian Power Partners,Priya Nguyen,AGX-2022-009764-AGC-00126,INV-2023-0009084,NET 60 DAYS,1258,0,0,Paid,Meridian Power Partners,Paid
2023-01-05,2023-01-05,2023-03-06,2023,1,January,196198.83,0.0,Arcadia Automation,AGC-00159,Arcadia Automation,Lucas Hayes,AGX-2022-009525-AGC-00159,INV-2023-0008858,NET 60 DAYS,1255,0,0,Paid,Arcadia Automation,Paid
2023-01-12,2023-01-19,2023-02-11,2023,1,January,494931.59,0.0,Arcadia Power Partners,AGC-00163,Arcadia Power Partners,Lina Sato,AGX-2022-010500-AGC-00163,INV-2023-0009756,NET 30 DAYS,1278,0,0,Paid,Arcadia Power Partners,Paid
2023-01-14,2023-01-23,2023-02-13,2023,1,January,111586.51,0.0,Helios Drilling Solutions,AGC-00055,Helios Drilling Solutions,Eva Lewis,AGX-2022-009472-AGC-00055,INV-2023-0008807,NET 30 DAYS,1276,0,0,Paid,Helios Drilling Solutions,Paid
2023-01-17,2023-01-27,2023-02-16,2023,1,January,82360.58,0.0,Helios Industrial Services,AGC-00069,Helios Industrial Services,Eva Lewis,AGX-2022-009121-AGC-00069,INV-2023-0008477,NET 30 DAYS,1273,0,0,Paid,Helios Industrial Services,Paid
2023-01-17,2023-01-22,2023-03-18,2023,1,January,776559.79,0.0,Helios Mechanical Group,AGC-00068,Helios Mechanical Group,Leo Foster,AGX-2022-010472-AGC-00068,INV-2023-0009729,NET 60 DAYS,1243,0,0,Paid,Helios Mechanical Group,Paid
2023-01-17,2023-01-20,2023-03-18,2023,1,January,261159.28,0.0,Cobalt Rotating Equipment,AGC-00097,Cobalt Rotating Equipment,Eva Lewis,AGX-2022-010531-AGC-00097,INV-2023-0009786,NET 60 DAYS,1243,0,0,Paid,Cobalt Rotating Equipment,Paid
2023-01-18,2023-01-25,2023-03-19,2023,1,January,2599629.74,0.0,Cobalt Industrial Services,AGC-00106,Cobalt Industrial Services,Julian Howard,AGX-2023-011625-AGC-00106,INV-2023-0010795,30% ADVANCE / NET 60,1242,0,0,Paid,Cobalt Industrial Services,Paid
2023-01-22,2023-01-31,2023-03-23,2023,1,January,159059.06,0.0,Northstar Technical Supply,AGC-00024,Northstar Technical Supply,Camille Martin,AGX-2022-009515-AGC-00024,INV-2023-0008848,NET 60 DAYS,1238,0,0,Paid,Northstar Technical Supply,Paid
2023-01-24,2023-02-03,2023-03-25,2023,1,January,1293555.28,0.0,Cobalt Automation,AGC-00085,Cobalt Automation,Noah Keller,AGX-2022-008905-AGC-00085,INV-2023-0008277,NET 60 DAYS,1236,0,0,Paid,Cobalt Automation,Paid
2023-01-25,2023-02-02,2023-03-26,2023,1,January,26403.71,0.0,Northstar Automation,AGC-00011,Northstar Automation,Mila Diaz,AGX-2023-012265-AGC-00011,INV-2023-0011375,20% ADVANCE / NET 60,1235,0,0,Paid,Northstar Automation,Paid
2023-02-01,2023-02-03,2023-04-02,2023,2,February,1383161.62,0.0,Northstar Infrastructure,AGC-00007,Northstar Infrastructure,Grace Perry,AGX-2023-010895-AGC-00007,INV-2023-0010119,30% ADVANCE / NET 60,1228,0,0,Paid,Northstar Infrastructure,Paid
2023-02-04,2023-02-08,2023-03-21,2023,2,February,524455.58,0.0,Meridian Waterworks,AGC-00121,Meridian Waterworks,Lina Sato,AGX-2022-010526-AGC-00121,INV-2023-0009782,NET 45 DAYS,1240,0,0,Paid,Meridian Waterworks,Paid
2023-02-05,2023-02-13,2023-04-06,2023,2,February,1286638.28,0.0,Helios Waterworks,AGC-00047,Helios Waterworks,Lucas Hayes,AGX-2022-009410-AGC-00047,INV-2023-0008747,NET 60 DAYS,1224,0,0,Paid,Helios Waterworks,Paid
2023-02-08,2023-02-18,2023-04-09,2023,2,February,370509.56,0.0,Northstar Mining Services,AGC-00009,Northstar Mining Services,Lina Sato,AGX-2023-011062-AGC-00009,INV-2023-0010271,NET 60 DAYS,1221,0,0,Paid,Northstar Mining Services,Paid
2023-02-08,2023-02-12,2023-05-09,2023,2,February,1111234.4,0.0,Helios Petro Systems,AGC-00045,Helios Petro Systems,Zara Grant,AGX-2023-011678-AGC-00045,INV-2023-0010837,20% ADVANCE / NET 90,1191,0,0,Paid,Helios Petro Systems,Paid
2023-02-09,2023-02-17,2023-04-10,2023,2,February,60690.42,0.0,Meridian Industrial Solutions,AGC-00147,Meridian Industrial Solutions,Grace Perry,AGX-2022-009320-AGC-00147,INV-2023-0008661,30% ADVANCE / NET 60,1220,0,0,Paid,Meridian Industrial Solutions,Paid
2023-02-09,2023-02-15,2023-04-10,2023,2,February,262008.2,0.0,Helios Field Services,AGC-00050,Helios Field Services,Julian Howard,AGX-2022-010025-AGC-00050,INV-2023-0009321,30% ADVANCE / NET 60,1220,0,0,Paid,Helios Field Services,Paid
2023-02-11,2023-02-13,2023-04-12,2023,2,February,288094.81,0.0,Northstar Mechanical Group,AGC-00031,Northstar Mechanical Group,Zara Grant,AGX-2022-009002-AGC-00031,INV-2023-0008364,20% ADVANCE / NET 60,1218,0,0,Paid,Northstar Mechanical Group,Paid
2023-02-11,2023-02-20,2023-03-28,2023,2,February,275525.57,0.0,Helios Mechanical,AGC-00051,Helios Mechanical,Lina Sato,AGX-2023-011036-AGC-00051,INV-2023-0010246,NET 45 DAYS,1233,0,0,Paid,Helios Mechanical,Paid
2023-02-13,2023-02-17,2023-05-14,2023,2,February,359074.72,0.0,Helios Controls,AGC-00066,Helios Controls,Camille Martin,AGX-2022-009504-AGC-00066,INV-2023-0008837,NET 90 DAYS,1186,0,0,Paid,Helios Controls,Paid
2023-02-13,2023-02-13,2023-04-14,2023,2,February,241263.84,0.0,Meridian Industrial Solutions,AGC-00147,Meridian Industrial Solutions,Grace Perry,AGX-2023-012596-AGC-00147,INV-2023-0011680,30% ADVANCE / NET 60,1216,0,0,Paid,Meridian Industrial Solutions,Paid
2023-02-15,2023-02-18,2023-05-16,2023,2,February,407858.99,0.0,Helios Petro Systems,AGC-00045,Helios Petro Systems,Zara Grant,AGX-2022-009967-AGC-00045,INV-2023-0009269,20% ADVANCE / NET 90,1184,0,0,Paid,Helios Petro Systems,Paid
2023-02-19,2023-02-23,2023-04-20,2023,2,February,490387.06,0.0,Northstar Drilling Solutions,AGC-00018,Northstar Drilling Solutions,Theo Price,AGX-2023-012224-AGC-00018,INV-2023-0011337,NET 60 DAYS,1210,0,0,Paid,Northstar Drilling Solutions,Paid
2023-02-26,2023-03-01,2023-04-27,2023,2,February,248664.75,0.0,Meridian Marine Supply,AGC-00148,Meridian Marine Supply,Julian Howard,AGX-2023-010758-AGC-00148,INV-2023-0009990,NET 60 DAYS,1203,0,0,Paid,Meridian Marine Supply,Paid
2023-02-26,2023-03-01,2023-04-27,2023,2,February,789657.13,0.0,Northstar Mechanical,AGC-00014,Northstar Mechanical,Priya Nguyen,AGX-2023-010768-AGC-00014,INV-2023-0009998,NET 60 DAYS,1203,0,0,Paid,Northstar Mechanical,Paid
2023-02-26,2023-03-05,2023-04-27,2023,2,February,570467.86,0.0,Arcadia Compression,AGC-00167,Arcadia Compression,Eva Lewis,AGX-2023-012244-AGC-00167,INV-2023-0011355,NET 60 DAYS,1203,0,0,Paid,Arcadia Compression,Paid
2023-03-01,2023-03-11,2023-04-30,2023,3,March,75177.91,0.0,Northstar Rotating Equipment,AGC-00023,Northstar Rotating Equipment,Lina Sato,AGX-2022-009871-AGC-00023,INV-2023-0009183,30% ADVANCE / NET 60,1200,0,0,Paid,Northstar Rotating Equipment,Paid
2023-03-01,2023-03-05,2023-05-30,2023,3,March,582266.34,0.0,Cobalt Drilling Solutions,AGC-00092,Cobalt Drilling Solutions,Julian Howard,AGX-2023-012320-AGC-00092,INV-2023-0011428,NET 90 DAYS,1170,0,0,Paid,Cobalt Drilling Solutions,Paid
2023-03-02,2023-03-09,2023-04-01,2023,3,March,228740.86,0.0,Cobalt Mechanical,AGC-00088,Cobalt Mechanical,Theo Price,AGX-2023-010958-AGC-00088,INV-2023-0010176,NET 30 DAYS,1229,0,0,Paid,Cobalt Mechanical,Paid
2023-03-02,2023-03-05,2023-04-01,2023,3,March,278266.32,0.0,Arcadia Power Partners,AGC-00163,Arcadia Power Partners,Lina Sato,AGX-2023-011994-AGC-00163,INV-2023-0011125,NET 30 DAYS,1229,0,0,Paid,Arcadia Power Partners,Paid
2023-03-08,2023-03-11,2023-04-07,2023,3,March,490496.21,0.0,Northstar Technical Services,AGC-00035,Northstar Technical Services,Grace Perry,AGX-2023-012625-AGC-00035,INV-2023-0011707,NET 30 DAYS,1223,0,0,Paid,Northstar Technical Services,Paid
2023-03-10,2023-03-13,2023-06-08,2023,3,March,53630.66,0.0,Meridian Drilling Solutions,AGC-00129,Meridian Drilling Solutions,Zara Grant,AGX-2023-011276-AGC-00129,INV-2023-0010467,NET 90 DAYS,1161,0,0,Paid,Meridian Drilling Solutions,Paid
2023-03-11,2023-03-11,2023-04-25,2023,3,March,2713690.29,0.0,Meridian Waterworks,AGC-00121,Meridian Waterworks,Lina Sato,AGX-2023-011014-AGC-00121,INV-2023-0010227,NET 45 DAYS,1205,0,0,Paid,Meridian Waterworks,Paid
2023-03-11,2023-03-13,2023-05-10,2023,3,March,134667.7,0.0,Helios Offshore Engineering,AGC-00042,Helios Offshore Engineering,Priya Nguyen,AGX-2023-011666-AGC-00042,INV-2023-0010829,20% ADVANCE / NET 60,1190,0,0,Paid,Helios Offshore Engineering,Paid
2023-03-11,2023-03-20,2023-04-25,2023,3,March,2115552.71,0.0,Arcadia Controls,AGC-00177,Arcadia Controls,Lina Sato,AGX-2023-012080-AGC-00177,INV-2023-0011205,NET 45 DAYS,1205,0,0,Paid,Arcadia Controls,Paid
2023-03-16,2023-03-19,2023-05-15,2023,3,March,292756.78,0.0,Arcadia Process Controls,AGC-00164,Arcadia Process Controls,Camille Martin,AGX-2023-012526-AGC-00164,INV-2023-0011616,30% ADVANCE / NET 60,1185,0,0,Paid,Arcadia Process Controls,Paid
2023-03-16,2023-03-24,2023-04-15,2023,3,March,695346.73,0.0,Meridian Mining Services,AGC-00120,Meridian Mining Services,Julian Howard,AGX-2023-012592-AGC-00120,INV-2023-0011677,NET 30 DAYS,1215,0,0,Paid,Meridian Mining Services,Paid
2023-03-17,2023-03-20,2023-04-16,2023,3,March,485210.82,0.0,Helios Flow Technologies,AGC-00043,Helios Flow Technologies,Noah Keller,AGX-2023-011032-AGC-00043,INV-2023-0010242,NET 30 DAYS,1214,0,0,Paid,Helios Flow Technologies,Paid
2023-03-17,2023-03-22,2023-05-01,2023,3,March,328734.03,0.0,Helios Mechanical,AGC-00051,Helios Mechanical,Lina Sato,AGX-2023-012652-AGC-00051,INV-2023-0011732,NET 45 DAYS,1199,0,0,Paid,Helios Mechanical,Paid
2023-03-18,2023-03-20,2023-05-17,2023,3,March,60339.03,0.0,Cobalt Mining Services,AGC-00083,Cobalt Mining Services,Eva Lewis,AGX-2023-011208-AGC-00083,INV-2023-0010404,NET 60 DAYS,1183,0,0,Paid,Cobalt Mining Services,Paid
2023-03-18,2023-03-19,2023-05-17,2023,3,March,195375.86,0.0,Helios Mechanical Group,AGC-00068,Helios Mechanical Group,Leo Foster,AGX-2023-011508-AGC-00068,INV-2023-0010686,NET 60 DAYS,1183,0,0,Paid,Helios Mechanical Group,Paid
2023-03-19,2023-03-24,2023-04-18,2023,3,March,210174.39,0.0,Meridian Utilities,AGC-00123,Meridian Utilities,Mila Diaz,AGX-2023-010834-AGC-00123,INV-2023-0010059,NET 30 DAYS,1212,0,0,Paid,Meridian Utilities,Paid
2023-03-26,2023-04-04,2023-06-24,2023,3,March,301250.33,0.0,Cobalt Offshore Engineering,AGC-00079,Cobalt Offshore Engineering,Lina Sato,AGX-2023-011260-AGC-00079,INV-2023-0010451,NET 90 DAYS,1145,0,0,Paid,Cobalt Offshore Engineering,Paid
2023-03-31,2023-04-07,2023-05-15,2023,3,March,226426.41,0.0,Cobalt Waterworks,AGC-00084,Cobalt Waterworks,Priya Nguyen,AGX-2023-012523-AGC-00084,INV-2023-0011613,NET 45 DAYS,1185,0,0,Paid,Cobalt Waterworks,Paid
2023-04-03,2023-04-12,2023-07-02,2023,4,April,142490.4,0.0,Arcadia Pipeline Services,AGC-00170,Arcadia Pipeline Services,Adrian Walker,AGX-2023-010892-AGC-00170,INV-2023-0010116,20% ADVANCE / NET 90,1137,0,0,Paid,Arcadia Pipeline Services,Paid
2023-04-06,2023-04-06,2023-06-05,2023,4,April,407390.39,0.0,Northstar Rotating Equipment,AGC-00023,Northstar Rotating Equipment,Lina Sato,AGX-2023-012640-AGC-00023,INV-2023-0011720,30% ADVANCE / NET 60,1164,0,0,Paid,Northstar Rotating Equipment,Paid
2023-04-11,2023-04-15,2023-05-26,2023,4,April,1976905.16,0.0,Northstar Marine Services,AGC-00002,Northstar Marine Services,Adrian Walker,AGX-2023-012428-AGC-00002,INV-2023-0011525,NET 45 DAYS,1174,0,0,Paid,Northstar Marine Services,Paid
2023-04-12,2023-04-17,2023-06-11,2023,4,April,144287.49,0.0,Meridian Power Partners,AGC-00126,Meridian Power Partners,Priya Nguyen,AGX-2023-011432-AGC-00126,INV-2023-0010615,NET 60 DAYS,1158,0,0,Paid,Meridian Power Partners,Paid
2023-04-13,2023-04-13,2023-06-12,2023,4,April,375208.31,0.0,Meridian Mechanical,AGC-00125,Meridian Mechanical,Eva Lewis,AGX-2023-010743-AGC-00125,INV-2023-0009976,NET 60 DAYS,1157,0,0,Paid,Meridian Mechanical,Paid
2023-04-14,2023-04-24,2023-06-13,2023,4,April,477857.49,0.0,Cobalt Marine Engineering,AGC-00101,Cobalt Marine Engineering,Zara Grant,AGX-2023-012252-AGC-00101,INV-2023-0011363,NET 60 DAYS,1156,0,0,Paid,Cobalt Marine Engineering,Paid
2023-04-17,2023-04-18,2023-05-17,2023,4,April,640126.02,0.0,Helios Drilling Solutions,AGC-00055,Helios Drilling Solutions,Eva Lewis,AGX-2023-011673-AGC-00055,INV-2023-0010834,NET 30 DAYS,1183,0,0,Paid,Helios Drilling Solutions,Paid
2023-04-18,2023-04-27,2023-06-17,2023,4,April,656789.49,0.0,Northstar Instrumentation,AGC-00034,Northstar Instrumentation,Avery Morgan,AGX-2023-010993-AGC-00034,INV-2023-0010208,NET 60 DAYS,1152,0,0,Paid,Northstar Instrumentation,Paid
2023-04-18,2023-04-22,2023-06-17,2023,4,April,756170.94,0.0,Meridian Marine Services,AGC-00113,Meridian Marine Services,Noah Keller,AGX-2023-011618-AGC-00113,INV-2023-0010788,NET 60 DAYS,1152,0,0,Paid,Meridian Marine Services,Paid
2023-04-18,2023-04-26,2023-06-17,2023,4,April,182637.85,0.0,Northstar Mining Services,AGC-00009,Northstar Mining Services,Lina Sato,AGX-2023-011983-AGC-00009,INV-2023-0011114,NET 60 DAYS,1152,0,0,Paid,Northstar Mining Services,Paid
2023-04-20,2023-04-30,2023-05-20,2023,4,April,200502.6,0.0,Cobalt Marine Supply,AGC-00111,Cobalt Marine Supply,Eva Lewis,AGX-2023-010971-AGC-00111,INV-2023-0010188,NET 30 DAYS,1180,0,0,Paid,Cobalt Marine Supply,Paid
2023-04-21,2023-04-24,2023-05-21,2023,4,April,661923.16,0.0,Arcadia Flow Technologies,AGC-00154,Arcadia Flow Technologies,Priya Nguyen,AGX-2023-011733-AGC-00154,INV-2023-0010887,NET 30 DAYS,1179,0,0,Paid,Arcadia Flow Technologies,Paid
2023-04-21,2023-04-23,2023-07-20,2023,4,April,1712781.82,0.0,Arcadia Production Services,AGC-00176,Arcadia Production Services,Julian Howard,AGX-2023-012689-AGC-00176,INV-2023-0011767,20% ADVANCE / NET 90,1119,0,0,Paid,Arcadia Production Services,Paid
2023-04-22,2023-04-30,2023-05-22,2023,4,April,320734.71,0.0,Cobalt Field Services,AGC-00087,Cobalt Field Services,Zara Grant,AGX-2023-010696-AGC-00087,INV-2023-0009938,NET 30 DAYS,1178,0,0,Paid,Cobalt Field Services,Paid
2023-04-23,2023-04-30,2023-06-22,2023,4,April,856489.92,0.0,Meridian Automation,AGC-00122,Meridian Automation,Camille Martin,AGX-2023-011054-AGC-00122,INV-2023-0010263,NET 60 DAYS,1147,0,0,Paid,Meridian Automation,Paid
2023-04-24,2023-05-04,2023-05-24,2023,4,April,954631.35,0.0,Meridian Industrial Maintenance,AGC-00131,Meridian Industrial Maintenance,Lucas Hayes,AGX-2023-011085-AGC-00131,INV-2023-0010289,NET 30 DAYS,1176,0,0,Paid,Meridian Industrial Maintenance,Paid
2023-04-26,2023-05-05,2023-06-25,2023,4,April,635553.58,0.0,Cobalt Energy Systems,AGC-00075,Cobalt Energy Systems,Lucas Hayes,AGX-2023-011319-AGC-00075,INV-2023-0010507,NET 60 DAYS,1144,0,0,Paid,Cobalt Energy Systems,Paid
2023-04-28,2023-04-29,2023-06-27,2023,4,April,93584.03,0.0,Meridian Field Services,AGC-00124,Meridian Field Services,Leo Foster,AGX-2023-011355-AGC-00124,INV-2023-0010541,NET 60 DAYS,1142,0,0,Paid,Meridian Field Services,Paid
2023-04-30,2023-05-05,2023-06-29,2023,4,April,2233539.01,0.0,Helios Flow Systems,AGC-00070,Helios Flow Systems,Priya Nguyen,AGX-2023-011422-AGC-00070,INV-2023-0010605,NET 60 DAYS,1140,0,0,Paid,Helios Flow Systems,Paid
2023-04-30,2023-05-09,2023-06-29,2023,4,April,1584054.19,0.0,Meridian Marine Engineering,AGC-00138,Meridian Marine Engineering,Leo Foster,AGX-2023-012473-AGC-00138,INV-2023-0011566,NET 60 DAYS,1140,0,0,Paid,Meridian Marine Engineering,Paid
2023-05-02,2023-05-11,2023-07-01,2023,5,May,349085.3,0.0,Meridian Energy Systems,AGC-00112,Meridian Energy Systems,Priya Nguyen,AGX-2023-011274-AGC-00112,INV-2023-0010465,NET 60 DAYS,1138,0,0,Paid,Meridian Energy Systems,Paid
2023-05-02,2023-05-03,2023-07-01,2023,5,May,1195649.49,0.0,Cobalt Technical Services,AGC-00109,Cobalt Technical Services,Mila Diaz,AGX-2023-012615-AGC-00109,INV-2023-0011698,NET 60 DAYS,1138,0,0,Paid,Cobalt Technical Services,Paid
2023-05-04,2023-05-13,2023-07-03,2023,5,May,2634307.21,0.0,Northstar Waterworks,AGC-00010,Northstar Waterworks,Camille Martin,AGX-2023-010685-AGC-00010,INV-2023-0009927,NET 60 DAYS,1136,0,0,Paid,Northstar Waterworks,Paid
2023-05-06,2023-05-15,2023-06-05,2023,5,May,356018.64,0.0,Northstar Energy Projects,AGC-00026,Northstar Energy Projects,Leo Foster,AGX-2023-010847-AGC-00026,INV-2023-0010072,NET 30 DAYS,1164,0,0,Paid,Northstar Energy Projects,Paid
2023-05-07,2023-05-15,2023-06-06,2023,5,May,204525.24,0.0,Helios Process Controls,AGC-00053,Helios Process Controls,Mila Diaz,AGX-2023-011743-AGC-00053,INV-2023-0010897,NET 30 DAYS,1163,0,0,Paid,Helios Process Controls,Paid
2023-05-07,2023-05-07,2023-07-06,2023,5,May,79627.61,0.0,Northstar Utilities,AGC-00012,Northstar Utilities,Leo Foster,AGX-2023-012192-AGC-00012,INV-2023-0011308,NET 60 DAYS,1133,0,0,Paid,Northstar Utilities,Paid
2023-05-09,2023-05-16,2023-07-08,2023,5,May,764072.66,0.0,Meridian Industrial Solutions,AGC-00147,Meridian Industrial Solutions,Grace Perry,AGX-2023-011967-AGC-00147,INV-2023-0011099,30% ADVANCE / NET 60,1131,0,0,Paid,Meridian Industrial Solutions,Paid
2023-05-11,2023-05-12,2023-07-10,2023,5,May,404378.23,12131.35,Cobalt Controls,AGC-00103,Cobalt Controls,Lucas Hayes,AGX-2023-011053-AGC-00103,INV-2023-0010262,NET 60 DAYS,1129,0,1129,1129 day(s) overdue,Cobalt Controls,90+ Days
2023-05-16,2023-05-23,2023-06-30,2023,5,May,89820.4,0.0,Cobalt Process Controls,AGC-00090,Cobalt Process Controls,Avery Morgan,AGX-2023-010703-AGC-00090,INV-2023-0009944,NET 45 DAYS,1139,0,0,Paid,Cobalt Process Controls,Paid
2023-05-16,2023-05-19,2023-06-15,2023,5,May,23545.22,0.0,Cobalt Industrial Solutions,AGC-00110,Cobalt Industrial Solutions,Leo Foster,AGX-2023-011178-AGC-00110,INV-2023-0010380,NET 30 DAYS,1154,0,0,Paid,Cobalt Industrial Solutions,Paid
2023-05-20,2023-05-22,2023-06-19,2023,5,May,344943.19,0.0,Meridian Controls,AGC-00140,Meridian Controls,Priya Nguyen,AGX-2023-010905-AGC-00140,INV-2023-0010126,NET 30 DAYS,1150,0,0,Paid,Meridian Controls,Paid
2023-05-20,2023-05-29,2023-07-19,2023,5,May,153311.86,0.0,Cobalt Mining Services,AGC-00083,Cobalt Mining Services,Eva Lewis,AGX-2023-011539-AGC-00083,INV-2023-0010716,NET 60 DAYS,1120,0,0,Paid,Cobalt Mining Services,Paid
2023-05-20,2023-05-24,2023-06-19,2023,5,May,611806.45,0.0,Meridian Petro Systems,AGC-00119,Meridian Petro Systems,Grace Perry,AGX-2023-012132-AGC-00119,INV-2023-0011254,NET 30 DAYS,1150,0,0,Paid,Meridian Petro Systems,Paid
2023-05-24,2023-05-29,2023-06-23,2023,5,May,156973.9,0.0,Arcadia Refinery Services,AGC-00173,Arcadia Refinery Services,Lucas Hayes,AGX-2023-011353-AGC-00173,INV-2023-0010539,NET 30 DAYS,1146,0,0,Paid,Arcadia Refinery Services,Paid
2023-05-29,2023-06-06,2023-07-28,2023,5,May,624363.58,0.0,Meridian Process Controls,AGC-00127,Meridian Process Controls,Noah Keller,AGX-2023-011104-AGC-00127,INV-2023-0010308,NET 60 DAYS,1111,0,0,Paid,Meridian Process Controls,Paid
2023-05-29,2023-05-29,2023-07-13,2023,5,May,603111.42,0.0,Helios Mechanical,AGC-00051,Helios Mechanical,Lina Sato,AGX-2023-012543-AGC-00051,INV-2023-0011630,NET 45 DAYS,1126,0,0,Paid,Helios Mechanical,Paid
2023-05-30,2023-06-02,2023-08-28,2023,5,May,429391.43,0.0,Arcadia Infrastructure,AGC-00155,Arcadia Infrastructure,Noah Keller,AGX-2023-011300-AGC-00155,INV-2023-0010489,20% ADVANCE / NET 90,1080,0,0,Paid,Arcadia Infrastructure,Paid
2023-05-31,2023-06-09,2023-08-29,2023,5,May,315833.53,0.0,Helios Pipeline Services,AGC-00059,Helios Pipeline Services,Zara Grant,AGX-2023-011324-AGC-00059,INV-2023-0010512,NET 90 DAYS,1079,0,0,Paid,Helios Pipeline Services,Paid
2023-05-31,2023-06-01,2023-06-30,2023,5,May,408956.69,0.0,Meridian Industrial Maintenance,AGC-00131,Meridian Industrial Maintenance,Lucas Hayes,AGX-2023-011381-AGC-00131,INV-2023-0010567,NET 30 DAYS,1139,0,0,Paid,Meridian Industrial Maintenance,Paid
2023-05-31,2023-06-10,2023-07-30,2023,5,May,608677.9,0.0,Cobalt Technical Services,AGC-00109,Cobalt Technical Services,Mila Diaz,AGX-2023-011413-AGC-00109,INV-2023-0010596,NET 60 DAYS,1109,0,0,Paid,Cobalt Technical Services,Paid
2023-06-01,2023-06-05,2023-08-30,2023,6,June,30913.32,0.0,Helios Controls,AGC-00066,Helios Controls,Camille Martin,AGX-2023-011436-AGC-00066,INV-2023-0010619,NET 90 DAYS,1078,0,0,Paid,Helios Controls,Paid
2023-06-02,2023-06-02,2023-08-01,2023,6,June,63365.62,0.0,Helios Waterworks,AGC-00047,Helios Waterworks,Lucas Hayes,AGX-2023-011784-AGC-00047,INV-2023-0010937,NET 60 DAYS,1107,0,0,Paid,Helios Waterworks,Paid
2023-06-05,2023-06-13,2023-08-04,2023,6,June,311626.24,0.0,Arcadia Mining Services,AGC-00157,Arcadia Mining Services,Zara Grant,AGX-2023-012058-AGC-00157,INV-2023-0011184,30% ADVANCE / NET 60,1104,0,0,Paid,Arcadia Mining Services,Paid
2023-06-05,2023-06-09,2023-08-04,2023,6,June,384927.9,0.0,Cobalt Automation,AGC-00085,Cobalt Automation,Noah Keller,AGX-2023-012467-AGC-00085,INV-2023-0011560,NET 60 DAYS,1104,0,0,Paid,Cobalt Automation,Paid
2023-06-07,2023-06-13,2023-08-06,2023,6,June,381259.96,0.0,Arcadia Engineering,AGC-00165,Arcadia Engineering,Mila Diaz,AGX-2023-011286-AGC-00165,INV-2023-0010476,20% ADVANCE / NET 60,1102,0,0,Paid,Arcadia Engineering,Paid
2023-06-08,2023-06-13,2023-07-08,2023,6,June,580493.49,0.0,Northstar Engineering,AGC-00017,Northstar Engineering,Zara Grant,AGX-2023-011556-AGC-00017,INV-2023-0010730,NET 30 DAYS,1131,0,0,Paid,Northstar Engineering,Paid
2023-06-08,2023-06-08,2023-07-23,2023,6,June,1866692.83,0.0,Meridian Rotating Equipment,AGC-00134,Meridian Rotating Equipment,Julian Howard,AGX-2023-012442-AGC-00134,INV-2023-0011539,NET 45 DAYS,1116,0,0,Paid,Meridian Rotating Equipment,Paid
2023-06-09,2023-06-14,2023-09-07,2023,6,June,51675.06,0.0,Meridian Industrial Services,AGC-00143,Meridian Industrial Services,Zara Grant,AGX-2023-011037-AGC-00143,INV-2023-0010247,20% ADVANCE / NET 90,1070,0,0,Paid,Meridian Industrial Services,Paid
2023-06-12,2023-06-14,2023-07-12,2023,6,June,137746.21,0.0,Helios Industrial Services,AGC-00069,Helios Industrial Services,Eva Lewis,AGX-2023-010683-AGC-00069,INV-2023-0009925,NET 30 DAYS,1127,0,0,Paid,Helios Industrial Services,Paid
2023-06-12,2023-06-12,2023-08-11,2023,6,June,102323.79,0.0,Helios Process Solutions,AGC-00041,Helios Process Solutions,Eva Lewis,AGX-2023-011245-AGC-00041,INV-2023-0010438,20% ADVANCE / NET 60,1097,0,0,Paid,Helios Process Solutions,Paid
2023-06-12,2023-06-22,2023-08-11,2023,6,June,221272.75,0.0,Arcadia Energy Projects,AGC-00174,Arcadia Energy Projects,Avery Morgan,AGX-2023-012175-AGC-00174,INV-2023-0011294,NET 60 DAYS,1097,0,0,Paid,Arcadia Energy Projects,Paid
2023-06-15,2023-06-20,2023-07-15,2023,6,June,54903.25,0.0,Meridian Controls,AGC-00140,Meridian Controls,Priya Nguyen,AGX-2023-011012-AGC-00140,INV-2023-0010225,NET 30 DAYS,1124,0,0,Paid,Meridian Controls,Paid
2023-06-15,2023-06-25,2023-08-14,2023,6,June,416537.28,0.0,Meridian Offshore Engineering,AGC-00116,Meridian Offshore Engineering,Theo Price,AGX-2023-011182-AGC-00116,INV-2023-0010384,NET 60 DAYS,1094,0,0,Paid,Meridian Offshore Engineering,Paid
2023-06-15,2023-06-18,2023-09-13,2023,6,June,1165766.91,0.0,Arcadia Field Services,AGC-00161,Arcadia Field Services,Grace Perry,AGX-2023-011947-AGC-00161,INV-2023-0011082,20% ADVANCE / NET 90,1064,0,0,Paid,Arcadia Field Services,Paid
2023-06-15,2023-06-19,2023-09-13,2023,6,June,207657.51,0.0,Cobalt Technical Supply,AGC-00098,Cobalt Technical Supply,Priya Nguyen,AGX-2023-012083-AGC-00098,INV-2023-0011208,20% ADVANCE / NET 90,1064,0,0,Paid,Cobalt Technical Supply,Paid
2023-06-18,2023-06-20,2023-09-16,2023,6,June,7714.14,0.0,Arcadia Utilities,AGC-00160,Arcadia Utilities,Avery Morgan,AGX-2023-011201-AGC-00160,INV-2023-0010400,NET 90 DAYS,1061,0,0,Paid,Arcadia Utilities,Paid
2023-06-21,2023-06-22,2023-08-20,2023,6,June,329781.07,0.0,Helios Infrastructure,AGC-00044,Helios Infrastructure,Adrian Walker,AGX-2023-011059-AGC-00044,INV-2023-0010268,NET 60 DAYS,1088,0,0,Paid,Helios Infrastructure,Paid
2023-06-22,2023-06-24,2023-09-20,2023,6,June,169140.96,0.0,Arcadia Production Services,AGC-00176,Arcadia Production Services,Julian Howard,AGX-2023-010837-AGC-00176,INV-2023-0010062,20% ADVANCE / NET 90,1057,0,0,Paid,Arcadia Production Services,Paid
2023-06-25,2023-06-25,2023-08-24,2023,6,June,688450.77,0.0,Cobalt Resources,AGC-00095,Cobalt Resources,Mila Diaz,AGX-2023-011158-AGC-00095,INV-2023-0010362,NET 60 DAYS,1084,0,0,Paid,Cobalt Resources,Paid
2023-06-30,2023-07-08,2023-08-29,2023,6,June,59146.38,0.0,Meridian Technical Services,AGC-00146,Meridian Technical Services,Avery Morgan,AGX-2023-011271-AGC-00146,INV-2023-0010462,NET 60 DAYS,1079,0,0,Paid,Meridian Technical Services,Paid
2023-06-30,2023-07-05,2023-08-29,2023,6,June,1297280.01,0.0,Cobalt Mechanical Group,AGC-00105,Cobalt Mechanical Group,Grace Perry,AGX-2023-011558-AGC-00105,INV-2023-0010732,NET 60 DAYS,1079,0,0,Paid,Cobalt Mechanical Group,Paid
2023-07-01,2023-07-04,2023-08-15,2023,7,July,755916.52,0.0,Northstar Offshore Engineering,AGC-00005,Northstar Offshore Engineering,Lucas Hayes,AGX-2023-011375-AGC-00005,INV-2023-0010561,NET 45 DAYS,1093,0,0,Paid,Northstar Offshore Engineering,Paid
2023-07-01,2023-07-09,2023-08-30,2023,7,July,1061881.31,0.0,Arcadia Engineering,AGC-00165,Arcadia Engineering,Mila Diaz,AGX-2023-012201-AGC-00165,INV-2023-0011315,20% ADVANCE / NET 60,1078,0,0,Paid,Arcadia Engineering,Paid
2023-07-02,2023-07-04,2023-09-30,2023,7,July,1089234.58,0.0,Meridian Instrumentation,AGC-00145,Meridian Instrumentation,Lucas Hayes,AGX-2023-011365-AGC-00145,INV-2023-0010551,NET 90 DAYS,1047,0,0,Paid,Meridian Instrumentation,Paid
2023-07-03,2023-07-07,2023-10-01,2023,7,July,275383.83,0.0,Helios Marine Engineering,AGC-00064,Helios Marine Engineering,Julian Howard,AGX-2023-010851-AGC-00064,INV-2023-0010076,NET 90 DAYS,1046,0,0,Paid,Helios Marine Engineering,Paid
2023-07-04,2023-07-11,2023-08-18,2023,7,July,1418164.15,0.0,Cobalt Refinery Services,AGC-00099,Cobalt Refinery Services,Noah Keller,AGX-2023-012170-AGC-00099,INV-2023-0011289,NET 45 DAYS,1090,0,0,Paid,Cobalt Refinery Services,Paid
2023-07-05,2023-07-07,2023-09-03,2023,7,July,7078536.2,0.0,Northstar Marine Supply,AGC-00037,Northstar Marine Supply,Lina Sato,AGX-2023-012694-AGC-00037,INV-2023-0011772,NET 60 DAYS,1074,0,0,Paid,Northstar Marine Supply,Paid
2023-07-07,2023-07-12,2023-08-06,2023,7,July,218341.84,0.0,Arcadia Waterworks,AGC-00158,Arcadia Waterworks,Theo Price,AGX-2023-011908-AGC-00158,INV-2023-0011048,NET 30 DAYS,1102,0,0,Paid,Arcadia Waterworks,Paid
2023-07-10,2023-07-14,2023-08-24,2023,7,July,2809116.69,0.0,Northstar Energy Systems,AGC-00001,Northstar Energy Systems,Noah Keller,AGX-2023-011574-AGC-00001,INV-2023-0010747,NET 45 DAYS,1084,0,0,Paid,Northstar Energy Systems,Paid
2023-07-11,2023-07-17,2023-09-09,2023,7,July,1921894.04,0.0,Arcadia Resources,AGC-00169,Arcadia Resources,Noah Keller,AGX-2023-011647-AGC-00169,INV-2023-0010814,20% ADVANCE / NET 60,1068,0,0,Paid,Arcadia Resources,Paid
2023-07-12,2023-07-15,2023-08-11,2023,7,July,1402191.98,0.0,Meridian Energy Projects,AGC-00137,Meridian Energy Projects,Mila Diaz,AGX-2023-012127-AGC-00137,INV-2023-0011250,NET 30 DAYS,1097,0,0,Paid,Meridian Energy Projects,Paid
2023-07-15,2023-07-25,2023-08-14,2023,7,July,556937.6,0.0,Cobalt Power Partners,AGC-00089,Cobalt Power Partners,Lucas Hayes,AGX-2023-011429-AGC-00089,INV-2023-0010612,NET 30 DAYS,1094,0,0,Paid,Cobalt Power Partners,Paid
2023-07-17,2023-07-20,2023-08-16,2023,7,July,515273.47,0.0,Arcadia Refinery Services,AGC-00173,Arcadia Refinery Services,Lucas Hayes,AGX-2023-010714-AGC-00173,INV-2023-0009950,NET 30 DAYS,1092,0,0,Paid,Arcadia Refinery Services,Paid
2023-07-17,2023-07-23,2023-10-15,2023,7,July,492700.74,0.0,Helios Marine Engineering,AGC-00064,Helios Marine Engineering,Julian Howard,AGX-2023-012564-AGC-00064,INV-2023-0011651,NET 90 DAYS,1032,0,0,Paid,Helios Marine Engineering,Paid
2023-07-18,2023-07-19,2023-09-16,2023,7,July,1809734.61,0.0,Meridian Resources,AGC-00132,Meridian Resources,Avery Morgan,AGX-2023-011754-AGC-00132,INV-2023-0010908,NET 60 DAYS,1061,0,0,Paid,Meridian Resources,Paid
2023-07-22,2023-07-28,2023-09-20,2023,7,July,58008.97,5800.9,Arcadia Industrial Services,AGC-00180,Arcadia Industrial Services,Leo Foster,AGX-2023-011427-AGC-00180,INV-2023-0010610,20% ADVANCE / NET 60,1057,0,1057,1057 day(s) overdue,Arcadia Industrial Services,90+ Days
2023-07-22,2023-07-25,2023-09-05,2023,7,July,829000.25,0.0,Cobalt Waterworks,AGC-00084,Cobalt Waterworks,Priya Nguyen,AGX-2023-012233-AGC-00084,INV-2023-0011345,NET 45 DAYS,1072,0,0,Paid,Cobalt Waterworks,Paid
2023-07-22,2023-07-29,2023-08-21,2023,7,July,748883.63,0.0,Cobalt Mechanical,AGC-00088,Cobalt Mechanical,Theo Price,AGX-2023-012693-AGC-00088,INV-2023-0011771,NET 30 DAYS,1087,0,0,Paid,Cobalt Mechanical,Paid
2023-07-25,2023-07-29,2023-09-08,2023,7,July,1490896.36,0.0,Meridian Rotating Equipment,AGC-00134,Meridian Rotating Equipment,Julian Howard,AGX-2023-012588-AGC-00134,INV-2023-0011673,NET 45 DAYS,1069,0,0,Paid,Meridian Rotating Equipment,Paid
2023-07-29,2023-08-03,2023-09-27,2023,7,July,755548.92,0.0,Helios Compression,AGC-00056,Helios Compression,Priya Nguyen,AGX-2023-011500-AGC-00056,INV-2023-0010679,NET 60 DAYS,1050,0,0,Paid,Helios Compression,Paid
2023-07-30,2023-07-31,2023-09-28,2023,7,July,1099425.72,0.0,Cobalt Offshore Systems,AGC-00104,Cobalt Offshore Systems,Avery Morgan,AGX-2023-010853-AGC-00104,INV-2023-0010078,NET 60 DAYS,1049,0,0,Paid,Cobalt Offshore Systems,Paid
2023-08-01,2023-08-11,2023-09-30,2023,8,August,771926.59,0.0,Arcadia Mining Services,AGC-00157,Arcadia Mining Services,Zara Grant,AGX-2023-012435-AGC-00157,INV-2023-0011532,30% ADVANCE / NET 60,1047,0,0,Paid,Arcadia Mining Services,Paid
2023-08-05,2023-08-12,2023-10-04,2023,8,August,591500.05,0.0,Northstar Mining Services,AGC-00009,Northstar Mining Services,Lina Sato,AGX-2023-011119-AGC-00009,INV-2023-0010323,NET 60 DAYS,1043,0,0,Paid,Northstar Mining Services,Paid
2023-08-08,2023-08-09,2023-09-07,2023,8,August,236320.72,0.0,Arcadia Petro Systems,AGC-00156,Arcadia Petro Systems,Adrian Walker,AGX-2023-011108-AGC-00156,INV-2023-0010312,NET 30 DAYS,1070,0,0,Paid,Arcadia Petro Systems,Paid
2023-08-08,2023-08-15,2023-10-07,2023,8,August,250266.52,7508.0,Helios Waterworks,AGC-00047,Helios Waterworks,Lucas Hayes,AGX-2023-012661-AGC-00047,INV-2023-0011740,NET 60 DAYS,1040,0,1040,1040 day(s) overdue,Helios Waterworks,90+ Days
2023-08-15,2023-08-21,2023-10-14,2023,8,August,334258.8,0.0,Cobalt Marine Engineering,AGC-00101,Cobalt Marine Engineering,Zara Grant,AGX-2023-011340-AGC-00101,INV-2023-0010527,NET 60 DAYS,1033,0,0,Paid,Cobalt Marine Engineering,Paid
2023-08-16,2023-08-22,2023-09-15,2023,8,August,223651.27,0.0,Cobalt Utilities,AGC-00086,Cobalt Utilities,Adrian Walker,AGX-2023-011516-AGC-00086,INV-2023-0010694,NET 30 DAYS,1062,0,0,Paid,Cobalt Utilities,Paid
2023-08-19,2023-08-21,2023-10-03,2023,8,August,20143.64,0.0,Northstar Resources,AGC-00021,Northstar Resources,Grace Perry,AGX-2023-011307-AGC-00021,INV-2023-0010495,NET 45 DAYS,1044,0,0,Paid,Northstar Resources,Paid
2023-08-20,2023-08-26,2023-09-19,2023,8,August,405486.56,0.0,Cobalt Marine Supply,AGC-00111,Cobalt Marine Supply,Eva Lewis,AGX-2023-011606-AGC-00111,INV-2023-0010778,NET 30 DAYS,1058,0,0,Paid,Cobalt Marine Supply,Paid
2023-08-20,2023-08-24,2023-09-19,2023,8,August,1088199.34,0.0,Arcadia Waterworks,AGC-00158,Arcadia Waterworks,Theo Price,AGX-2023-011608-AGC-00158,INV-2023-0010780,NET 30 DAYS,1058,0,0,Paid,Arcadia Waterworks,Paid
2023-08-21,2023-08-27,2023-10-20,2023,8,August,29487.08,0.0,Helios Offshore Engineering,AGC-00042,Helios Offshore Engineering,Priya Nguyen,AGX-2023-011163-AGC-00042,INV-2023-0010367,20% ADVANCE / NET 60,1027,0,0,Paid,Helios Offshore Engineering,Paid
2023-08-23,2023-08-28,2023-11-21,2023,8,August,147290.68,0.0,Arcadia Offshore Engineering,AGC-00153,Arcadia Offshore Engineering,Eva Lewis,AGX-2023-011148-AGC-00153,INV-2023-0010352,20% ADVANCE / NET 90,995,0,0,Paid,Arcadia Offshore Engineering,Paid
2023-08-23,2023-08-30,2023-09-22,2023,8,August,300809.99,0.0,Helios Technical Supply,AGC-00061,Helios Technical Supply,Lucas Hayes,AGX-2023-011557-AGC-00061,INV-2023-0010731,NET 30 DAYS,1055,0,0,Paid,Helios Technical Supply,Paid
2023-08-23,2023-08-29,2023-10-22,2023,8,August,37540.89,0.0,Cobalt Infrastructure,AGC-00081,Cobalt Infrastructure,Mila Diaz,AGX-2023-011680-AGC-00081,INV-2023-0010839,NET 60 DAYS,1025,0,0,Paid,Cobalt Infrastructure,Paid
2023-08-24,2023-09-03,2023-10-08,2023,8,August,371077.99,0.0,Northstar Offshore Engineering,AGC-00005,Northstar Offshore Engineering,Lucas Hayes,AGX-2023-012550-AGC-00005,INV-2023-0011637,NET 45 DAYS,1039,0,0,Paid,Northstar Offshore Engineering,Paid
2023-08-26,2023-08-29,2023-10-25,2023,8,August,17035.69,0.0,Cobalt Compression,AGC-00093,Cobalt Compression,Lina Sato,AGX-2023-012133-AGC-00093,INV-2023-0011255,NET 60 DAYS,1022,0,0,Paid,Cobalt Compression,Paid
2023-08-27,2023-09-02,2023-10-11,2023,8,August,743765.32,0.0,Meridian Process Solutions,AGC-00115,Meridian Process Solutions,Zara Grant,AGX-2023-011936-AGC-00115,INV-2023-0011073,NET 45 DAYS,1036,0,0,Paid,Meridian Process Solutions,Paid
2023-08-28,2023-09-02,2023-09-27,2023,8,August,92723.71,0.0,Arcadia Mechanical,AGC-00162,Arcadia Mechanical,Julian Howard,AGX-2023-011866-AGC-00162,INV-2023-0011012,NET 30 DAYS,1050,0,0,Paid,Arcadia Mechanical,Paid
2023-08-28,2023-09-02,2023-11-26,2023,8,August,369177.37,0.0,Arcadia Energy Systems,AGC-00149,Arcadia Energy Systems,Lina Sato,AGX-2023-012396-AGC-00149,INV-2023-0011497,NET 90 DAYS,990,0,0,Paid,Arcadia Energy Systems,Paid
2023-08-31,2023-09-06,2023-10-15,2023,8,August,157391.35,0.0,Meridian Offshore Systems,AGC-00141,Meridian Offshore Systems,Noah Keller,AGX-2023-011026-AGC-00141,INV-2023-0010237,NET 45 DAYS,1032,0,0,Paid,Meridian Offshore Systems,Paid
2023-08-31,2023-09-04,2023-10-30,2023,8,August,160277.51,0.0,Cobalt Resources,AGC-00095,Cobalt Resources,Mila Diaz,AGX-2023-012149-AGC-00095,INV-2023-0011270,NET 60 DAYS,1017,0,0,Paid,Cobalt Resources,Paid
2023-09-05,2023-09-07,2023-11-04,2023,9,September,495235.69,0.0,Meridian Engineering,AGC-00128,Meridian Engineering,Adrian Walker,AGX-2023-011496-AGC-00128,INV-2023-0010675,NET 60 DAYS,1012,0,0,Paid,Meridian Engineering,Paid
2023-09-07,2023-09-17,2023-10-22,2023,9,September,382748.6,0.0,Meridian Process Solutions,AGC-00115,Meridian Process Solutions,Zara Grant,AGX-2023-012004-AGC-00115,INV-2023-0011134,NET 45 DAYS,1025,0,0,Paid,Meridian Process Solutions,Paid
2023-09-08,2023-09-18,2023-11-07,2023,9,September,344222.29,0.0,Northstar Marine Supply,AGC-00037,Northstar Marine Supply,Lina Sato,AGX-2023-011209-AGC-00037,INV-2023-0010405,NET 60 DAYS,1009,0,0,Paid,Northstar Marine Supply,Paid
2023-09-19,2023-09-26,2023-10-19,2023,9,September,884350.8,0.0,Arcadia Flow Technologies,AGC-00154,Arcadia Flow Technologies,Priya Nguyen,AGX-2023-012506-AGC-00154,INV-2023-0011598,NET 30 DAYS,1028,0,0,Paid,Arcadia Flow Technologies,Paid
2023-09-24,2023-10-03,2023-11-23,2023,9,September,126688.41,0.0,Northstar Technical Supply,AGC-00024,Northstar Technical Supply,Camille Martin,AGX-2023-011142-AGC-00024,INV-2023-0010346,NET 60 DAYS,993,0,0,Paid,Northstar Technical Supply,Paid
2023-09-24,2023-10-04,2023-12-23,2023,9,September,170473.07,0.0,Meridian Production Services,AGC-00139,Meridian Production Services,Eva Lewis,AGX-2023-012011-AGC-00139,INV-2023-0011141,NET 90 DAYS,963,0,0,Paid,Meridian Production Services,Paid
2023-09-26,2023-09-28,2023-11-25,2023,9,September,259838.54,0.0,Meridian Mechanical Group,AGC-00142,Meridian Mechanical Group,Adrian Walker,AGX-2023-011045-AGC-00142,INV-2023-0010255,NET 60 DAYS,991,0,0,Paid,Meridian Mechanical Group,Paid
2023-09-29,2023-10-06,2023-11-28,2023,9,September,1058993.03,31769.79,Northstar Controls,AGC-00029,Northstar Controls,Noah Keller,AGX-2023-012538-AGC-00029,INV-2023-0011626,NET 60 DAYS,988,0,988,988 day(s) overdue,Northstar Controls,90+ Days
2023-09-30,2023-10-01,2023-10-30,2023,9,September,137384.44,0.0,Northstar Process Solutions,AGC-00004,Northstar Process Solutions,Theo Price,AGX-2023-011926-AGC-00004,INV-2023-0011063,NET 30 DAYS,1017,0,0,Paid,Northstar Process Solutions,Paid
2023-09-30,2023-10-07,2023-12-29,2023,9,September,198412.88,0.0,Meridian Infrastructure,AGC-00118,Meridian Infrastructure,Avery Morgan,AGX-2023-012663-AGC-00118,INV-2023-0011742,NET 90 DAYS,957,0,0,Paid,Meridian Infrastructure,Paid
2023-09-30,2023-10-05,2023-11-29,2023,9,September,44042.18,0.0,Northstar Petro Systems,AGC-00008,Northstar Petro Systems,Julian Howard,AGX-2023-012690-AGC-00008,INV-2023-0011768,NET 60 DAYS,987,0,0,Paid,Northstar Petro Systems,Paid
2023-10-01,2023-10-05,2023-11-30,2023,10,October,98467.07,0.0,Helios Energy Projects,AGC-00063,Helios Energy Projects,Grace Perry,AGX-2023-011634-AGC-00063,INV-2023-0010802,20% ADVANCE / NET 60,986,0,0,Paid,Helios Energy Projects,Paid
2023-10-02,2023-10-09,2023-12-01,2023,10,October,680728.13,0.0,Northstar Refinery Services,AGC-00025,Northstar Refinery Services,Mila Diaz,AGX-2023-010877-AGC-00025,INV-2023-0010102,30% ADVANCE / NET 60,985,0,0,Paid,Northstar Refinery Services,Paid
2023-10-03,2023-10-10,2023-12-02,2023,10,October,118063.04,0.0,Meridian Compression,AGC-00130,Meridian Compression,Theo Price,AGX-2023-011411-AGC-00130,INV-2023-0010594,NET 60 DAYS,984,0,0,Paid,Meridian Compression,Paid
2023-10-06,2023-10-10,2023-12-05,2023,10,October,1950523.96,0.0,Helios Field Services,AGC-00050,Helios Field Services,Julian Howard,AGX-2023-010783-AGC-00050,INV-2023-0010010,30% ADVANCE / NET 60,981,0,0,Paid,Helios Field Services,Paid
2023-10-06,2023-10-16,2023-11-05,2023,10,October,54162.86,0.0,Meridian Utilities,AGC-00123,Meridian Utilities,Mila Diaz,AGX-2023-012242-AGC-00123,INV-2023-0011353,NET 30 DAYS,1011,0,0,Paid,Meridian Utilities,Paid
2023-10-08,2023-10-08,2023-12-07,2023,10,October,46520.75,0.0,Cobalt Flow Technologies,AGC-00080,Cobalt Flow Technologies,Camille Martin,AGX-2023-011822-AGC-00080,INV-2023-0010973,30% ADVANCE / NET 60,979,0,0,Paid,Cobalt Flow Technologies,Paid
2023-10-11,2023-10-15,2023-11-25,2023,10,October,409570.45,0.0,Northstar Industrial Group,AGC-00003,Northstar Industrial Group,Zara Grant,AGX-2023-010917-AGC-00003,INV-2023-0010137,NET 45 DAYS,991,0,0,Paid,Northstar Industrial Group,Paid
2023-10-12,2023-10-21,2023-12-11,2023,10,October,90552.6,0.0,Northstar Instrumentation,AGC-00034,Northstar Instrumentation,Avery Morgan,AGX-2023-010913-AGC-00034,INV-2023-0010133,NET 60 DAYS,975,0,0,Paid,Northstar Instrumentation,Paid
2023-10-16,2023-10-16,2023-12-15,2023,10,October,118357.83,0.0,Arcadia Compression,AGC-00167,Arcadia Compression,Eva Lewis,AGX-2023-010693-AGC-00167,INV-2023-0009935,NET 60 DAYS,971,0,0,Paid,Arcadia Compression,Paid
2023-10-16,2023-10-21,2023-12-15,2023,10,October,172935.45,0.0,Arcadia Automation,AGC-00159,Arcadia Automation,Lucas Hayes,AGX-2023-011331-AGC-00159,INV-2023-0010519,NET 60 DAYS,971,0,0,Paid,Arcadia Automation,Paid
2023-10-18,2023-10-20,2023-11-17,2023,10,October,554353.15,0.0,Arcadia Process Solutions,AGC-00152,Arcadia Process Solutions,Leo Foster,AGX-2023-012226-AGC-00152,INV-2023-0011339,NET 30 DAYS,999,0,0,Paid,Arcadia Process Solutions,Paid
2023-10-19,2023-10-26,2023-12-18,2023,10,October,1059433.01,0.0,Northstar Flow Systems,AGC-00033,Northstar Flow Systems,Lucas Hayes,AGX-2023-012329-AGC-00033,INV-2023-0011436,NET 60 DAYS,968,0,0,Paid,Northstar Flow Systems,Paid
2023-10-26,2023-10-30,2023-12-25,2023,10,October,104155.63,0.0,Cobalt Mechanical Group,AGC-00105,Cobalt Mechanical Group,Grace Perry,AGX-2023-010701-AGC-00105,INV-2023-0009942,NET 60 DAYS,961,0,0,Paid,Cobalt Mechanical Group,Paid
2023-10-27,2023-10-28,2023-12-26,2023,10,October,404411.31,0.0,Northstar Marine Engineering,AGC-00027,Northstar Marine Engineering,Eva Lewis,AGX-2023-012514-AGC-00027,INV-2023-0011604,NET 60 DAYS,960,0,0,Paid,Northstar Marine Engineering,Paid
2023-10-28,2023-10-31,2023-12-27,2023,10,October,646393.0,0.0,Helios Marine Supply,AGC-00074,Helios Marine Supply,Theo Price,AGX-2023-012163-AGC-00074,INV-2023-0011283,30% ADVANCE / NET 60,959,0,0,Paid,Helios Marine Supply,Paid
2023-10-29,2023-11-03,2023-12-28,2023,10,October,592106.35,0.0,Helios Rotating Equipment,AGC-00060,Helios Rotating Equipment,Theo Price,AGX-2023-010965-AGC-00060,INV-2023-0010183,20% ADVANCE / NET 60,958,0,0,Paid,Helios Rotating Equipment,Paid
2023-11-03,2023-11-12,2024-02-01,2023,11,November,387382.86,0.0,Helios Refinery Services,AGC-00062,Helios Refinery Services,Avery Morgan,AGX-2023-011242-AGC-00062,INV-2023-0010435,NET 90 DAYS,923,0,0,Paid,Helios Refinery Services,Paid
2023-11-04,2023-11-14,2023-12-04,2023,11,November,147528.43,0.0,Cobalt Engineering,AGC-00091,Cobalt Engineering,Grace Perry,AGX-2023-011218-AGC-00091,INV-2023-0010414,NET 30 DAYS,982,0,0,Paid,Cobalt Engineering,Paid
2023-11-05,2023-11-05,2023-12-20,2023,11,November,175569.97,0.0,Arcadia Controls,AGC-00177,Arcadia Controls,Lina Sato,AGX-2023-010832-AGC-00177,INV-2023-0010057,NET 45 DAYS,966,0,0,Paid,Arcadia Controls,Paid
2023-11-05,2023-11-13,2024-01-04,2023,11,November,775265.41,0.0,Helios Utilities,AGC-00049,Helios Utilities,Grace Perry,AGX-2023-011671-AGC-00049,INV-2023-0010832,30% ADVANCE / NET 60,951,0,0,Paid,Helios Utilities,Paid
2023-11-05,2023-11-09,2023-12-20,2023,11,November,182441.11,0.0,Meridian Rotating Equipment,AGC-00134,Meridian Rotating Equipment,Julian Howard,AGX-2023-012413-AGC-00134,INV-2023-0011511,NET 45 DAYS,966,0,0,Paid,Meridian Rotating Equipment,Paid
2023-11-07,2023-11-17,2024-01-06,2023,11,November,195544.34,0.0,Northstar Offshore Systems,AGC-00030,Northstar Offshore Systems,Adrian Walker,AGX-2023-010688-AGC-00030,INV-2023-0009930,NET 60 DAYS,949,0,0,Paid,Northstar Offshore Systems,Paid
2023-11-07,2023-11-17,2023-12-22,2023,11,November,49372.09,0.0,Arcadia Marine Services,AGC-00150,Arcadia Marine Services,Camille Martin,AGX-2023-012586-AGC-00150,INV-2023-0011671,NET 45 DAYS,964,0,0,Paid,Arcadia Marine Services,Paid
2023-11-09,2023-11-15,2023-12-09,2023,11,November,2030108.89,0.0,Arcadia Marine Engineering,AGC-00175,Arcadia Marine Engineering,Grace Perry,AGX-2023-011322-AGC-00175,INV-2023-0010510,NET 30 DAYS,977,0,0,Paid,Arcadia Marine Engineering,Paid
2023-11-12,2023-11-12,2024-01-11,2023,11,November,511301.57,0.0,Northstar Industrial Services,AGC-00032,Northstar Industrial Services,Theo Price,AGX-2023-010977-AGC-00032,INV-2023-0010193,30% ADVANCE / NET 60,944,0,0,Paid,Northstar Industrial Services,Paid
2023-11-12,2023-11-18,2024-01-11,2023,11,November,871545.68,0.0,Northstar Mechanical Group,AGC-00031,Northstar Mechanical Group,Zara Grant,AGX-2023-012513-AGC-00031,INV-2023-0011603,20% ADVANCE / NET 60,944,0,0,Paid,Northstar Mechanical Group,Paid
2023-11-14,2023-11-17,2024-02-12,2023,11,November,137295.19,0.0,Arcadia Pipeline Services,AGC-00170,Arcadia Pipeline Services,Adrian Walker,AGX-2023-012005-AGC-00170,INV-2023-0011135,20% ADVANCE / NET 90,912,0,0,Paid,Arcadia Pipeline Services,Paid
2023-11-15,2023-11-20,2023-12-15,2023,11,November,571487.43,0.0,Helios Production Services,AGC-00065,Helios Production Services,Lina Sato,AGX-2023-012361-AGC-00065,INV-2023-0011463,NET 30 DAYS,971,0,0,Paid,Helios Production Services,Paid
2023-11-16,2023-11-24,2024-02-14,2023,11,November,198018.05,0.0,Northstar Industrial Maintenance,AGC-00020,Northstar Industrial Maintenance,Avery Morgan,AGX-2023-011145-AGC-00020,INV-2023-0010349,20% ADVANCE / NET 90,910,0,0,Paid,Northstar Industrial Maintenance,Paid
2023-11-23,2023-11-28,2024-01-22,2023,11,November,483198.94,0.0,Cobalt Mechanical Group,AGC-00105,Cobalt Mechanical Group,Grace Perry,AGX-2023-010668-AGC-00105,INV-2023-0009910,NET 60 DAYS,933,0,0,Paid,Cobalt Mechanical Group,Paid
2023-11-23,2023-11-29,2024-01-22,2023,11,November,60315.08,0.0,Cobalt Infrastructure,AGC-00081,Cobalt Infrastructure,Mila Diaz,AGX-2023-011840-AGC-00081,INV-2023-0010989,NET 60 DAYS,933,0,0,Paid,Cobalt Infrastructure,Paid
2023-11-23,2023-11-25,2024-01-22,2023,11,November,1540956.15,0.0,Helios Field Services,AGC-00050,Helios Field Services,Julian Howard,AGX-2023-012515-AGC-00050,INV-2023-0011605,30% ADVANCE / NET 60,933,0,0,Paid,Helios Field Services,Paid
2023-11-25,2023-11-25,2023-12-25,2023,11,November,231232.81,0.0,Cobalt Industrial Maintenance,AGC-00094,Cobalt Industrial Maintenance,Camille Martin,AGX-2023-012091-AGC-00094,INV-2023-0011216,NET 30 DAYS,961,0,0,Paid,Cobalt Industrial Maintenance,Paid
2023-11-27,2023-12-06,2023-12-27,2023,11,November,178611.32,0.0,Helios Process Controls,AGC-00053,Helios Process Controls,Mila Diaz,AGX-2023-012302-AGC-00053,INV-2023-0011410,NET 30 DAYS,959,0,0,Paid,Helios Process Controls,Paid
2023-11-27,2023-12-04,2024-01-26,2023,11,November,131347.86,0.0,Northstar Process Controls,AGC-00016,Northstar Process Controls,Adrian Walker,AGX-2023-012672-AGC-00016,INV-2023-0011751,NET 60 DAYS,929,0,0,Paid,Northstar Process Controls,Paid
2023-12-01,2023-12-05,2023-12-31,2023,12,December,10242.19,0.0,Meridian Mining Services,AGC-00120,Meridian Mining Services,Julian Howard,AGX-2023-010679-AGC-00120,INV-2023-0009921,NET 30 DAYS,955,0,0,Paid,Meridian Mining Services,Paid
2023-12-05,2023-12-14,2024-03-04,2023,12,December,401929.74,0.0,Cobalt Production Services,AGC-00102,Cobalt Production Services,Theo Price,AGX-2023-011785-AGC-00102,INV-2023-0010938,NET 90 DAYS,891,0,0,Paid,Cobalt Production Services,Paid
2023-12-05,2023-12-15,2024-01-19,2023,12,December,96388.07,0.0,Arcadia Industrial Maintenance,AGC-00168,Arcadia Industrial Maintenance,Priya Nguyen,AGX-2023-012597-AGC-00168,INV-2023-0011681,NET 45 DAYS,936,0,0,Paid,Arcadia Industrial Maintenance,Paid
2023-12-07,2023-12-17,2024-02-05,2023,12,December,1984568.09,0.0,Arcadia Drilling Solutions,AGC-00166,Arcadia Drilling Solutions,Leo Foster,AGX-2023-012293-AGC-00166,INV-2023-0011402,20% ADVANCE / NET 60,919,0,0,Paid,Arcadia Drilling Solutions,Paid
2023-12-07,2023-12-11,2024-02-05,2023,12,December,276083.39,0.0,Northstar Production Services,AGC-00028,Northstar Production Services,Priya Nguyen,AGX-2023-012529-AGC-00028,INV-2023-0011619,NET 60 DAYS,919,0,0,Paid,Northstar Production Services,Paid
2023-12-08,2023-12-08,2024-02-06,2023,12,December,244457.42,0.0,Cobalt Industrial Services,AGC-00106,Cobalt Industrial Services,Julian Howard,AGX-2023-010835-AGC-00106,INV-2023-0010060,30% ADVANCE / NET 60,918,0,0,Paid,Cobalt Industrial Services,Paid
2023-12-08,2023-12-12,2024-02-06,2023,12,December,411377.92,0.0,Northstar Instrumentation,AGC-00034,Northstar Instrumentation,Avery Morgan,AGX-2023-012303-AGC-00034,INV-2023-0011411,NET 60 DAYS,918,0,0,Paid,Northstar Instrumentation,Paid
2023-12-10,2023-12-12,2024-03-09,2023,12,December,292318.87,0.0,Northstar Compression,AGC-00019,Northstar Compression,Lucas Hayes,AGX-2023-010860-AGC-00019,INV-2023-0010085,NET 90 DAYS,886,0,0,Paid,Northstar Compression,Paid
2023-12-10,2023-12-20,2024-02-08,2023,12,December,314889.25,0.0,Helios Resources,AGC-00058,Helios Resources,Adrian Walker,AGX-2023-011013-AGC-00058,INV-2023-0010226,30% ADVANCE / NET 60,916,0,0,Paid,Helios Resources,Paid
2023-12-10,2023-12-20,2024-01-09,2023,12,December,681113.59,0.0,Meridian Pipeline Services,AGC-00133,Meridian Pipeline Services,Grace Perry,AGX-2023-011713-AGC-00133,INV-2023-0010870,NET 30 DAYS,946,0,0,Paid,Meridian Pipeline Services,Paid
2023-12-13,2023-12-14,2024-02-11,2023,12,December,641784.66,0.0,Northstar Industrial Services,AGC-00032,Northstar Industrial Services,Theo Price,AGX-2023-011398-AGC-00032,INV-2023-0010581,30% ADVANCE / NET 60,913,0,0,Paid,Northstar Industrial Services,Paid
2023-12-13,2023-12-16,2024-02-11,2023,12,December,139581.77,0.0,Northstar Field Services,AGC-00013,Northstar Field Services,Eva Lewis,AGX-2023-012423-AGC-00013,INV-2023-0011520,NET 60 DAYS,913,0,0,Paid,Northstar Field Services,Paid
2023-12-15,2023-12-25,2024-02-13,2023,12,December,151448.45,0.0,Cobalt Pipeline Services,AGC-00096,Cobalt Pipeline Services,Leo Foster,AGX-2023-010949-AGC-00096,INV-2023-0010167,NET 60 DAYS,911,0,0,Paid,Cobalt Pipeline Services,Paid
2023-12-16,2023-12-25,2024-03-15,2023,12,December,671886.17,0.0,Helios Power Partners,AGC-00052,Helios Power Partners,Camille Martin,AGX-2023-012235-AGC-00052,INV-2023-0011347,20% ADVANCE / NET 90,880,0,0,Paid,Helios Power Partners,Paid
2023-12-18,2023-12-28,2024-01-17,2023,12,December,82131.92,0.0,Meridian Industrial Group,AGC-00114,Meridian Industrial Group,Adrian Walker,AGX-2023-011327-AGC-00114,INV-2023-0010515,NET 30 DAYS,938,0,0,Paid,Meridian Industrial Group,Paid
2023-12-19,2023-12-26,2024-01-18,2023,12,December,667405.26,0.0,Arcadia Marine Engineering,AGC-00175,Arcadia Marine Engineering,Grace Perry,AGX-2023-011115-AGC-00175,INV-2023-0010319,NET 30 DAYS,937,0,0,Paid,Arcadia Marine Engineering,Paid
2023-12-21,2023-12-22,2024-02-19,2023,12,December,536144.6,0.0,Arcadia Industrial Group,AGC-00151,Arcadia Industrial Group,Mila Diaz,AGX-2023-012029-AGC-00151,INV-2023-0011159,20% ADVANCE / NET 60,905,0,0,Paid,Arcadia Industrial Group,Paid
2023-12-26,2023-12-27,2024-02-24,2023,12,December,591379.89,0.0,Northstar Automation,AGC-00011,Northstar Automation,Mila Diaz,AGX-2023-010745-AGC-00011,INV-2023-0009978,20% ADVANCE / NET 60,900,0,0,Paid,Northstar Automation,Paid
2023-12-28,2024-01-01,2024-02-11,2023,12,December,279737.41,0.0,Northstar Industrial Solutions,AGC-00036,Northstar Industrial Solutions,Julian Howard,AGX-2023-012144-AGC-00036,INV-2023-0011265,NET 45 DAYS,913,0,0,Paid,Northstar Industrial Solutions,Paid
2023-12-29,2024-01-04,2024-02-27,2023,12,December,376815.04,0.0,Cobalt Automation,AGC-00085,Cobalt Automation,Noah Keller,AGX-2023-010774-AGC-00085,INV-2023-0010002,NET 60 DAYS,897,0,0,Paid,Cobalt Automation,Paid
2023-12-30,2024-01-05,2024-02-28,2023,12,December,608520.51,0.0,Cobalt Process Solutions,AGC-00078,Cobalt Process Solutions,Julian Howard,AGX-2023-011735-AGC-00078,INV-2023-0010889,20% ADVANCE / NET 60,896,0,0,Paid,Cobalt Process Solutions,Paid
2023-12-31,2024-01-01,2024-03-30,2023,12,December,1166774.08,0.0,Helios Industrial Group,AGC-00040,Helios Industrial Group,Leo Foster,AGX-2023-010813-AGC-00040,INV-2023-0010038,NET 90 DAYS,865,0,0,Paid,Helios Industrial Group,Paid
2023-12-31,2024-01-07,2024-02-29,2023,12,December,87919.99,0.0,Cobalt Compression,AGC-00093,Cobalt Compression,Lina Sato,AGX-2023-011566-AGC-00093,INV-2023-0010739,NET 60 DAYS,895,0,0,Paid,Cobalt Compression,Paid
2023-12-31,2024-01-09,2024-02-29,2023,12,December,1980745.5,0.0,Northstar Offshore Systems,AGC-00030,Northstar Offshore Systems,Adrian Walker,AGX-2023-011826-AGC-00030,INV-2023-0010977,NET 60 DAYS,895,0,0,Paid,Northstar Offshore Systems,Paid
2024-01-03,2024-01-09,2024-03-03,2024,1,January,1060753.32,0.0,Northstar Field Services,AGC-00013,Northstar Field Services,Eva Lewis,AGX-2023-012634-AGC-00013,INV-2024-0011715,NET 60 DAYS,892,0,0,Paid,Northstar Field Services,Paid
2024-01-08,2024-01-17,2024-04-07,2024,1,January,270606.77,0.0,Helios Technical Services,AGC-00072,Helios Technical Services,Adrian Walker,AGX-2023-010731-AGC-00072,INV-2024-0009966,NET 90 DAYS,857,0,0,Paid,Helios Technical Services,Paid
2024-01-08,2024-01-08,2024-03-08,2024,1,January,5358210.8,0.0,Helios Infrastructure,AGC-00044,Helios Infrastructure,Adrian Walker,AGX-2024-013189-AGC-00044,INV-2024-0012229,NET 60 DAYS,887,0,0,Paid,Helios Infrastructure,Paid
2024-01-14,2024-01-14,2024-02-13,2024,1,January,152805.26,0.0,Northstar Technical Services,AGC-00035,Northstar Technical Services,Grace Perry,AGX-2024-014713-AGC-00035,INV-2024-0013669,NET 30 DAYS,911,0,0,Paid,Northstar Technical Services,Paid
2024-01-16,2024-01-16,2024-03-16,2024,1,January,644220.16,0.0,Meridian Refinery Services,AGC-00136,Meridian Refinery Services,Camille Martin,AGX-2023-012286-AGC-00136,INV-2024-0011395,20% ADVANCE / NET 60,879,0,0,Paid,Meridian Refinery Services,Paid
2024-01-16,2024-01-17,2024-03-16,2024,1,January,765885.87,0.0,Helios Marine Services,AGC-00039,Helios Marine Services,Mila Diaz,AGX-2023-012616-AGC-00039,INV-2024-0011699,20% ADVANCE / NET 60,879,0,0,Paid,Helios Marine Services,Paid
2024-01-18,2024-01-22,2024-04-17,2024,1,January,105000.86,0.0,Arcadia Pipeline Services,AGC-00170,Arcadia Pipeline Services,Adrian Walker,AGX-2023-011808-AGC-00170,INV-2024-0010959,20% ADVANCE / NET 90,847,0,0,Paid,Arcadia Pipeline Services,Paid
2024-01-18,2024-01-24,2024-03-03,2024,1,January,962296.88,0.0,Arcadia Industrial Maintenance,AGC-00168,Arcadia Industrial Maintenance,Priya Nguyen,AGX-2024-013497-AGC-00168,INV-2024-0012523,NET 45 DAYS,892,0,0,Paid,Arcadia Industrial Maintenance,Paid
2024-01-19,2024-01-23,2024-03-19,2024,1,January,1806902.88,0.0,Helios Automation,AGC-00048,Helios Automation,Avery Morgan,AGX-2023-012342-AGC-00048,INV-2024-0011448,20% ADVANCE / NET 60,876,0,0,Paid,Helios Automation,Paid
2024-01-22,2024-01-25,2024-02-21,2024,1,January,531239.3,0.0,Helios Instrumentation,AGC-00071,Helios Instrumentation,Noah Keller,AGX-2023-011294-AGC-00071,INV-2024-0010483,NET 30 DAYS,903,0,0,Paid,Helios Instrumentation,Paid
2024-01-24,2024-01-31,2024-03-09,2024,1,January,352059.62,0.0,Cobalt Waterworks,AGC-00084,Cobalt Waterworks,Priya Nguyen,AGX-2023-010948-AGC-00084,INV-2024-0010166,NET 45 DAYS,886,0,0,Paid,Cobalt Waterworks,Paid
2024-01-24,2024-01-25,2024-03-24,2024,1,January,2075103.47,0.0,Arcadia Technical Supply,AGC-00172,Arcadia Technical Supply,Theo Price,AGX-2023-010968-AGC-00172,INV-2024-0010185,30% ADVANCE / NET 60,871,0,0,Paid,Arcadia Technical Supply,Paid
2024-01-24,2024-01-24,2024-03-24,2024,1,January,597896.04,0.0,Arcadia Rotating Equipment,AGC-00171,Arcadia Rotating Equipment,Zara Grant,AGX-2023-011402-AGC-00171,INV-2024-0010585,NET 60 DAYS,871,0,0,Paid,Arcadia Rotating Equipment,Paid
2024-01-26,2024-02-04,2024-03-26,2024,1,January,500015.33,0.0,Meridian Offshore Engineering,AGC-00116,Meridian Offshore Engineering,Theo Price,AGX-2023-011255-AGC-00116,INV-2024-0010446,NET 60 DAYS,869,0,0,Paid,Meridian Offshore Engineering,Paid
2024-01-28,2024-02-02,2024-03-28,2024,1,January,663564.99,0.0,Cobalt Rotating Equipment,AGC-00097,Cobalt Rotating Equipment,Eva Lewis,AGX-2023-011689-AGC-00097,INV-2024-0010848,NET 60 DAYS,867,0,0,Paid,Cobalt Rotating Equipment,Paid
2024-02-03,2024-02-05,2024-03-04,2024,2,February,93367.8,0.0,Meridian Industrial Group,AGC-00114,Meridian Industrial Group,Adrian Walker,AGX-2024-014124-AGC-00114,INV-2024-0013119,NET 30 DAYS,891,0,0,Paid,Meridian Industrial Group,Paid
2024-02-06,2024-02-13,2024-05-06,2024,2,February,233140.03,0.0,Meridian Drilling Solutions,AGC-00129,Meridian Drilling Solutions,Zara Grant,AGX-2024-012762-AGC-00129,INV-2024-0011838,NET 90 DAYS,828,0,0,Paid,Meridian Drilling Solutions,Paid
2024-02-07,2024-02-16,2024-04-07,2024,2,February,152394.44,0.0,Northstar Utilities,AGC-00012,Northstar Utilities,Leo Foster,AGX-2024-014754-AGC-00012,INV-2024-0013710,NET 60 DAYS,857,0,0,Paid,Northstar Utilities,Paid
2024-02-14,2024-02-16,2024-03-15,2024,2,February,153426.78,0.0,Helios Instrumentation,AGC-00071,Helios Instrumentation,Noah Keller,AGX-2024-014802-AGC-00071,INV-2024-0013754,NET 30 DAYS,880,0,0,Paid,Helios Instrumentation,Paid
2024-02-16,2024-02-19,2024-03-17,2024,2,February,16431.06,0.0,Arcadia Mechanical Group,AGC-00179,Arcadia Mechanical Group,Mila Diaz,AGX-2023-011729-AGC-00179,INV-2024-0010884,NET 30 DAYS,878,0,0,Paid,Arcadia Mechanical Group,Paid
2024-02-16,2024-02-18,2024-05-16,2024,2,February,82042.32,0.0,Meridian Infrastructure,AGC-00118,Meridian Infrastructure,Avery Morgan,AGX-2024-012847-AGC-00118,INV-2024-0011916,NET 90 DAYS,818,0,0,Paid,Meridian Infrastructure,Paid
2024-02-17,2024-02-24,2024-04-17,2024,2,February,92680.57,0.0,Helios Offshore Systems,AGC-00067,Helios Offshore Systems,Mila Diaz,AGX-2024-014745-AGC-00067,INV-2024-0013701,NET 60 DAYS,847,0,0,Paid,Helios Offshore Systems,Paid
2024-02-22,2024-02-24,2024-03-23,2024,2,February,630625.93,0.0,Helios Industrial Maintenance,AGC-00057,Helios Industrial Maintenance,Noah Keller,AGX-2023-011494-AGC-00057,INV-2024-0010673,NET 30 DAYS,872,0,0,Paid,Helios Industrial Maintenance,Paid
2024-02-27,2024-03-05,2024-04-27,2024,2,February,357911.35,0.0,Northstar Instrumentation,AGC-00034,Northstar Instrumentation,Avery Morgan,AGX-2024-014619-AGC-00034,INV-2024-0013582,NET 60 DAYS,837,0,0,Paid,Northstar Instrumentation,Paid
2024-02-29,2024-03-10,2024-04-29,2024,2,February,242044.45,0.0,Cobalt Infrastructure,AGC-00081,Cobalt Infrastructure,Mila Diaz,AGX-2024-012911-AGC-00081,INV-2024-0011976,NET 60 DAYS,835,0,0,Paid,Cobalt Infrastructure,Paid
2024-03-01,2024-03-06,2024-04-30,2024,3,March,1475389.04,0.0,Northstar Mechanical Group,AGC-00031,Northstar Mechanical Group,Zara Grant,AGX-2023-012544-AGC-00031,INV-2024-0011631,20% ADVANCE / NET 60,834,0,0,Paid,Northstar Mechanical Group,Paid
2024-03-01,2024-03-04,2024-05-30,2024,3,March,711373.12,0.0,Helios Technical Services,AGC-00072,Helios Technical Services,Adrian Walker,AGX-2024-013543-AGC-00072,INV-2024-0012567,NET 90 DAYS,804,0,0,Paid,Helios Technical Services,Paid
2024-03-03,2024-03-05,2024-05-02,2024,3,March,250351.67,0.0,Northstar Production Services,AGC-00028,Northstar Production Services,Priya Nguyen,AGX-2024-014139-AGC-00028,INV-2024-0013130,NET 60 DAYS,832,0,0,Paid,Northstar Production Services,Paid
2024-03-07,2024-03-14,2024-06-05,2024,3,March,700189.96,0.0,Helios Power Partners,AGC-00052,Helios Power Partners,Camille Martin,AGX-2024-014117-AGC-00052,INV-2024-0013113,20% ADVANCE / NET 90,798,0,0,Paid,Helios Power Partners,Paid
2024-03-07,2024-03-12,2024-05-06,2024,3,March,227619.37,22761.94,Meridian Industrial Solutions,AGC-00147,Meridian Industrial Solutions,Grace Perry,AGX-2024-014413-AGC-00147,INV-2024-0013389,30% ADVANCE / NET 60,828,0,828,828 day(s) overdue,Meridian Industrial Solutions,90+ Days
2024-03-09,2024-03-14,2024-05-08,2024,3,March,430525.96,0.0,Cobalt Energy Systems,AGC-00075,Cobalt Energy Systems,Lucas Hayes,AGX-2024-014165-AGC-00075,INV-2024-0013156,NET 60 DAYS,826,0,0,Paid,Cobalt Energy Systems,Paid
2024-03-10,2024-03-18,2024-05-09,2024,3,March,350340.18,0.0,Helios Mechanical Group,AGC-00068,Helios Mechanical Group,Leo Foster,AGX-2024-013408-AGC-00068,INV-2024-0012439,NET 60 DAYS,825,0,0,Paid,Helios Mechanical Group,Paid
2024-03-10,2024-03-13,2024-05-09,2024,3,March,64370.52,0.0,Northstar Mechanical Group,AGC-00031,Northstar Mechanical Group,Zara Grant,AGX-2024-014707-AGC-00031,INV-2024-0013663,20% ADVANCE / NET 60,825,0,0,Paid,Northstar Mechanical Group,Paid
2024-03-11,2024-03-19,2024-05-10,2024,3,March,410443.91,0.0,Meridian Marine Services,AGC-00113,Meridian Marine Services,Noah Keller,AGX-2024-013309-AGC-00113,INV-2024-0012343,NET 60 DAYS,824,0,0,Paid,Meridian Marine Services,Paid
2024-03-14,2024-03-16,2024-05-13,2024,3,March,865502.11,0.0,Arcadia Industrial Services,AGC-00180,Arcadia Industrial Services,Leo Foster,AGX-2024-014587-AGC-00180,INV-2024-0013553,20% ADVANCE / NET 60,821,0,0,Paid,Arcadia Industrial Services,Paid
2024-03-15,2024-03-16,2024-05-14,2024,3,March,362161.3,0.0,Northstar Field Services,AGC-00013,Northstar Field Services,Eva Lewis,AGX-2024-013225-AGC-00013,INV-2024-0012262,NET 60 DAYS,820,0,0,Paid,Northstar Field Services,Paid
2024-03-17,2024-03-25,2024-05-01,2024,3,March,850062.04,0.0,Meridian Offshore Systems,AGC-00141,Meridian Offshore Systems,Noah Keller,AGX-2024-012876-AGC-00141,INV-2024-0011942,NET 45 DAYS,833,0,0,Paid,Meridian Offshore Systems,Paid
2024-03-17,2024-03-27,2024-04-16,2024,3,March,159355.76,0.0,Arcadia Refinery Services,AGC-00173,Arcadia Refinery Services,Lucas Hayes,AGX-2024-013464-AGC-00173,INV-2024-0012492,NET 30 DAYS,848,0,0,Paid,Arcadia Refinery Services,Paid
2024-03-19,2024-03-20,2024-05-18,2024,3,March,779027.74,0.0,Meridian Flow Technologies,AGC-00117,Meridian Flow Technologies,Lucas Hayes,AGX-2024-012763-AGC-00117,INV-2024-0011839,NET 60 DAYS,816,0,0,Paid,Meridian Flow Technologies,Paid
2024-03-19,2024-03-25,2024-05-18,2024,3,March,185568.52,0.0,Cobalt Automation,AGC-00085,Cobalt Automation,Noah Keller,AGX-2024-013141-AGC-00085,INV-2024-0012187,NET 60 DAYS,816,0,0,Paid,Cobalt Automation,Paid
2024-03-19,2024-03-25,2024-04-18,2024,3,March,466814.54,0.0,Northstar Engineering,AGC-00017,Northstar Engineering,Zara Grant,AGX-2024-013704-AGC-00017,INV-2024-0012718,NET 30 DAYS,846,0,0,Paid,Northstar Engineering,Paid
2024-03-19,2024-03-21,2024-04-18,2024,3,March,612552.55,0.0,Cobalt Engineering,AGC-00091,Cobalt Engineering,Grace Perry,AGX-2024-014289-AGC-00091,INV-2024-0013275,NET 30 DAYS,846,0,0,Paid,Cobalt Engineering,Paid
2024-03-20,2024-03-26,2024-04-19,2024,3,March,31740.8,0.0,Northstar Flow Technologies,AGC-00006,Northstar Flow Technologies,Avery Morgan,AGX-2024-013221-AGC-00006,INV-2024-0012258,NET 30 DAYS,845,0,0,Paid,Northstar Flow Technologies,Paid
2024-03-20,2024-03-30,2024-04-19,2024,3,March,547484.93,0.0,Arcadia Marine Engineering,AGC-00175,Arcadia Marine Engineering,Grace Perry,AGX-2024-013455-AGC-00175,INV-2024-0012484,NET 30 DAYS,845,0,0,Paid,Arcadia Marine Engineering,Paid
2024-03-21,2024-03-27,2024-06-19,2024,3,March,1566356.75,0.0,Northstar Pipeline Services,AGC-00022,Northstar Pipeline Services,Julian Howard,AGX-2024-013180-AGC-00022,INV-2024-0012221,NET 90 DAYS,784,0,0,Paid,Northstar Pipeline Services,Paid
2024-03-23,2024-04-02,2024-06-21,2024,3,March,50250.14,0.0,Arcadia Production Services,AGC-00176,Arcadia Production Services,Julian Howard,AGX-2024-013879-AGC-00176,INV-2024-0012884,20% ADVANCE / NET 90,782,0,0,Paid,Arcadia Production Services,Paid
2024-03-23,2024-04-02,2024-05-22,2024,3,March,177833.06,0.0,Cobalt Technical Services,AGC-00109,Cobalt Technical Services,Mila Diaz,AGX-2024-014813-AGC-00109,INV-2024-0013763,NET 60 DAYS,812,0,0,Paid,Cobalt Technical Services,Paid
2024-03-24,2024-03-28,2024-05-23,2024,3,March,1149547.19,0.0,Meridian Energy Systems,AGC-00112,Meridian Energy Systems,Priya Nguyen,AGX-2024-013112-AGC-00112,INV-2024-0012160,NET 60 DAYS,811,0,0,Paid,Meridian Energy Systems,Paid
2024-03-25,2024-03-25,2024-05-24,2024,3,March,2933730.97,0.0,Helios Offshore Systems,AGC-00067,Helios Offshore Systems,Mila Diaz,AGX-2024-013331-AGC-00067,INV-2024-0012364,NET 60 DAYS,810,0,0,Paid,Helios Offshore Systems,Paid
2024-03-25,2024-04-01,2024-04-24,2024,3,March,16273.62,0.0,Cobalt Engineering,AGC-00091,Cobalt Engineering,Grace Perry,AGX-2024-013863-AGC-00091,INV-2024-0012869,NET 30 DAYS,840,0,0,Paid,Cobalt Engineering,Paid
2024-03-28,2024-04-03,2024-05-12,2024,3,March,586854.13,0.0,Northstar Energy Systems,AGC-00001,Northstar Energy Systems,Noah Keller,AGX-2024-013722-AGC-00001,INV-2024-0012735,NET 45 DAYS,822,0,0,Paid,Northstar Energy Systems,Paid
2024-03-28,2024-04-06,2024-05-27,2024,3,March,242843.64,0.0,Northstar Automation,AGC-00011,Northstar Automation,Mila Diaz,AGX-2024-014049-AGC-00011,INV-2024-0013047,20% ADVANCE / NET 60,807,0,0,Paid,Northstar Automation,Paid
2024-03-28,2024-04-01,2024-05-27,2024,3,March,171895.52,0.0,Northstar Drilling Solutions,AGC-00018,Northstar Drilling Solutions,Theo Price,AGX-2024-014774-AGC-00018,INV-2024-0013729,NET 60 DAYS,807,0,0,Paid,Northstar Drilling Solutions,Paid
2024-03-31,2024-04-01,2024-05-30,2024,3,March,821021.01,0.0,Meridian Technical Supply,AGC-00135,Meridian Technical Supply,Lina Sato,AGX-2024-014768-AGC-00135,INV-2024-0013723,30% ADVANCE / NET 60,804,0,0,Paid,Meridian Technical Supply,Paid
2024-04-02,2024-04-05,2024-06-01,2024,4,April,432466.21,0.0,Arcadia Automation,AGC-00159,Arcadia Automation,Lucas Hayes,AGX-2024-012987-AGC-00159,INV-2024-0012048,NET 60 DAYS,802,0,0,Paid,Arcadia Automation,Paid
2024-04-09,2024-04-12,2024-06-08,2024,4,April,127800.64,0.0,Northstar Marine Supply,AGC-00037,Northstar Marine Supply,Lina Sato,AGX-2024-013044-AGC-00037,INV-2024-0012098,NET 60 DAYS,795,0,0,Paid,Northstar Marine Supply,Paid
2024-04-11,2024-04-20,2024-05-11,2024,4,April,511531.6,0.0,Northstar Energy Projects,AGC-00026,Northstar Energy Projects,Leo Foster,AGX-2024-013589-AGC-00026,INV-2024-0012608,NET 30 DAYS,823,0,0,Paid,Northstar Energy Projects,Paid
2024-04-13,2024-04-13,2024-05-28,2024,4,April,446559.12,0.0,Arcadia Marine Services,AGC-00150,Arcadia Marine Services,Camille Martin,AGX-2024-013623-AGC-00150,INV-2024-0012642,NET 45 DAYS,806,0,0,Paid,Arcadia Marine Services,Paid
2024-04-13,2024-04-20,2024-07-12,2024,4,April,90614.71,0.0,Cobalt Industrial Group,AGC-00077,Cobalt Industrial Group,Grace Perry,AGX-2024-013845-AGC-00077,INV-2024-0012852,20% ADVANCE / NET 90,761,0,0,Paid,Cobalt Industrial Group,Paid
2024-04-16,2024-04-16,2024-06-15,2024,4,April,46000.71,0.0,Meridian Marine Engineering,AGC-00138,Meridian Marine Engineering,Leo Foster,AGX-2024-014636-AGC-00138,INV-2024-0013599,NET 60 DAYS,788,0,0,Paid,Meridian Marine Engineering,Paid
2024-04-17,2024-04-20,2024-07-16,2024,4,April,36283.31,0.0,Helios Industrial Solutions,AGC-00073,Helios Industrial Solutions,Zara Grant,AGX-2024-014385-AGC-00073,INV-2024-0013363,NET 90 DAYS,757,0,0,Paid,Helios Industrial Solutions,Paid
2024-04-18,2024-04-20,2024-06-17,2024,4,April,486115.94,0.0,Helios Waterworks,AGC-00047,Helios Waterworks,Lucas Hayes,AGX-2024-013105-AGC-00047,INV-2024-0012153,NET 60 DAYS,786,0,0,Paid,Helios Waterworks,Paid
2024-04-20,2024-04-24,2024-06-19,2024,4,April,492236.68,0.0,Arcadia Compression,AGC-00167,Arcadia Compression,Eva Lewis,AGX-2024-014721-AGC-00167,INV-2024-0013677,NET 60 DAYS,784,0,0,Paid,Arcadia Compression,Paid
2024-04-21,2024-04-26,2024-06-20,2024,4,April,599021.61,0.0,Cobalt Industrial Services,AGC-00106,Cobalt Industrial Services,Julian Howard,AGX-2024-013857-AGC-00106,INV-2024-0012863,30% ADVANCE / NET 60,783,0,0,Paid,Cobalt Industrial Services,Paid
2024-04-22,2024-05-02,2024-06-21,2024,4,April,622458.71,0.0,Meridian Resources,AGC-00132,Meridian Resources,Avery Morgan,AGX-2024-014282-AGC-00132,INV-2024-0013268,NET 60 DAYS,782,0,0,Paid,Meridian Resources,Paid
2024-04-25,2024-04-29,2024-06-24,2024,4,April,938220.81,0.0,Arcadia Mining Services,AGC-00157,Arcadia Mining Services,Zara Grant,AGX-2024-013370-AGC-00157,INV-2024-0012402,30% ADVANCE / NET 60,779,0,0,Paid,Arcadia Mining Services,Paid
2024-04-27,2024-04-29,2024-06-26,2024,4,April,403188.84,0.0,Helios Resources,AGC-00058,Helios Resources,Adrian Walker,AGX-2024-014735-AGC-00058,INV-2024-0013691,30% ADVANCE / NET 60,777,0,0,Paid,Helios Resources,Paid
2024-05-01,2024-05-04,2024-06-30,2024,5,May,445987.33,0.0,Cobalt Automation,AGC-00085,Cobalt Automation,Noah Keller,AGX-2024-013728-AGC-00085,INV-2024-0012741,NET 60 DAYS,773,0,0,Paid,Cobalt Automation,Paid
2024-05-04,2024-05-14,2024-06-18,2024,5,May,403623.56,0.0,Helios Mechanical,AGC-00051,Helios Mechanical,Lina Sato,AGX-2024-012942-AGC-00051,INV-2024-0012007,NET 45 DAYS,785,0,0,Paid,Helios Mechanical,Paid
2024-05-05,2024-05-09,2024-07-04,2024,5,May,792673.1,0.0,Northstar Mechanical,AGC-00014,Northstar Mechanical,Priya Nguyen,AGX-2024-013751-AGC-00014,INV-2024-0012764,NET 60 DAYS,769,0,0,Paid,Northstar Mechanical,Paid
2024-05-05,2024-05-14,2024-06-04,2024,5,May,593822.56,0.0,Helios Process Controls,AGC-00053,Helios Process Controls,Mila Diaz,AGX-2024-014232-AGC-00053,INV-2024-0013221,NET 30 DAYS,799,0,0,Paid,Helios Process Controls,Paid
2024-05-09,2024-05-10,2024-06-23,2024,5,May,6730805.89,0.0,Arcadia Controls,AGC-00177,Arcadia Controls,Lina Sato,AGX-2024-013448-AGC-00177,INV-2024-0012478,NET 45 DAYS,780,0,0,Paid,Arcadia Controls,Paid
2024-05-09,2024-05-14,2024-06-08,2024,5,May,79565.91,0.0,Helios Drilling Solutions,AGC-00055,Helios Drilling Solutions,Eva Lewis,AGX-2024-014518-AGC-00055,INV-2024-0013487,NET 30 DAYS,795,0,0,Paid,Helios Drilling Solutions,Paid
2024-05-12,2024-05-12,2024-08-10,2024,5,May,43946.04,0.0,Cobalt Technical Supply,AGC-00098,Cobalt Technical Supply,Priya Nguyen,AGX-2024-013683-AGC-00098,INV-2024-0012699,20% ADVANCE / NET 90,732,0,0,Paid,Cobalt Technical Supply,Paid
2024-05-13,2024-05-22,2024-06-12,2024,5,May,363673.78,0.0,Arcadia Mechanical,AGC-00162,Arcadia Mechanical,Julian Howard,AGX-2024-014248-AGC-00162,INV-2024-0013236,NET 30 DAYS,791,0,0,Paid,Arcadia Mechanical,Paid
2024-05-14,2024-05-16,2024-06-13,2024,5,May,11125.26,0.0,Meridian Utilities,AGC-00123,Meridian Utilities,Mila Diaz,AGX-2024-014528-AGC-00123,INV-2024-0013497,NET 30 DAYS,790,0,0,Paid,Meridian Utilities,Paid
2024-05-14,2024-05-20,2024-07-13,2024,5,May,240583.56,0.0,Arcadia Industrial Group,AGC-00151,Arcadia Industrial Group,Mila Diaz,AGX-2024-014949-AGC-00151,INV-2024-0013889,20% ADVANCE / NET 60,760,0,0,Paid,Arcadia Industrial Group,Paid
2024-05-15,2024-05-19,2024-07-14,2024,5,May,7727264.73,0.0,Cobalt Flow Systems,AGC-00107,Cobalt Flow Systems,Lina Sato,AGX-2024-012882-AGC-00107,INV-2024-0011948,NET 60 DAYS,759,0,0,Paid,Cobalt Flow Systems,Paid
2024-05-15,2024-05-19,2024-07-14,2024,5,May,202058.05,0.0,Meridian Refinery Services,AGC-00136,Meridian Refinery Services,Camille Martin,AGX-2024-013611-AGC-00136,INV-2024-0012630,20% ADVANCE / NET 60,759,0,0,Paid,Meridian Refinery Services,Paid
2024-05-15,2024-05-23,2024-07-14,2024,5,May,2603100.64,0.0,Meridian Offshore Engineering,AGC-00116,Meridian Offshore Engineering,Theo Price,AGX-2024-013939-AGC-00116,INV-2024-0012941,NET 60 DAYS,759,0,0,Paid,Meridian Offshore Engineering,Paid
2024-05-16,2024-05-19,2024-07-15,2024,5,May,1450103.17,0.0,Meridian Power Partners,AGC-00126,Meridian Power Partners,Priya Nguyen,AGX-2024-013687-AGC-00126,INV-2024-0012703,NET 60 DAYS,758,0,0,Paid,Meridian Power Partners,Paid
2024-05-16,2024-05-16,2024-07-15,2024,5,May,104989.86,0.0,Northstar Flow Systems,AGC-00033,Northstar Flow Systems,Lucas Hayes,AGX-2024-014929-AGC-00033,INV-2024-0013869,NET 60 DAYS,758,0,0,Paid,Northstar Flow Systems,Paid
2024-05-18,2024-05-24,2024-08-16,2024,5,May,60128.09,0.0,Helios Pipeline Services,AGC-00059,Helios Pipeline Services,Zara Grant,AGX-2024-014575-AGC-00059,INV-2024-0013542,NET 90 DAYS,726,0,0,Paid,Helios Pipeline Services,Paid
2024-05-19,2024-05-22,2024-06-18,2024,5,May,317729.7,0.0,Northstar Engineering,AGC-00017,Northstar Engineering,Zara Grant,AGX-2024-013322-AGC-00017,INV-2024-0012355,NET 30 DAYS,785,0,0,Paid,Northstar Engineering,Paid
2024-05-21,2024-05-24,2024-06-20,2024,5,May,857055.48,0.0,Meridian Pipeline Services,AGC-00133,Meridian Pipeline Services,Grace Perry,AGX-2024-014622-AGC-00133,INV-2024-0013585,NET 30 DAYS,783,0,0,Paid,Meridian Pipeline Services,Paid
2024-05-25,2024-05-28,2024-07-24,2024,5,May,266318.77,0.0,Meridian Marine Services,AGC-00113,Meridian Marine Services,Noah Keller,AGX-2024-012867-AGC-00113,INV-2024-0011934,NET 60 DAYS,749,0,0,Paid,Meridian Marine Services,Paid
2024-05-30,2024-05-31,2024-07-29,2024,5,May,989855.21,0.0,Arcadia Engineering,AGC-00165,Arcadia Engineering,Mila Diaz,AGX-2024-013264-AGC-00165,INV-2024-0012300,20% ADVANCE / NET 60,744,0,0,Paid,Arcadia Engineering,Paid
2024-05-30,2024-06-08,2024-07-29,2024,5,May,232317.35,0.0,Northstar Infrastructure,AGC-00007,Northstar Infrastructure,Grace Perry,AGX-2024-014783-AGC-00007,INV-2024-0013738,30% ADVANCE / NET 60,744,0,0,Paid,Northstar Infrastructure,Paid
2024-06-07,2024-06-13,2024-08-06,2024,6,June,289935.17,0.0,Northstar Controls,AGC-00029,Northstar Controls,Noah Keller,AGX-2024-013633-AGC-00029,INV-2024-0012651,NET 60 DAYS,736,0,0,Paid,Northstar Controls,Paid
2024-06-10,2024-06-14,2024-09-08,2024,6,June,44921.95,0.0,Northstar Compression,AGC-00019,Northstar Compression,Lucas Hayes,AGX-2024-012777-AGC-00019,INV-2024-0011851,NET 90 DAYS,703,0,0,Paid,Northstar Compression,Paid
2024-06-11,2024-06-21,2024-08-10,2024,6,June,490697.59,0.0,Northstar Industrial Services,AGC-00032,Northstar Industrial Services,Theo Price,AGX-2024-013316-AGC-00032,INV-2024-0012349,30% ADVANCE / NET 60,732,0,0,Paid,Northstar Industrial Services,Paid
2024-06-13,2024-06-15,2024-08-12,2024,6,June,677315.76,0.0,Meridian Engineering,AGC-00128,Meridian Engineering,Adrian Walker,AGX-2024-014613-AGC-00128,INV-2024-0013577,NET 60 DAYS,730,0,0,Paid,Meridian Engineering,Paid
2024-06-14,2024-06-15,2024-08-13,2024,6,June,337550.18,0.0,Meridian Marine Engineering,AGC-00138,Meridian Marine Engineering,Leo Foster,AGX-2024-013203-AGC-00138,INV-2024-0012241,NET 60 DAYS,729,0,0,Paid,Meridian Marine Engineering,Paid
2024-06-18,2024-06-26,2024-09-16,2024,6,June,44748.41,0.0,Arcadia Infrastructure,AGC-00155,Arcadia Infrastructure,Noah Keller,AGX-2024-013871-AGC-00155,INV-2024-0012877,20% ADVANCE / NET 90,695,0,0,Paid,Arcadia Infrastructure,Paid
2024-06-19,2024-06-29,2024-08-03,2024,6,June,2584508.41,0.0,Northstar Offshore Engineering,AGC-00005,Northstar Offshore Engineering,Lucas Hayes,AGX-2024-013006-AGC-00005,INV-2024-0012065,NET 45 DAYS,739,0,0,Paid,Northstar Offshore Engineering,Paid
2024-06-21,2024-06-24,2024-08-20,2024,6,June,343995.98,0.0,Northstar Offshore Systems,AGC-00030,Northstar Offshore Systems,Adrian Walker,AGX-2024-013395-AGC-00030,INV-2024-0012426,NET 60 DAYS,722,0,0,Paid,Northstar Offshore Systems,Paid
2024-06-21,2024-06-21,2024-08-20,2024,6,June,338953.42,0.0,Northstar Petro Systems,AGC-00008,Northstar Petro Systems,Julian Howard,AGX-2024-014891-AGC-00008,INV-2024-0013835,NET 60 DAYS,722,0,0,Paid,Northstar Petro Systems,Paid
2024-06-22,2024-06-22,2024-08-21,2024,6,June,504822.11,0.0,Meridian Mechanical,AGC-00125,Meridian Mechanical,Eva Lewis,AGX-2024-014320-AGC-00125,INV-2024-0013304,NET 60 DAYS,721,0,0,Paid,Meridian Mechanical,Paid
2024-06-25,2024-06-28,2024-08-24,2024,6,June,725012.35,0.0,Arcadia Drilling Solutions,AGC-00166,Arcadia Drilling Solutions,Leo Foster,AGX-2024-014342-AGC-00166,INV-2024-0013324,20% ADVANCE / NET 60,718,0,0,Paid,Arcadia Drilling Solutions,Paid
2024-06-25,2024-07-03,2024-08-24,2024,6,June,366264.44,0.0,Northstar Utilities,AGC-00012,Northstar Utilities,Leo Foster,AGX-2024-014526-AGC-00012,INV-2024-0013495,NET 60 DAYS,718,0,0,Paid,Northstar Utilities,Paid
2024-06-26,2024-06-29,2024-08-25,2024,6,June,230433.57,0.0,Northstar Power Partners,AGC-00015,Northstar Power Partners,Noah Keller,AGX-2024-013357-AGC-00015,INV-2024-0012389,NET 60 DAYS,717,0,0,Paid,Northstar Power Partners,Paid
2024-06-26,2024-06-26,2024-08-25,2024,6,June,707388.06,0.0,Meridian Flow Systems,AGC-00144,Meridian Flow Systems,Theo Price,AGX-2024-014326-AGC-00144,INV-2024-0013309,NET 60 DAYS,717,0,0,Paid,Meridian Flow Systems,Paid
2024-06-27,2024-07-07,2024-08-26,2024,6,June,654599.55,0.0,Meridian Field Services,AGC-00124,Meridian Field Services,Leo Foster,AGX-2024-013718-AGC-00124,INV-2024-0012732,NET 60 DAYS,716,0,0,Paid,Meridian Field Services,Paid
2024-06-28,2024-07-04,2024-07-28,2024,6,June,688224.46,0.0,Meridian Mining Services,AGC-00120,Meridian Mining Services,Julian Howard,AGX-2024-012801-AGC-00120,INV-2024-0011872,NET 30 DAYS,745,0,0,Paid,Meridian Mining Services,Paid
2024-06-28,2024-07-02,2024-08-12,2024,6,June,394228.17,0.0,Northstar Marine Services,AGC-00002,Northstar Marine Services,Adrian Walker,AGX-2024-014892-AGC-00002,INV-2024-0013836,NET 45 DAYS,730,0,0,Paid,Northstar Marine Services,Paid
2024-06-29,2024-06-30,2024-09-27,2024,6,June,433034.71,0.0,Meridian Industrial Services,AGC-00143,Meridian Industrial Services,Zara Grant,AGX-2024-013367-AGC-00143,INV-2024-0012399,20% ADVANCE / NET 90,684,0,0,Paid,Meridian Industrial Services,Paid
2024-07-02,2024-07-05,2024-09-30,2024,7,July,2338112.66,0.0,Arcadia Field Services,AGC-00161,Arcadia Field Services,Grace Perry,AGX-2024-012757-AGC-00161,INV-2024-0011833,20% ADVANCE / NET 90,681,0,0,Paid,Arcadia Field Services,Paid
2024-07-03,2024-07-10,2024-09-01,2024,7,July,615987.83,0.0,Meridian Marine Engineering,AGC-00138,Meridian Marine Engineering,Leo Foster,AGX-2024-014009-AGC-00138,INV-2024-0013009,NET 60 DAYS,710,0,0,Paid,Meridian Marine Engineering,Paid
2024-07-03,2024-07-12,2024-09-01,2024,7,July,810042.8,0.0,Cobalt Resources,AGC-00095,Cobalt Resources,Mila Diaz,AGX-2024-014741-AGC-00095,INV-2024-0013697,NET 60 DAYS,710,0,0,Paid,Cobalt Resources,Paid
2024-07-04,2024-07-04,2024-09-02,2024,7,July,4445368.9,0.0,Meridian Technical Services,AGC-00146,Meridian Technical Services,Avery Morgan,AGX-2024-014394-AGC-00146,INV-2024-0013371,NET 60 DAYS,709,0,0,Paid,Meridian Technical Services,Paid
2024-07-05,2024-07-07,2024-10-03,2024,7,July,632656.49,0.0,Helios Petro Systems,AGC-00045,Helios Petro Systems,Zara Grant,AGX-2024-014786-AGC-00045,INV-2024-0013741,20% ADVANCE / NET 90,678,0,0,Paid,Helios Petro Systems,Paid
2024-07-07,2024-07-14,2024-08-06,2024,7,July,44635.44,0.0,Cobalt Energy Projects,AGC-00100,Cobalt Energy Projects,Adrian Walker,AGX-2024-013354-AGC-00100,INV-2024-0012386,NET 30 DAYS,736,0,0,Paid,Cobalt Energy Projects,Paid
2024-07-07,2024-07-10,2024-09-05,2024,7,July,1054029.97,0.0,Helios Field Services,AGC-00050,Helios Field Services,Julian Howard,AGX-2024-014217-AGC-00050,INV-2024-0013206,30% ADVANCE / NET 60,706,0,0,Paid,Helios Field Services,Paid
2024-07-12,2024-07-19,2024-08-26,2024,7,July,969142.81,0.0,Meridian Rotating Equipment,AGC-00134,Meridian Rotating Equipment,Julian Howard,AGX-2024-013010-AGC-00134,INV-2024-0012069,NET 45 DAYS,716,0,0,Paid,Meridian Rotating Equipment,Paid
2024-07-13,2024-07-14,2024-08-12,2024,7,July,186772.48,0.0,Helios Industrial Services,AGC-00069,Helios Industrial Services,Eva Lewis,AGX-2024-012874-AGC-00069,INV-2024-0011940,NET 30 DAYS,730,0,0,Paid,Helios Industrial Services,Paid
2024-07-15,2024-07-18,2024-09-13,2024,7,July,512850.49,0.0,Helios Utilities,AGC-00049,Helios Utilities,Grace Perry,AGX-2024-013837-AGC-00049,INV-2024-0012844,30% ADVANCE / NET 60,698,0,0,Paid,Helios Utilities,Paid
2024-07-16,2024-07-26,2024-09-14,2024,7,July,662161.04,0.0,Arcadia Resources,AGC-00169,Arcadia Resources,Noah Keller,AGX-2024-012971-AGC-00169,INV-2024-0012033,20% ADVANCE / NET 60,697,0,0,Paid,Arcadia Resources,Paid
2024-07-16,2024-07-16,2024-08-15,2024,7,July,743387.79,0.0,Arcadia Process Solutions,AGC-00152,Arcadia Process Solutions,Leo Foster,AGX-2024-013040-AGC-00152,INV-2024-0012094,NET 30 DAYS,727,0,0,Paid,Arcadia Process Solutions,Paid
2024-07-16,2024-07-20,2024-10-14,2024,7,July,113820.56,0.0,Helios Refinery Services,AGC-00062,Helios Refinery Services,Avery Morgan,AGX-2024-013974-AGC-00062,INV-2024-0012976,NET 90 DAYS,667,0,0,Paid,Helios Refinery Services,Paid
2024-07-16,2024-07-22,2024-09-14,2024,7,July,92926.54,0.0,Helios Process Solutions,AGC-00041,Helios Process Solutions,Eva Lewis,AGX-2024-014184-AGC-00041,INV-2024-0013173,20% ADVANCE / NET 60,697,0,0,Paid,Helios Process Solutions,Paid
2024-07-16,2024-07-21,2024-08-15,2024,7,July,35721.8,0.0,Meridian Controls,AGC-00140,Meridian Controls,Priya Nguyen,AGX-2024-014295-AGC-00140,INV-2024-0013280,NET 30 DAYS,727,0,0,Paid,Meridian Controls,Paid
2024-07-17,2024-07-21,2024-08-31,2024,7,July,141198.53,0.0,Northstar Marine Services,AGC-00002,Northstar Marine Services,Adrian Walker,AGX-2024-012800-AGC-00002,INV-2024-0011871,NET 45 DAYS,711,0,0,Paid,Northstar Marine Services,Paid
2024-07-18,2024-07-23,2024-10-16,2024,7,July,374469.13,0.0,Arcadia Offshore Engineering,AGC-00153,Arcadia Offshore Engineering,Eva Lewis,AGX-2024-013361-AGC-00153,INV-2024-0012393,20% ADVANCE / NET 90,665,0,0,Paid,Arcadia Offshore Engineering,Paid
2024-07-19,2024-07-28,2024-09-02,2024,7,July,78854.73,0.0,Northstar Industrial Solutions,AGC-00036,Northstar Industrial Solutions,Julian Howard,AGX-2024-014866-AGC-00036,INV-2024-0013812,NET 45 DAYS,709,0,0,Paid,Northstar Industrial Solutions,Paid
2024-07-21,2024-07-29,2024-09-04,2024,7,July,149519.56,0.0,Cobalt Waterworks,AGC-00084,Cobalt Waterworks,Priya Nguyen,AGX-2024-013579-AGC-00084,INV-2024-0012600,NET 45 DAYS,707,0,0,Paid,Cobalt Waterworks,Paid
2024-07-29,2024-08-01,2024-08-28,2024,7,July,934918.15,0.0,Cobalt Marine Supply,AGC-00111,Cobalt Marine Supply,Eva Lewis,AGX-2024-013928-AGC-00111,INV-2024-0012932,NET 30 DAYS,714,0,0,Paid,Cobalt Marine Supply,Paid
2024-08-10,2024-08-10,2024-11-08,2024,8,August,203358.87,0.0,Arcadia Utilities,AGC-00160,Arcadia Utilities,Avery Morgan,AGX-2024-012920-AGC-00160,INV-2024-0011985,NET 90 DAYS,642,0,0,Paid,Arcadia Utilities,Paid
2024-08-10,2024-08-15,2024-09-09,2024,8,August,126097.83,0.0,Cobalt Instrumentation,AGC-00108,Cobalt Instrumentation,Camille Martin,AGX-2024-014415-AGC-00108,INV-2024-0013391,NET 30 DAYS,702,0,0,Paid,Cobalt Instrumentation,Paid
2024-08-11,2024-08-20,2024-10-10,2024,8,August,1187249.93,0.0,Helios Utilities,AGC-00049,Helios Utilities,Grace Perry,AGX-2024-013186-AGC-00049,INV-2024-0012226,30% ADVANCE / NET 60,671,0,0,Paid,Helios Utilities,Paid
2024-08-13,2024-08-19,2024-09-12,2024,8,August,1680198.66,0.0,Arcadia Flow Technologies,AGC-00154,Arcadia Flow Technologies,Priya Nguyen,AGX-2024-014024-AGC-00154,INV-2024-0013023,NET 30 DAYS,699,0,0,Paid,Arcadia Flow Technologies,Paid
2024-08-14,2024-08-22,2024-09-13,2024,8,August,285374.81,0.0,Northstar Process Solutions,AGC-00004,Northstar Process Solutions,Theo Price,AGX-2024-013110-AGC-00004,INV-2024-0012158,NET 30 DAYS,698,0,0,Paid,Northstar Process Solutions,Paid
2024-08-18,2024-08-22,2024-10-17,2024,8,August,1091955.08,0.0,Northstar Process Controls,AGC-00016,Northstar Process Controls,Adrian Walker,AGX-2024-013345-AGC-00016,INV-2024-0012377,NET 60 DAYS,664,0,0,Paid,Northstar Process Controls,Paid
2024-08-21,2024-08-27,2024-09-20,2024,8,August,153900.33,0.0,Meridian Energy Projects,AGC-00137,Meridian Energy Projects,Mila Diaz,AGX-2024-012992-AGC-00137,INV-2024-0012053,NET 30 DAYS,691,0,0,Paid,Meridian Energy Projects,Paid
2024-08-21,2024-08-27,2024-10-20,2024,8,August,454080.36,0.0,Meridian Marine Supply,AGC-00148,Meridian Marine Supply,Julian Howard,AGX-2024-014926-AGC-00148,INV-2024-0013866,NET 60 DAYS,661,0,0,Paid,Meridian Marine Supply,Paid
2024-08-22,2024-09-01,2024-10-21,2024,8,August,187884.7,0.0,Helios Offshore Engineering,AGC-00042,Helios Offshore Engineering,Priya Nguyen,AGX-2024-013779-AGC-00042,INV-2024-0012789,20% ADVANCE / NET 60,660,0,0,Paid,Helios Offshore Engineering,Paid
2024-08-22,2024-08-24,2024-10-21,2024,8,August,201995.72,0.0,Arcadia Industrial Services,AGC-00180,Arcadia Industrial Services,Leo Foster,AGX-2024-014424-AGC-00180,INV-2024-0013400,20% ADVANCE / NET 60,660,0,0,Paid,Arcadia Industrial Services,Paid
2024-08-24,2024-08-27,2024-11-22,2024,8,August,931331.54,0.0,Cobalt Drilling Solutions,AGC-00092,Cobalt Drilling Solutions,Julian Howard,AGX-2024-012844-AGC-00092,INV-2024-0011913,NET 90 DAYS,628,0,0,Paid,Cobalt Drilling Solutions,Paid
2024-08-24,2024-08-25,2024-11-22,2024,8,August,1310191.46,0.0,Arcadia Pipeline Services,AGC-00170,Arcadia Pipeline Services,Adrian Walker,AGX-2024-014493-AGC-00170,INV-2024-0013464,20% ADVANCE / NET 90,628,0,0,Paid,Arcadia Pipeline Services,Paid
2024-08-25,2024-08-27,2024-10-24,2024,8,August,606575.28,0.0,Helios Utilities,AGC-00049,Helios Utilities,Grace Perry,AGX-2024-014189-AGC-00049,INV-2024-0013178,30% ADVANCE / NET 60,657,0,0,Paid,Helios Utilities,Paid
2024-08-25,2024-09-03,2024-10-24,2024,8,August,2006672.82,0.0,Arcadia Offshore Systems,AGC-00178,Arcadia Offshore Systems,Camille Martin,AGX-2024-014779-AGC-00178,INV-2024-0013734,30% ADVANCE / NET 60,657,0,0,Paid,Arcadia Offshore Systems,Paid
2024-08-26,2024-09-03,2024-10-25,2024,8,August,3385463.96,0.0,Helios Flow Systems,AGC-00070,Helios Flow Systems,Priya Nguyen,AGX-2024-014039-AGC-00070,INV-2024-0013037,NET 60 DAYS,656,0,0,Paid,Helios Flow Systems,Paid
2024-09-01,2024-09-04,2024-11-30,2024,9,September,651353.06,0.0,Meridian Instrumentation,AGC-00145,Meridian Instrumentation,Lucas Hayes,AGX-2024-014032-AGC-00145,INV-2024-0013031,NET 90 DAYS,620,0,0,Paid,Meridian Instrumentation,Paid
2024-09-07,2024-09-11,2024-11-06,2024,9,September,616837.38,0.0,Arcadia Process Controls,AGC-00164,Arcadia Process Controls,Camille Martin,AGX-2024-013888-AGC-00164,INV-2024-0012893,30% ADVANCE / NET 60,644,0,0,Paid,Arcadia Process Controls,Paid
2024-09-13,2024-09-19,2024-10-13,2024,9,September,1063568.33,0.0,Cobalt Industrial Solutions,AGC-00110,Cobalt Industrial Solutions,Leo Foster,AGX-2024-014948-AGC-00110,INV-2024-0013888,NET 30 DAYS,668,0,0,Paid,Cobalt Industrial Solutions,Paid
2024-09-14,2024-09-16,2024-11-13,2024,9,September,44223.8,0.0,Northstar Instrumentation,AGC-00034,Northstar Instrumentation,Avery Morgan,AGX-2024-014901-AGC-00034,INV-2024-0013844,NET 60 DAYS,637,0,0,Paid,Northstar Instrumentation,Paid
2024-09-15,2024-09-23,2024-11-14,2024,9,September,409942.91,0.0,Arcadia Rotating Equipment,AGC-00171,Arcadia Rotating Equipment,Zara Grant,AGX-2024-014040-AGC-00171,INV-2024-0013038,NET 60 DAYS,636,0,0,Paid,Arcadia Rotating Equipment,Paid
2024-09-15,2024-09-18,2024-11-14,2024,9,September,621361.65,0.0,Northstar Refinery Services,AGC-00025,Northstar Refinery Services,Mila Diaz,AGX-2024-014507-AGC-00025,INV-2024-0013476,30% ADVANCE / NET 60,636,0,0,Paid,Northstar Refinery Services,Paid
2024-09-19,2024-09-20,2024-11-18,2024,9,September,643641.74,0.0,Arcadia Technical Supply,AGC-00172,Arcadia Technical Supply,Theo Price,AGX-2024-013545-AGC-00172,INV-2024-0012569,30% ADVANCE / NET 60,632,0,0,Paid,Arcadia Technical Supply,Paid
2024-09-19,2024-09-27,2024-10-19,2024,9,September,329713.91,0.0,Arcadia Mechanical,AGC-00162,Arcadia Mechanical,Julian Howard,AGX-2024-014428-AGC-00162,INV-2024-0013404,NET 30 DAYS,662,0,0,Paid,Arcadia Mechanical,Paid
2024-09-23,2024-09-26,2024-11-22,2024,9,September,52628.02,0.0,Cobalt Mechanical Group,AGC-00105,Cobalt Mechanical Group,Grace Perry,AGX-2024-013304-AGC-00105,INV-2024-0012338,NET 60 DAYS,628,0,0,Paid,Cobalt Mechanical Group,Paid
2024-09-24,2024-09-26,2024-11-23,2024,9,September,2290521.57,0.0,Cobalt Flow Technologies,AGC-00080,Cobalt Flow Technologies,Camille Martin,AGX-2024-012791-AGC-00080,INV-2024-0011864,30% ADVANCE / NET 60,627,0,0,Paid,Cobalt Flow Technologies,Paid
2024-09-26,2024-10-03,2024-10-26,2024,9,September,2182191.16,0.0,Helios Production Services,AGC-00065,Helios Production Services,Lina Sato,AGX-2024-013061-AGC-00065,INV-2024-0012113,NET 30 DAYS,655,0,0,Paid,Helios Production Services,Paid
2024-09-26,2024-09-26,2024-11-25,2024,9,September,1295488.65,0.0,Cobalt Marine Engineering,AGC-00101,Cobalt Marine Engineering,Zara Grant,AGX-2024-014529-AGC-00101,INV-2024-0013498,NET 60 DAYS,625,0,0,Paid,Cobalt Marine Engineering,Paid
2024-09-29,2024-10-01,2024-11-28,2024,9,September,2502820.59,0.0,Meridian Process Controls,AGC-00127,Meridian Process Controls,Noah Keller,AGX-2024-014598-AGC-00127,INV-2024-0013564,NET 60 DAYS,622,0,0,Paid,Meridian Process Controls,Paid
2024-10-01,2024-10-03,2024-11-30,2024,10,October,352129.81,0.0,Helios Rotating Equipment,AGC-00060,Helios Rotating Equipment,Theo Price,AGX-2024-013859-AGC-00060,INV-2024-0012865,20% ADVANCE / NET 60,620,0,0,Paid,Helios Rotating Equipment,Paid
2024-10-04,2024-10-11,2024-12-03,2024,10,October,43188.1,0.0,Northstar Refinery Services,AGC-00025,Northstar Refinery Services,Mila Diaz,AGX-2024-013424-AGC-00025,INV-2024-0012455,30% ADVANCE / NET 60,617,0,0,Paid,Northstar Refinery Services,Paid
2024-10-04,2024-10-08,2024-12-03,2024,10,October,228977.02,0.0,Cobalt Rotating Equipment,AGC-00097,Cobalt Rotating Equipment,Eva Lewis,AGX-2024-014226-AGC-00097,INV-2024-0013215,NET 60 DAYS,617,0,0,Paid,Cobalt Rotating Equipment,Paid
2024-10-06,2024-10-07,2024-11-05,2024,10,October,318725.96,0.0,Helios Industrial Maintenance,AGC-00057,Helios Industrial Maintenance,Noah Keller,AGX-2024-013861-AGC-00057,INV-2024-0012867,NET 30 DAYS,645,0,0,Paid,Helios Industrial Maintenance,Paid
2024-10-07,2024-10-16,2024-12-06,2024,10,October,181453.44,0.0,Meridian Automation,AGC-00122,Meridian Automation,Camille Martin,AGX-2024-014681-AGC-00122,INV-2024-0013640,NET 60 DAYS,614,0,0,Paid,Meridian Automation,Paid
2024-10-08,2024-10-18,2024-12-07,2024,10,October,369801.6,0.0,Northstar Petro Systems,AGC-00008,Northstar Petro Systems,Julian Howard,AGX-2024-014107-AGC-00008,INV-2024-0013103,NET 60 DAYS,613,0,0,Paid,Northstar Petro Systems,Paid
2024-10-09,2024-10-17,2024-12-08,2024,10,October,376574.57,0.0,Meridian Technical Services,AGC-00146,Meridian Technical Services,Avery Morgan,AGX-2024-012848-AGC-00146,INV-2024-0011917,NET 60 DAYS,612,0,0,Paid,Meridian Technical Services,Paid
2024-10-11,2024-10-11,2024-11-25,2024,10,October,313441.23,0.0,Meridian Process Solutions,AGC-00115,Meridian Process Solutions,Zara Grant,AGX-2024-014675-AGC-00115,INV-2024-0013634,NET 45 DAYS,625,0,0,Paid,Meridian Process Solutions,Paid
2024-10-14,2024-10-14,2024-11-28,2024,10,October,1859881.19,0.0,Northstar Resources,AGC-00021,Northstar Resources,Grace Perry,AGX-2024-013913-AGC-00021,INV-2024-0012917,NET 45 DAYS,622,0,0,Paid,Northstar Resources,Paid
2024-10-19,2024-10-29,2024-12-18,2024,10,October,2754898.78,0.0,Northstar Rotating Equipment,AGC-00023,Northstar Rotating Equipment,Lina Sato,AGX-2024-013192-AGC-00023,INV-2024-0012231,30% ADVANCE / NET 60,602,0,0,Paid,Northstar Rotating Equipment,Paid
2024-10-19,2024-10-22,2024-12-03,2024,10,October,320420.15,0.0,Helios Mechanical,AGC-00051,Helios Mechanical,Lina Sato,AGX-2024-014092-AGC-00051,INV-2024-0013088,NET 45 DAYS,617,0,0,Paid,Helios Mechanical,Paid
2024-10-19,2024-10-23,2024-12-18,2024,10,October,373459.51,0.0,Helios Marine Services,AGC-00039,Helios Marine Services,Mila Diaz,AGX-2024-014919-AGC-00039,INV-2024-0013860,20% ADVANCE / NET 60,602,0,0,Paid,Helios Marine Services,Paid
2024-10-20,2024-10-28,2024-12-19,2024,10,October,642989.79,0.0,Meridian Process Controls,AGC-00127,Meridian Process Controls,Noah Keller,AGX-2024-013346-AGC-00127,INV-2024-0012378,NET 60 DAYS,601,0,0,Paid,Meridian Process Controls,Paid
2024-10-20,2024-10-27,2024-12-19,2024,10,October,309820.5,0.0,Cobalt Controls,AGC-00103,Cobalt Controls,Lucas Hayes,AGX-2024-013731-AGC-00103,INV-2024-0012744,NET 60 DAYS,601,0,0,Paid,Cobalt Controls,Paid
2024-10-26,2024-10-28,2025-01-24,2024,10,October,444195.59,0.0,Helios Controls,AGC-00066,Helios Controls,Camille Martin,AGX-2024-013656-AGC-00066,INV-2024-0012673,NET 90 DAYS,565,0,0,Paid,Helios Controls,Paid
2024-10-27,2024-11-04,2024-12-26,2024,10,October,3414595.29,0.0,Cobalt Energy Systems,AGC-00075,Cobalt Energy Systems,Lucas Hayes,AGX-2024-013868-AGC-00075,INV-2024-0012874,NET 60 DAYS,594,0,0,Paid,Cobalt Energy Systems,Paid
2024-10-28,2024-10-31,2024-12-27,2024,10,October,1193314.85,0.0,Arcadia Energy Projects,AGC-00174,Arcadia Energy Projects,Avery Morgan,AGX-2024-013489-AGC-00174,INV-2024-0012515,NET 60 DAYS,593,0,0,Paid,Arcadia Energy Projects,Paid
2024-10-29,2024-11-07,2024-11-28,2024,10,October,1218031.92,0.0,Cobalt Petro Systems,AGC-00082,Cobalt Petro Systems,Leo Foster,AGX-2024-013150-AGC-00082,INV-2024-0012196,NET 30 DAYS,622,0,0,Paid,Cobalt Petro Systems,Paid
2024-10-29,2024-10-31,2024-12-13,2024,10,October,838986.7,0.0,Cobalt Refinery Services,AGC-00099,Cobalt Refinery Services,Noah Keller,AGX-2024-014993-AGC-00099,INV-2024-0013930,NET 45 DAYS,607,0,0,Paid,Cobalt Refinery Services,Paid
2024-10-30,2024-11-06,2024-11-29,2024,10,October,352096.07,0.0,Meridian Utilities,AGC-00123,Meridian Utilities,Mila Diaz,AGX-2024-013583-AGC-00123,INV-2024-0012603,NET 30 DAYS,621,0,0,Paid,Meridian Utilities,Paid
2024-10-30,2024-10-31,2024-12-29,2024,10,October,935466.03,0.0,Helios Process Solutions,AGC-00041,Helios Process Solutions,Eva Lewis,AGX-2024-014050-AGC-00041,INV-2024-0013048,20% ADVANCE / NET 60,591,0,0,Paid,Helios Process Solutions,Paid
2024-10-31,2024-11-07,2024-12-30,2024,10,October,136394.63,0.0,Northstar Marine Engineering,AGC-00027,Northstar Marine Engineering,Eva Lewis,AGX-2024-014547-AGC-00027,INV-2024-0013515,NET 60 DAYS,590,0,0,Paid,Northstar Marine Engineering,Paid
2024-11-03,2024-11-06,2025-01-02,2024,11,November,39521.53,3952.15,Helios Energy Systems,AGC-00038,Helios Energy Systems,Camille Martin,AGX-2024-013613-AGC-00038,INV-2024-0012632,NET 60 DAYS,587,0,587,587 day(s) overdue,Helios Energy Systems,90+ Days
2024-11-04,2024-11-14,2025-01-03,2024,11,November,472171.82,0.0,Helios Automation,AGC-00048,Helios Automation,Avery Morgan,AGX-2024-014915-AGC-00048,INV-2024-0013857,20% ADVANCE / NET 60,586,0,0,Paid,Helios Automation,Paid
2024-11-07,2024-11-10,2025-01-06,2024,11,November,360408.92,0.0,Cobalt Compression,AGC-00093,Cobalt Compression,Lina Sato,AGX-2024-014755-AGC-00093,INV-2024-0013711,NET 60 DAYS,583,0,0,Paid,Cobalt Compression,Paid
2024-11-08,2024-11-10,2024-12-08,2024,11,November,1287578.47,0.0,Cobalt Petro Systems,AGC-00082,Cobalt Petro Systems,Leo Foster,AGX-2024-012983-AGC-00082,INV-2024-0012044,NET 30 DAYS,612,0,0,Paid,Cobalt Petro Systems,Paid
2024-11-09,2024-11-18,2025-02-07,2024,11,November,915804.08,0.0,Cobalt Industrial Group,AGC-00077,Cobalt Industrial Group,Grace Perry,AGX-2024-012704-AGC-00077,INV-2024-0011782,20% ADVANCE / NET 90,551,0,0,Paid,Cobalt Industrial Group,Paid
2024-11-12,2024-11-17,2025-02-10,2024,11,November,259571.67,0.0,Arcadia Energy Systems,AGC-00149,Arcadia Energy Systems,Lina Sato,AGX-2024-014907-AGC-00149,INV-2024-0013850,NET 90 DAYS,548,0,0,Paid,Arcadia Energy Systems,Paid
2024-11-14,2024-11-19,2025-01-13,2024,11,November,88129.63,0.0,Northstar Marine Supply,AGC-00037,Northstar Marine Supply,Lina Sato,AGX-2024-013491-AGC-00037,INV-2024-0012517,NET 60 DAYS,576,0,0,Paid,Northstar Marine Supply,Paid
2024-11-14,2024-11-18,2025-01-13,2024,11,November,595262.55,0.0,Northstar Mining Services,AGC-00009,Northstar Mining Services,Lina Sato,AGX-2024-014591-AGC-00009,INV-2024-0013557,NET 60 DAYS,576,0,0,Paid,Northstar Mining Services,Paid
2024-11-15,2024-11-18,2024-12-15,2024,11,November,954621.74,0.0,Helios Process Controls,AGC-00053,Helios Process Controls,Mila Diaz,AGX-2024-014831-AGC-00053,INV-2024-0013780,NET 30 DAYS,605,0,0,Paid,Helios Process Controls,Paid
2024-11-16,2024-11-24,2025-01-15,2024,11,November,590704.3,0.0,Meridian Technical Services,AGC-00146,Meridian Technical Services,Avery Morgan,AGX-2024-013065-AGC-00146,INV-2024-0012116,NET 60 DAYS,574,0,0,Paid,Meridian Technical Services,Paid
2024-11-18,2024-11-28,2025-01-17,2024,11,November,497276.29,0.0,Arcadia Mining Services,AGC-00157,Arcadia Mining Services,Zara Grant,AGX-2024-014569-AGC-00157,INV-2024-0013536,30% ADVANCE / NET 60,572,0,0,Paid,Arcadia Mining Services,Paid
2024-11-19,2024-11-26,2025-01-03,2024,11,November,612237.19,0.0,Meridian Waterworks,AGC-00121,Meridian Waterworks,Lina Sato,AGX-2024-014572-AGC-00121,INV-2024-0013539,NET 45 DAYS,586,0,0,Paid,Meridian Waterworks,Paid
2024-11-23,2024-11-26,2025-01-22,2024,11,November,43524.35,0.0,Northstar Marine Engineering,AGC-00027,Northstar Marine Engineering,Eva Lewis,AGX-2024-012811-AGC-00027,INV-2024-0011882,NET 60 DAYS,567,0,0,Paid,Northstar Marine Engineering,Paid
2024-11-24,2024-11-24,2024-12-24,2024,11,November,592131.53,0.0,Helios Instrumentation,AGC-00071,Helios Instrumentation,Noah Keller,AGX-2024-013533-AGC-00071,INV-2024-0012558,NET 30 DAYS,596,0,0,Paid,Helios Instrumentation,Paid
2024-11-25,2024-11-27,2024-12-25,2024,11,November,696804.77,0.0,Cobalt Mechanical,AGC-00088,Cobalt Mechanical,Theo Price,AGX-2024-014664-AGC-00088,INV-2024-0013625,NET 30 DAYS,595,0,0,Paid,Cobalt Mechanical,Paid
2024-11-29,2024-12-07,2025-01-28,2024,11,November,536228.32,0.0,Arcadia Compression,AGC-00167,Arcadia Compression,Eva Lewis,AGX-2024-013598-AGC-00167,INV-2024-0012617,NET 60 DAYS,561,0,0,Paid,Arcadia Compression,Paid
2024-12-01,2024-12-09,2025-01-30,2024,12,December,298554.4,0.0,Helios Compression,AGC-00056,Helios Compression,Priya Nguyen,AGX-2024-014811-AGC-00056,INV-2024-0013761,NET 60 DAYS,559,0,0,Paid,Helios Compression,Paid
2024-12-04,2024-12-04,2025-02-02,2024,12,December,180126.11,0.0,Cobalt Marine Services,AGC-00076,Cobalt Marine Services,Avery Morgan,AGX-2024-012832-AGC-00076,INV-2024-0011902,NET 60 DAYS,556,0,0,Paid,Cobalt Marine Services,Paid
2024-12-04,2024-12-12,2025-02-02,2024,12,December,36991.0,0.0,Meridian Power Partners,AGC-00126,Meridian Power Partners,Priya Nguyen,AGX-2024-014440-AGC-00126,INV-2024-0013416,NET 60 DAYS,556,0,0,Paid,Meridian Power Partners,Paid
2024-12-11,2024-12-18,2025-02-09,2024,12,December,346291.69,0.0,Cobalt Pipeline Services,AGC-00096,Cobalt Pipeline Services,Leo Foster,AGX-2024-013535-AGC-00096,INV-2024-0012560,NET 60 DAYS,549,0,0,Paid,Cobalt Pipeline Services,Paid
2024-12-12,2024-12-12,2025-03-12,2024,12,December,165104.03,0.0,Helios Industrial Group,AGC-00040,Helios Industrial Group,Leo Foster,AGX-2024-012960-AGC-00040,INV-2024-0012024,NET 90 DAYS,518,0,0,Paid,Helios Industrial Group,Paid
2024-12-12,2024-12-13,2025-01-11,2024,12,December,1082690.89,0.0,Arcadia Mechanical Group,AGC-00179,Arcadia Mechanical Group,Mila Diaz,AGX-2024-013525-AGC-00179,INV-2024-0012550,NET 30 DAYS,578,0,0,Paid,Arcadia Mechanical Group,Paid
2024-12-14,2024-12-14,2025-01-13,2024,12,December,448470.5,0.0,Helios Flow Technologies,AGC-00043,Helios Flow Technologies,Noah Keller,AGX-2024-014211-AGC-00043,INV-2024-0013200,NET 30 DAYS,576,0,0,Paid,Helios Flow Technologies,Paid
2024-12-15,2024-12-15,2025-03-15,2024,12,December,494490.16,0.0,Meridian Production Services,AGC-00139,Meridian Production Services,Eva Lewis,AGX-2024-013399-AGC-00139,INV-2024-0012430,NET 90 DAYS,515,0,0,Paid,Meridian Production Services,Paid
2024-12-16,2024-12-24,2025-01-15,2024,12,December,151761.93,0.0,Cobalt Mechanical,AGC-00088,Cobalt Mechanical,Theo Price,AGX-2024-014764-AGC-00088,INV-2024-0013720,NET 30 DAYS,574,0,0,Paid,Cobalt Mechanical,Paid
2024-12-17,2024-12-23,2025-01-16,2024,12,December,1111652.08,0.0,Helios Production Services,AGC-00065,Helios Production Services,Lina Sato,AGX-2024-014506-AGC-00065,INV-2024-0013475,NET 30 DAYS,573,0,0,Paid,Helios Production Services,Paid
2024-12-24,2024-12-25,2025-01-23,2024,12,December,445651.25,0.0,Arcadia Waterworks,AGC-00158,Arcadia Waterworks,Theo Price,AGX-2024-013922-AGC-00158,INV-2024-0012926,NET 30 DAYS,566,0,0,Paid,Arcadia Waterworks,Paid
2024-12-29,2024-12-31,2025-01-28,2024,12,December,43261.4,0.0,Cobalt Field Services,AGC-00087,Cobalt Field Services,Zara Grant,AGX-2024-012716-AGC-00087,INV-2024-0011794,NET 30 DAYS,561,0,0,Paid,Cobalt Field Services,Paid
2024-12-29,2025-01-02,2025-02-27,2024,12,December,117164.8,0.0,Cobalt Mining Services,AGC-00083,Cobalt Mining Services,Eva Lewis,AGX-2024-013460-AGC-00083,INV-2024-0012489,NET 60 DAYS,531,0,0,Paid,Cobalt Mining Services,Paid
2024-12-30,2024-12-31,2025-02-13,2024,12,December,167278.11,0.0,Northstar Resources,AGC-00021,Northstar Resources,Grace Perry,AGX-2024-012887-AGC-00021,INV-2024-0011953,NET 45 DAYS,545,0,0,Paid,Northstar Resources,Paid
2024-12-31,2025-01-02,2025-01-30,2024,12,December,575534.7,0.0,Helios Engineering,AGC-00054,Helios Engineering,Leo Foster,AGX-2024-014896-AGC-00054,INV-2024-0013839,NET 30 DAYS,559,0,0,Paid,Helios Engineering,Paid
2025-01-01,2025-01-11,2025-01-31,2025,1,January,198049.16,0.0,Helios Technical Supply,AGC-00061,Helios Technical Supply,Lucas Hayes,AGX-2024-013642-AGC-00061,INV-2025-0012660,NET 30 DAYS,558,0,0,Paid,Helios Technical Supply,Paid
2025-01-04,2025-01-13,2025-03-05,2025,1,January,1098935.7,87914.86,Helios Mining Services,AGC-00046,Helios Mining Services,Theo Price,AGX-2024-013171-AGC-00046,INV-2025-0012212,NET 60 DAYS,525,0,525,525 day(s) overdue,Helios Mining Services,90+ Days
2025-01-05,2025-01-05,2025-04-05,2025,1,January,1170015.95,0.0,Cobalt Production Services,AGC-00102,Cobalt Production Services,Theo Price,AGX-2024-014757-AGC-00102,INV-2025-0013713,NET 90 DAYS,494,0,0,Paid,Cobalt Production Services,Paid
2025-01-07,2025-01-13,2025-02-06,2025,1,January,844397.29,0.0,Northstar Engineering,AGC-00017,Northstar Engineering,Zara Grant,AGX-2024-013906-AGC-00017,INV-2025-0012910,NET 30 DAYS,552,0,0,Paid,Northstar Engineering,Paid
2025-01-07,2025-01-10,2025-02-06,2025,1,January,466587.95,209964.58,Arcadia Power Partners,AGC-00163,Arcadia Power Partners,Lina Sato,AGX-2024-014339-AGC-00163,INV-2025-0013321,NET 30 DAYS,552,0,552,552 day(s) overdue,Arcadia Power Partners,90+ Days
2025-01-07,2025-01-14,2025-03-08,2025,1,January,777755.34,349989.9,Northstar Utilities,AGC-00012,Northstar Utilities,Leo Foster,AGX-2024-014984-AGC-00012,INV-2025-0013922,NET 60 DAYS,522,0,522,522 day(s) overdue,Northstar Utilities,90+ Days
2025-01-10,2025-01-17,2025-04-10,2025,1,January,275265.01,0.0,Arcadia Utilities,AGC-00160,Arcadia Utilities,Avery Morgan,AGX-2024-012964-AGC-00160,INV-2025-0012027,NET 90 DAYS,489,0,0,Paid,Arcadia Utilities,Paid
2025-01-12,2025-01-22,2025-04-12,2025,1,January,805380.59,0.0,Cobalt Offshore Engineering,AGC-00079,Cobalt Offshore Engineering,Lina Sato,AGX-2024-014019-AGC-00079,INV-2025-0013018,NET 90 DAYS,487,0,0,Paid,Cobalt Offshore Engineering,Paid
2025-01-13,2025-01-20,2025-03-14,2025,1,January,227609.87,0.0,Meridian Offshore Engineering,AGC-00116,Meridian Offshore Engineering,Theo Price,AGX-2024-013985-AGC-00116,INV-2025-0012986,NET 60 DAYS,516,0,0,Paid,Meridian Offshore Engineering,Paid
2025-01-14,2025-01-22,2025-03-15,2025,1,January,1407876.75,0.0,Northstar Controls,AGC-00029,Northstar Controls,Noah Keller,AGX-2025-015246-AGC-00029,INV-2025-0014169,NET 60 DAYS,515,0,0,Paid,Northstar Controls,Paid
2025-01-15,2025-01-18,2025-02-14,2025,1,January,137760.44,0.0,Meridian Industrial Maintenance,AGC-00131,Meridian Industrial Maintenance,Lucas Hayes,AGX-2024-014037-AGC-00131,INV-2025-0013036,NET 30 DAYS,544,0,0,Paid,Meridian Industrial Maintenance,Paid
2025-01-15,2025-01-19,2025-03-16,2025,1,January,224861.64,0.0,Cobalt Marine Services,AGC-00076,Cobalt Marine Services,Avery Morgan,AGX-2025-017010-AGC-00076,INV-2025-0015819,NET 60 DAYS,514,0,0,Paid,Cobalt Marine Services,Paid
2025-01-16,2025-01-21,2025-03-02,2025,1,January,887437.93,0.0,Cobalt Process Controls,AGC-00090,Cobalt Process Controls,Avery Morgan,AGX-2024-013436-AGC-00090,INV-2025-0012467,NET 45 DAYS,528,0,0,Paid,Cobalt Process Controls,Paid
2025-01-17,2025-01-21,2025-03-18,2025,1,January,1550784.02,0.0,Meridian Compression,AGC-00130,Meridian Compression,Theo Price,AGX-2024-013414-AGC-00130,INV-2025-0012445,NET 60 DAYS,512,0,0,Paid,Meridian Compression,Paid
2025-01-22,2025-01-26,2025-03-23,2025,1,January,243229.1,0.0,Northstar Waterworks,AGC-00010,Northstar Waterworks,Camille Martin,AGX-2024-013840-AGC-00010,INV-2025-0012847,NET 60 DAYS,507,0,0,Paid,Northstar Waterworks,Paid
2025-01-24,2025-01-25,2025-02-23,2025,1,January,381960.85,0.0,Helios Industrial Maintenance,AGC-00057,Helios Industrial Maintenance,Noah Keller,AGX-2025-016592-AGC-00057,INV-2025-0015424,NET 30 DAYS,535,0,0,Paid,Helios Industrial Maintenance,Paid
2025-01-29,2025-02-08,2025-04-29,2025,1,January,146329.68,0.0,Meridian Infrastructure,AGC-00118,Meridian Infrastructure,Avery Morgan,AGX-2025-016017-AGC-00118,INV-2025-0014888,NET 90 DAYS,470,0,0,Paid,Meridian Infrastructure,Paid
2025-01-31,2025-02-10,2025-04-01,2025,1,January,267355.46,0.0,Northstar Technical Supply,AGC-00024,Northstar Technical Supply,Camille Martin,AGX-2024-013681-AGC-00024,INV-2025-0012697,NET 60 DAYS,498,0,0,Paid,Northstar Technical Supply,Paid
2025-02-02,2025-02-08,2025-03-04,2025,2,February,924784.49,184956.9,Meridian Petro Systems,AGC-00119,Meridian Petro Systems,Grace Perry,AGX-2024-013352-AGC-00119,INV-2025-0012384,NET 30 DAYS,526,0,526,526 day(s) overdue,Meridian Petro Systems,90+ Days
2025-02-04,2025-02-05,2025-03-06,2025,2,February,334026.87,0.0,Cobalt Industrial Maintenance,AGC-00094,Cobalt Industrial Maintenance,Camille Martin,AGX-2024-012839-AGC-00094,INV-2025-0011909,NET 30 DAYS,524,0,0,Paid,Cobalt Industrial Maintenance,Paid
2025-02-04,2025-02-04,2025-03-06,2025,2,February,4458111.33,0.0,Helios Production Services,AGC-00065,Helios Production Services,Lina Sato,AGX-2025-016283-AGC-00065,INV-2025-0015138,NET 30 DAYS,524,0,0,Paid,Helios Production Services,Paid
2025-02-08,2025-02-16,2025-03-10,2025,2,February,69802.06,0.0,Arcadia Petro Systems,AGC-00156,Arcadia Petro Systems,Adrian Walker,AGX-2024-013183-AGC-00156,INV-2025-0012224,NET 30 DAYS,520,0,0,Paid,Arcadia Petro Systems,Paid
2025-02-09,2025-02-19,2025-04-10,2025,2,February,4661.27,0.0,Helios Energy Projects,AGC-00063,Helios Energy Projects,Grace Perry,AGX-2024-013612-AGC-00063,INV-2025-0012631,20% ADVANCE / NET 60,489,0,0,Paid,Helios Energy Projects,Paid
2025-02-14,2025-02-17,2025-04-15,2025,2,February,1032638.66,464687.4,Meridian Flow Systems,AGC-00144,Meridian Flow Systems,Theo Price,AGX-2024-013697-AGC-00144,INV-2025-0012711,NET 60 DAYS,484,0,484,484 day(s) overdue,Meridian Flow Systems,90+ Days
2025-02-15,2025-02-25,2025-04-01,2025,2,February,668329.47,53466.36,Northstar Energy Systems,AGC-00001,Northstar Energy Systems,Noah Keller,AGX-2025-016541-AGC-00001,INV-2025-0015375,NET 45 DAYS,498,0,498,498 day(s) overdue,Northstar Energy Systems,90+ Days
2025-02-16,2025-02-26,2025-04-17,2025,2,February,939488.21,75159.06,Helios Marine Supply,AGC-00074,Helios Marine Supply,Theo Price,AGX-2024-013202-AGC-00074,INV-2025-0012240,30% ADVANCE / NET 60,482,0,482,482 day(s) overdue,Helios Marine Supply,90+ Days
2025-02-17,2025-02-23,2025-04-03,2025,2,February,427396.5,0.0,Cobalt Refinery Services,AGC-00099,Cobalt Refinery Services,Noah Keller,AGX-2025-016764-AGC-00099,INV-2025-0015590,NET 45 DAYS,496,0,0,Paid,Cobalt Refinery Services,Paid
2025-02-17,2025-02-19,2025-03-19,2025,2,February,59605.95,0.0,Meridian Controls,AGC-00140,Meridian Controls,Priya Nguyen,AGX-2025-017358-AGC-00140,INV-2025-0016137,NET 30 DAYS,511,0,0,Paid,Meridian Controls,Paid
2025-02-19,2025-02-23,2025-04-20,2025,2,February,769663.73,0.0,Northstar Instrumentation,AGC-00034,Northstar Instrumentation,Avery Morgan,AGX-2025-016362-AGC-00034,INV-2025-0015210,NET 60 DAYS,479,0,0,Paid,Northstar Instrumentation,Paid
2025-02-23,2025-03-04,2025-03-25,2025,2,February,1011817.07,0.0,Cobalt Petro Systems,AGC-00082,Cobalt Petro Systems,Leo Foster,AGX-2025-015442-AGC-00082,INV-2025-0014353,NET 30 DAYS,505,0,0,Paid,Cobalt Petro Systems,Paid
2025-02-27,2025-03-04,2025-04-28,2025,2,February,2194.13,0.0,Helios Resources,AGC-00058,Helios Resources,Adrian Walker,AGX-2025-017314-AGC-00058,INV-2025-0016097,30% ADVANCE / NET 60,471,0,0,Paid,Helios Resources,Paid
2025-03-05,2025-03-15,2025-05-04,2025,3,March,540213.46,0.0,Meridian Offshore Engineering,AGC-00116,Meridian Offshore Engineering,Theo Price,AGX-2025-016188-AGC-00116,INV-2025-0015045,NET 60 DAYS,465,0,0,Paid,Meridian Offshore Engineering,Paid
2025-03-05,2025-03-13,2025-06-03,2025,3,March,986388.1,0.0,Helios Industrial Group,AGC-00040,Helios Industrial Group,Leo Foster,AGX-2025-016548-AGC-00040,INV-2025-0015382,NET 90 DAYS,435,0,0,Paid,Helios Industrial Group,Paid
2025-03-06,2025-03-11,2025-04-05,2025,3,March,344862.83,0.0,Meridian Energy Projects,AGC-00137,Meridian Energy Projects,Mila Diaz,AGX-2025-017524-AGC-00137,INV-2025-0016293,NET 30 DAYS,494,0,0,Paid,Meridian Energy Projects,Paid
2025-03-10,2025-03-16,2025-04-09,2025,3,March,1117513.89,0.0,Cobalt Utilities,AGC-00086,Cobalt Utilities,Adrian Walker,AGX-2024-012893-AGC-00086,INV-2025-0011958,NET 30 DAYS,490,0,0,Paid,Cobalt Utilities,Paid
2025-03-10,2025-03-14,2025-06-08,2025,3,March,15376.11,3075.22,Helios Controls,AGC-00066,Helios Controls,Camille Martin,AGX-2025-015256-AGC-00066,INV-2025-0014179,NET 90 DAYS,430,0,430,430 day(s) overdue,Helios Controls,90+ Days
2025-03-12,2025-03-14,2025-05-11,2025,3,March,296536.64,0.0,Northstar Offshore Systems,AGC-00030,Northstar Offshore Systems,Adrian Walker,AGX-2025-016011-AGC-00030,INV-2025-0014882,NET 60 DAYS,458,0,0,Paid,Northstar Offshore Systems,Paid
2025-03-14,2025-03-15,2025-04-28,2025,3,March,4165101.85,333208.15,Northstar Industrial Solutions,AGC-00036,Northstar Industrial Solutions,Julian Howard,AGX-2025-015224-AGC-00036,INV-2025-0014147,NET 45 DAYS,471,0,471,471 day(s) overdue,Northstar Industrial Solutions,90+ Days
2025-03-14,2025-03-14,2025-04-13,2025,3,March,3139326.51,0.0,Helios Drilling Solutions,AGC-00055,Helios Drilling Solutions,Eva Lewis,AGX-2025-015453-AGC-00055,INV-2025-0014364,NET 30 DAYS,486,0,0,Paid,Helios Drilling Solutions,Paid
2025-03-16,2025-03-26,2025-04-15,2025,3,March,505028.59,227262.87,Cobalt Energy Projects,AGC-00100,Cobalt Energy Projects,Adrian Walker,AGX-2025-015933-AGC-00100,INV-2025-0014812,NET 30 DAYS,484,0,484,484 day(s) overdue,Cobalt Energy Projects,90+ Days
2025-03-17,2025-03-17,2025-05-16,2025,3,March,824467.57,65957.41,Cobalt Offshore Systems,AGC-00104,Cobalt Offshore Systems,Avery Morgan,AGX-2025-016665-AGC-00104,INV-2025-0015494,NET 60 DAYS,453,0,453,453 day(s) overdue,Cobalt Offshore Systems,90+ Days
2025-03-19,2025-03-19,2025-05-18,2025,3,March,238744.44,0.0,Cobalt Marine Engineering,AGC-00101,Cobalt Marine Engineering,Zara Grant,AGX-2025-015527-AGC-00101,INV-2025-0014434,NET 60 DAYS,451,0,0,Paid,Cobalt Marine Engineering,Paid
2025-03-21,2025-03-24,2025-05-05,2025,3,March,119249.1,0.0,Northstar Industrial Group,AGC-00003,Northstar Industrial Group,Zara Grant,AGX-2025-015037-AGC-00003,INV-2025-0013974,NET 45 DAYS,464,0,0,Paid,Northstar Industrial Group,Paid
2025-03-21,2025-03-31,2025-06-19,2025,3,March,180397.41,0.0,Helios Petro Systems,AGC-00045,Helios Petro Systems,Zara Grant,AGX-2025-016357-AGC-00045,INV-2025-0015205,20% ADVANCE / NET 90,419,0,0,Paid,Helios Petro Systems,Paid
2025-03-27,2025-03-30,2025-04-26,2025,3,March,580670.32,0.0,Northstar Flow Technologies,AGC-00006,Northstar Flow Technologies,Avery Morgan,AGX-2025-015721-AGC-00006,INV-2025-0014618,NET 30 DAYS,473,0,0,Paid,Northstar Flow Technologies,Paid
2025-03-27,2025-04-02,2025-05-26,2025,3,March,3360577.84,0.0,Northstar Process Controls,AGC-00016,Northstar Process Controls,Adrian Walker,AGX-2025-017343-AGC-00016,INV-2025-0016124,NET 60 DAYS,443,0,0,Paid,Northstar Process Controls,Paid
2025-03-29,2025-03-30,2025-06-27,2025,3,March,462470.41,0.0,Arcadia Infrastructure,AGC-00155,Arcadia Infrastructure,Noah Keller,AGX-2025-016566-AGC-00155,INV-2025-0015398,20% ADVANCE / NET 90,411,0,0,Paid,Arcadia Infrastructure,Paid
2025-03-30,2025-04-01,2025-05-29,2025,3,March,3662189.98,0.0,Northstar Refinery Services,AGC-00025,Northstar Refinery Services,Mila Diaz,AGX-2025-017143-AGC-00025,INV-2025-0015938,30% ADVANCE / NET 60,440,0,0,Paid,Northstar Refinery Services,Paid
2025-03-31,2025-04-07,2025-05-30,2025,3,March,330642.38,0.0,Meridian Resources,AGC-00132,Meridian Resources,Avery Morgan,AGX-2025-015998-AGC-00132,INV-2025-0014869,NET 60 DAYS,439,0,0,Paid,Meridian Resources,Paid
2025-04-01,2025-04-03,2025-05-01,2025,4,April,26979.39,0.0,Meridian Petro Systems,AGC-00119,Meridian Petro Systems,Grace Perry,AGX-2025-016839-AGC-00119,INV-2025-0015662,NET 30 DAYS,468,0,0,Paid,Meridian Petro Systems,Paid
2025-04-02,2025-04-10,2025-06-01,2025,4,April,119476.47,0.0,Northstar Industrial Services,AGC-00032,Northstar Industrial Services,Theo Price,AGX-2025-015373-AGC-00032,INV-2025-0014290,30% ADVANCE / NET 60,437,0,0,Paid,Northstar Industrial Services,Paid
2025-04-08,2025-04-18,2025-06-07,2025,4,April,58679.32,0.0,Helios Resources,AGC-00058,Helios Resources,Adrian Walker,AGX-2025-015546-AGC-00058,INV-2025-0014452,30% ADVANCE / NET 60,431,0,0,Paid,Helios Resources,Paid
2025-04-09,2025-04-16,2025-06-08,2025,4,April,207149.81,16571.98,Cobalt Technical Services,AGC-00109,Cobalt Technical Services,Mila Diaz,AGX-2025-017405-AGC-00109,INV-2025-0016182,NET 60 DAYS,430,0,430,430 day(s) overdue,Cobalt Technical Services,90+ Days
2025-04-11,2025-04-17,2025-07-10,2025,4,April,65646.15,13129.23,Northstar Pipeline Services,AGC-00022,Northstar Pipeline Services,Julian Howard,AGX-2025-017264-AGC-00022,INV-2025-0016050,NET 90 DAYS,398,0,398,398 day(s) overdue,Northstar Pipeline Services,90+ Days
2025-04-13,2025-04-13,2025-06-12,2025,4,April,1464171.98,658877.39,Northstar Rotating Equipment,AGC-00023,Northstar Rotating Equipment,Lina Sato,AGX-2025-015085-AGC-00023,INV-2025-0014019,30% ADVANCE / NET 60,426,0,426,426 day(s) overdue,Northstar Rotating Equipment,90+ Days
2025-04-16,2025-04-25,2025-06-15,2025,4,April,1619541.01,0.0,Helios Waterworks,AGC-00047,Helios Waterworks,Lucas Hayes,AGX-2025-015312-AGC-00047,INV-2025-0014230,NET 60 DAYS,423,0,0,Paid,Helios Waterworks,Paid
2025-04-16,2025-04-18,2025-06-15,2025,4,April,223625.81,0.0,Meridian Mechanical,AGC-00125,Meridian Mechanical,Eva Lewis,AGX-2025-016308-AGC-00125,INV-2025-0015159,NET 60 DAYS,423,0,0,Paid,Meridian Mechanical,Paid
2025-04-18,2025-04-26,2025-06-17,2025,4,April,52924.38,0.0,Meridian Flow Systems,AGC-00144,Meridian Flow Systems,Theo Price,AGX-2025-016412-AGC-00144,INV-2025-0015256,NET 60 DAYS,421,0,0,Paid,Meridian Flow Systems,Paid
2025-04-20,2025-04-27,2025-06-19,2025,4,April,402475.91,0.0,Arcadia Compression,AGC-00167,Arcadia Compression,Eva Lewis,AGX-2025-016104-AGC-00167,INV-2025-0014965,NET 60 DAYS,419,0,0,Paid,Arcadia Compression,Paid
2025-04-24,2025-04-30,2025-06-23,2025,4,April,62595.9,5007.67,Meridian Process Controls,AGC-00127,Meridian Process Controls,Noah Keller,AGX-2025-015522-AGC-00127,INV-2025-0014429,NET 60 DAYS,415,0,415,415 day(s) overdue,Meridian Process Controls,90+ Days
2025-04-27,2025-04-29,2025-06-26,2025,4,April,286174.68,57234.94,Arcadia Drilling Solutions,AGC-00166,Arcadia Drilling Solutions,Leo Foster,AGX-2025-016266-AGC-00166,INV-2025-0015122,20% ADVANCE / NET 60,412,0,412,412 day(s) overdue,Arcadia Drilling Solutions,90+ Days
2025-04-27,2025-04-27,2025-07-26,2025,4,April,261596.03,52319.21,Northstar Compression,AGC-00019,Northstar Compression,Lucas Hayes,AGX-2025-016838-AGC-00019,INV-2025-0015661,NET 90 DAYS,382,0,382,382 day(s) overdue,Northstar Compression,90+ Days
2025-04-28,2025-05-05,2025-05-28,2025,4,April,959268.27,76741.46,Helios Industrial Services,AGC-00069,Helios Industrial Services,Eva Lewis,AGX-2025-017076-AGC-00069,INV-2025-0015875,NET 30 DAYS,441,0,441,441 day(s) overdue,Helios Industrial Services,90+ Days
2025-04-29,2025-04-30,2025-06-28,2025,4,April,2001580.6,0.0,Arcadia Compression,AGC-00167,Arcadia Compression,Eva Lewis,AGX-2025-016386-AGC-00167,INV-2025-0015232,NET 60 DAYS,410,0,0,Paid,Arcadia Compression,Paid
2025-05-03,2025-05-04,2025-07-02,2025,5,May,683981.27,0.0,Arcadia Industrial Group,AGC-00151,Arcadia Industrial Group,Mila Diaz,AGX-2025-016404-AGC-00151,INV-2025-0015248,20% ADVANCE / NET 60,406,0,0,Paid,Arcadia Industrial Group,Paid
2025-05-04,2025-05-14,2025-07-03,2025,5,May,1009437.47,0.0,Northstar Utilities,AGC-00012,Northstar Utilities,Leo Foster,AGX-2025-015106-AGC-00012,INV-2025-0014039,NET 60 DAYS,405,0,0,Paid,Northstar Utilities,Paid
2025-05-04,2025-05-14,2025-06-18,2025,5,May,259049.71,0.0,Arcadia Industrial Maintenance,AGC-00168,Arcadia Industrial Maintenance,Priya Nguyen,AGX-2025-016415-AGC-00168,INV-2025-0015259,NET 45 DAYS,420,0,0,Paid,Arcadia Industrial Maintenance,Paid
2025-05-05,2025-05-13,2025-07-04,2025,5,May,918673.18,0.0,Helios Marine Services,AGC-00039,Helios Marine Services,Mila Diaz,AGX-2025-015311-AGC-00039,INV-2025-0014229,20% ADVANCE / NET 60,404,0,0,Paid,Helios Marine Services,Paid
2025-05-05,2025-05-06,2025-06-04,2025,5,May,778576.82,0.0,Cobalt Industrial Maintenance,AGC-00094,Cobalt Industrial Maintenance,Camille Martin,AGX-2025-015463-AGC-00094,INV-2025-0014373,NET 30 DAYS,434,0,0,Paid,Cobalt Industrial Maintenance,Paid
2025-05-07,2025-05-15,2025-07-06,2025,5,May,275214.62,0.0,Helios Flow Systems,AGC-00070,Helios Flow Systems,Priya Nguyen,AGX-2025-017303-AGC-00070,INV-2025-0016087,NET 60 DAYS,402,0,0,Paid,Helios Flow Systems,Paid
2025-05-09,2025-05-14,2025-07-08,2025,5,May,510255.93,0.0,Helios Offshore Systems,AGC-00067,Helios Offshore Systems,Mila Diaz,AGX-2025-016074-AGC-00067,INV-2025-0014941,NET 60 DAYS,400,0,0,Paid,Helios Offshore Systems,Paid
2025-05-14,2025-05-24,2025-07-13,2025,5,May,15951.04,0.0,Meridian Flow Technologies,AGC-00117,Meridian Flow Technologies,Lucas Hayes,AGX-2025-015315-AGC-00117,INV-2025-0014233,NET 60 DAYS,395,0,0,Paid,Meridian Flow Technologies,Paid
2025-05-16,2025-05-17,2025-08-14,2025,5,May,379464.46,0.0,Cobalt Offshore Engineering,AGC-00079,Cobalt Offshore Engineering,Lina Sato,AGX-2025-015446-AGC-00079,INV-2025-0014357,NET 90 DAYS,363,0,0,Paid,Cobalt Offshore Engineering,Paid
2025-05-17,2025-05-26,2025-07-16,2025,5,May,1008006.08,0.0,Meridian Compression,AGC-00130,Meridian Compression,Theo Price,AGX-2025-016398-AGC-00130,INV-2025-0015243,NET 60 DAYS,392,0,0,Paid,Meridian Compression,Paid
2025-05-17,2025-05-26,2025-07-16,2025,5,May,338985.94,0.0,Meridian Technical Services,AGC-00146,Meridian Technical Services,Avery Morgan,AGX-2025-017178-AGC-00146,INV-2025-0015971,NET 60 DAYS,392,0,0,Paid,Meridian Technical Services,Paid
2025-05-18,2025-05-19,2025-08-16,2025,5,May,660086.28,0.0,Cobalt Production Services,AGC-00102,Cobalt Production Services,Theo Price,AGX-2025-015459-AGC-00102,INV-2025-0014370,NET 90 DAYS,361,0,0,Paid,Cobalt Production Services,Paid
2025-05-19,2025-05-20,2025-07-18,2025,5,May,129002.69,0.0,Meridian Power Partners,AGC-00126,Meridian Power Partners,Priya Nguyen,AGX-2025-015509-AGC-00126,INV-2025-0014416,NET 60 DAYS,390,0,0,Paid,Meridian Power Partners,Paid
2025-05-21,2025-05-29,2025-07-20,2025,5,May,280318.22,0.0,Arcadia Industrial Services,AGC-00180,Arcadia Industrial Services,Leo Foster,AGX-2025-015288-AGC-00180,INV-2025-0014210,20% ADVANCE / NET 60,388,0,0,Paid,Arcadia Industrial Services,Paid
2025-05-22,2025-06-01,2025-06-21,2025,5,May,2219010.66,0.0,Meridian Industrial Group,AGC-00114,Meridian Industrial Group,Adrian Walker,AGX-2025-015225-AGC-00114,INV-2025-0014148,NET 30 DAYS,417,0,0,Paid,Meridian Industrial Group,Paid
2025-05-28,2025-06-03,2025-08-26,2025,5,May,1332308.91,0.0,Helios Industrial Solutions,AGC-00073,Helios Industrial Solutions,Zara Grant,AGX-2025-016234-AGC-00073,INV-2025-0015090,NET 90 DAYS,351,0,0,Paid,Helios Industrial Solutions,Paid
2025-06-06,2025-06-08,2025-08-05,2025,6,June,51753.46,0.0,Northstar Infrastructure,AGC-00007,Northstar Infrastructure,Grace Perry,AGX-2025-015679-AGC-00007,INV-2025-0014577,30% ADVANCE / NET 60,372,0,0,Paid,Northstar Infrastructure,Paid
2025-06-06,2025-06-11,2025-08-05,2025,6,June,839766.83,67181.35,Helios Marine Supply,AGC-00074,Helios Marine Supply,Theo Price,AGX-2025-016886-AGC-00074,INV-2025-0015705,30% ADVANCE / NET 60,372,0,372,372 day(s) overdue,Helios Marine Supply,90+ Days
2025-06-09,2025-06-19,2025-09-07,2025,6,June,940589.18,0.0,Cobalt Drilling Solutions,AGC-00092,Cobalt Drilling Solutions,Julian Howard,AGX-2025-015542-AGC-00092,INV-2025-0014448,NET 90 DAYS,339,0,0,Paid,Cobalt Drilling Solutions,Paid
2025-06-11,2025-06-17,2025-08-10,2025,6,June,93660.13,7492.81,Arcadia Mining Services,AGC-00157,Arcadia Mining Services,Zara Grant,AGX-2025-016946-AGC-00157,INV-2025-0015761,30% ADVANCE / NET 60,367,0,367,367 day(s) overdue,Arcadia Mining Services,90+ Days
2025-06-11,2025-06-21,2025-09-09,2025,6,June,771483.82,61718.71,Helios Technical Services,AGC-00072,Helios Technical Services,Adrian Walker,AGX-2025-017317-AGC-00072,INV-2025-0016100,NET 90 DAYS,337,0,337,337 day(s) overdue,Helios Technical Services,90+ Days
2025-06-14,2025-06-20,2025-08-13,2025,6,June,330355.84,0.0,Arcadia Energy Projects,AGC-00174,Arcadia Energy Projects,Avery Morgan,AGX-2025-017048-AGC-00174,INV-2025-0015849,NET 60 DAYS,364,0,0,Paid,Arcadia Energy Projects,Paid
2025-06-15,2025-06-20,2025-08-14,2025,6,June,1717200.61,137376.05,Cobalt Flow Systems,AGC-00107,Cobalt Flow Systems,Lina Sato,AGX-2025-015493-AGC-00107,INV-2025-0014402,NET 60 DAYS,363,0,363,363 day(s) overdue,Cobalt Flow Systems,90+ Days
2025-06-15,2025-06-21,2025-08-14,2025,6,June,422416.73,0.0,Arcadia Process Controls,AGC-00164,Arcadia Process Controls,Camille Martin,AGX-2025-015839-AGC-00164,INV-2025-0014726,30% ADVANCE / NET 60,363,0,0,Paid,Arcadia Process Controls,Paid
2025-06-17,2025-06-17,2025-08-16,2025,6,June,119032.25,0.0,Cobalt Flow Technologies,AGC-00080,Cobalt Flow Technologies,Camille Martin,AGX-2025-016854-AGC-00080,INV-2025-0015677,30% ADVANCE / NET 60,361,0,0,Paid,Cobalt Flow Technologies,Paid
2025-06-18,2025-06-21,2025-09-16,2025,6,June,222238.82,0.0,Helios Marine Engineering,AGC-00064,Helios Marine Engineering,Julian Howard,AGX-2025-015154-AGC-00064,INV-2025-0014081,NET 90 DAYS,330,0,0,Paid,Helios Marine Engineering,Paid
2025-06-19,2025-06-21,2025-07-19,2025,6,June,216728.33,43345.67,Cobalt Engineering,AGC-00091,Cobalt Engineering,Grace Perry,AGX-2025-015878-AGC-00091,INV-2025-0014762,NET 30 DAYS,389,0,389,389 day(s) overdue,Cobalt Engineering,90+ Days
2025-06-19,2025-06-26,2025-09-17,2025,6,June,227718.57,0.0,Cobalt Technical Supply,AGC-00098,Cobalt Technical Supply,Priya Nguyen,AGX-2025-016218-AGC-00098,INV-2025-0015075,20% ADVANCE / NET 90,329,0,0,Paid,Cobalt Technical Supply,Paid
2025-06-20,2025-06-27,2025-07-20,2025,6,June,510350.71,0.0,Helios Flow Technologies,AGC-00043,Helios Flow Technologies,Noah Keller,AGX-2025-016228-AGC-00043,INV-2025-0015084,NET 30 DAYS,388,0,0,Paid,Helios Flow Technologies,Paid
2025-06-21,2025-06-27,2025-08-20,2025,6,June,224898.23,0.0,Helios Process Solutions,AGC-00041,Helios Process Solutions,Eva Lewis,AGX-2025-016055-AGC-00041,INV-2025-0014922,20% ADVANCE / NET 60,357,0,0,Paid,Helios Process Solutions,Paid
2025-06-24,2025-06-25,2025-08-08,2025,6,June,6968.96,0.0,Meridian Waterworks,AGC-00121,Meridian Waterworks,Lina Sato,AGX-2025-016205-AGC-00121,INV-2025-0015062,NET 45 DAYS,369,0,0,Paid,Meridian Waterworks,Paid
2025-06-24,2025-07-04,2025-08-23,2025,6,June,416249.87,0.0,Helios Mining Services,AGC-00046,Helios Mining Services,Theo Price,AGX-2025-017461-AGC-00046,INV-2025-0016237,NET 60 DAYS,354,0,0,Paid,Helios Mining Services,Paid
2025-06-25,2025-06-25,2025-08-24,2025,6,June,813939.11,0.0,Northstar Mechanical Group,AGC-00031,Northstar Mechanical Group,Zara Grant,AGX-2025-015826-AGC-00031,INV-2025-0014715,20% ADVANCE / NET 60,353,0,0,Paid,Northstar Mechanical Group,Paid
2025-06-25,2025-06-28,2025-07-25,2025,6,June,6573564.19,0.0,Cobalt Marine Supply,AGC-00111,Cobalt Marine Supply,Eva Lewis,AGX-2025-016856-AGC-00111,INV-2025-0015679,NET 30 DAYS,383,0,0,Paid,Cobalt Marine Supply,Paid
2025-06-27,2025-06-28,2025-08-26,2025,6,June,7830.76,0.0,Helios Infrastructure,AGC-00044,Helios Infrastructure,Adrian Walker,AGX-2025-017090-AGC-00044,INV-2025-0015889,NET 60 DAYS,351,0,0,Paid,Helios Infrastructure,Paid
2025-07-01,2025-07-03,2025-07-31,2025,7,July,1511714.66,120937.17,Helios Engineering,AGC-00054,Helios Engineering,Leo Foster,AGX-2025-015513-AGC-00054,INV-2025-0014420,NET 30 DAYS,377,0,377,377 day(s) overdue,Helios Engineering,90+ Days
2025-07-02,2025-07-12,2025-08-31,2025,7,July,178482.42,0.0,Meridian Energy Systems,AGC-00112,Meridian Energy Systems,Priya Nguyen,AGX-2025-016635-AGC-00112,INV-2025-0015464,NET 60 DAYS,346,0,0,Paid,Meridian Energy Systems,Paid
2025-07-03,2025-07-07,2025-09-01,2025,7,July,4339963.3,0.0,Meridian Marine Engineering,AGC-00138,Meridian Marine Engineering,Leo Foster,AGX-2025-016605-AGC-00138,INV-2025-0015436,NET 60 DAYS,345,0,0,Paid,Meridian Marine Engineering,Paid
2025-07-04,2025-07-07,2025-08-03,2025,7,July,1053556.86,0.0,Helios Drilling Solutions,AGC-00055,Helios Drilling Solutions,Eva Lewis,AGX-2025-017096-AGC-00055,INV-2025-0015895,NET 30 DAYS,374,0,0,Paid,Helios Drilling Solutions,Paid
2025-07-04,2025-07-09,2025-08-03,2025,7,July,293236.78,0.0,Northstar Energy Projects,AGC-00026,Northstar Energy Projects,Leo Foster,AGX-2025-017282-AGC-00026,INV-2025-0016067,NET 30 DAYS,374,0,0,Paid,Northstar Energy Projects,Paid
2025-07-04,2025-07-12,2025-09-02,2025,7,July,101179.01,0.0,Cobalt Mechanical Group,AGC-00105,Cobalt Mechanical Group,Grace Perry,AGX-2025-017473-AGC-00105,INV-2025-0016246,NET 60 DAYS,344,0,0,Paid,Cobalt Mechanical Group,Paid
2025-07-06,2025-07-12,2025-08-20,2025,7,July,468575.56,0.0,Northstar Resources,AGC-00021,Northstar Resources,Grace Perry,AGX-2025-015281-AGC-00021,INV-2025-0014203,NET 45 DAYS,357,0,0,Paid,Northstar Resources,Paid
2025-07-07,2025-07-16,2025-08-06,2025,7,July,2059004.03,0.0,Helios Production Services,AGC-00065,Helios Production Services,Lina Sato,AGX-2025-015774-AGC-00065,INV-2025-0014666,NET 30 DAYS,371,0,0,Paid,Helios Production Services,Paid
2025-07-10,2025-07-20,2025-09-08,2025,7,July,1042758.31,0.0,Cobalt Industrial Services,AGC-00106,Cobalt Industrial Services,Julian Howard,AGX-2025-015803-AGC-00106,INV-2025-0014693,30% ADVANCE / NET 60,338,0,0,Paid,Cobalt Industrial Services,Paid
2025-07-11,2025-07-12,2025-08-10,2025,7,July,130668.77,0.0,Arcadia Marine Engineering,AGC-00175,Arcadia Marine Engineering,Grace Perry,AGX-2025-015390-AGC-00175,INV-2025-0014306,NET 30 DAYS,367,0,0,Paid,Arcadia Marine Engineering,Paid
2025-07-11,2025-07-18,2025-09-09,2025,7,July,829678.6,0.0,Arcadia Technical Supply,AGC-00172,Arcadia Technical Supply,Theo Price,AGX-2025-016233-AGC-00172,INV-2025-0015089,30% ADVANCE / NET 60,337,0,0,Paid,Arcadia Technical Supply,Paid
2025-07-12,2025-07-15,2025-10-10,2025,7,July,2216179.86,997280.94,Cobalt Drilling Solutions,AGC-00092,Cobalt Drilling Solutions,Julian Howard,AGX-2025-016171-AGC-00092,INV-2025-0015031,NET 90 DAYS,306,0,306,306 day(s) overdue,Cobalt Drilling Solutions,90+ Days
2025-07-14,2025-07-17,2025-08-28,2025,7,July,318674.83,0.0,Northstar Resources,AGC-00021,Northstar Resources,Grace Perry,AGX-2025-015330-AGC-00021,INV-2025-0014248,NET 45 DAYS,349,0,0,Paid,Northstar Resources,Paid
2025-07-16,2025-07-16,2025-09-14,2025,7,July,509881.51,40790.52,Helios Process Solutions,AGC-00041,Helios Process Solutions,Eva Lewis,AGX-2025-015773-AGC-00041,INV-2025-0014665,20% ADVANCE / NET 60,332,0,332,332 day(s) overdue,Helios Process Solutions,90+ Days
2025-07-17,2025-07-26,2025-09-15,2025,7,July,141651.99,0.0,Arcadia Rotating Equipment,AGC-00171,Arcadia Rotating Equipment,Zara Grant,AGX-2025-017424-AGC-00171,INV-2025-0016200,NET 60 DAYS,331,0,0,Paid,Arcadia Rotating Equipment,Paid
2025-07-20,2025-07-29,2025-09-18,2025,7,July,833286.12,0.0,Cobalt Offshore Systems,AGC-00104,Cobalt Offshore Systems,Avery Morgan,AGX-2025-015430-AGC-00104,INV-2025-0014342,NET 60 DAYS,328,0,0,Paid,Cobalt Offshore Systems,Paid
2025-07-20,2025-07-26,2025-09-18,2025,7,July,57538.55,4603.08,Arcadia Engineering,AGC-00165,Arcadia Engineering,Mila Diaz,AGX-2025-017124-AGC-00165,INV-2025-0015922,20% ADVANCE / NET 60,328,0,328,328 day(s) overdue,Arcadia Engineering,90+ Days
2025-07-22,2025-07-24,2025-09-05,2025,7,July,156046.73,0.0,Cobalt Process Controls,AGC-00090,Cobalt Process Controls,Avery Morgan,AGX-2025-015850-AGC-00090,INV-2025-0014736,NET 45 DAYS,341,0,0,Paid,Cobalt Process Controls,Paid
2025-07-22,2025-07-27,2025-09-05,2025,7,July,169487.94,33897.59,Meridian Offshore Systems,AGC-00141,Meridian Offshore Systems,Noah Keller,AGX-2025-016115-AGC-00141,INV-2025-0014976,NET 45 DAYS,341,0,341,341 day(s) overdue,Meridian Offshore Systems,90+ Days
2025-07-23,2025-07-31,2025-09-21,2025,7,July,379980.52,0.0,Northstar Drilling Solutions,AGC-00018,Northstar Drilling Solutions,Theo Price,AGX-2025-015147-AGC-00018,INV-2025-0014076,NET 60 DAYS,325,0,0,Paid,Northstar Drilling Solutions,Paid
2025-07-26,2025-07-26,2025-09-24,2025,7,July,588737.89,0.0,Cobalt Mining Services,AGC-00083,Cobalt Mining Services,Eva Lewis,AGX-2025-015962-AGC-00083,INV-2025-0014838,NET 60 DAYS,322,0,0,Paid,Cobalt Mining Services,Paid
2025-07-26,2025-07-31,2025-08-25,2025,7,July,24018.94,0.0,Arcadia Refinery Services,AGC-00173,Arcadia Refinery Services,Lucas Hayes,AGX-2025-016105-AGC-00173,INV-2025-0014966,NET 30 DAYS,352,0,0,Paid,Arcadia Refinery Services,Paid
2025-07-28,2025-08-05,2025-09-26,2025,7,July,218543.26,0.0,Helios Field Services,AGC-00050,Helios Field Services,Julian Howard,AGX-2025-016318-AGC-00050,INV-2025-0015169,30% ADVANCE / NET 60,320,0,0,Paid,Helios Field Services,Paid
2025-07-30,2025-08-03,2025-09-28,2025,7,July,49432.81,0.0,Helios Process Solutions,AGC-00041,Helios Process Solutions,Eva Lewis,AGX-2025-016087-AGC-00041,INV-2025-0014951,20% ADVANCE / NET 60,318,0,0,Paid,Helios Process Solutions,Paid
2025-07-30,2025-08-09,2025-09-28,2025,7,July,63463.5,0.0,Helios Infrastructure,AGC-00044,Helios Infrastructure,Adrian Walker,AGX-2025-016407-AGC-00044,INV-2025-0015251,NET 60 DAYS,318,0,0,Paid,Helios Infrastructure,Paid
2025-08-01,2025-08-07,2025-10-30,2025,8,August,2726628.29,0.0,Meridian Instrumentation,AGC-00145,Meridian Instrumentation,Lucas Hayes,AGX-2025-017133-AGC-00145,INV-2025-0015930,NET 90 DAYS,286,0,0,Paid,Meridian Instrumentation,Paid
2025-08-05,2025-08-14,2025-10-04,2025,8,August,1138474.54,91077.96,Cobalt Energy Systems,AGC-00075,Cobalt Energy Systems,Lucas Hayes,AGX-2025-015935-AGC-00075,INV-2025-0014814,NET 60 DAYS,312,0,312,312 day(s) overdue,Cobalt Energy Systems,90+ Days
2025-08-08,2025-08-16,2025-09-07,2025,8,August,4549620.49,0.0,Helios Instrumentation,AGC-00071,Helios Instrumentation,Noah Keller,AGX-2025-015188-AGC-00071,INV-2025-0014114,NET 30 DAYS,339,0,0,Paid,Helios Instrumentation,Paid
2025-08-09,2025-08-15,2025-11-07,2025,8,August,1755529.48,0.0,Meridian Drilling Solutions,AGC-00129,Meridian Drilling Solutions,Zara Grant,AGX-2025-017247-AGC-00129,INV-2025-0016035,NET 90 DAYS,278,0,0,Paid,Meridian Drilling Solutions,Paid
2025-08-10,2025-08-17,2025-10-09,2025,8,August,328177.23,26254.18,Northstar Mining Services,AGC-00009,Northstar Mining Services,Lina Sato,AGX-2025-015480-AGC-00009,INV-2025-0014389,NET 60 DAYS,307,0,307,307 day(s) overdue,Northstar Mining Services,90+ Days
2025-08-12,2025-08-14,2025-11-10,2025,8,August,5561.54,0.0,Meridian Industrial Services,AGC-00143,Meridian Industrial Services,Zara Grant,AGX-2025-017123-AGC-00143,INV-2025-0015921,20% ADVANCE / NET 90,275,0,0,Paid,Meridian Industrial Services,Paid
2025-08-13,2025-08-18,2025-10-12,2025,8,August,7359996.15,1471999.23,Meridian Technical Supply,AGC-00135,Meridian Technical Supply,Lina Sato,AGX-2025-015372-AGC-00135,INV-2025-0014289,30% ADVANCE / NET 60,304,0,304,304 day(s) overdue,Meridian Technical Supply,90+ Days
2025-08-16,2025-08-22,2025-09-15,2025,8,August,585662.24,0.0,Cobalt Instrumentation,AGC-00108,Cobalt Instrumentation,Camille Martin,AGX-2025-015210-AGC-00108,INV-2025-0014133,NET 30 DAYS,331,0,0,Paid,Cobalt Instrumentation,Paid
2025-08-19,2025-08-28,2025-10-18,2025,8,August,478291.52,0.0,Northstar Flow Systems,AGC-00033,Northstar Flow Systems,Lucas Hayes,AGX-2025-017044-AGC-00033,INV-2025-0015845,NET 60 DAYS,298,0,0,Paid,Northstar Flow Systems,Paid
2025-08-21,2025-08-28,2025-10-05,2025,8,August,1127014.84,0.0,Northstar Marine Services,AGC-00002,Northstar Marine Services,Adrian Walker,AGX-2025-016686-AGC-00002,INV-2025-0015515,NET 45 DAYS,311,0,0,Paid,Northstar Marine Services,Paid
2025-08-22,2025-08-28,2025-10-21,2025,8,August,510300.43,0.0,Northstar Rotating Equipment,AGC-00023,Northstar Rotating Equipment,Lina Sato,AGX-2025-015550-AGC-00023,INV-2025-0014455,30% ADVANCE / NET 60,295,0,0,Paid,Northstar Rotating Equipment,Paid
2025-08-22,2025-08-29,2025-10-21,2025,8,August,214013.08,17121.05,Northstar Technical Supply,AGC-00024,Northstar Technical Supply,Camille Martin,AGX-2025-016702-AGC-00024,INV-2025-0015531,NET 60 DAYS,295,0,295,295 day(s) overdue,Northstar Technical Supply,90+ Days
2025-08-25,2025-09-04,2025-09-24,2025,8,August,325122.62,0.0,Northstar Technical Services,AGC-00035,Northstar Technical Services,Grace Perry,AGX-2025-017388-AGC-00035,INV-2025-0016167,NET 30 DAYS,322,0,0,Paid,Northstar Technical Services,Paid
2025-08-26,2025-09-01,2025-11-24,2025,8,August,522061.58,0.0,Helios Pipeline Services,AGC-00059,Helios Pipeline Services,Zara Grant,AGX-2025-015631-AGC-00059,INV-2025-0014532,NET 90 DAYS,261,0,0,Paid,Helios Pipeline Services,Paid
2025-08-26,2025-08-30,2025-09-25,2025,8,August,51850.28,10370.06,Meridian Industrial Maintenance,AGC-00131,Meridian Industrial Maintenance,Lucas Hayes,AGX-2025-015942-AGC-00131,INV-2025-0014819,NET 30 DAYS,321,0,321,321 day(s) overdue,Meridian Industrial Maintenance,90+ Days
2025-08-26,2025-08-28,2025-10-25,2025,8,August,207380.19,0.0,Northstar Field Services,AGC-00013,Northstar Field Services,Eva Lewis,AGX-2025-017102-AGC-00013,INV-2025-0015901,NET 60 DAYS,291,0,0,Paid,Northstar Field Services,Paid
2025-08-27,2025-09-03,2025-09-26,2025,8,August,2324014.14,0.0,Cobalt Industrial Solutions,AGC-00110,Cobalt Industrial Solutions,Leo Foster,AGX-2025-015930-AGC-00110,INV-2025-0014810,NET 30 DAYS,320,0,0,Paid,Cobalt Industrial Solutions,Paid
2025-09-01,2025-09-07,2025-10-16,2025,9,September,64113.96,0.0,Arcadia Controls,AGC-00177,Arcadia Controls,Lina Sato,AGX-2025-015600-AGC-00177,INV-2025-0014504,NET 45 DAYS,300,0,0,Paid,Arcadia Controls,Paid
2025-09-03,2025-09-08,2025-11-02,2025,9,September,700225.12,0.0,Arcadia Engineering,AGC-00165,Arcadia Engineering,Mila Diaz,AGX-2025-016600-AGC-00165,INV-2025-0015431,20% ADVANCE / NET 60,283,0,0,Paid,Arcadia Engineering,Paid
2025-09-03,2025-09-07,2025-11-02,2025,9,September,402414.47,0.0,Helios Waterworks,AGC-00047,Helios Waterworks,Lucas Hayes,AGX-2025-017037-AGC-00047,INV-2025-0015839,NET 60 DAYS,283,0,0,Paid,Helios Waterworks,Paid
2025-09-04,2025-09-09,2025-10-04,2025,9,September,2405.92,192.47,Northstar Engineering,AGC-00017,Northstar Engineering,Zara Grant,AGX-2025-016343-AGC-00017,INV-2025-0015192,NET 30 DAYS,312,0,312,312 day(s) overdue,Northstar Engineering,90+ Days
2025-09-04,2025-09-07,2025-11-03,2025,9,September,1392254.49,0.0,Meridian Marine Supply,AGC-00148,Meridian Marine Supply,Julian Howard,AGX-2025-017284-AGC-00148,INV-2025-0016069,NET 60 DAYS,282,0,0,Paid,Meridian Marine Supply,Paid
2025-09-05,2025-09-10,2025-10-05,2025,9,September,1123093.44,505392.05,Cobalt Industrial Solutions,AGC-00110,Cobalt Industrial Solutions,Leo Foster,AGX-2025-015887-AGC-00110,INV-2025-0014770,NET 30 DAYS,311,0,311,311 day(s) overdue,Cobalt Industrial Solutions,90+ Days
2025-09-05,2025-09-15,2025-11-04,2025,9,September,352919.15,158813.62,Northstar Marine Supply,AGC-00037,Northstar Marine Supply,Lina Sato,AGX-2025-016247-AGC-00037,INV-2025-0015103,NET 60 DAYS,281,0,281,281 day(s) overdue,Northstar Marine Supply,90+ Days
2025-09-09,2025-09-13,2025-11-08,2025,9,September,158607.68,0.0,Helios Process Solutions,AGC-00041,Helios Process Solutions,Eva Lewis,AGX-2025-016465-AGC-00041,INV-2025-0015303,20% ADVANCE / NET 60,277,0,0,Paid,Helios Process Solutions,Paid
2025-09-11,2025-09-21,2025-11-10,2025,9,September,275891.35,0.0,Arcadia Compression,AGC-00167,Arcadia Compression,Eva Lewis,AGX-2025-015809-AGC-00167,INV-2025-0014699,NET 60 DAYS,275,0,0,Paid,Arcadia Compression,Paid
2025-09-12,2025-09-17,2025-11-11,2025,9,September,408756.12,0.0,Meridian Refinery Services,AGC-00136,Meridian Refinery Services,Camille Martin,AGX-2025-016140-AGC-00136,INV-2025-0015000,20% ADVANCE / NET 60,274,0,0,Paid,Meridian Refinery Services,Paid
2025-09-13,2025-09-18,2025-12-12,2025,9,September,725289.25,0.0,Arcadia Offshore Engineering,AGC-00153,Arcadia Offshore Engineering,Eva Lewis,AGX-2025-015326-AGC-00153,INV-2025-0014244,20% ADVANCE / NET 90,243,0,0,Paid,Arcadia Offshore Engineering,Paid
2025-09-17,2025-09-25,2025-11-16,2025,9,September,209996.71,0.0,Helios Offshore Engineering,AGC-00042,Helios Offshore Engineering,Priya Nguyen,AGX-2025-015448-AGC-00042,INV-2025-0014359,20% ADVANCE / NET 60,269,0,0,Paid,Helios Offshore Engineering,Paid
2025-09-17,2025-09-17,2025-11-16,2025,9,September,492518.02,0.0,Northstar Utilities,AGC-00012,Northstar Utilities,Leo Foster,AGX-2025-016001-AGC-00012,INV-2025-0014872,NET 60 DAYS,269,0,0,Paid,Northstar Utilities,Paid
2025-09-21,2025-09-28,2025-12-20,2025,9,September,225752.34,0.0,Arcadia Energy Systems,AGC-00149,Arcadia Energy Systems,Lina Sato,AGX-2025-015327-AGC-00149,INV-2025-0014245,NET 90 DAYS,235,0,0,Paid,Arcadia Energy Systems,Paid
2025-09-22,2025-10-01,2025-11-21,2025,9,September,395880.47,0.0,Meridian Compression,AGC-00130,Meridian Compression,Theo Price,AGX-2025-016449-AGC-00130,INV-2025-0015288,NET 60 DAYS,264,0,0,Paid,Meridian Compression,Paid
2025-09-29,2025-10-04,2025-10-29,2025,9,September,603137.7,0.0,Cobalt Mechanical,AGC-00088,Cobalt Mechanical,Theo Price,AGX-2025-016402-AGC-00088,INV-2025-0015246,NET 30 DAYS,287,0,0,Paid,Cobalt Mechanical,Paid
2025-09-30,2025-10-05,2025-10-30,2025,9,September,1022683.45,0.0,Meridian Controls,AGC-00140,Meridian Controls,Priya Nguyen,AGX-2025-015635-AGC-00140,INV-2025-0014536,NET 30 DAYS,286,0,0,Paid,Meridian Controls,Paid
2025-09-30,2025-10-10,2025-11-29,2025,9,September,1669504.13,0.0,Helios Energy Projects,AGC-00063,Helios Energy Projects,Grace Perry,AGX-2025-015647-AGC-00063,INV-2025-0014546,20% ADVANCE / NET 60,256,0,0,Paid,Helios Energy Projects,Paid
2025-09-30,2025-10-02,2025-12-29,2025,9,September,114479.39,0.0,Cobalt Production Services,AGC-00102,Cobalt Production Services,Theo Price,AGX-2025-016275-AGC-00102,INV-2025-0015131,NET 90 DAYS,226,0,0,Paid,Cobalt Production Services,Paid
2025-10-01,2025-10-07,2025-11-15,2025,10,October,243446.8,0.0,Meridian Process Solutions,AGC-00115,Meridian Process Solutions,Zara Grant,AGX-2025-015775-AGC-00115,INV-2025-0014667,NET 45 DAYS,270,0,0,Paid,Meridian Process Solutions,Paid
2025-10-03,2025-10-13,2025-12-02,2025,10,October,2629277.5,525855.5,Meridian Industrial Solutions,AGC-00147,Meridian Industrial Solutions,Grace Perry,AGX-2025-017368-AGC-00147,INV-2025-0016147,30% ADVANCE / NET 60,253,0,253,253 day(s) overdue,Meridian Industrial Solutions,90+ Days
2025-10-04,2025-10-11,2025-12-03,2025,10,October,70198.05,0.0,Arcadia Drilling Solutions,AGC-00166,Arcadia Drilling Solutions,Leo Foster,AGX-2025-016203-AGC-00166,INV-2025-0015060,20% ADVANCE / NET 60,252,0,0,Paid,Arcadia Drilling Solutions,Paid
2025-10-04,2025-10-06,2025-11-03,2025,10,October,596815.7,0.0,Arcadia Power Partners,AGC-00163,Arcadia Power Partners,Lina Sato,AGX-2025-016819-AGC-00163,INV-2025-0015644,NET 30 DAYS,282,0,0,Paid,Arcadia Power Partners,Paid
2025-10-04,2025-10-07,2026-01-02,2025,10,October,406360.38,0.0,Arcadia Field Services,AGC-00161,Arcadia Field Services,Grace Perry,AGX-2025-016999-AGC-00161,INV-2025-0015809,20% ADVANCE / NET 90,222,0,0,Paid,Arcadia Field Services,Paid
2025-10-05,2025-10-05,2025-12-04,2025,10,October,403708.94,0.0,Cobalt Energy Systems,AGC-00075,Cobalt Energy Systems,Lucas Hayes,AGX-2025-016313-AGC-00075,INV-2025-0015164,NET 60 DAYS,251,0,0,Paid,Cobalt Energy Systems,Paid
2025-10-05,2025-10-14,2025-12-04,2025,10,October,6644.8,0.0,Northstar Automation,AGC-00011,Northstar Automation,Mila Diaz,AGX-2025-017457-AGC-00011,INV-2025-0016233,20% ADVANCE / NET 60,251,0,0,Paid,Northstar Automation,Paid
2025-10-08,2025-10-15,2025-11-22,2025,10,October,1033161.98,0.0,Meridian Process Solutions,AGC-00115,Meridian Process Solutions,Zara Grant,AGX-2025-016570-AGC-00115,INV-2025-0015402,NET 45 DAYS,263,0,0,Paid,Meridian Process Solutions,Paid
2025-10-12,2025-10-21,2025-12-11,2025,10,October,168320.2,0.0,Helios Automation,AGC-00048,Helios Automation,Avery Morgan,AGX-2025-015819-AGC-00048,INV-2025-0014708,20% ADVANCE / NET 60,244,0,0,Paid,Helios Automation,Paid
2025-10-13,2025-10-20,2025-12-12,2025,10,October,89053.42,0.0,Arcadia Automation,AGC-00159,Arcadia Automation,Lucas Hayes,AGX-2025-016668-AGC-00159,INV-2025-0015497,NET 60 DAYS,243,0,0,Paid,Arcadia Automation,Paid
2025-10-17,2025-10-25,2025-12-01,2025,10,October,257562.35,0.0,Cobalt Waterworks,AGC-00084,Cobalt Waterworks,Priya Nguyen,AGX-2025-015209-AGC-00084,INV-2025-0014132,NET 45 DAYS,254,0,0,Paid,Cobalt Waterworks,Paid
2025-10-17,2025-10-24,2025-12-16,2025,10,October,1212487.69,0.0,Helios Rotating Equipment,AGC-00060,Helios Rotating Equipment,Theo Price,AGX-2025-016643-AGC-00060,INV-2025-0015472,20% ADVANCE / NET 60,239,0,0,Paid,Helios Rotating Equipment,Paid
2025-10-20,2025-10-26,2025-12-19,2025,10,October,743674.49,0.0,Northstar Utilities,AGC-00012,Northstar Utilities,Leo Foster,AGX-2025-015923-AGC-00012,INV-2025-0014803,NET 60 DAYS,236,0,0,Paid,Northstar Utilities,Paid
2025-10-24,2025-11-01,2025-12-23,2025,10,October,69679.25,13935.85,Cobalt Rotating Equipment,AGC-00097,Cobalt Rotating Equipment,Eva Lewis,AGX-2025-015189-AGC-00097,INV-2025-0014115,NET 60 DAYS,232,0,232,232 day(s) overdue,Cobalt Rotating Equipment,90+ Days
2025-10-24,2025-10-25,2026-01-22,2025,10,October,374023.63,0.0,Helios Marine Engineering,AGC-00064,Helios Marine Engineering,Julian Howard,AGX-2025-017255-AGC-00064,INV-2025-0016041,NET 90 DAYS,202,0,0,Paid,Helios Marine Engineering,Paid
2025-10-25,2025-10-27,2025-12-24,2025,10,October,1741315.04,0.0,Northstar Production Services,AGC-00028,Northstar Production Services,Priya Nguyen,AGX-2025-015461-AGC-00028,INV-2025-0014371,NET 60 DAYS,231,0,0,Paid,Northstar Production Services,Paid
2025-10-25,2025-10-28,2025-12-24,2025,10,October,36676.31,0.0,Northstar Waterworks,AGC-00010,Northstar Waterworks,Camille Martin,AGX-2025-016245-AGC-00010,INV-2025-0015101,NET 60 DAYS,231,0,0,Paid,Northstar Waterworks,Paid
2025-10-26,2025-10-28,2025-12-25,2025,10,October,1609595.74,0.0,Arcadia Offshore Systems,AGC-00178,Arcadia Offshore Systems,Camille Martin,AGX-2025-016450-AGC-00178,INV-2025-0015289,30% ADVANCE / NET 60,230,0,0,Paid,Arcadia Offshore Systems,Paid
2025-10-27,2025-10-30,2025-12-26,2025,10,October,1063624.84,0.0,Northstar Industrial Services,AGC-00032,Northstar Industrial Services,Theo Price,AGX-2025-016709-AGC-00032,INV-2025-0015537,30% ADVANCE / NET 60,229,0,0,Paid,Northstar Industrial Services,Paid
2025-10-28,2025-11-07,2025-12-27,2025,10,October,175923.18,0.0,Northstar Rotating Equipment,AGC-00023,Northstar Rotating Equipment,Lina Sato,AGX-2025-015364-AGC-00023,INV-2025-0014281,30% ADVANCE / NET 60,228,0,0,Paid,Northstar Rotating Equipment,Paid
2025-11-02,2025-11-04,2025-12-02,2025,11,November,682917.91,0.0,Arcadia Process Solutions,AGC-00152,Arcadia Process Solutions,Leo Foster,AGX-2025-016850-AGC-00152,INV-2025-0015673,NET 30 DAYS,253,0,0,Paid,Arcadia Process Solutions,Paid
2025-11-04,2025-11-07,2026-01-03,2025,11,November,30857.12,0.0,Cobalt Compression,AGC-00093,Cobalt Compression,Lina Sato,AGX-2025-015033-AGC-00093,INV-2025-0013970,NET 60 DAYS,221,0,0,Paid,Cobalt Compression,Paid
2025-11-07,2025-11-11,2026-01-06,2025,11,November,2033242.91,0.0,Northstar Mechanical,AGC-00014,Northstar Mechanical,Priya Nguyen,AGX-2025-016644-AGC-00014,INV-2025-0015473,NET 60 DAYS,218,0,0,Paid,Northstar Mechanical,Paid
2025-11-09,2025-11-11,2026-01-08,2025,11,November,105057.84,0.0,Arcadia Industrial Services,AGC-00180,Arcadia Industrial Services,Leo Foster,AGX-2025-015982-AGC-00180,INV-2025-0014855,20% ADVANCE / NET 60,216,0,0,Paid,Arcadia Industrial Services,Paid
2025-11-10,2025-11-20,2025-12-10,2025,11,November,192556.78,15404.54,Arcadia Mechanical Group,AGC-00179,Arcadia Mechanical Group,Mila Diaz,AGX-2025-015617-AGC-00179,INV-2025-0014519,NET 30 DAYS,245,0,245,245 day(s) overdue,Arcadia Mechanical Group,90+ Days
2025-11-12,2025-11-13,2026-01-11,2025,11,November,598878.58,269495.36,Cobalt Resources,AGC-00095,Cobalt Resources,Mila Diaz,AGX-2025-016269-AGC-00095,INV-2025-0015125,NET 60 DAYS,213,0,213,213 day(s) overdue,Cobalt Resources,90+ Days
2025-11-12,2025-11-13,2026-01-11,2025,11,November,992636.56,0.0,Cobalt Controls,AGC-00103,Cobalt Controls,Lucas Hayes,AGX-2025-016663-AGC-00103,INV-2025-0015492,NET 60 DAYS,213,0,0,Paid,Cobalt Controls,Paid
2025-11-13,2025-11-13,2026-01-12,2025,11,November,350474.21,0.0,Cobalt Automation,AGC-00085,Cobalt Automation,Noah Keller,AGX-2025-017393-AGC-00085,INV-2025-0016171,NET 60 DAYS,212,0,0,Paid,Cobalt Automation,Paid
2025-11-15,2025-11-17,2025-12-15,2025,11,November,705756.74,56460.54,Cobalt Power Partners,AGC-00089,Cobalt Power Partners,Lucas Hayes,AGX-2025-015030-AGC-00089,INV-2025-0013967,NET 30 DAYS,240,0,240,240 day(s) overdue,Cobalt Power Partners,90+ Days
2025-11-21,2025-11-21,2026-01-20,2025,11,November,159362.45,31872.49,Helios Process Solutions,AGC-00041,Helios Process Solutions,Eva Lewis,AGX-2025-016144-AGC-00041,INV-2025-0015004,20% ADVANCE / NET 60,204,0,204,204 day(s) overdue,Helios Process Solutions,90+ Days
2025-11-23,2025-11-23,2025-12-23,2025,11,November,59396.47,4751.72,Meridian Utilities,AGC-00123,Meridian Utilities,Mila Diaz,AGX-2025-017492-AGC-00123,INV-2025-0016265,NET 30 DAYS,232,0,232,232 day(s) overdue,Meridian Utilities,90+ Days
2025-11-24,2025-12-04,2026-01-23,2025,11,November,6437519.15,0.0,Meridian Marine Services,AGC-00113,Meridian Marine Services,Noah Keller,AGX-2025-015228-AGC-00113,INV-2025-0014151,NET 60 DAYS,201,0,0,Paid,Meridian Marine Services,Paid
2025-11-24,2025-12-04,2025-12-24,2025,11,November,77441.89,0.0,Northstar Process Solutions,AGC-00004,Northstar Process Solutions,Theo Price,AGX-2025-016622-AGC-00004,INV-2025-0015452,NET 30 DAYS,231,0,0,Paid,Northstar Process Solutions,Paid
2025-11-30,2025-12-09,2026-01-29,2025,11,November,260116.46,20809.32,Meridian Mechanical Group,AGC-00142,Meridian Mechanical Group,Adrian Walker,AGX-2025-015986-AGC-00142,INV-2025-0014858,NET 60 DAYS,195,0,195,195 day(s) overdue,Meridian Mechanical Group,90+ Days
2025-12-01,2025-12-03,2026-01-15,2025,12,December,789294.12,0.0,Northstar Energy Systems,AGC-00001,Northstar Energy Systems,Noah Keller,AGX-2025-016889-AGC-00001,INV-2025-0015708,NET 45 DAYS,209,0,0,Paid,Northstar Energy Systems,Paid
2025-12-04,2025-12-14,2026-01-18,2025,12,December,476572.58,0.0,Arcadia Marine Services,AGC-00150,Arcadia Marine Services,Camille Martin,AGX-2025-016172-AGC-00150,INV-2025-0015032,NET 45 DAYS,206,0,0,Paid,Arcadia Marine Services,Paid
2025-12-07,2025-12-15,2026-01-06,2025,12,December,301147.65,24091.81,Arcadia Process Solutions,AGC-00152,Arcadia Process Solutions,Leo Foster,AGX-2025-016467-AGC-00152,INV-2025-0015305,NET 30 DAYS,218,0,218,218 day(s) overdue,Arcadia Process Solutions,90+ Days
2025-12-10,2025-12-13,2026-03-10,2025,12,December,609667.39,274350.33,Arcadia Utilities,AGC-00160,Arcadia Utilities,Avery Morgan,AGX-2025-015272-AGC-00160,INV-2025-0014194,NET 90 DAYS,155,0,155,155 day(s) overdue,Arcadia Utilities,90+ Days
2025-12-10,2025-12-20,2026-01-09,2025,12,December,384757.32,0.0,Arcadia Flow Technologies,AGC-00154,Arcadia Flow Technologies,Priya Nguyen,AGX-2025-017512-AGC-00154,INV-2025-0016283,NET 30 DAYS,215,0,0,Paid,Arcadia Flow Technologies,Paid
2025-12-11,2025-12-14,2026-03-11,2025,12,December,1669293.21,0.0,Helios Power Partners,AGC-00052,Helios Power Partners,Camille Martin,AGX-2025-015094-AGC-00052,INV-2025-0014028,20% ADVANCE / NET 90,154,0,0,Paid,Helios Power Partners,Paid
2025-12-12,2025-12-19,2026-02-10,2025,12,December,262382.06,0.0,Helios Utilities,AGC-00049,Helios Utilities,Grace Perry,AGX-2025-016262-AGC-00049,INV-2025-0015118,30% ADVANCE / NET 60,183,0,0,Paid,Helios Utilities,Paid
2025-12-15,2025-12-22,2026-03-15,2025,12,December,123239.8,0.0,Cobalt Industrial Group,AGC-00077,Cobalt Industrial Group,Grace Perry,AGX-2025-016769-AGC-00077,INV-2025-0015595,20% ADVANCE / NET 90,150,0,0,Paid,Cobalt Industrial Group,Paid
2025-12-15,2025-12-18,2026-02-13,2025,12,December,1424441.13,0.0,Arcadia Engineering,AGC-00165,Arcadia Engineering,Mila Diaz,AGX-2025-017207-AGC-00165,INV-2025-0015998,20% ADVANCE / NET 60,180,0,0,Paid,Arcadia Engineering,Paid
2025-12-17,2025-12-18,2026-02-15,2025,12,December,201569.29,0.0,Arcadia Resources,AGC-00169,Arcadia Resources,Noah Keller,AGX-2025-016667-AGC-00169,INV-2025-0015496,20% ADVANCE / NET 60,178,0,0,Paid,Arcadia Resources,Paid
2025-12-18,2025-12-24,2026-01-17,2025,12,December,142554.85,0.0,Meridian Pipeline Services,AGC-00133,Meridian Pipeline Services,Grace Perry,AGX-2025-015528-AGC-00133,INV-2025-0014435,NET 30 DAYS,207,0,0,Paid,Meridian Pipeline Services,Paid
2025-12-18,2025-12-23,2026-01-17,2025,12,December,297699.32,0.0,Arcadia Waterworks,AGC-00158,Arcadia Waterworks,Theo Price,AGX-2025-016822-AGC-00158,INV-2025-0015646,NET 30 DAYS,207,0,0,Paid,Arcadia Waterworks,Paid
2025-12-19,2025-12-28,2026-01-18,2025,12,December,4192284.34,0.0,Arcadia Mechanical,AGC-00162,Arcadia Mechanical,Julian Howard,AGX-2025-016048-AGC-00162,INV-2025-0014915,NET 30 DAYS,206,0,0,Paid,Arcadia Mechanical,Paid
2025-12-25,2025-12-26,2026-02-23,2025,12,December,1140593.41,0.0,Northstar Production Services,AGC-00028,Northstar Production Services,Priya Nguyen,AGX-2025-016773-AGC-00028,INV-2025-0015599,NET 60 DAYS,170,0,0,Paid,Northstar Production Services,Paid
2025-12-28,2026-01-02,2026-03-28,2025,12,December,4132132.43,0.0,Arcadia Field Services,AGC-00161,Arcadia Field Services,Grace Perry,AGX-2025-017156-AGC-00161,INV-2025-0015951,20% ADVANCE / NET 90,137,0,0,Paid,Arcadia Field Services,Paid
2025-12-30,2026-01-05,2026-02-13,2025,12,December,2351735.77,0.0,Meridian Rotating Equipment,AGC-00134,Meridian Rotating Equipment,Julian Howard,AGX-2025-015418-AGC-00134,INV-2025-0014330,NET 45 DAYS,180,0,0,Paid,Meridian Rotating Equipment,Paid
2025-12-31,2026-01-05,2026-01-30,2025,12,December,1881177.32,0.0,Helios Technical Supply,AGC-00061,Helios Technical Supply,Lucas Hayes,AGX-2025-015331-AGC-00061,INV-2025-0014249,NET 30 DAYS,194,0,0,Paid,Helios Technical Supply,Paid
2026-01-06,2026-01-16,2026-02-05,2026,1,January,1162441.26,1162441.26,Meridian Mining Services,AGC-00120,Meridian Mining Services,Julian Howard,AGX-2025-015133-AGC-00120,INV-2026-0014063,NET 30 DAYS,188,0,188,188 day(s) overdue,Meridian Mining Services,90+ Days
2026-01-08,2026-01-16,2026-04-08,2026,1,January,79169.31,0.0,Meridian Production Services,AGC-00139,Meridian Production Services,Eva Lewis,AGX-2025-015606-AGC-00139,INV-2026-0014510,NET 90 DAYS,126,0,0,Paid,Meridian Production Services,Paid
2026-01-10,2026-01-17,2026-04-10,2026,1,January,2035691.66,814276.66,Helios Refinery Services,AGC-00062,Helios Refinery Services,Avery Morgan,AGX-2025-016256-AGC-00062,INV-2026-0015112,NET 90 DAYS,124,0,124,124 day(s) overdue,Helios Refinery Services,90+ Days
2026-01-10,2026-01-10,2026-02-09,2026,1,January,998911.0,998911.0,Arcadia Mechanical,AGC-00162,Arcadia Mechanical,Julian Howard,AGX-2025-016336-AGC-00162,INV-2026-0015186,NET 30 DAYS,184,0,184,184 day(s) overdue,Arcadia Mechanical,90+ Days
2026-01-10,2026-01-18,2026-02-24,2026,1,January,630723.72,0.0,Northstar Offshore Engineering,AGC-00005,Northstar Offshore Engineering,Lucas Hayes,AGX-2025-016591-AGC-00005,INV-2026-0015423,NET 45 DAYS,169,0,0,Paid,Northstar Offshore Engineering,Paid
2026-01-11,2026-01-20,2026-03-12,2026,1,January,2249098.5,899639.4,Cobalt Process Solutions,AGC-00078,Cobalt Process Solutions,Julian Howard,AGX-2025-017065-AGC-00078,INV-2026-0015865,20% ADVANCE / NET 60,153,0,153,153 day(s) overdue,Cobalt Process Solutions,90+ Days
2026-01-15,2026-01-24,2026-03-16,2026,1,January,221465.84,155026.09,Cobalt Flow Systems,AGC-00107,Cobalt Flow Systems,Lina Sato,AGX-2025-017364-AGC-00107,INV-2026-0016143,NET 60 DAYS,149,0,149,149 day(s) overdue,Cobalt Flow Systems,90+ Days
2026-01-18,2026-01-24,2026-03-04,2026,1,January,461496.47,461496.47,Helios Mechanical,AGC-00051,Helios Mechanical,Lina Sato,AGX-2025-015698-AGC-00051,INV-2026-0014595,NET 45 DAYS,161,0,161,161 day(s) overdue,Helios Mechanical,90+ Days
2026-01-19,2026-01-21,2026-03-20,2026,1,January,373623.15,373623.15,Cobalt Controls,AGC-00103,Cobalt Controls,Lucas Hayes,AGX-2025-015681-AGC-00103,INV-2026-0014579,NET 60 DAYS,145,0,145,145 day(s) overdue,Cobalt Controls,90+ Days
2026-01-20,2026-01-25,2026-03-21,2026,1,January,1102487.96,771741.57,Helios Mechanical Group,AGC-00068,Helios Mechanical Group,Leo Foster,AGX-2025-016814-AGC-00068,INV-2026-0015639,NET 60 DAYS,144,0,144,144 day(s) overdue,Helios Mechanical Group,90+ Days
2026-01-22,2026-01-29,2026-03-08,2026,1,January,522333.15,0.0,Helios Mechanical,AGC-00051,Helios Mechanical,Lina Sato,AGX-2025-016150-AGC-00051,INV-2026-0015010,NET 45 DAYS,157,0,0,Paid,Helios Mechanical,Paid
2026-01-24,2026-01-30,2026-03-25,2026,1,January,281342.63,196939.84,Helios Energy Systems,AGC-00038,Helios Energy Systems,Camille Martin,AGX-2025-016261-AGC-00038,INV-2026-0015117,NET 60 DAYS,140,0,140,140 day(s) overdue,Helios Energy Systems,90+ Days
2026-01-24,2026-02-01,2026-03-25,2026,1,January,411546.9,411546.9,Helios Field Services,AGC-00050,Helios Field Services,Julian Howard,AGX-2026-018839-AGC-00050,INV-2026-0017502,30% ADVANCE / NET 60,140,0,140,140 day(s) overdue,Helios Field Services,90+ Days
2026-01-25,2026-02-03,2026-02-24,2026,1,January,543186.59,543186.59,Meridian Utilities,AGC-00123,Meridian Utilities,Mila Diaz,AGX-2026-018680-AGC-00123,INV-2026-0017355,NET 30 DAYS,169,0,169,169 day(s) overdue,Meridian Utilities,90+ Days
2026-01-27,2026-01-30,2026-04-27,2026,1,January,173432.98,121403.09,Northstar Industrial Maintenance,AGC-00020,Northstar Industrial Maintenance,Avery Morgan,AGX-2025-015838-AGC-00020,INV-2026-0014725,20% ADVANCE / NET 90,107,0,107,107 day(s) overdue,Northstar Industrial Maintenance,90+ Days
2026-02-01,2026-02-10,2026-04-02,2026,2,February,216778.84,151745.19,Northstar Marine Supply,AGC-00037,Northstar Marine Supply,Lina Sato,AGX-2025-015954-AGC-00037,INV-2026-0014830,NET 60 DAYS,132,0,132,132 day(s) overdue,Northstar Marine Supply,90+ Days
2026-02-01,2026-02-01,2026-03-03,2026,2,February,20019.64,8007.86,Helios Industrial Services,AGC-00069,Helios Industrial Services,Eva Lewis,AGX-2025-017078-AGC-00069,INV-2026-0015877,NET 30 DAYS,162,0,162,162 day(s) overdue,Helios Industrial Services,90+ Days
2026-02-04,2026-02-09,2026-05-05,2026,2,February,567351.03,226940.41,Helios Petro Systems,AGC-00045,Helios Petro Systems,Zara Grant,AGX-2026-018098-AGC-00045,INV-2026-0016817,20% ADVANCE / NET 90,99,0,99,99 day(s) overdue,Helios Petro Systems,90+ Days
2026-02-12,2026-02-21,2026-04-13,2026,2,February,159163.11,111414.18,Arcadia Engineering,AGC-00165,Arcadia Engineering,Mila Diaz,AGX-2026-017575-AGC-00165,INV-2026-0016336,20% ADVANCE / NET 60,121,0,121,121 day(s) overdue,Arcadia Engineering,90+ Days
2026-02-13,2026-02-19,2026-03-15,2026,2,February,329852.64,131941.06,Cobalt Marine Supply,AGC-00111,Cobalt Marine Supply,Eva Lewis,AGX-2026-018137-AGC-00111,INV-2026-0016853,NET 30 DAYS,150,0,150,150 day(s) overdue,Cobalt Marine Supply,90+ Days
2026-02-14,2026-02-17,2026-03-16,2026,2,February,391453.57,274017.5,Northstar Process Solutions,AGC-00004,Northstar Process Solutions,Theo Price,AGX-2026-017580-AGC-00004,INV-2026-0016341,NET 30 DAYS,149,0,149,149 day(s) overdue,Northstar Process Solutions,90+ Days
2026-02-14,2026-02-21,2026-04-15,2026,2,February,524794.86,367356.4,Helios Offshore Systems,AGC-00067,Helios Offshore Systems,Mila Diaz,AGX-2026-018238-AGC-00067,INV-2026-0016944,NET 60 DAYS,119,0,119,119 day(s) overdue,Helios Offshore Systems,90+ Days
2026-02-14,2026-02-21,2026-04-15,2026,2,February,808732.84,566112.99,Meridian Marine Engineering,AGC-00138,Meridian Marine Engineering,Leo Foster,AGX-2026-018958-AGC-00138,INV-2026-0017614,NET 60 DAYS,119,0,119,119 day(s) overdue,Meridian Marine Engineering,90+ Days
2026-02-16,2026-02-20,2026-04-17,2026,2,February,957194.56,670036.19,Helios Field Services,AGC-00050,Helios Field Services,Julian Howard,AGX-2026-018802-AGC-00050,INV-2026-0017467,30% ADVANCE / NET 60,117,0,117,117 day(s) overdue,Helios Field Services,90+ Days
2026-02-17,2026-02-26,2026-03-19,2026,2,February,633123.81,0.0,Helios Process Controls,AGC-00053,Helios Process Controls,Mila Diaz,AGX-2025-017550-AGC-00053,INV-2026-0016316,NET 30 DAYS,146,0,0,Paid,Helios Process Controls,Paid
2026-02-21,2026-02-26,2026-03-23,2026,2,February,2162329.11,2162329.11,Helios Instrumentation,AGC-00071,Helios Instrumentation,Noah Keller,AGX-2026-018636-AGC-00071,INV-2026-0017313,NET 30 DAYS,142,0,142,142 day(s) overdue,Helios Instrumentation,90+ Days
2026-02-21,2026-03-03,2026-03-23,2026,2,February,1003563.87,401425.55,Helios Production Services,AGC-00065,Helios Production Services,Lina Sato,AGX-2026-018947-AGC-00065,INV-2026-0017603,NET 30 DAYS,142,0,142,142 day(s) overdue,Helios Production Services,90+ Days
2026-02-23,2026-02-27,2026-04-24,2026,2,February,768320.55,0.0,Northstar Instrumentation,AGC-00034,Northstar Instrumentation,Avery Morgan,AGX-2025-015167-AGC-00034,INV-2026-0014094,NET 60 DAYS,110,0,0,Paid,Northstar Instrumentation,Paid
2026-02-23,2026-02-27,2026-04-24,2026,2,February,696750.87,696750.87,Meridian Automation,AGC-00122,Meridian Automation,Camille Martin,AGX-2025-016057-AGC-00122,INV-2026-0014924,NET 60 DAYS,110,0,110,110 day(s) overdue,Meridian Automation,90+ Days
2026-02-24,2026-03-03,2026-04-25,2026,2,February,453353.21,0.0,Northstar Mechanical Group,AGC-00031,Northstar Mechanical Group,Zara Grant,AGX-2026-018888-AGC-00031,INV-2026-0017548,20% ADVANCE / NET 60,109,0,0,Paid,Northstar Mechanical Group,Paid
2026-02-25,2026-02-28,2026-03-27,2026,2,February,3352927.53,0.0,Arcadia Flow Technologies,AGC-00154,Arcadia Flow Technologies,Priya Nguyen,AGX-2025-015222-AGC-00154,INV-2026-0014145,NET 30 DAYS,138,0,0,Paid,Arcadia Flow Technologies,Paid
2026-02-28,2026-03-09,2026-04-29,2026,2,February,610947.93,244379.17,Northstar Offshore Systems,AGC-00030,Northstar Offshore Systems,Adrian Walker,AGX-2026-018531-AGC-00030,INV-2026-0017213,NET 60 DAYS,105,0,105,105 day(s) overdue,Northstar Offshore Systems,90+ Days
2026-02-28,2026-02-28,2026-04-29,2026,2,February,2101697.7,1471188.39,Northstar Mechanical Group,AGC-00031,Northstar Mechanical Group,Zara Grant,AGX-2026-018671-AGC-00031,INV-2026-0017346,20% ADVANCE / NET 60,105,0,105,105 day(s) overdue,Northstar Mechanical Group,90+ Days
2026-03-01,2026-03-01,2026-05-30,2026,3,March,217375.84,86950.34,Helios Industrial Solutions,AGC-00073,Helios Industrial Solutions,Zara Grant,AGX-2026-017906-AGC-00073,INV-2026-0016640,NET 90 DAYS,74,0,74,74 day(s) overdue,Helios Industrial Solutions,61-90 Days
2026-03-03,2026-03-13,2026-05-02,2026,3,March,665236.85,465665.79,Helios Mining Services,AGC-00046,Helios Mining Services,Theo Price,AGX-2026-018788-AGC-00046,INV-2026-0017454,NET 60 DAYS,102,0,102,102 day(s) overdue,Helios Mining Services,90+ Days
2026-03-04,2026-03-11,2026-04-03,2026,3,March,2114079.01,2114079.01,Arcadia Power Partners,AGC-00163,Arcadia Power Partners,Lina Sato,AGX-2026-018034-AGC-00163,INV-2026-0016761,NET 30 DAYS,131,0,131,131 day(s) overdue,Arcadia Power Partners,90+ Days
2026-03-04,2026-03-06,2026-05-03,2026,3,March,469359.28,469359.28,Arcadia Drilling Solutions,AGC-00166,Arcadia Drilling Solutions,Leo Foster,AGX-2026-018477-AGC-00166,INV-2026-0017166,20% ADVANCE / NET 60,101,0,101,101 day(s) overdue,Arcadia Drilling Solutions,90+ Days
2026-03-04,2026-03-11,2026-04-03,2026,3,March,1050896.61,1050896.61,Cobalt Field Services,AGC-00087,Cobalt Field Services,Zara Grant,AGX-2026-018579-AGC-00087,INV-2026-0017258,NET 30 DAYS,131,0,131,131 day(s) overdue,Cobalt Field Services,90+ Days
2026-03-04,2026-03-06,2026-04-03,2026,3,March,1062054.92,743438.44,Arcadia Marine Engineering,AGC-00175,Arcadia Marine Engineering,Grace Perry,AGX-2026-018595-AGC-00175,INV-2026-0017272,NET 30 DAYS,131,0,131,131 day(s) overdue,Arcadia Marine Engineering,90+ Days
2026-03-05,2026-03-14,2026-05-04,2026,3,March,899065.02,0.0,Northstar Process Controls,AGC-00016,Northstar Process Controls,Adrian Walker,AGX-2026-019088-AGC-00016,INV-2026-0017734,NET 60 DAYS,100,0,0,Paid,Northstar Process Controls,Paid
2026-03-06,2026-03-07,2026-05-05,2026,3,March,1085628.5,759939.95,Arcadia Energy Projects,AGC-00174,Arcadia Energy Projects,Avery Morgan,AGX-2026-019186-AGC-00174,INV-2026-0017825,NET 60 DAYS,99,0,99,99 day(s) overdue,Arcadia Energy Projects,90+ Days
2026-03-07,2026-03-14,2026-04-21,2026,3,March,1634898.21,1634898.21,Meridian Rotating Equipment,AGC-00134,Meridian Rotating Equipment,Julian Howard,AGX-2026-017693-AGC-00134,INV-2026-0016446,NET 45 DAYS,113,0,113,113 day(s) overdue,Meridian Rotating Equipment,90+ Days
2026-03-09,2026-03-18,2026-05-08,2026,3,March,222043.47,155430.43,Cobalt Compression,AGC-00093,Cobalt Compression,Lina Sato,AGX-2026-018521-AGC-00093,INV-2026-0017204,NET 60 DAYS,96,0,96,96 day(s) overdue,Cobalt Compression,90+ Days
2026-03-11,2026-03-15,2026-04-10,2026,3,March,1496478.91,1047535.24,Helios Industrial Maintenance,AGC-00057,Helios Industrial Maintenance,Noah Keller,AGX-2026-017560-AGC-00057,INV-2026-0016323,NET 30 DAYS,124,0,124,124 day(s) overdue,Helios Industrial Maintenance,90+ Days
2026-03-11,2026-03-18,2026-05-10,2026,3,March,4298866.23,1719546.49,Northstar Power Partners,AGC-00015,Northstar Power Partners,Noah Keller,AGX-2026-018025-AGC-00015,INV-2026-0016752,NET 60 DAYS,94,0,94,94 day(s) overdue,Northstar Power Partners,90+ Days
2026-03-12,2026-03-20,2026-05-11,2026,3,March,1758064.69,1230645.28,Northstar Drilling Solutions,AGC-00018,Northstar Drilling Solutions,Theo Price,AGX-2026-019059-AGC-00018,INV-2026-0017707,NET 60 DAYS,93,0,93,93 day(s) overdue,Northstar Drilling Solutions,90+ Days
2026-03-13,2026-03-20,2026-05-12,2026,3,March,3760306.22,1504122.49,Northstar Refinery Services,AGC-00025,Northstar Refinery Services,Mila Diaz,AGX-2026-018134-AGC-00025,INV-2026-0016850,30% ADVANCE / NET 60,92,0,92,92 day(s) overdue,Northstar Refinery Services,90+ Days
2026-03-15,2026-03-23,2026-04-14,2026,3,March,298338.03,208836.62,Cobalt Power Partners,AGC-00089,Cobalt Power Partners,Lucas Hayes,AGX-2026-018797-AGC-00089,INV-2026-0017463,NET 30 DAYS,120,0,120,120 day(s) overdue,Cobalt Power Partners,90+ Days
2026-03-19,2026-03-24,2026-04-18,2026,3,March,953468.75,0.0,Cobalt Industrial Solutions,AGC-00110,Cobalt Industrial Solutions,Leo Foster,AGX-2026-018030-AGC-00110,INV-2026-0016757,NET 30 DAYS,116,0,0,Paid,Cobalt Industrial Solutions,Paid
2026-03-19,2026-03-23,2026-05-18,2026,3,March,222601.28,89040.51,Helios Energy Systems,AGC-00038,Helios Energy Systems,Camille Martin,AGX-2026-019094-AGC-00038,INV-2026-0017740,NET 60 DAYS,86,0,86,86 day(s) overdue,Helios Energy Systems,61-90 Days
2026-03-21,2026-03-27,2026-05-20,2026,3,March,200609.99,80244.0,Northstar Rotating Equipment,AGC-00023,Northstar Rotating Equipment,Lina Sato,AGX-2026-018924-AGC-00023,INV-2026-0017581,30% ADVANCE / NET 60,84,0,84,84 day(s) overdue,Northstar Rotating Equipment,61-90 Days
2026-03-23,2026-03-30,2026-05-22,2026,3,March,2477873.13,991149.25,Meridian Flow Technologies,AGC-00117,Meridian Flow Technologies,Lucas Hayes,AGX-2026-017671-AGC-00117,INV-2026-0016425,NET 60 DAYS,82,0,82,82 day(s) overdue,Meridian Flow Technologies,61-90 Days
2026-03-24,2026-03-27,2026-05-23,2026,3,March,319708.8,127883.52,Cobalt Compression,AGC-00093,Cobalt Compression,Lina Sato,AGX-2026-018813-AGC-00093,INV-2026-0017476,NET 60 DAYS,81,0,81,81 day(s) overdue,Cobalt Compression,61-90 Days
2026-03-30,2026-04-07,2026-04-29,2026,3,March,1144957.84,457983.14,Northstar Engineering,AGC-00017,Northstar Engineering,Zara Grant,AGX-2026-017754-AGC-00017,INV-2026-0016501,NET 30 DAYS,105,0,105,105 day(s) overdue,Northstar Engineering,90+ Days
2026-03-30,2026-04-07,2026-05-29,2026,3,March,584948.45,233979.38,Meridian Resources,AGC-00132,Meridian Resources,Avery Morgan,AGX-2026-018564-AGC-00132,INV-2026-0017244,NET 60 DAYS,75,0,75,75 day(s) overdue,Meridian Resources,61-90 Days
2026-03-30,2026-04-05,2026-06-28,2026,3,March,316200.86,221340.6,Meridian Drilling Solutions,AGC-00129,Meridian Drilling Solutions,Zara Grant,AGX-2026-019065-AGC-00129,INV-2026-0017713,NET 90 DAYS,45,0,45,45 day(s) overdue,Meridian Drilling Solutions,31-60 Days
2026-04-01,2026-04-11,2026-06-30,2026,4,April,268287.57,107315.03,Northstar Pipeline Services,AGC-00022,Northstar Pipeline Services,Julian Howard,AGX-2026-018557-AGC-00022,INV-2026-0017237,NET 90 DAYS,43,0,43,43 day(s) overdue,Northstar Pipeline Services,31-60 Days
2026-04-01,2026-04-04,2026-05-01,2026,4,April,14543.84,5817.54,Cobalt Engineering,AGC-00091,Cobalt Engineering,Grace Perry,AGX-2026-018645-AGC-00091,INV-2026-0017322,NET 30 DAYS,103,0,103,103 day(s) overdue,Cobalt Engineering,90+ Days
2026-04-02,2026-04-03,2026-07-01,2026,4,April,119745.87,0.0,Cobalt Offshore Engineering,AGC-00079,Cobalt Offshore Engineering,Lina Sato,AGX-2026-018904-AGC-00079,INV-2026-0017561,NET 90 DAYS,42,0,0,Paid,Cobalt Offshore Engineering,Paid
2026-04-04,2026-04-06,2026-06-03,2026,4,April,347691.92,243384.34,Northstar Controls,AGC-00029,Northstar Controls,Noah Keller,AGX-2026-017648-AGC-00029,INV-2026-0016403,NET 60 DAYS,70,0,70,70 day(s) overdue,Northstar Controls,61-90 Days
2026-04-06,2026-04-10,2026-06-05,2026,4,April,905417.98,0.0,Helios Infrastructure,AGC-00044,Helios Infrastructure,Adrian Walker,AGX-2026-017808-AGC-00044,INV-2026-0016550,NET 60 DAYS,68,0,0,Paid,Helios Infrastructure,Paid
2026-04-06,2026-04-10,2026-05-06,2026,4,April,170522.16,170522.16,Meridian Petro Systems,AGC-00119,Meridian Petro Systems,Grace Perry,AGX-2026-018212-AGC-00119,INV-2026-0016920,NET 30 DAYS,98,0,98,98 day(s) overdue,Meridian Petro Systems,90+ Days
2026-04-08,2026-04-14,2026-05-08,2026,4,April,176959.74,0.0,Arcadia Flow Technologies,AGC-00154,Arcadia Flow Technologies,Priya Nguyen,AGX-2026-017845-AGC-00154,INV-2026-0016584,NET 30 DAYS,96,0,0,Paid,Arcadia Flow Technologies,Paid
2026-04-09,2026-04-16,2026-06-08,2026,4,April,299887.71,0.0,Helios Mechanical Group,AGC-00068,Helios Mechanical Group,Leo Foster,AGX-2026-019141-AGC-00068,INV-2026-0017784,NET 60 DAYS,65,0,0,Paid,Helios Mechanical Group,Paid
2026-04-10,2026-04-10,2026-07-09,2026,4,April,1687730.42,1181411.29,Northstar Compression,AGC-00019,Northstar Compression,Lucas Hayes,AGX-2026-018178-AGC-00019,INV-2026-0016893,NET 90 DAYS,34,0,34,34 day(s) overdue,Northstar Compression,31-60 Days
2026-04-10,2026-04-17,2026-06-09,2026,4,April,232881.74,93152.7,Northstar Controls,AGC-00029,Northstar Controls,Noah Keller,AGX-2026-018693-AGC-00029,INV-2026-0017368,NET 60 DAYS,64,0,64,64 day(s) overdue,Northstar Controls,61-90 Days
2026-04-10,2026-04-13,2026-06-09,2026,4,April,1283750.79,513500.32,Northstar Production Services,AGC-00028,Northstar Production Services,Priya Nguyen,AGX-2026-018760-AGC-00028,INV-2026-0017430,NET 60 DAYS,64,0,64,64 day(s) overdue,Northstar Production Services,61-90 Days
2026-04-13,2026-04-16,2026-06-12,2026,4,April,379352.05,0.0,Cobalt Rotating Equipment,AGC-00097,Cobalt Rotating Equipment,Eva Lewis,AGX-2026-018513-AGC-00097,INV-2026-0017196,NET 60 DAYS,61,0,0,Paid,Cobalt Rotating Equipment,Paid
2026-04-13,2026-04-17,2026-06-12,2026,4,April,47073.74,32951.62,Cobalt Marine Engineering,AGC-00101,Cobalt Marine Engineering,Zara Grant,AGX-2026-018937-AGC-00101,INV-2026-0017594,NET 60 DAYS,61,0,61,61 day(s) overdue,Cobalt Marine Engineering,61-90 Days
2026-04-15,2026-04-15,2026-05-30,2026,4,April,110769.42,77538.59,Meridian Process Solutions,AGC-00115,Meridian Process Solutions,Zara Grant,AGX-2026-018800-AGC-00115,INV-2026-0017465,NET 45 DAYS,74,0,74,74 day(s) overdue,Meridian Process Solutions,61-90 Days
2026-04-16,2026-04-22,2026-06-15,2026,4,April,26434.44,18504.11,Meridian Offshore Engineering,AGC-00116,Meridian Offshore Engineering,Theo Price,AGX-2026-018145-AGC-00116,INV-2026-0016861,NET 60 DAYS,58,0,58,58 day(s) overdue,Meridian Offshore Engineering,31-60 Days
2026-04-16,2026-04-16,2026-05-31,2026,4,April,468985.32,468985.32,Northstar Industrial Group,AGC-00003,Northstar Industrial Group,Zara Grant,AGX-2026-018926-AGC-00003,INV-2026-0017583,NET 45 DAYS,73,0,73,73 day(s) overdue,Northstar Industrial Group,61-90 Days
2026-04-16,2026-04-18,2026-06-15,2026,4,April,174939.83,174939.83,Cobalt Technical Services,AGC-00109,Cobalt Technical Services,Mila Diaz,AGX-2026-019004-AGC-00109,INV-2026-0017655,NET 60 DAYS,58,0,58,58 day(s) overdue,Cobalt Technical Services,31-60 Days
2026-04-17,2026-04-27,2026-05-17,2026,4,April,1052869.74,1052869.74,Arcadia Refinery Services,AGC-00173,Arcadia Refinery Services,Lucas Hayes,AGX-2026-017719-AGC-00173,INV-2026-0016470,NET 30 DAYS,87,0,87,87 day(s) overdue,Arcadia Refinery Services,61-90 Days
2026-04-19,2026-04-26,2026-06-03,2026,4,April,71876.72,0.0,Northstar Resources,AGC-00021,Northstar Resources,Grace Perry,AGX-2026-018654-AGC-00021,INV-2026-0017330,NET 45 DAYS,70,0,0,Paid,Northstar Resources,Paid
2026-04-20,2026-04-23,2026-05-20,2026,4,April,439830.62,175932.25,Cobalt Power Partners,AGC-00089,Cobalt Power Partners,Lucas Hayes,AGX-2026-017957-AGC-00089,INV-2026-0016687,NET 30 DAYS,84,0,84,84 day(s) overdue,Cobalt Power Partners,61-90 Days
2026-04-20,2026-04-26,2026-06-19,2026,4,April,611857.22,244742.89,Cobalt Mining Services,AGC-00083,Cobalt Mining Services,Eva Lewis,AGX-2026-019128-AGC-00083,INV-2026-0017771,NET 60 DAYS,54,0,54,54 day(s) overdue,Cobalt Mining Services,31-60 Days
2026-04-21,2026-04-29,2026-06-20,2026,4,April,157564.03,63025.61,Arcadia Compression,AGC-00167,Arcadia Compression,Eva Lewis,AGX-2026-018789-AGC-00167,INV-2026-0017455,NET 60 DAYS,53,0,53,53 day(s) overdue,Arcadia Compression,31-60 Days
2026-04-21,2026-04-28,2026-06-20,2026,4,April,362529.09,253770.36,Northstar Field Services,AGC-00013,Northstar Field Services,Eva Lewis,AGX-2026-019020-AGC-00013,INV-2026-0017669,NET 60 DAYS,53,0,53,53 day(s) overdue,Northstar Field Services,31-60 Days
2026-04-23,2026-04-26,2026-05-23,2026,4,April,1432974.62,1432974.62,Cobalt Energy Projects,AGC-00100,Cobalt Energy Projects,Adrian Walker,AGX-2026-017932-AGC-00100,INV-2026-0016664,NET 30 DAYS,81,0,81,81 day(s) overdue,Cobalt Energy Projects,61-90 Days
2026-04-24,2026-04-28,2026-06-23,2026,4,April,14130.56,9891.39,Meridian Power Partners,AGC-00126,Meridian Power Partners,Priya Nguyen,AGX-2026-017858-AGC-00126,INV-2026-0016596,NET 60 DAYS,50,0,50,50 day(s) overdue,Meridian Power Partners,31-60 Days
2026-04-25,2026-05-02,2026-05-25,2026,4,April,1161222.73,812855.91,Meridian Pipeline Services,AGC-00133,Meridian Pipeline Services,Grace Perry,AGX-2026-018825-AGC-00133,INV-2026-0017488,NET 30 DAYS,79,0,79,79 day(s) overdue,Meridian Pipeline Services,61-90 Days
2026-04-28,2026-05-02,2026-06-12,2026,4,April,156066.78,62426.71,Northstar Industrial Solutions,AGC-00036,Northstar Industrial Solutions,Julian Howard,AGX-2026-018662-AGC-00036,INV-2026-0017337,NET 45 DAYS,61,0,61,61 day(s) overdue,Northstar Industrial Solutions,61-90 Days
2026-04-30,2026-05-08,2026-07-29,2026,4,April,344434.9,241104.43,Meridian Industrial Services,AGC-00143,Meridian Industrial Services,Zara Grant,AGX-2026-017771-AGC-00143,INV-2026-0016517,20% ADVANCE / NET 90,14,0,14,14 day(s) overdue,Meridian Industrial Services,1-30 Days
2026-04-30,2026-05-03,2026-07-29,2026,4,April,746165.71,746165.71,Arcadia Production Services,AGC-00176,Arcadia Production Services,Julian Howard,AGX-2026-018254-AGC-00176,INV-2026-0016958,20% ADVANCE / NET 90,14,0,14,14 day(s) overdue,Arcadia Production Services,1-30 Days
2026-05-01,2026-05-04,2026-06-30,2026,5,May,317529.16,0.0,Meridian Mechanical Group,AGC-00142,Meridian Mechanical Group,Adrian Walker,AGX-2026-017782-AGC-00142,INV-2026-0016526,NET 60 DAYS,43,0,0,Paid,Meridian Mechanical Group,Paid
2026-05-01,2026-05-11,2026-07-30,2026,5,May,595948.35,595948.35,Northstar Industrial Maintenance,AGC-00020,Northstar Industrial Maintenance,Avery Morgan,AGX-2026-019105-AGC-00020,INV-2026-0017750,20% ADVANCE / NET 90,13,0,13,13 day(s) overdue,Northstar Industrial Maintenance,1-30 Days
2026-05-02,2026-05-10,2026-07-31,2026,5,May,797679.87,319071.95,Arcadia Utilities,AGC-00160,Arcadia Utilities,Avery Morgan,AGX-2026-018320-AGC-00160,INV-2026-0017019,NET 90 DAYS,12,0,12,12 day(s) overdue,Arcadia Utilities,1-30 Days
2026-05-03,2026-05-11,2026-07-02,2026,5,May,89365.99,89365.99,Northstar Field Services,AGC-00013,Northstar Field Services,Eva Lewis,AGX-2026-017748-AGC-00013,INV-2026-0016495,NET 60 DAYS,41,0,41,41 day(s) overdue,Northstar Field Services,31-60 Days
2026-05-03,2026-05-05,2026-07-02,2026,5,May,6301.58,6301.58,Meridian Flow Systems,AGC-00144,Meridian Flow Systems,Theo Price,AGX-2026-018211-AGC-00144,INV-2026-0016919,NET 60 DAYS,41,0,41,41 day(s) overdue,Meridian Flow Systems,31-60 Days
2026-05-06,2026-05-09,2026-06-20,2026,5,May,84481.43,59137.0,Helios Mechanical,AGC-00051,Helios Mechanical,Lina Sato,AGX-2026-017615-AGC-00051,INV-2026-0016374,NET 45 DAYS,53,0,53,53 day(s) overdue,Helios Mechanical,31-60 Days
2026-05-06,2026-05-12,2026-07-05,2026,5,May,212219.49,148553.64,Meridian Engineering,AGC-00128,Meridian Engineering,Adrian Walker,AGX-2026-019260-AGC-00128,INV-2026-0017894,NET 60 DAYS,38,0,38,38 day(s) overdue,Meridian Engineering,31-60 Days
2026-05-07,2026-05-08,2026-07-06,2026,5,May,208376.21,145863.35,Northstar Utilities,AGC-00012,Northstar Utilities,Leo Foster,AGX-2026-018657-AGC-00012,INV-2026-0017333,NET 60 DAYS,37,0,37,37 day(s) overdue,Northstar Utilities,31-60 Days
2026-05-10,2026-05-19,2026-08-08,2026,5,May,101999.35,0.0,Meridian Infrastructure,AGC-00118,Meridian Infrastructure,Avery Morgan,AGX-2026-017763-AGC-00118,INV-2026-0016510,NET 90 DAYS,4,0,0,Paid,Meridian Infrastructure,Paid
2026-05-10,2026-05-12,2026-06-09,2026,5,May,431046.73,301732.71,Meridian Industrial Group,AGC-00114,Meridian Industrial Group,Adrian Walker,AGX-2026-018727-AGC-00114,INV-2026-0017399,NET 30 DAYS,64,0,64,64 day(s) overdue,Meridian Industrial Group,61-90 Days
2026-05-11,2026-05-11,2026-07-10,2026,5,May,381968.83,152787.53,Cobalt Marine Services,AGC-00076,Cobalt Marine Services,Avery Morgan,AGX-2026-018136-AGC-00076,INV-2026-0016852,NET 60 DAYS,33,0,33,33 day(s) overdue,Cobalt Marine Services,31-60 Days
2026-05-11,2026-05-16,2026-07-10,2026,5,May,4670368.31,1868147.32,Cobalt Controls,AGC-00103,Cobalt Controls,Lucas Hayes,AGX-2026-019206-AGC-00103,INV-2026-0017844,NET 60 DAYS,33,0,33,33 day(s) overdue,Cobalt Controls,31-60 Days
2026-05-13,2026-05-22,2026-07-12,2026,5,May,1710520.11,0.0,Meridian Technical Services,AGC-00146,Meridian Technical Services,Avery Morgan,AGX-2026-018421-AGC-00146,INV-2026-0017114,NET 60 DAYS,31,0,0,Paid,Meridian Technical Services,Paid
2026-05-13,2026-05-23,2026-08-11,2026,5,May,323490.62,323490.62,Meridian Production Services,AGC-00139,Meridian Production Services,Eva Lewis,AGX-2026-018855-AGC-00139,INV-2026-0017517,NET 90 DAYS,1,0,1,1 day(s) overdue,Meridian Production Services,1-30 Days
2026-05-14,2026-05-22,2026-06-28,2026,5,May,26080.3,26080.3,Arcadia Industrial Maintenance,AGC-00168,Arcadia Industrial Maintenance,Priya Nguyen,AGX-2026-017844-AGC-00168,INV-2026-0016583,NET 45 DAYS,45,0,45,45 day(s) overdue,Arcadia Industrial Maintenance,31-60 Days
2026-05-14,2026-05-22,2026-08-12,2026,5,May,279318.32,0.0,Helios Pipeline Services,AGC-00059,Helios Pipeline Services,Zara Grant,AGX-2026-018158-AGC-00059,INV-2026-0016874,NET 90 DAYS,0,0,0,Paid,Helios Pipeline Services,Paid
2026-05-14,2026-05-16,2026-07-13,2026,5,May,284667.75,199267.42,Helios Offshore Engineering,AGC-00042,Helios Offshore Engineering,Priya Nguyen,AGX-2026-018463-AGC-00042,INV-2026-0017153,20% ADVANCE / NET 60,30,0,30,30 day(s) overdue,Helios Offshore Engineering,1-30 Days
2026-05-15,2026-05-24,2026-06-14,2026,5,May,83758.43,83758.43,Cobalt Industrial Solutions,AGC-00110,Cobalt Industrial Solutions,Leo Foster,AGX-2026-018601-AGC-00110,INV-2026-0017278,NET 30 DAYS,59,0,59,59 day(s) overdue,Cobalt Industrial Solutions,31-60 Days
2026-05-16,2026-05-23,2026-06-15,2026,5,May,221312.97,0.0,Helios Industrial Maintenance,AGC-00057,Helios Industrial Maintenance,Noah Keller,AGX-2026-018634-AGC-00057,INV-2026-0017311,NET 30 DAYS,58,0,0,Paid,Helios Industrial Maintenance,Paid
2026-05-16,2026-05-18,2026-07-15,2026,5,May,152521.91,152521.91,Northstar Instrumentation,AGC-00034,Northstar Instrumentation,Avery Morgan,AGX-2026-018709-AGC-00034,INV-2026-0017383,NET 60 DAYS,28,0,28,28 day(s) overdue,Northstar Instrumentation,1-30 Days
2026-05-18,2026-05-21,2026-07-02,2026,5,May,1753270.28,0.0,Arcadia Marine Services,AGC-00150,Arcadia Marine Services,Camille Martin,AGX-2026-018029-AGC-00150,INV-2026-0016756,NET 45 DAYS,41,0,0,Paid,Arcadia Marine Services,Paid
2026-05-19,2026-05-19,2026-08-17,2026,5,May,361317.74,126461.21,Cobalt Production Services,AGC-00102,Cobalt Production Services,Theo Price,AGX-2026-018821-AGC-00102,INV-2026-0017484,NET 90 DAYS,-5,5,0,Due in 5 day(s),Cobalt Production Services,Current
2026-05-20,2026-05-25,2026-08-18,2026,5,May,801775.03,801775.03,Helios Industrial Solutions,AGC-00073,Helios Industrial Solutions,Zara Grant,AGX-2026-018808-AGC-00073,INV-2026-0017471,NET 90 DAYS,-6,6,0,Due in 6 day(s),Helios Industrial Solutions,Current
2026-05-21,2026-05-26,2026-07-20,2026,5,May,290369.97,290369.97,Meridian Mechanical Group,AGC-00142,Meridian Mechanical Group,Adrian Walker,AGX-2026-018092-AGC-00142,INV-2026-0016812,NET 60 DAYS,23,0,23,23 day(s) overdue,Meridian Mechanical Group,1-30 Days
2026-05-21,2026-05-29,2026-07-20,2026,5,May,228922.6,91569.04,Helios Process Solutions,AGC-00041,Helios Process Solutions,Eva Lewis,AGX-2026-018114-AGC-00041,INV-2026-0016831,20% ADVANCE / NET 60,23,0,23,23 day(s) overdue,Helios Process Solutions,1-30 Days
2026-05-23,2026-05-26,2026-07-22,2026,5,May,70195.1,28078.04,Arcadia Automation,AGC-00159,Arcadia Automation,Lucas Hayes,AGX-2026-018214-AGC-00159,INV-2026-0016922,NET 60 DAYS,21,0,21,21 day(s) overdue,Arcadia Automation,1-30 Days
2026-05-27,2026-05-27,2026-07-11,2026,5,May,3382743.65,2367920.55,Meridian Process Solutions,AGC-00115,Meridian Process Solutions,Zara Grant,AGX-2026-017692-AGC-00115,INV-2026-0016445,NET 45 DAYS,32,0,32,32 day(s) overdue,Meridian Process Solutions,31-60 Days
2026-05-27,2026-06-02,2026-07-26,2026,5,May,599900.87,599900.87,Cobalt Automation,AGC-00085,Cobalt Automation,Noah Keller,AGX-2026-017695-AGC-00085,INV-2026-0016448,NET 60 DAYS,17,0,17,17 day(s) overdue,Cobalt Automation,1-30 Days
2026-05-28,2026-05-29,2026-08-26,2026,5,May,942930.9,330025.82,Helios Power Partners,AGC-00052,Helios Power Partners,Camille Martin,AGX-2026-018580-AGC-00052,INV-2026-0017259,20% ADVANCE / NET 90,-14,14,0,Due in 14 day(s),Helios Power Partners,Current
2026-05-28,2026-06-06,2026-06-27,2026,5,May,281797.43,197258.2,Arcadia Waterworks,AGC-00158,Arcadia Waterworks,Theo Price,AGX-2026-019220-AGC-00158,INV-2026-0017857,NET 30 DAYS,46,0,46,46 day(s) overdue,Arcadia Waterworks,31-60 Days
2026-05-29,2026-06-02,2026-06-28,2026,5,May,3975.51,0.0,Arcadia Marine Engineering,AGC-00175,Arcadia Marine Engineering,Grace Perry,AGX-2026-018354-AGC-00175,INV-2026-0017053,NET 30 DAYS,45,0,0,Paid,Arcadia Marine Engineering,Paid
2026-05-30,2026-06-06,2026-07-29,2026,5,May,815919.26,571143.48,Helios Utilities,AGC-00049,Helios Utilities,Grace Perry,AGX-2026-017658-AGC-00049,INV-2026-0016413,30% ADVANCE / NET 60,14,0,14,14 day(s) overdue,Helios Utilities,1-30 Days
2026-05-30,2026-06-09,2026-07-14,2026,5,May,376444.36,0.0,Cobalt Refinery Services,AGC-00099,Cobalt Refinery Services,Noah Keller,AGX-2026-018309-AGC-00099,INV-2026-0017008,NET 45 DAYS,29,0,0,Paid,Cobalt Refinery Services,Paid
2026-06-02,2026-06-07,2026-08-31,2026,6,June,709771.85,709771.85,Arcadia Pipeline Services,AGC-00170,Arcadia Pipeline Services,Adrian Walker,AGX-2026-018873-AGC-00170,INV-2026-0017533,20% ADVANCE / NET 90,-19,19,0,Due in 19 day(s),Arcadia Pipeline Services,Current
2026-06-02,2026-06-04,2026-08-01,2026,6,June,46464.85,0.0,Northstar Offshore Systems,AGC-00030,Northstar Offshore Systems,Adrian Walker,AGX-2026-019189-AGC-00030,INV-2026-0017827,NET 60 DAYS,11,0,0,Paid,Northstar Offshore Systems,Paid
2026-06-03,2026-06-12,2026-07-18,2026,6,June,237408.9,237408.9,Arcadia Controls,AGC-00177,Arcadia Controls,Lina Sato,AGX-2026-018318-AGC-00177,INV-2026-0017017,NET 45 DAYS,25,0,25,25 day(s) overdue,Arcadia Controls,1-30 Days
2026-06-03,2026-06-04,2026-07-03,2026,6,June,1593841.65,637536.66,Cobalt Mechanical,AGC-00088,Cobalt Mechanical,Theo Price,AGX-2026-018548-AGC-00088,INV-2026-0017228,NET 30 DAYS,40,0,40,40 day(s) overdue,Cobalt Mechanical,31-60 Days
2026-06-03,2026-06-07,2026-08-02,2026,6,June,122903.63,86032.54,Northstar Waterworks,AGC-00010,Northstar Waterworks,Camille Martin,AGX-2026-018550-AGC-00010,INV-2026-0017230,NET 60 DAYS,10,0,10,10 day(s) overdue,Northstar Waterworks,1-30 Days
2026-06-04,2026-06-09,2026-07-04,2026,6,June,14514.22,14514.22,Arcadia Process Solutions,AGC-00152,Arcadia Process Solutions,Leo Foster,AGX-2026-018052-AGC-00152,INV-2026-0016777,NET 30 DAYS,39,0,39,39 day(s) overdue,Arcadia Process Solutions,31-60 Days
2026-06-05,2026-06-09,2026-07-20,2026,6,June,322652.55,129061.02,Cobalt Process Controls,AGC-00090,Cobalt Process Controls,Avery Morgan,AGX-2026-018055-AGC-00090,INV-2026-0016779,NET 45 DAYS,23,0,23,23 day(s) overdue,Cobalt Process Controls,1-30 Days
2026-06-05,2026-06-10,2026-09-03,2026,6,June,543438.17,543438.17,Arcadia Infrastructure,AGC-00155,Arcadia Infrastructure,Noah Keller,AGX-2026-018426-AGC-00155,INV-2026-0017119,20% ADVANCE / NET 90,-22,22,0,Due in 22 day(s),Arcadia Infrastructure,Current
2026-06-05,2026-06-14,2026-08-04,2026,6,June,1599828.23,1119879.76,Meridian Energy Systems,AGC-00112,Meridian Energy Systems,Priya Nguyen,AGX-2026-019227-AGC-00112,INV-2026-0017862,NET 60 DAYS,8,0,8,8 day(s) overdue,Meridian Energy Systems,1-30 Days
2026-06-06,2026-06-07,2026-08-05,2026,6,June,96976.89,38790.76,Arcadia Industrial Group,AGC-00151,Arcadia Industrial Group,Mila Diaz,AGX-2026-017929-AGC-00151,INV-2026-0016661,20% ADVANCE / NET 60,7,0,7,7 day(s) overdue,Arcadia Industrial Group,1-30 Days
2026-06-06,2026-06-08,2026-07-06,2026,6,June,574537.57,229815.03,Helios Industrial Services,AGC-00069,Helios Industrial Services,Eva Lewis,AGX-2026-018778-AGC-00069,INV-2026-0017447,NET 30 DAYS,37,0,37,37 day(s) overdue,Helios Industrial Services,31-60 Days
2026-06-07,2026-06-15,2026-08-06,2026,6,June,1466219.0,1466219.0,Cobalt Energy Systems,AGC-00075,Cobalt Energy Systems,Lucas Hayes,AGX-2026-018407-AGC-00075,INV-2026-0017101,NET 60 DAYS,6,0,6,6 day(s) overdue,Cobalt Energy Systems,1-30 Days
2026-06-07,2026-06-17,2026-08-06,2026,6,June,415180.14,0.0,Cobalt Flow Technologies,AGC-00080,Cobalt Flow Technologies,Camille Martin,AGX-2026-018777-AGC-00080,INV-2026-0017446,30% ADVANCE / NET 60,6,0,0,Paid,Cobalt Flow Technologies,Paid
2026-06-08,2026-06-08,2026-09-06,2026,6,June,607004.87,212451.7,Cobalt Drilling Solutions,AGC-00092,Cobalt Drilling Solutions,Julian Howard,AGX-2026-017909-AGC-00092,INV-2026-0016643,NET 90 DAYS,-25,25,0,Due in 25 day(s),Cobalt Drilling Solutions,Current
2026-06-08,2026-06-10,2026-09-06,2026,6,June,324877.26,0.0,Meridian Instrumentation,AGC-00145,Meridian Instrumentation,Lucas Hayes,AGX-2026-018464-AGC-00145,INV-2026-0017154,NET 90 DAYS,-25,0,0,Paid,Meridian Instrumentation,Paid
2026-06-08,2026-06-13,2026-09-06,2026,6,June,1740783.61,0.0,Helios Pipeline Services,AGC-00059,Helios Pipeline Services,Zara Grant,AGX-2026-018694-AGC-00059,INV-2026-0017369,NET 90 DAYS,-25,0,0,Paid,Helios Pipeline Services,Paid
2026-06-08,2026-06-17,2026-08-07,2026,6,June,253817.53,101527.01,Cobalt Mining Services,AGC-00083,Cobalt Mining Services,Eva Lewis,AGX-2026-019055-AGC-00083,INV-2026-0017703,NET 60 DAYS,5,0,5,5 day(s) overdue,Cobalt Mining Services,1-30 Days
2026-06-09,2026-06-14,2026-08-08,2026,6,June,20124.97,8049.99,Meridian Compression,AGC-00130,Meridian Compression,Theo Price,AGX-2026-018202-AGC-00130,INV-2026-0016913,NET 60 DAYS,4,0,4,4 day(s) overdue,Meridian Compression,1-30 Days
2026-06-09,2026-06-16,2026-08-08,2026,6,June,712094.61,0.0,Northstar Industrial Services,AGC-00032,Northstar Industrial Services,Theo Price,AGX-2026-018757-AGC-00032,INV-2026-0017427,30% ADVANCE / NET 60,4,0,0,Paid,Northstar Industrial Services,Paid
2026-06-09,2026-06-18,2026-08-08,2026,6,June,263673.38,105469.35,Northstar Flow Systems,AGC-00033,Northstar Flow Systems,Lucas Hayes,AGX-2026-018767-AGC-00033,INV-2026-0017437,NET 60 DAYS,4,0,4,4 day(s) overdue,Northstar Flow Systems,1-30 Days
2026-06-10,2026-06-18,2026-09-08,2026,6,June,498471.36,498471.36,Helios Industrial Solutions,AGC-00073,Helios Industrial Solutions,Zara Grant,AGX-2026-018184-AGC-00073,INV-2026-0016899,NET 90 DAYS,-27,27,0,Due in 27 day(s),Helios Industrial Solutions,Current
2026-06-10,2026-06-14,2026-08-09,2026,6,June,535965.85,375176.09,Helios Energy Projects,AGC-00063,Helios Energy Projects,Grace Perry,AGX-2026-018467-AGC-00063,INV-2026-0017157,20% ADVANCE / NET 60,3,0,3,3 day(s) overdue,Helios Energy Projects,1-30 Days
2026-06-11,2026-06-19,2026-08-10,2026,6,June,321363.38,224954.37,Meridian Technical Supply,AGC-00135,Meridian Technical Supply,Lina Sato,AGX-2026-017646-AGC-00135,INV-2026-0016401,30% ADVANCE / NET 60,2,0,2,2 day(s) overdue,Meridian Technical Supply,1-30 Days
2026-06-12,2026-06-17,2026-08-11,2026,6,June,80229.19,32091.68,Helios Resources,AGC-00058,Helios Resources,Adrian Walker,AGX-2026-018221-AGC-00058,INV-2026-0016928,30% ADVANCE / NET 60,1,0,1,1 day(s) overdue,Helios Resources,1-30 Days
2026-06-15,2026-06-20,2026-08-14,2026,6,June,321502.55,225051.78,Helios Compression,AGC-00056,Helios Compression,Priya Nguyen,AGX-2026-017960-AGC-00056,INV-2026-0016690,NET 60 DAYS,-2,2,0,Due in 2 day(s),Helios Compression,Current
2026-06-17,2026-06-22,2026-07-17,2026,6,June,645250.83,645250.83,Arcadia Refinery Services,AGC-00173,Arcadia Refinery Services,Lucas Hayes,AGX-2026-018379-AGC-00173,INV-2026-0017075,NET 30 DAYS,26,0,26,26 day(s) overdue,Arcadia Refinery Services,1-30 Days
2026-06-18,2026-06-21,2026-08-17,2026,6,June,482597.67,482597.67,Northstar Flow Systems,AGC-00033,Northstar Flow Systems,Lucas Hayes,AGX-2026-018108-AGC-00033,INV-2026-0016825,NET 60 DAYS,-5,5,0,Due in 5 day(s),Northstar Flow Systems,Current
2026-06-18,2026-06-28,2026-08-17,2026,6,June,2947600.67,2947600.67,Arcadia Industrial Services,AGC-00180,Arcadia Industrial Services,Leo Foster,AGX-2026-018794-AGC-00180,INV-2026-0017460,20% ADVANCE / NET 60,-5,5,0,Due in 5 day(s),Arcadia Industrial Services,Current
2026-06-19,2026-06-25,2026-07-19,2026,6,June,856274.48,342509.79,Arcadia Waterworks,AGC-00158,Arcadia Waterworks,Theo Price,AGX-2026-017634-AGC-00158,INV-2026-0016389,NET 30 DAYS,24,0,24,24 day(s) overdue,Arcadia Waterworks,1-30 Days
2026-06-19,2026-06-22,2026-08-18,2026,6,June,46167.26,32317.08,Meridian Marine Supply,AGC-00148,Meridian Marine Supply,Julian Howard,AGX-2026-017752-AGC-00148,INV-2026-0016499,NET 60 DAYS,-6,6,0,Due in 6 day(s),Meridian Marine Supply,Current
2026-06-20,2026-06-24,2026-07-20,2026,6,June,3848237.73,3848237.73,Cobalt Utilities,AGC-00086,Cobalt Utilities,Adrian Walker,AGX-2026-018968-AGC-00086,INV-2026-0017623,NET 30 DAYS,23,0,23,23 day(s) overdue,Cobalt Utilities,1-30 Days
2026-06-25,2026-06-30,2026-08-24,2026,6,June,174377.42,0.0,Meridian Marine Services,AGC-00113,Meridian Marine Services,Noah Keller,AGX-2026-017636-AGC-00113,INV-2026-0016391,NET 60 DAYS,-12,0,0,Paid,Meridian Marine Services,Paid
2026-06-25,2026-06-28,2026-08-24,2026,6,June,94149.71,32952.4,Cobalt Offshore Systems,AGC-00104,Cobalt Offshore Systems,Avery Morgan,AGX-2026-018642-AGC-00104,INV-2026-0017319,NET 60 DAYS,-12,12,0,Due in 12 day(s),Cobalt Offshore Systems,Current
2026-06-26,2026-06-30,2026-07-26,2026,6,June,635636.87,254254.75,Meridian Controls,AGC-00140,Meridian Controls,Priya Nguyen,AGX-2026-018555-AGC-00140,INV-2026-0017235,NET 30 DAYS,17,0,17,17 day(s) overdue,Meridian Controls,1-30 Days
2026-06-27,2026-06-30,2026-08-26,2026,6,June,1171798.53,1171798.53,Cobalt Industrial Services,AGC-00106,Cobalt Industrial Services,Julian Howard,AGX-2026-019187-AGC-00106,INV-2026-0017826,30% ADVANCE / NET 60,-14,14,0,Due in 14 day(s),Cobalt Industrial Services,Current
2026-06-28,2026-07-02,2026-09-26,2026,6,June,407908.44,285535.91,Helios Industrial Group,AGC-00040,Helios Industrial Group,Leo Foster,AGX-2026-017978-AGC-00040,INV-2026-0016708,NET 90 DAYS,-45,45,0,Due in 45 day(s),Helios Industrial Group,Current
2026-06-28,2026-07-02,2026-09-26,2026,6,June,601103.78,420772.65,Arcadia Field Services,AGC-00161,Arcadia Field Services,Grace Perry,AGX-2026-018704-AGC-00161,INV-2026-0017378,20% ADVANCE / NET 90,-45,45,0,Due in 45 day(s),Arcadia Field Services,Current
2026-06-28,2026-07-08,2026-08-27,2026,6,June,119687.18,83781.03,Meridian Automation,AGC-00122,Meridian Automation,Camille Martin,AGX-2026-018758-AGC-00122,INV-2026-0017428,NET 60 DAYS,-15,15,0,Due in 15 day(s),Meridian Automation,Current
2026-06-29,2026-07-02,2026-08-28,2026,6,June,829882.17,829882.17,Cobalt Infrastructure,AGC-00081,Cobalt Infrastructure,Mila Diaz,AGX-2026-017888-AGC-00081,INV-2026-0016624,NET 60 DAYS,-16,16,0,Due in 16 day(s),Cobalt Infrastructure,Current
2026-06-30,2026-07-07,2026-08-29,2026,6,June,467032.23,163461.28,Cobalt Automation,AGC-00085,Cobalt Automation,Noah Keller,AGX-2026-018010-AGC-00085,INV-2026-0016737,NET 60 DAYS,-17,17,0,Due in 17 day(s),Cobalt Automation,Current
2026-07-03,2026-07-12,2026-09-01,2026,7,July,1611373.49,1611373.49,Northstar Petro Systems,AGC-00008,Northstar Petro Systems,Julian Howard,AGX-2026-018515-AGC-00008,INV-2026-0017198,NET 60 DAYS,-20,20,0,Due in 20 day(s),Northstar Petro Systems,Current
2026-07-06,2026-07-16,2026-09-04,2026,7,July,897871.77,897871.77,Cobalt Resources,AGC-00095,Cobalt Resources,Mila Diaz,AGX-2026-017730-AGC-00095,INV-2026-0016480,NET 60 DAYS,-23,23,0,Due in 23 day(s),Cobalt Resources,Current
2026-07-06,2026-07-09,2026-09-04,2026,7,July,203487.81,0.0,Arcadia Resources,AGC-00169,Arcadia Resources,Noah Keller,AGX-2026-017873-AGC-00169,INV-2026-0016610,20% ADVANCE / NET 60,-23,0,0,Paid,Arcadia Resources,Paid
2026-07-06,2026-07-12,2026-08-05,2026,7,July,910487.35,910487.35,Northstar Technical Services,AGC-00035,Northstar Technical Services,Grace Perry,AGX-2026-018112-AGC-00035,INV-2026-0016829,NET 30 DAYS,7,0,7,7 day(s) overdue,Northstar Technical Services,1-30 Days
2026-07-07,2026-07-11,2026-08-06,2026,7,July,49889.89,34922.92,Arcadia Mechanical Group,AGC-00179,Arcadia Mechanical Group,Mila Diaz,AGX-2026-018094-AGC-00179,INV-2026-0016814,NET 30 DAYS,6,0,6,6 day(s) overdue,Arcadia Mechanical Group,1-30 Days
2026-07-07,2026-07-11,2026-10-05,2026,7,July,157056.56,157056.56,Cobalt Industrial Group,AGC-00077,Cobalt Industrial Group,Grace Perry,AGX-2026-018194-AGC-00077,INV-2026-0016907,20% ADVANCE / NET 90,-54,54,0,Due in 54 day(s),Cobalt Industrial Group,Current
2026-07-07,2026-07-16,2026-09-05,2026,7,July,210301.69,73605.59,Arcadia Mining Services,AGC-00157,Arcadia Mining Services,Zara Grant,AGX-2026-018574-AGC-00157,INV-2026-0017253,30% ADVANCE / NET 60,-24,24,0,Due in 24 day(s),Arcadia Mining Services,Current
2026-07-08,2026-07-17,2026-08-07,2026,7,July,1120314.36,448125.74,Helios Drilling Solutions,AGC-00055,Helios Drilling Solutions,Eva Lewis,AGX-2026-017653-AGC-00055,INV-2026-0016408,NET 30 DAYS,5,0,5,5 day(s) overdue,Helios Drilling Solutions,1-30 Days
2026-07-08,2026-07-16,2026-10-06,2026,7,July,124028.37,43409.93,Helios Controls,AGC-00066,Helios Controls,Camille Martin,AGX-2026-018422-AGC-00066,INV-2026-0017115,NET 90 DAYS,-55,55,0,Due in 55 day(s),Helios Controls,Current
2026-07-08,2026-07-16,2026-09-06,2026,7,July,400813.24,400813.24,Meridian Marine Engineering,AGC-00138,Meridian Marine Engineering,Leo Foster,AGX-2026-018452-AGC-00138,INV-2026-0017144,NET 60 DAYS,-25,25,0,Due in 25 day(s),Meridian Marine Engineering,Current
2026-07-08,2026-07-18,2026-08-22,2026,7,July,14605.85,5112.05,Cobalt Refinery Services,AGC-00099,Cobalt Refinery Services,Noah Keller,AGX-2026-018470-AGC-00099,INV-2026-0017160,NET 45 DAYS,-10,10,0,Due in 10 day(s),Cobalt Refinery Services,Current
2026-07-09,2026-07-12,2026-08-08,2026,7,July,18207.68,7283.07,Meridian Controls,AGC-00140,Meridian Controls,Priya Nguyen,AGX-2026-018865-AGC-00140,INV-2026-0017526,NET 30 DAYS,4,0,4,4 day(s) overdue,Meridian Controls,1-30 Days
2026-07-10,2026-07-14,2026-09-08,2026,7,July,192541.3,134778.91,Helios Waterworks,AGC-00047,Helios Waterworks,Lucas Hayes,AGX-2026-017964-AGC-00047,INV-2026-0016694,NET 60 DAYS,-27,27,0,Due in 27 day(s),Helios Waterworks,Current
2026-07-10,2026-07-13,2026-09-08,2026,7,July,538869.86,377208.9,Northstar Mining Services,AGC-00009,Northstar Mining Services,Lina Sato,AGX-2026-019014-AGC-00009,INV-2026-0017664,NET 60 DAYS,-27,27,0,Due in 27 day(s),Northstar Mining Services,Current
2026-07-18,2026-07-19,2026-09-16,2026,7,July,91910.45,0.0,Northstar Marine Supply,AGC-00037,Northstar Marine Supply,Lina Sato,AGX-2026-018682-AGC-00037,INV-2026-0017357,NET 60 DAYS,-35,0,0,Paid,Northstar Marine Supply,Paid
2026-07-18,2026-07-19,2026-08-17,2026,7,July,546829.39,0.0,Meridian Mining Services,AGC-00120,Meridian Mining Services,Julian Howard,AGX-2026-019102-AGC-00120,INV-2026-0017747,NET 30 DAYS,-5,0,0,Paid,Meridian Mining Services,Paid
2026-07-18,2026-07-20,2026-09-16,2026,7,July,787009.26,787009.26,Meridian Industrial Solutions,AGC-00147,Meridian Industrial Solutions,Grace Perry,AGX-2026-019238-AGC-00147,INV-2026-0017873,30% ADVANCE / NET 60,-35,35,0,Due in 35 day(s),Meridian Industrial Solutions,Current
2026-07-21,2026-07-28,2026-09-04,2026,7,July,4426805.71,3098764.0,Cobalt Waterworks,AGC-00084,Cobalt Waterworks,Priya Nguyen,AGX-2026-018242-AGC-00084,INV-2026-0016948,NET 45 DAYS,-23,23,0,Due in 23 day(s),Cobalt Waterworks,Current
2026-07-21,2026-07-26,2026-08-20,2026,7,July,48866.85,0.0,Northstar Energy Projects,AGC-00026,Northstar Energy Projects,Leo Foster,AGX-2026-018883-AGC-00026,INV-2026-0017543,NET 30 DAYS,-8,0,0,Paid,Northstar Energy Projects,Paid
2026-07-22,2026-07-27,2026-09-20,2026,7,July,461861.85,461861.85,Cobalt Flow Technologies,AGC-00080,Cobalt Flow Technologies,Camille Martin,AGX-2026-018815-AGC-00080,INV-2026-0017478,30% ADVANCE / NET 60,-39,39,0,Due in 39 day(s),Cobalt Flow Technologies,Current
2026-07-23,2026-07-31,2026-09-06,2026,7,July,1846413.8,1846413.8,Northstar Offshore Engineering,AGC-00005,Northstar Offshore Engineering,Lucas Hayes,AGX-2026-018363-AGC-00005,INV-2026-0017061,NET 45 DAYS,-25,25,0,Due in 25 day(s),Northstar Offshore Engineering,Current
2026-07-26,2026-07-31,2026-08-25,2026,7,July,473992.57,165897.4,Cobalt Industrial Maintenance,AGC-00094,Cobalt Industrial Maintenance,Camille Martin,AGX-2026-018903-AGC-00094,INV-2026-0017560,NET 30 DAYS,-13,13,0,Due in 13 day(s),Cobalt Industrial Maintenance,Current
2026-07-26,2026-07-29,2026-10-24,2026,7,July,149569.17,0.0,Helios Marine Engineering,AGC-00064,Helios Marine Engineering,Julian Howard,AGX-2026-019076-AGC-00064,INV-2026-0017724,NET 90 DAYS,-73,0,0,Paid,Helios Marine Engineering,Paid
2026-07-28,2026-08-07,2026-09-26,2026,7,July,710036.44,710036.44,Meridian Field Services,AGC-00124,Meridian Field Services,Leo Foster,AGX-2026-018632-AGC-00124,INV-2026-0017309,NET 60 DAYS,-45,45,0,Due in 45 day(s),Meridian Field Services,Current
2026-07-30,2026-08-05,2026-08-29,2026,7,July,82604.29,57823.0,Cobalt Petro Systems,AGC-00082,Cobalt Petro Systems,Leo Foster,AGX-2026-017985-AGC-00082,INV-2026-0016714,NET 30 DAYS,-17,17,0,Due in 17 day(s),Cobalt Petro Systems,Current
2026-07-30,2026-08-01,2026-09-28,2026,7,July,4516711.86,3161698.3,Helios Flow Systems,AGC-00070,Helios Flow Systems,Priya Nguyen,AGX-2026-018868-AGC-00070,INV-2026-0017528,NET 60 DAYS,-47,47,0,Due in 47 day(s),Helios Flow Systems,Current
2026-07-31,2026-08-08,2026-10-29,2026,7,July,64901.44,22715.5,Helios Power Partners,AGC-00052,Helios Power Partners,Camille Martin,AGX-2026-018413-AGC-00052,INV-2026-0017106,20% ADVANCE / NET 90,-78,78,0,Due in 78 day(s),Helios Power Partners,Current
2026-08-01,2026-08-11,2026-09-30,2026,8,August,25894.71,18126.3,Cobalt Mechanical Group,AGC-00105,Cobalt Mechanical Group,Grace Perry,AGX-2026-019276-AGC-00105,INV-2026-0017910,NET 60 DAYS,-49,49,0,Due in 49 day(s),Cobalt Mechanical Group,Current
2026-08-03,2026-08-03,2026-09-02,2026,8,August,123982.96,86788.07,Northstar Flow Technologies,AGC-00006,Northstar Flow Technologies,Avery Morgan,AGX-2026-018543-AGC-00006,INV-2026-0017223,NET 30 DAYS,-21,21,0,Due in 21 day(s),Northstar Flow Technologies,Current
2026-08-04,2026-08-06,2026-10-03,2026,8,August,99550.17,0.0,Northstar Infrastructure,AGC-00007,Northstar Infrastructure,Grace Perry,AGX-2026-017587-AGC-00007,INV-2026-0016348,30% ADVANCE / NET 60,-52,0,0,Paid,Northstar Infrastructure,Paid
2026-08-04,2026-08-12,2026-11-02,2026,8,August,856582.74,299803.96,Helios Controls,AGC-00066,Helios Controls,Camille Martin,AGX-2026-017992-AGC-00066,INV-2026-0016721,NET 90 DAYS,-82,82,0,Due in 82 day(s),Helios Controls,Current
2026-08-04,2026-08-06,2026-09-18,2026,8,August,163392.1,0.0,Northstar Resources,AGC-00021,Northstar Resources,Grace Perry,AGX-2026-018007-AGC-00021,INV-2026-0016734,NET 45 DAYS,-37,0,0,Paid,Northstar Resources,Paid
2026-08-04,2026-08-07,2026-10-03,2026,8,August,1037756.33,1037756.33,Arcadia Technical Supply,AGC-00172,Arcadia Technical Supply,Theo Price,AGX-2026-018370-AGC-00172,INV-2026-0017068,30% ADVANCE / NET 60,-52,52,0,Due in 52 day(s),Arcadia Technical Supply,Current
2026-08-04,2026-08-12,2026-10-03,2026,8,August,434540.96,152089.34,Helios Marine Supply,AGC-00074,Helios Marine Supply,Theo Price,AGX-2026-019093-AGC-00074,INV-2026-0017739,30% ADVANCE / NET 60,-52,52,0,Due in 52 day(s),Helios Marine Supply,Current
2026-08-04,2026-08-10,2026-10-03,2026,8,August,263918.45,263918.45,Arcadia Offshore Systems,AGC-00178,Arcadia Offshore Systems,Camille Martin,AGX-2026-019298-AGC-00178,INV-2026-0017931,30% ADVANCE / NET 60,-52,52,0,Due in 52 day(s),Arcadia Offshore Systems,Current
2026-08-05,2026-08-06,2026-09-04,2026,8,August,201913.78,0.0,Meridian Industrial Maintenance,AGC-00131,Meridian Industrial Maintenance,Lucas Hayes,AGX-2026-017981-AGC-00131,INV-2026-0016710,NET 30 DAYS,-23,0,0,Paid,Meridian Industrial Maintenance,Paid
2026-08-05,2026-08-05,2026-11-03,2026,8,August,913537.99,319738.3,Helios Refinery Services,AGC-00062,Helios Refinery Services,Avery Morgan,AGX-2026-018869-AGC-00062,INV-2026-0017529,NET 90 DAYS,-83,83,0,Due in 83 day(s),Helios Refinery Services,Current
2026-08-06,2026-08-11,2026-09-05,2026,8,August,294175.63,102961.47,Arcadia Mechanical,AGC-00162,Arcadia Mechanical,Julian Howard,AGX-2026-017902-AGC-00162,INV-2026-0016637,NET 30 DAYS,-24,24,0,Due in 24 day(s),Arcadia Mechanical,Current
2026-08-06,2026-08-12,2026-09-05,2026,8,August,58989.29,20646.25,Meridian Mining Services,AGC-00120,Meridian Mining Services,Julian Howard,AGX-2026-018225-AGC-00120,INV-2026-0016932,NET 30 DAYS,-24,24,0,Due in 24 day(s),Meridian Mining Services,Current
2026-08-06,2026-08-12,2026-11-04,2026,8,August,144057.66,0.0,Arcadia Offshore Engineering,AGC-00153,Arcadia Offshore Engineering,Eva Lewis,AGX-2026-019012-AGC-00153,INV-2026-0017662,20% ADVANCE / NET 90,-84,0,0,Paid,Arcadia Offshore Engineering,Paid
2026-08-07,2026-08-12,2026-11-05,2026,8,August,196696.35,68843.72,Arcadia Energy Systems,AGC-00149,Arcadia Energy Systems,Lina Sato,AGX-2026-017735-AGC-00149,INV-2026-0016484,NET 90 DAYS,-85,85,0,Due in 85 day(s),Arcadia Energy Systems,Current
2026-08-07,2026-08-12,2026-09-06,2026,8,August,131818.69,92273.08,Northstar Flow Technologies,AGC-00006,Northstar Flow Technologies,Avery Morgan,AGX-2026-017739-AGC-00006,INV-2026-0016487,NET 30 DAYS,-25,25,0,Due in 25 day(s),Northstar Flow Technologies,Current
2026-08-07,2026-08-07,2026-11-05,2026,8,August,481943.47,0.0,Northstar Pipeline Services,AGC-00022,Northstar Pipeline Services,Julian Howard,AGX-2026-017971-AGC-00022,INV-2026-0016701,NET 90 DAYS,-85,0,0,Paid,Northstar Pipeline Services,Paid
2026-08-07,2026-08-10,2026-10-06,2026,8,August,36406.52,12742.28,Northstar Industrial Services,AGC-00032,Northstar Industrial Services,Theo Price,AGX-2026-018541-AGC-00032,INV-2026-0017221,30% ADVANCE / NET 60,-55,55,0,Due in 55 day(s),Northstar Industrial Services,Current
2026-08-07,2026-08-09,2026-10-06,2026,8,August,230317.51,161222.26,Arcadia Process Controls,AGC-00164,Arcadia Process Controls,Camille Martin,AGX-2026-018599-AGC-00164,INV-2026-0017276,30% ADVANCE / NET 60,-55,55,0,Due in 55 day(s),Arcadia Process Controls,Current
2026-08-07,2026-08-12,2026-10-06,2026,8,August,1147448.52,1147448.52,Northstar Marine Supply,AGC-00037,Northstar Marine Supply,Lina Sato,AGX-2026-018667-AGC-00037,INV-2026-0017342,NET 60 DAYS,-55,55,0,Due in 55 day(s),Northstar Marine Supply,Current
2026-08-07,2026-08-08,2026-09-06,2026,8,August,632445.96,442712.17,Helios Flow Technologies,AGC-00043,Helios Flow Technologies,Noah Keller,AGX-2026-019085-AGC-00043,INV-2026-0017731,NET 30 DAYS,-25,25,0,Due in 25 day(s),Helios Flow Technologies,Current
2026-08-07,2026-08-07,2026-09-21,2026,8,August,121475.09,121475.09,Northstar Energy Systems,AGC-00001,Northstar Energy Systems,Noah Keller,AGX-2026-019153-AGC-00001,INV-2026-0017796,NET 45 DAYS,-40,40,0,Due in 40 day(s),Northstar Energy Systems,Current
2026-08-07,2026-08-07,2026-09-21,2026,8,August,18065.41,6322.89,Meridian Waterworks,AGC-00121,Meridian Waterworks,Lina Sato,AGX-2026-019167-AGC-00121,INV-2026-0017808,NET 45 DAYS,-40,40,0,Due in 40 day(s),Meridian Waterworks,Current
2026-08-07,2026-08-08,2026-10-06,2026,8,August,263636.03,263636.03,Arcadia Energy Projects,AGC-00174,Arcadia Energy Projects,Avery Morgan,AGX-2026-019193-AGC-00174,INV-2026-0017831,NET 60 DAYS,-55,55,0,Due in 55 day(s),Arcadia Energy Projects,Current
2026-08-08,2026-08-11,2026-09-07,2026,8,August,10270.0,10270.0,Arcadia Petro Systems,AGC-00156,Arcadia Petro Systems,Adrian Walker,AGX-2026-018377-AGC-00156,INV-2026-0017073,NET 30 DAYS,-26,26,0,Due in 26 day(s),Arcadia Petro Systems,Current
2026-08-09,2026-08-12,2026-10-08,2026,8,August,10229.67,3580.38,Meridian Flow Technologies,AGC-00117,Meridian Flow Technologies,Lucas Hayes,AGX-2026-017773-AGC-00117,INV-2026-0016518,NET 60 DAYS,-57,57,0,Due in 57 day(s),Meridian Flow Technologies,Current
2026-08-09,2026-08-12,2026-10-08,2026,8,August,757502.71,530251.9,Meridian Resources,AGC-00132,Meridian Resources,Avery Morgan,AGX-2026-017849-AGC-00132,INV-2026-0016588,NET 60 DAYS,-57,57,0,Due in 57 day(s),Meridian Resources,Current
2026-08-09,2026-08-12,2026-10-08,2026,8,August,269185.28,269185.28,Arcadia Energy Projects,AGC-00174,Arcadia Energy Projects,Avery Morgan,AGX-2026-019133-AGC-00174,INV-2026-0017776,NET 60 DAYS,-57,57,0,Due in 57 day(s),Arcadia Energy Projects,Current
2026-08-09,2026-08-12,2026-09-08,2026,8,August,1030171.58,1030171.58,Cobalt Instrumentation,AGC-00108,Cobalt Instrumentation,Camille Martin,AGX-2026-019147-AGC-00108,INV-2026-0017790,NET 30 DAYS,-27,27,0,Due in 27 day(s),Cobalt Instrumentation,Current
2026-08-10,2026-08-10,2026-10-09,2026,8,August,419451.46,419451.46,Northstar Automation,AGC-00011,Northstar Automation,Mila Diaz,AGX-2026-018062-AGC-00011,INV-2026-0016785,20% ADVANCE / NET 60,-58,58,0,Due in 58 day(s),Northstar Automation,Current
2026-08-10,2026-08-12,2026-10-09,2026,8,August,181045.07,63365.77,Meridian Mechanical,AGC-00125,Meridian Mechanical,Eva Lewis,AGX-2026-018269-AGC-00125,INV-2026-0016973,NET 60 DAYS,-58,58,0,Due in 58 day(s),Meridian Mechanical,Current
2026-08-10,2026-08-12,2026-09-09,2026,8,August,95088.92,95088.92,Helios Engineering,AGC-00054,Helios Engineering,Leo Foster,AGX-2026-019103-AGC-00054,INV-2026-0017748,NET 30 DAYS,-28,28,0,Due in 28 day(s),Helios Engineering,Current
2026-08-11,2026-08-12,2026-11-09,2026,8,August,402326.42,140814.25,Cobalt Technical Supply,AGC-00098,Cobalt Technical Supply,Priya Nguyen,AGX-2026-019209-AGC-00098,INV-2026-0017847,20% ADVANCE / NET 90,-89,89,0,Due in 89 day(s),Cobalt Technical Supply,Current
2026-08-12,2026-08-12,2026-10-11,2026,8,August,4974092.72,4974092.72,Northstar Drilling Solutions,AGC-00018,Northstar Drilling Solutions,Theo Price,AGX-2026-017774-AGC-00018,INV-2026-0016519,NET 60 DAYS,-60,60,0,Due in 60 day(s),Northstar Drilling Solutions,Current
2026-08-12,2026-08-12,2026-10-11,2026,8,August,858085.56,858085.56,Northstar Mechanical,AGC-00014,Northstar Mechanical,Priya Nguyen,AGX-2026-018155-AGC-00014,INV-2026-0016871,NET 60 DAYS,-60,60,0,Due in 60 day(s),Northstar Mechanical,Current
2026-08-12,2026-08-12,2026-10-11,2026,8,August,211883.64,148318.55,Northstar Automation,AGC-00011,Northstar Automation,Mila Diaz,AGX-2026-018329-AGC-00011,INV-2026-0017028,20% ADVANCE / NET 60,-60,60,0,Due in 60 day(s),Northstar Automation,Current
2026-08-12,2026-08-12,2026-10-11,2026,8,August,425683.68,425683.68,Northstar Marine Engineering,AGC-00027,Northstar Marine Engineering,Eva Lewis,AGX-2026-018581-AGC-00027,INV-2026-0017260,NET 60 DAYS,-60,60,0,Due in 60 day(s),Northstar Marine Engineering,Current
2026-08-12,2026-08-12,2026-10-11,2026,8,August,409021.46,409021.46,Arcadia Rotating Equipment,AGC-00171,Arcadia Rotating Equipment,Zara Grant,AGX-2026-018666-AGC-00171,INV-2026-0017341,NET 60 DAYS,-60,60,0,Due in 60 day(s),Arcadia Rotating Equipment,Current
2026-08-12,2026-08-12,2026-10-11,2026,8,August,1761968.67,1233378.07,Arcadia Automation,AGC-00159,Arcadia Automation,Lucas Hayes,AGX-2026-019001-AGC-00159,INV-2026-0017652,NET 60 DAYS,-60,60,0,Due in 60 day(s),Arcadia Automation,Current
