Supplier_ID,Supplier,Country,Product_Service_Type,Category,Product_Code,Product_Service,Manufacturer,Preferred_Rank,Min_Order_Qty,Typical_Lead_Days,Last_Quoted_Unit_Cost,Currency,Active
AGS-0008,VectorValve Hydraulics,Singapore,Product,PMP,AUR-PMP-00001,Centrifugal Pump Series 101,Global Standard,1,5,17,11473.48,USD,Yes
AGS-0083,NorthForge Safety Supply,Singapore,Product,PMP,AUR-PMP-00001,Centrifugal Pump Series 101,Aurelius OEM,2,1,66,11856.01,USD,Yes
AGS-0015,VectorValve Fabrication,Mexico,Product,VLV,AUR-VLV-00002,Control Valve Series 102,Global Standard,1,1,70,8981.26,USD,Yes
AGS-0002,VectorValve Components,Singapore,Product,VLV,AUR-VLV-00002,Control Valve Series 102,Northstar OEM,2,1,34,9817.49,USD,Yes
AGS-0022,VectorValve Compressor Parts,Italy,Product,BRG,AUR-BRG-00003,Industrial Bearing Series 103,Prime Process,1,1,23,5179.37,USD,Yes
AGS-0065,NorthForge Manufacturing,Singapore,Product,BRG,AUR-BRG-00003,Industrial Bearing Series 103,Northstar OEM,2,1,63,4791.23,USD,Yes
AGS-0029,VectorValve Motion Controls,Singapore,Product,INS,AUR-INS-00004,Pressure Instrument Series 104,Vector Industrial,1,5,76,2959.87,USD,Yes
AGS-0062,PrimeFlow Mechanical Supply,Singapore,Product,INS,AUR-INS-00004,Pressure Instrument Series 104,Northstar OEM,2,2,59,2666.39,USD,Yes
AGS-0036,PrimeFlow Industries,Mexico,Product,MTR,AUR-MTR-00005,Electric Motor Series 105,Prime Process,1,2,48,6554.39,USD,Yes
AGS-0026,VectorValve Sensor Labs,Singapore,Product,MTR,AUR-MTR-00005,Electric Motor Series 105,Global Standard,2,1,31,5489.21,USD,Yes
AGS-0043,PrimeFlow Gasket & Seal,Italy,Product,SEA,AUR-SEA-00006,Mechanical Seal Series 106,Vector Industrial,1,1,39,5317.25,USD,Yes
AGS-0008,VectorValve Hydraulics,Singapore,Product,SEA,AUR-SEA-00006,Mechanical Seal Series 106,Vector Industrial,2,1,42,4544.52,USD,Yes
AGS-0080,NorthForge Process Equipment,Singapore,Product,SEA,AUR-SEA-00006,Mechanical Seal Series 106,Northstar OEM,3,1,36,5683.38,USD,Yes
AGS-0050,PrimeFlow Filter Technologies,Singapore,Product,FLT,AUR-FLT-00007,Process Filter Series 107,Vector Industrial,1,1,27,7871.6,USD,Yes
AGS-0075,NorthForge Gasket & Seal,Mexico,Product,FLT,AUR-FLT-00007,Process Filter Series 107,Vector Industrial,2,1,50,6729.66,USD,Yes
AGS-0083,NorthForge Safety Supply,Singapore,Product,FLT,AUR-FLT-00007,Process Filter Series 107,Vector Industrial,3,2,7,5933.73,USD,Yes
AGS-0067,NorthForge Pumps,Italy,Product,FLT,AUR-FLT-00007,Process Filter Series 107,Prime Process,4,1,55,8254.43,USD,Yes
AGS-0057,PrimeFlow Valve Automation,Mexico,Product,ACT,AUR-ACT-00008,Valve Actuator Series 108,Aurelius OEM,1,1,63,3724.52,USD,Yes
AGS-0068,NorthForge Industries,Singapore,Product,ACT,AUR-ACT-00008,Valve Actuator Series 108,Prime Process,2,2,56,2982.37,USD,Yes
AGS-0036,PrimeFlow Industries,Mexico,Product,ACT,AUR-ACT-00008,Valve Actuator Series 108,Northstar OEM,3,1,64,3648.8,USD,Yes
AGS-0065,NorthForge Manufacturing,Singapore,Product,GSK,AUR-GSK-00009,Industrial Gasket Series 109,Prime Process,1,2,49,8411.2,USD,Yes
AGS-0082,NorthForge Filter Technologies,Italy,Product,GSK,AUR-GSK-00009,Industrial Gasket Series 109,Global Standard,2,2,61,9758.93,USD,Yes
AGS-0045,PrimeFlow Controls,Mexico,Product,GSK,AUR-GSK-00009,Industrial Gasket Series 109,Global Standard,3,1,56,8202.82,USD,Yes
AGS-0072,NorthForge Hydraulics,Mexico,Product,HOS,AUR-HOS-00010,Hydraulic Hose Series 110,Global Standard,1,1,24,9942.2,USD,Yes
AGS-0083,NorthForge Safety Supply,Singapore,Product,HOS,AUR-HOS-00010,Hydraulic Hose Series 110,Northstar OEM,2,1,25,7565.62,USD,Yes
AGS-0079,NorthForge Fabrication,Italy,Product,FIT,AUR-FIT-00011,Pipe Fitting Series 111,Aurelius OEM,1,2,38,7321.87,USD,Yes
AGS-0061,PrimeFlow Motion Controls,Italy,Product,FIT,AUR-FIT-00011,Pipe Fitting Series 111,Northstar OEM,2,1,29,7714.46,USD,Yes
AGS-0069,NorthForge Instrumentation,Mexico,Product,FIT,AUR-FIT-00011,Pipe Fitting Series 111,Northstar OEM,3,1,60,7568.87,USD,Yes
AGS-0001,VectorValve Manufacturing,Italy,Product,CAB,AUR-CAB-00012,Instrumentation Cable Series 112,Northstar OEM,1,2,60,3453.65,USD,Yes
AGS-0016,VectorValve Process Equipment,Italy,Product,CAB,AUR-CAB-00012,Instrumentation Cable Series 112,Vector Industrial,2,5,75,3347.21,USD,Yes
AGS-0008,VectorValve Hydraulics,Singapore,Product,SEN,AUR-SEN-00013,Process Sensor Series 113,Prime Process,1,1,42,3753.39,USD,Yes
AGS-0001,VectorValve Manufacturing,Italy,Product,SEN,AUR-SEN-00013,Process Sensor Series 113,Vector Industrial,2,1,62,4102.15,USD,Yes
AGS-0077,NorthForge Controls,Singapore,Product,SEN,AUR-SEN-00013,Process Sensor Series 113,Prime Process,3,1,25,5204.82,USD,Yes
AGS-0015,VectorValve Fabrication,Mexico,Product,CMP,AUR-CMP-00014,Compressor Component Series 114,Northstar OEM,1,1,61,10229.87,USD,Yes
AGS-0019,VectorValve Safety Supply,Italy,Product,CMP,AUR-CMP-00014,Compressor Component Series 114,Northstar OEM,2,1,67,9275.33,USD,Yes
AGS-0022,VectorValve Compressor Parts,Italy,Product,SAF,AUR-SAF-00015,Safety Equipment Series 115,Global Standard,1,1,53,7810.24,USD,Yes
AGS-0013,VectorValve Controls,Italy,Product,SAF,AUR-SAF-00015,Safety Equipment Series 115,Global Standard,2,2,73,7329.3,USD,Yes
AGS-0032,VectorValve Specialty Alloys,Singapore,Product,SAF,AUR-SAF-00015,Safety Equipment Series 115,Global Standard,3,1,23,8555.04,USD,Yes
AGS-0029,VectorValve Motion Controls,Singapore,Product,PLC,AUR-PLC-00016,Automation Controller Series 116,Northstar OEM,1,2,23,3589.21,USD,Yes
AGS-0065,NorthForge Manufacturing,Singapore,Product,PLC,AUR-PLC-00016,Automation Controller Series 116,Aurelius OEM,2,1,28,4059.79,USD,Yes
AGS-0036,PrimeFlow Industries,Mexico,Product,DRV,AUR-DRV-00017,Variable Frequency Drive Series 117,Aurelius OEM,1,1,42,1122.21,USD,Yes
AGS-0044,PrimeFlow Electric,Singapore,Product,DRV,AUR-DRV-00017,Variable Frequency Drive Series 117,Aurelius OEM,2,5,58,867.6,USD,Yes
AGS-0062,PrimeFlow Mechanical Supply,Singapore,Product,DRV,AUR-DRV-00017,Variable Frequency Drive Series 117,Global Standard,3,1,75,866.68,USD,Yes
AGS-0066,NorthForge Components,Mexico,Product,DRV,AUR-DRV-00017,Variable Frequency Drive Series 117,Vector Industrial,4,1,59,955.34,USD,Yes
AGS-0044,PrimeFlow Electric,Singapore,Product,HEX,AUR-HEX-00018,Heat Exchanger Part Series 118,Northstar OEM,1,5,57,22032.39,USD,Yes
AGS-0063,PrimeFlow Process Instruments,Mexico,Product,HEX,AUR-HEX-00018,Heat Exchanger Part Series 118,Aurelius OEM,2,5,41,29284.1,USD,Yes
AGS-0048,PrimeFlow Process Equipment,Mexico,Product,HEX,AUR-HEX-00018,Heat Exchanger Part Series 118,Global Standard,3,2,59,23171.12,USD,Yes
AGS-0071,NorthForge Bearing Works,Singapore,Product,HEX,AUR-HEX-00018,Heat Exchanger Part Series 118,Aurelius OEM,4,2,41,25866.09,USD,Yes
AGS-0051,PrimeFlow Safety Supply,Mexico,Product,LUB,AUR-LUB-00019,Industrial Lubrication Series 119,Aurelius OEM,1,2,31,6464.28,USD,Yes
AGS-0057,PrimeFlow Valve Automation,Mexico,Product,LUB,AUR-LUB-00019,Industrial Lubrication Series 119,Prime Process,2,1,22,7967.55,USD,Yes
AGS-0039,PrimeFlow Bearing Works,Mexico,Product,LUB,AUR-LUB-00019,Industrial Lubrication Series 119,Prime Process,3,1,62,7508.1,USD,Yes
AGS-0058,PrimeFlow Sensor Labs,Italy,Product,TOL,AUR-TOL-00020,Specialty Tooling Series 120,Prime Process,1,2,56,2076.15,USD,Yes
AGS-0038,PrimeFlow Systems,Singapore,Product,TOL,AUR-TOL-00020,Specialty Tooling Series 120,Northstar OEM,2,1,31,1931.35,USD,Yes
AGS-0061,PrimeFlow Motion Controls,Italy,Product,TOL,AUR-TOL-00020,Specialty Tooling Series 120,Vector Industrial,3,1,40,2038.36,USD,Yes
AGS-0065,NorthForge Manufacturing,Singapore,Product,PMP,AUR-PMP-00021,Centrifugal Pump Series 121,Prime Process,1,2,87,11259.17,USD,Yes
AGS-0075,NorthForge Gasket & Seal,Mexico,Product,PMP,AUR-PMP-00021,Centrifugal Pump Series 121,Vector Industrial,2,5,67,9616.69,USD,Yes
AGS-0072,NorthForge Hydraulics,Mexico,Product,VLV,AUR-VLV-00022,Control Valve Series 122,Northstar OEM,1,1,8,7376.73,USD,Yes
AGS-0037,PrimeFlow Instrumentation,Italy,Product,VLV,AUR-VLV-00022,Control Valve Series 122,Aurelius OEM,2,1,62,6340.25,USD,Yes
AGS-0085,NorthForge Marine Components,Italy,Product,VLV,AUR-VLV-00022,Control Valve Series 122,Global Standard,3,1,43,6748.86,USD,Yes
AGS-0079,NorthForge Fabrication,Italy,Product,BRG,AUR-BRG-00023,Industrial Bearing Series 123,Prime Process,1,1,59,5061.29,USD,Yes
AGS-0072,NorthForge Hydraulics,Mexico,Product,BRG,AUR-BRG-00023,Industrial Bearing Series 123,Northstar OEM,2,5,31,6139.21,USD,Yes
AGS-0028,VectorValve Hose & Fittings,Italy,Product,BRG,AUR-BRG-00023,Industrial Bearing Series 123,Vector Industrial,3,5,49,4701.55,USD,Yes
AGS-0022,VectorValve Compressor Parts,Italy,Product,BRG,AUR-BRG-00023,Industrial Bearing Series 123,Northstar OEM,4,1,34,6136.66,USD,Yes
AGS-0001,VectorValve Manufacturing,Italy,Product,INS,AUR-INS-00024,Pressure Instrument Series 124,Prime Process,1,1,63,3401.08,USD,Yes
AGS-0061,PrimeFlow Motion Controls,Italy,Product,INS,AUR-INS-00024,Pressure Instrument Series 124,Global Standard,2,2,47,3631.49,USD,Yes
AGS-0008,VectorValve Hydraulics,Singapore,Product,MTR,AUR-MTR-00025,Electric Motor Series 125,Aurelius OEM,1,1,33,12608.42,USD,Yes
AGS-0053,PrimeFlow Marine Components,Singapore,Product,MTR,AUR-MTR-00025,Electric Motor Series 125,Aurelius OEM,2,5,42,14686.92,USD,Yes
AGS-0005,VectorValve Instrumentation,Singapore,Product,MTR,AUR-MTR-00025,Electric Motor Series 125,Vector Industrial,3,1,19,15217.46,USD,Yes
AGS-0015,VectorValve Fabrication,Mexico,Product,SEA,AUR-SEA-00026,Mechanical Seal Series 126,Global Standard,1,5,47,3000.16,USD,Yes
AGS-0071,NorthForge Bearing Works,Singapore,Product,SEA,AUR-SEA-00026,Mechanical Seal Series 126,Prime Process,2,1,70,2917.56,USD,Yes
AGS-0039,PrimeFlow Bearing Works,Mexico,Product,SEA,AUR-SEA-00026,Mechanical Seal Series 126,Northstar OEM,3,1,38,2864.05,USD,Yes
AGS-0049,PrimeFlow Cable Systems,Italy,Product,SEA,AUR-SEA-00026,Mechanical Seal Series 126,Global Standard,4,5,43,3160.39,USD,Yes
AGS-0023,VectorValve Industrial Plastics,Singapore,Product,FLT,AUR-FLT-00027,Process Filter Series 127,Global Standard,1,1,66,5292.43,USD,Yes
AGS-0004,VectorValve Industries,Italy,Product,FLT,AUR-FLT-00027,Process Filter Series 127,Global Standard,2,1,45,5282.49,USD,Yes
AGS-0030,VectorValve Mechanical Supply,Mexico,Product,ACT,AUR-ACT-00028,Valve Actuator Series 128,Prime Process,1,2,30,4097.71,USD,Yes
AGS-0081,NorthForge Cable Systems,Mexico,Product,ACT,AUR-ACT-00028,Valve Actuator Series 128,Global Standard,2,1,75,5283.0,USD,Yes
AGS-0078,NorthForge Fasteners,Mexico,Product,ACT,AUR-ACT-00028,Valve Actuator Series 128,Aurelius OEM,3,2,57,4149.15,USD,Yes
AGS-0037,PrimeFlow Instrumentation,Italy,Product,GSK,AUR-GSK-00029,Industrial Gasket Series 129,Aurelius OEM,1,5,34,1251.07,USD,Yes
AGS-0067,NorthForge Pumps,Italy,Product,GSK,AUR-GSK-00029,Industrial Gasket Series 129,Global Standard,2,1,54,1510.0,USD,Yes
AGS-0032,VectorValve Specialty Alloys,Singapore,Product,GSK,AUR-GSK-00029,Industrial Gasket Series 129,Northstar OEM,3,1,48,1566.33,USD,Yes
AGS-0013,VectorValve Controls,Italy,Product,GSK,AUR-GSK-00029,Industrial Gasket Series 129,Global Standard,4,5,66,1424.34,USD,Yes
AGS-0044,PrimeFlow Electric,Singapore,Product,HOS,AUR-HOS-00030,Hydraulic Hose Series 130,Vector Industrial,1,1,72,2274.9,USD,Yes
AGS-0085,NorthForge Marine Components,Italy,Product,HOS,AUR-HOS-00030,Hydraulic Hose Series 130,Vector Industrial,2,1,57,2442.78,USD,Yes
AGS-0084,NorthForge Gearworks,Mexico,Product,HOS,AUR-HOS-00030,Hydraulic Hose Series 130,Vector Industrial,3,1,28,2427.96,USD,Yes
AGS-0051,PrimeFlow Safety Supply,Mexico,Product,FIT,AUR-FIT-00031,Pipe Fitting Series 131,Aurelius OEM,1,5,63,2307.32,USD,Yes
AGS-0004,VectorValve Industries,Italy,Product,FIT,AUR-FIT-00031,Pipe Fitting Series 131,Northstar OEM,2,1,47,2422.77,USD,Yes
AGS-0058,PrimeFlow Sensor Labs,Italy,Product,CAB,AUR-CAB-00032,Instrumentation Cable Series 132,Global Standard,1,1,36,8862.87,USD,Yes
AGS-0080,NorthForge Process Equipment,Singapore,Product,CAB,AUR-CAB-00032,Instrumentation Cable Series 132,Northstar OEM,2,2,54,9821.71,USD,Yes
AGS-0065,NorthForge Manufacturing,Singapore,Product,SEN,AUR-SEN-00033,Process Sensor Series 133,Global Standard,1,1,34,5569.34,USD,Yes
AGS-0033,PrimeFlow Manufacturing,Mexico,Product,SEN,AUR-SEN-00033,Process Sensor Series 133,Vector Industrial,2,1,73,6497.67,USD,Yes
AGS-0067,NorthForge Pumps,Italy,Product,SEN,AUR-SEN-00033,Process Sensor Series 133,Prime Process,3,1,42,6603.8,USD,Yes
AGS-0074,NorthForge Technologies,Singapore,Product,SEN,AUR-SEN-00033,Process Sensor Series 133,Northstar OEM,4,1,46,5411.84,USD,Yes
AGS-0072,NorthForge Hydraulics,Mexico,Product,CMP,AUR-CMP-00034,Compressor Component Series 134,Prime Process,1,1,54,6632.29,USD,Yes
AGS-0075,NorthForge Gasket & Seal,Mexico,Product,CMP,AUR-CMP-00034,Compressor Component Series 134,Aurelius OEM,2,5,49,5176.44,USD,Yes
AGS-0009,VectorValve Actuation,Mexico,Product,CMP,AUR-CMP-00034,Compressor Component Series 134,Vector Industrial,3,5,47,5340.18,USD,Yes
AGS-0001,VectorValve Manufacturing,Italy,Product,CMP,AUR-CMP-00034,Compressor Component Series 134,Vector Industrial,4,1,70,5848.21,USD,Yes
AGS-0079,NorthForge Fabrication,Italy,Product,SAF,AUR-SAF-00035,Safety Equipment Series 135,Vector Industrial,1,2,52,3935.55,USD,Yes
AGS-0043,PrimeFlow Gasket & Seal,Italy,Product,SAF,AUR-SAF-00035,Safety Equipment Series 135,Vector Industrial,2,1,46,4621.44,USD,Yes
AGS-0053,PrimeFlow Marine Components,Singapore,Product,SAF,AUR-SAF-00035,Safety Equipment Series 135,Global Standard,3,5,51,4201.48,USD,Yes
AGS-0002,VectorValve Components,Singapore,Product,PLC,AUR-PLC-00036,Automation Controller Series 136,Vector Industrial,1,5,64,5648.02,USD,Yes
AGS-0034,PrimeFlow Components,Italy,Product,PLC,AUR-PLC-00036,Automation Controller Series 136,Northstar OEM,2,1,54,4185.42,USD,Yes
AGS-0040,PrimeFlow Hydraulics,Italy,Product,PLC,AUR-PLC-00036,Automation Controller Series 136,Aurelius OEM,3,1,51,4464.25,USD,Yes
AGS-0009,VectorValve Actuation,Mexico,Product,DRV,AUR-DRV-00037,Variable Frequency Drive Series 137,Prime Process,1,5,25,6467.89,USD,Yes
AGS-0023,VectorValve Industrial Plastics,Singapore,Product,DRV,AUR-DRV-00037,Variable Frequency Drive Series 137,Prime Process,2,2,41,6014.44,USD,Yes
AGS-0016,VectorValve Process Equipment,Italy,Product,HEX,AUR-HEX-00038,Heat Exchanger Part Series 138,Global Standard,1,1,40,9891.63,USD,Yes
AGS-0081,NorthForge Cable Systems,Mexico,Product,HEX,AUR-HEX-00038,Heat Exchanger Part Series 138,Northstar OEM,2,1,49,11075.15,USD,Yes
AGS-0036,PrimeFlow Industries,Mexico,Product,HEX,AUR-HEX-00038,Heat Exchanger Part Series 138,Global Standard,3,2,41,11164.72,USD,Yes
AGS-0074,NorthForge Technologies,Singapore,Product,HEX,AUR-HEX-00038,Heat Exchanger Part Series 138,Northstar OEM,4,5,29,8631.58,USD,Yes
AGS-0023,VectorValve Industrial Plastics,Singapore,Product,LUB,AUR-LUB-00039,Industrial Lubrication Series 139,Vector Industrial,1,2,26,1883.44,USD,Yes
AGS-0078,NorthForge Fasteners,Mexico,Product,LUB,AUR-LUB-00039,Industrial Lubrication Series 139,Northstar OEM,2,2,67,1696.56,USD,Yes
AGS-0060,PrimeFlow Hose & Fittings,Mexico,Product,LUB,AUR-LUB-00039,Industrial Lubrication Series 139,Northstar OEM,3,1,59,2167.21,USD,Yes
AGS-0059,PrimeFlow Technical Metals,Singapore,Product,LUB,AUR-LUB-00039,Industrial Lubrication Series 139,Aurelius OEM,4,1,53,2387.05,USD,Yes
AGS-0030,VectorValve Mechanical Supply,Mexico,Product,TOL,AUR-TOL-00040,Specialty Tooling Series 140,Prime Process,1,1,39,2050.68,USD,Yes
AGS-0062,PrimeFlow Mechanical Supply,Singapore,Product,TOL,AUR-TOL-00040,Specialty Tooling Series 140,Northstar OEM,2,1,41,1713.51,USD,Yes
AGS-0049,PrimeFlow Cable Systems,Italy,Product,TOL,AUR-TOL-00040,Specialty Tooling Series 140,Aurelius OEM,3,1,63,2238.0,USD,Yes
AGS-0037,PrimeFlow Instrumentation,Italy,Product,PMP,AUR-PMP-00041,Centrifugal Pump Series 141,Northstar OEM,1,2,49,25240.09,USD,Yes
AGS-0022,VectorValve Compressor Parts,Italy,Product,PMP,AUR-PMP-00041,Centrifugal Pump Series 141,Global Standard,2,1,52,33553.18,USD,Yes
AGS-0004,VectorValve Industries,Italy,Product,PMP,AUR-PMP-00041,Centrifugal Pump Series 141,Global Standard,3,1,35,25137.08,USD,Yes
AGS-0025,VectorValve Valve Automation,Italy,Product,PMP,AUR-PMP-00041,Centrifugal Pump Series 141,Prime Process,4,2,48,27653.74,USD,Yes
AGS-0044,PrimeFlow Electric,Singapore,Product,VLV,AUR-VLV-00042,Control Valve Series 142,Vector Industrial,1,1,35,1323.98,USD,Yes
AGS-0034,PrimeFlow Components,Italy,Product,VLV,AUR-VLV-00042,Control Valve Series 142,Global Standard,2,1,7,1381.0,USD,Yes
AGS-0051,PrimeFlow Safety Supply,Mexico,Product,BRG,AUR-BRG-00043,Industrial Bearing Series 143,Vector Industrial,1,1,55,985.19,USD,Yes
AGS-0024,VectorValve Heat Transfer,Mexico,Product,BRG,AUR-BRG-00043,Industrial Bearing Series 143,Aurelius OEM,2,1,34,942.68,USD,Yes
AGS-0066,NorthForge Components,Mexico,Product,BRG,AUR-BRG-00043,Industrial Bearing Series 143,Vector Industrial,3,1,65,1077.54,USD,Yes
AGS-0058,PrimeFlow Sensor Labs,Italy,Product,INS,AUR-INS-00044,Pressure Instrument Series 144,Global Standard,1,5,49,1745.71,USD,Yes
AGS-0028,VectorValve Hose & Fittings,Italy,Product,INS,AUR-INS-00044,Pressure Instrument Series 144,Vector Industrial,2,1,56,1579.88,USD,Yes
AGS-0030,VectorValve Mechanical Supply,Mexico,Product,INS,AUR-INS-00044,Pressure Instrument Series 144,Northstar OEM,3,2,49,1634.2,USD,Yes
AGS-0066,NorthForge Components,Mexico,Product,MTR,AUR-MTR-00045,Electric Motor Series 145,Prime Process,1,5,49,28028.1,USD,Yes
AGS-0080,NorthForge Process Equipment,Singapore,Product,MTR,AUR-MTR-00045,Electric Motor Series 145,Aurelius OEM,2,1,20,34900.77,USD,Yes
AGS-0058,PrimeFlow Sensor Labs,Italy,Product,MTR,AUR-MTR-00045,Electric Motor Series 145,Northstar OEM,3,5,36,32228.57,USD,Yes
AGS-0065,NorthForge Manufacturing,Singapore,Product,MTR,AUR-MTR-00045,Electric Motor Series 145,Aurelius OEM,4,1,94,29370.82,USD,Yes
AGS-0073,NorthForge Actuation,Italy,Product,SEA,AUR-SEA-00046,Mechanical Seal Series 146,Northstar OEM,1,5,62,2089.31,USD,Yes
AGS-0028,VectorValve Hose & Fittings,Italy,Product,SEA,AUR-SEA-00046,Mechanical Seal Series 146,Northstar OEM,2,5,62,1654.0,USD,Yes
AGS-0080,NorthForge Process Equipment,Singapore,Product,FLT,AUR-FLT-00047,Process Filter Series 147,Prime Process,1,5,46,9817.23,USD,Yes
AGS-0081,NorthForge Cable Systems,Mexico,Product,FLT,AUR-FLT-00047,Process Filter Series 147,Prime Process,2,5,15,9280.35,USD,Yes
AGS-0021,VectorValve Marine Components,Mexico,Product,FLT,AUR-FLT-00047,Process Filter Series 147,Northstar OEM,3,1,51,7269.0,USD,Yes
AGS-0033,PrimeFlow Manufacturing,Mexico,Product,FLT,AUR-FLT-00047,Process Filter Series 147,Northstar OEM,4,2,56,9569.55,USD,Yes
AGS-0002,VectorValve Components,Singapore,Product,ACT,AUR-ACT-00048,Valve Actuator Series 148,Aurelius OEM,1,1,52,5354.51,USD,Yes
AGS-0043,PrimeFlow Gasket & Seal,Italy,Product,ACT,AUR-ACT-00048,Valve Actuator Series 148,Prime Process,2,1,35,5013.15,USD,Yes
AGS-0009,VectorValve Actuation,Mexico,Product,GSK,AUR-GSK-00049,Industrial Gasket Series 149,Northstar OEM,1,5,66,4986.23,USD,Yes
AGS-0005,VectorValve Instrumentation,Singapore,Product,GSK,AUR-GSK-00049,Industrial Gasket Series 149,Vector Industrial,2,1,67,5552.6,USD,Yes
AGS-0016,VectorValve Process Equipment,Italy,Product,GSK,AUR-GSK-00049,Industrial Gasket Series 149,Northstar OEM,3,1,41,5398.21,USD,Yes
AGS-0016,VectorValve Process Equipment,Italy,Product,HOS,AUR-HOS-00050,Hydraulic Hose Series 150,Global Standard,1,1,47,6678.89,USD,Yes
AGS-0009,VectorValve Actuation,Mexico,Product,HOS,AUR-HOS-00050,Hydraulic Hose Series 150,Global Standard,2,5,9,6658.57,USD,Yes
AGS-0079,NorthForge Fabrication,Italy,Product,HOS,AUR-HOS-00050,Hydraulic Hose Series 150,Northstar OEM,3,5,56,6875.0,USD,Yes
AGS-0023,VectorValve Industrial Plastics,Singapore,Product,FIT,AUR-FIT-00051,Pipe Fitting Series 151,Aurelius OEM,1,1,45,4125.15,USD,Yes
AGS-0045,PrimeFlow Controls,Mexico,Product,FIT,AUR-FIT-00051,Pipe Fitting Series 151,Prime Process,2,1,22,3780.53,USD,Yes
AGS-0039,PrimeFlow Bearing Works,Mexico,Product,FIT,AUR-FIT-00051,Pipe Fitting Series 151,Vector Industrial,3,5,45,3976.56,USD,Yes
AGS-0008,VectorValve Hydraulics,Singapore,Product,FIT,AUR-FIT-00051,Pipe Fitting Series 151,Aurelius OEM,4,5,45,3578.01,USD,Yes
AGS-0030,VectorValve Mechanical Supply,Mexico,Product,CAB,AUR-CAB-00052,Instrumentation Cable Series 152,Northstar OEM,1,1,56,2369.95,USD,Yes
AGS-0069,NorthForge Instrumentation,Mexico,Product,CAB,AUR-CAB-00052,Instrumentation Cable Series 152,Vector Industrial,2,2,88,2248.91,USD,Yes
AGS-0037,PrimeFlow Instrumentation,Italy,Product,SEN,AUR-SEN-00053,Process Sensor Series 153,Global Standard,1,5,40,1226.67,USD,Yes
AGS-0060,PrimeFlow Hose & Fittings,Mexico,Product,SEN,AUR-SEN-00053,Process Sensor Series 153,Northstar OEM,2,2,39,1311.16,USD,Yes
AGS-0053,PrimeFlow Marine Components,Singapore,Product,SEN,AUR-SEN-00053,Process Sensor Series 153,Aurelius OEM,3,1,33,1253.15,USD,Yes
AGS-0038,PrimeFlow Systems,Singapore,Product,SEN,AUR-SEN-00053,Process Sensor Series 153,Global Standard,4,1,36,1290.85,USD,Yes
AGS-0045,PrimeFlow Controls,Mexico,Product,CMP,AUR-CMP-00054,Compressor Component Series 154,Vector Industrial,1,2,47,4827.1,USD,Yes
AGS-0079,NorthForge Fabrication,Italy,Product,CMP,AUR-CMP-00054,Compressor Component Series 154,Aurelius OEM,2,1,35,5135.69,USD,Yes
AGS-0018,VectorValve Filter Technologies,Mexico,Product,CMP,AUR-CMP-00054,Compressor Component Series 154,Prime Process,3,1,34,5576.11,USD,Yes
AGS-0022,VectorValve Compressor Parts,Italy,Product,CMP,AUR-CMP-00054,Compressor Component Series 154,Aurelius OEM,4,2,36,5820.85,USD,Yes
AGS-0052,PrimeFlow Gearworks,Italy,Product,SAF,AUR-SAF-00055,Safety Equipment Series 155,Prime Process,1,5,48,136.0,USD,Yes
AGS-0040,PrimeFlow Hydraulics,Italy,Product,SAF,AUR-SAF-00055,Safety Equipment Series 155,Vector Industrial,2,2,33,105.75,USD,Yes
AGS-0069,NorthForge Instrumentation,Mexico,Product,SAF,AUR-SAF-00055,Safety Equipment Series 155,Vector Industrial,3,1,51,132.72,USD,Yes
AGS-0056,PrimeFlow Heat Transfer,Singapore,Product,SAF,AUR-SAF-00055,Safety Equipment Series 155,Aurelius OEM,4,1,42,114.02,USD,Yes
AGS-0059,PrimeFlow Technical Metals,Singapore,Product,PLC,AUR-PLC-00056,Automation Controller Series 156,Aurelius OEM,1,5,63,3151.68,USD,Yes
AGS-0015,VectorValve Fabrication,Mexico,Product,PLC,AUR-PLC-00056,Automation Controller Series 156,Vector Industrial,2,2,69,2921.48,USD,Yes
AGS-0007,VectorValve Bearing Works,Italy,Product,PLC,AUR-PLC-00056,Automation Controller Series 156,Vector Industrial,3,1,60,2594.07,USD,Yes
AGS-0066,NorthForge Components,Mexico,Product,DRV,AUR-DRV-00057,Variable Frequency Drive Series 157,Prime Process,1,1,31,239.34,USD,Yes
AGS-0032,VectorValve Specialty Alloys,Singapore,Product,DRV,AUR-DRV-00057,Variable Frequency Drive Series 157,Vector Industrial,2,2,51,282.09,USD,Yes
AGS-0016,VectorValve Process Equipment,Italy,Product,DRV,AUR-DRV-00057,Variable Frequency Drive Series 157,Global Standard,3,1,52,256.84,USD,Yes
AGS-0073,NorthForge Actuation,Italy,Product,HEX,AUR-HEX-00058,Heat Exchanger Part Series 158,Northstar OEM,1,5,81,24321.7,USD,Yes
AGS-0045,PrimeFlow Controls,Mexico,Product,HEX,AUR-HEX-00058,Heat Exchanger Part Series 158,Vector Industrial,2,2,34,19531.63,USD,Yes
AGS-0066,NorthForge Components,Mexico,Product,HEX,AUR-HEX-00058,Heat Exchanger Part Series 158,Global Standard,3,1,64,21473.47,USD,Yes
AGS-0080,NorthForge Process Equipment,Singapore,Product,LUB,AUR-LUB-00059,Industrial Lubrication Series 159,Aurelius OEM,1,5,33,7463.05,USD,Yes
AGS-0052,PrimeFlow Gearworks,Italy,Product,LUB,AUR-LUB-00059,Industrial Lubrication Series 159,Vector Industrial,2,1,48,7700.17,USD,Yes
AGS-0018,VectorValve Filter Technologies,Mexico,Product,LUB,AUR-LUB-00059,Industrial Lubrication Series 159,Vector Industrial,3,1,43,7206.05,USD,Yes
AGS-0002,VectorValve Components,Singapore,Product,TOL,AUR-TOL-00060,Specialty Tooling Series 160,Vector Industrial,1,1,47,6554.05,USD,Yes
AGS-0037,PrimeFlow Instrumentation,Italy,Product,TOL,AUR-TOL-00060,Specialty Tooling Series 160,Prime Process,2,2,62,5192.69,USD,Yes
AGS-0049,PrimeFlow Cable Systems,Italy,Product,TOL,AUR-TOL-00060,Specialty Tooling Series 160,Vector Industrial,3,5,49,6151.6,USD,Yes
AGS-0009,VectorValve Actuation,Mexico,Product,PMP,AUR-PMP-00061,Centrifugal Pump Series 161,Prime Process,1,2,30,743.8,USD,Yes
AGS-0079,NorthForge Fabrication,Italy,Product,PMP,AUR-PMP-00061,Centrifugal Pump Series 161,Aurelius OEM,2,1,45,747.91,USD,Yes
AGS-0016,VectorValve Process Equipment,Italy,Product,VLV,AUR-VLV-00062,Control Valve Series 162,Global Standard,1,1,38,6778.85,USD,Yes
AGS-0070,NorthForge Systems,Italy,Product,VLV,AUR-VLV-00062,Control Valve Series 162,Vector Industrial,2,1,38,7492.82,USD,Yes
AGS-0075,NorthForge Gasket & Seal,Mexico,Product,VLV,AUR-VLV-00062,Control Valve Series 162,Vector Industrial,3,1,75,6067.46,USD,Yes
AGS-0003,VectorValve Pumps,Mexico,Product,VLV,AUR-VLV-00062,Control Valve Series 162,Prime Process,4,2,39,6817.46,USD,Yes
AGS-0024,VectorValve Heat Transfer,Mexico,Product,BRG,AUR-BRG-00063,Industrial Bearing Series 163,Aurelius OEM,1,2,44,6110.1,USD,Yes
AGS-0020,VectorValve Gearworks,Singapore,Product,BRG,AUR-BRG-00063,Industrial Bearing Series 163,Aurelius OEM,2,1,27,6659.47,USD,Yes
AGS-0065,NorthForge Manufacturing,Singapore,Product,BRG,AUR-BRG-00063,Industrial Bearing Series 163,Vector Industrial,3,1,88,6785.63,USD,Yes
AGS-0055,PrimeFlow Industrial Plastics,Italy,Product,BRG,AUR-BRG-00063,Industrial Bearing Series 163,Aurelius OEM,4,1,30,5844.41,USD,Yes
AGS-0031,VectorValve Process Instruments,Italy,Product,INS,AUR-INS-00064,Pressure Instrument Series 164,Global Standard,1,1,47,544.28,USD,Yes
AGS-0039,PrimeFlow Bearing Works,Mexico,Product,INS,AUR-INS-00064,Pressure Instrument Series 164,Aurelius OEM,2,1,39,507.58,USD,Yes
AGS-0038,PrimeFlow Systems,Singapore,Product,MTR,AUR-MTR-00065,Electric Motor Series 165,Global Standard,1,2,58,15647.23,USD,Yes
AGS-0019,VectorValve Safety Supply,Italy,Product,MTR,AUR-MTR-00065,Electric Motor Series 165,Vector Industrial,2,1,61,16572.31,USD,Yes
AGS-0062,PrimeFlow Mechanical Supply,Singapore,Product,MTR,AUR-MTR-00065,Electric Motor Series 165,Aurelius OEM,3,2,47,14659.84,USD,Yes
AGS-0045,PrimeFlow Controls,Mexico,Product,SEA,AUR-SEA-00066,Mechanical Seal Series 166,Prime Process,1,2,41,684.26,USD,Yes
AGS-0003,VectorValve Pumps,Mexico,Product,SEA,AUR-SEA-00066,Mechanical Seal Series 166,Global Standard,2,5,53,800.75,USD,Yes
AGS-0052,PrimeFlow Gearworks,Italy,Product,FLT,AUR-FLT-00067,Process Filter Series 167,Vector Industrial,1,1,47,8951.91,USD,Yes
AGS-0004,VectorValve Industries,Italy,Product,FLT,AUR-FLT-00067,Process Filter Series 167,Northstar OEM,2,1,50,7627.74,USD,Yes
AGS-0024,VectorValve Heat Transfer,Mexico,Product,FLT,AUR-FLT-00067,Process Filter Series 167,Prime Process,3,5,65,7775.29,USD,Yes
AGS-0059,PrimeFlow Technical Metals,Singapore,Product,ACT,AUR-ACT-00068,Valve Actuator Series 168,Vector Industrial,1,5,63,3959.34,USD,Yes
AGS-0082,NorthForge Filter Technologies,Italy,Product,ACT,AUR-ACT-00068,Valve Actuator Series 168,Vector Industrial,2,1,20,4041.88,USD,Yes
AGS-0066,NorthForge Components,Mexico,Product,GSK,AUR-GSK-00069,Industrial Gasket Series 169,Vector Industrial,1,1,24,4341.58,USD,Yes
AGS-0063,PrimeFlow Process Instruments,Mexico,Product,GSK,AUR-GSK-00069,Industrial Gasket Series 169,Prime Process,2,1,68,4797.05,USD,Yes
AGS-0073,NorthForge Actuation,Italy,Product,HOS,AUR-HOS-00070,Hydraulic Hose Series 170,Vector Industrial,1,1,67,7836.75,USD,Yes
AGS-0020,VectorValve Gearworks,Singapore,Product,HOS,AUR-HOS-00070,Hydraulic Hose Series 170,Global Standard,2,1,44,6847.96,USD,Yes
AGS-0080,NorthForge Process Equipment,Singapore,Product,FIT,AUR-FIT-00071,Pipe Fitting Series 171,Prime Process,1,5,25,7131.56,USD,Yes
AGS-0071,NorthForge Bearing Works,Singapore,Product,FIT,AUR-FIT-00071,Pipe Fitting Series 171,Northstar OEM,2,2,58,6372.07,USD,Yes
AGS-0003,VectorValve Pumps,Mexico,Product,CAB,AUR-CAB-00072,Instrumentation Cable Series 172,Vector Industrial,1,1,22,2864.11,USD,Yes
AGS-0016,VectorValve Process Equipment,Italy,Product,CAB,AUR-CAB-00072,Instrumentation Cable Series 172,Global Standard,2,1,47,3313.8,USD,Yes
AGS-0039,PrimeFlow Bearing Works,Mexico,Product,CAB,AUR-CAB-00072,Instrumentation Cable Series 172,Vector Industrial,3,1,41,3114.77,USD,Yes
AGS-0010,VectorValve Technologies,Italy,Product,SEN,AUR-SEN-00073,Process Sensor Series 173,Northstar OEM,1,2,50,6405.39,USD,Yes
AGS-0084,NorthForge Gearworks,Mexico,Product,SEN,AUR-SEN-00073,Process Sensor Series 173,Aurelius OEM,2,2,28,5631.26,USD,Yes
AGS-0074,NorthForge Technologies,Singapore,Product,SEN,AUR-SEN-00073,Process Sensor Series 173,Northstar OEM,3,5,7,5574.26,USD,Yes
AGS-0034,PrimeFlow Components,Italy,Product,SEN,AUR-SEN-00073,Process Sensor Series 173,Global Standard,4,1,43,5729.77,USD,Yes
AGS-0017,VectorValve Cable Systems,Singapore,Product,CMP,AUR-CMP-00074,Compressor Component Series 174,Global Standard,1,1,66,9179.44,USD,Yes
AGS-0024,VectorValve Heat Transfer,Mexico,Product,CMP,AUR-CMP-00074,Compressor Component Series 174,Northstar OEM,2,1,21,7685.6,USD,Yes
AGS-0057,PrimeFlow Valve Automation,Mexico,Product,CMP,AUR-CMP-00074,Compressor Component Series 174,Aurelius OEM,3,1,42,9216.01,USD,Yes
AGS-0024,VectorValve Heat Transfer,Mexico,Product,SAF,AUR-SAF-00075,Safety Equipment Series 175,Northstar OEM,1,5,53,729.91,USD,Yes
AGS-0033,PrimeFlow Manufacturing,Mexico,Product,SAF,AUR-SAF-00075,Safety Equipment Series 175,Vector Industrial,2,1,56,926.44,USD,Yes
AGS-0036,PrimeFlow Industries,Mexico,Product,SAF,AUR-SAF-00075,Safety Equipment Series 175,Prime Process,3,5,42,929.95,USD,Yes
AGS-0031,VectorValve Process Instruments,Italy,Product,PLC,AUR-PLC-00076,Automation Controller Series 176,Global Standard,1,1,55,3029.68,USD,Yes
AGS-0007,VectorValve Bearing Works,Italy,Product,PLC,AUR-PLC-00076,Automation Controller Series 176,Global Standard,2,1,39,2550.35,USD,Yes
AGS-0038,PrimeFlow Systems,Singapore,Product,DRV,AUR-DRV-00077,Variable Frequency Drive Series 177,Global Standard,1,1,41,8912.05,USD,Yes
AGS-0012,VectorValve Electric,Mexico,Product,DRV,AUR-DRV-00077,Variable Frequency Drive Series 177,Prime Process,2,2,48,9908.31,USD,Yes
AGS-0060,PrimeFlow Hose & Fittings,Mexico,Product,DRV,AUR-DRV-00077,Variable Frequency Drive Series 177,Aurelius OEM,3,1,60,8630.12,USD,Yes
AGS-0045,PrimeFlow Controls,Mexico,Product,HEX,AUR-HEX-00078,Heat Exchanger Part Series 178,Aurelius OEM,1,1,36,451.22,USD,Yes
AGS-0056,PrimeFlow Heat Transfer,Singapore,Product,HEX,AUR-HEX-00078,Heat Exchanger Part Series 178,Northstar OEM,2,1,56,447.64,USD,Yes
AGS-0016,VectorValve Process Equipment,Italy,Product,HEX,AUR-HEX-00078,Heat Exchanger Part Series 178,Prime Process,3,1,67,509.84,USD,Yes
AGS-0071,NorthForge Bearing Works,Singapore,Product,HEX,AUR-HEX-00078,Heat Exchanger Part Series 178,Prime Process,4,1,70,488.26,USD,Yes
AGS-0052,PrimeFlow Gearworks,Italy,Product,LUB,AUR-LUB-00079,Industrial Lubrication Series 179,Global Standard,1,2,54,6332.27,USD,Yes
AGS-0020,VectorValve Gearworks,Singapore,Product,LUB,AUR-LUB-00079,Industrial Lubrication Series 179,Aurelius OEM,2,1,64,6401.29,USD,Yes
AGS-0080,NorthForge Process Equipment,Singapore,Product,LUB,AUR-LUB-00079,Industrial Lubrication Series 179,Vector Industrial,3,5,29,7246.66,USD,Yes
AGS-0059,PrimeFlow Technical Metals,Singapore,Product,TOL,AUR-TOL-00080,Specialty Tooling Series 180,Aurelius OEM,1,1,46,4582.51,USD,Yes
AGS-0024,VectorValve Heat Transfer,Mexico,Product,TOL,AUR-TOL-00080,Specialty Tooling Series 180,Vector Industrial,2,1,52,3446.81,USD,Yes
AGS-0080,NorthForge Process Equipment,Singapore,Product,TOL,AUR-TOL-00080,Specialty Tooling Series 180,Vector Industrial,3,5,46,4368.65,USD,Yes
AGS-0067,NorthForge Pumps,Italy,Product,PMP,AUR-PMP-00081,Centrifugal Pump Series 181,Northstar OEM,1,1,55,30055.26,USD,Yes
AGS-0073,NorthForge Actuation,Italy,Product,PMP,AUR-PMP-00081,Centrifugal Pump Series 181,Aurelius OEM,2,2,48,30606.74,USD,Yes
AGS-0074,NorthForge Technologies,Singapore,Product,VLV,AUR-VLV-00082,Control Valve Series 182,Vector Industrial,1,1,44,4514.78,USD,Yes
AGS-0039,PrimeFlow Bearing Works,Mexico,Product,VLV,AUR-VLV-00082,Control Valve Series 182,Aurelius OEM,2,5,31,4583.28,USD,Yes
AGS-0009,VectorValve Actuation,Mexico,Product,VLV,AUR-VLV-00082,Control Valve Series 182,Vector Industrial,3,1,37,4847.02,USD,Yes
AGS-0035,PrimeFlow Pumps,Singapore,Product,VLV,AUR-VLV-00082,Control Valve Series 182,Global Standard,4,1,25,4904.73,USD,Yes
AGS-0081,NorthForge Cable Systems,Mexico,Product,BRG,AUR-BRG-00083,Industrial Bearing Series 183,Vector Industrial,1,1,69,2856.7,USD,Yes
AGS-0007,VectorValve Bearing Works,Italy,Product,BRG,AUR-BRG-00083,Industrial Bearing Series 183,Vector Industrial,2,2,52,2424.42,USD,Yes
AGS-0003,VectorValve Pumps,Mexico,Product,INS,AUR-INS-00084,Pressure Instrument Series 184,Vector Industrial,1,1,34,6444.63,USD,Yes
AGS-0027,VectorValve Technical Metals,Mexico,Product,INS,AUR-INS-00084,Pressure Instrument Series 184,Global Standard,2,1,87,6090.66,USD,Yes
AGS-0010,VectorValve Technologies,Italy,Product,MTR,AUR-MTR-00085,Electric Motor Series 185,Aurelius OEM,1,1,65,8099.67,USD,Yes
AGS-0057,PrimeFlow Valve Automation,Mexico,Product,MTR,AUR-MTR-00085,Electric Motor Series 185,Aurelius OEM,2,1,51,9678.9,USD,Yes
AGS-0030,VectorValve Mechanical Supply,Mexico,Product,MTR,AUR-MTR-00085,Electric Motor Series 185,Northstar OEM,3,2,38,8562.1,USD,Yes
AGS-0017,VectorValve Cable Systems,Singapore,Product,SEA,AUR-SEA-00086,Mechanical Seal Series 186,Global Standard,1,5,70,2058.03,USD,Yes
AGS-0083,NorthForge Safety Supply,Singapore,Product,SEA,AUR-SEA-00086,Mechanical Seal Series 186,Vector Industrial,2,1,27,1510.49,USD,Yes
AGS-0002,VectorValve Components,Singapore,Product,SEA,AUR-SEA-00086,Mechanical Seal Series 186,Global Standard,3,1,35,2013.36,USD,Yes
AGS-0024,VectorValve Heat Transfer,Mexico,Product,FLT,AUR-FLT-00087,Process Filter Series 187,Northstar OEM,1,2,59,2821.44,USD,Yes
AGS-0038,PrimeFlow Systems,Singapore,Product,FLT,AUR-FLT-00087,Process Filter Series 187,Prime Process,2,1,64,3150.68,USD,Yes
AGS-0048,PrimeFlow Process Equipment,Mexico,Product,FLT,AUR-FLT-00087,Process Filter Series 187,Vector Industrial,3,2,19,2882.13,USD,Yes
AGS-0031,VectorValve Process Instruments,Italy,Product,ACT,AUR-ACT-00088,Valve Actuator Series 188,Prime Process,1,1,54,3633.26,USD,Yes
AGS-0068,NorthForge Industries,Singapore,Product,ACT,AUR-ACT-00088,Valve Actuator Series 188,Vector Industrial,2,1,75,3212.24,USD,Yes
AGS-0038,PrimeFlow Systems,Singapore,Product,GSK,AUR-GSK-00089,Industrial Gasket Series 189,Northstar OEM,1,1,38,6628.41,USD,Yes
AGS-0035,PrimeFlow Pumps,Singapore,Product,GSK,AUR-GSK-00089,Industrial Gasket Series 189,Northstar OEM,2,2,60,6242.15,USD,Yes
AGS-0046,PrimeFlow Fasteners,Italy,Product,HOS,AUR-HOS-00090,Hydraulic Hose Series 190,Global Standard,1,1,44,4954.79,USD,Yes
AGS-0039,PrimeFlow Bearing Works,Mexico,Product,HOS,AUR-HOS-00090,Hydraulic Hose Series 190,Northstar OEM,2,1,50,4795.99,USD,Yes
AGS-0008,VectorValve Hydraulics,Singapore,Product,HOS,AUR-HOS-00090,Hydraulic Hose Series 190,Aurelius OEM,3,1,7,4329.52,USD,Yes
AGS-0053,PrimeFlow Marine Components,Singapore,Product,FIT,AUR-FIT-00091,Pipe Fitting Series 191,Global Standard,1,1,36,4085.66,USD,Yes
AGS-0015,VectorValve Fabrication,Mexico,Product,FIT,AUR-FIT-00091,Pipe Fitting Series 191,Prime Process,2,1,40,3916.27,USD,Yes
AGS-0060,PrimeFlow Hose & Fittings,Mexico,Product,CAB,AUR-CAB-00092,Instrumentation Cable Series 192,Aurelius OEM,1,1,38,8454.65,USD,Yes
AGS-0006,VectorValve Systems,Mexico,Product,CAB,AUR-CAB-00092,Instrumentation Cable Series 192,Prime Process,2,1,46,7978.49,USD,Yes
AGS-0014,VectorValve Fasteners,Singapore,Product,CAB,AUR-CAB-00092,Instrumentation Cable Series 192,Prime Process,3,1,29,8754.75,USD,Yes
AGS-0068,NorthForge Industries,Singapore,Product,CAB,AUR-CAB-00092,Instrumentation Cable Series 192,Aurelius OEM,4,1,74,7141.15,USD,Yes
AGS-0067,NorthForge Pumps,Italy,Product,SEN,AUR-SEN-00093,Process Sensor Series 193,Vector Industrial,1,1,64,2795.81,USD,Yes
AGS-0008,VectorValve Hydraulics,Singapore,Product,SEN,AUR-SEN-00093,Process Sensor Series 193,Northstar OEM,2,1,50,2414.4,USD,Yes
AGS-0061,PrimeFlow Motion Controls,Italy,Product,SEN,AUR-SEN-00093,Process Sensor Series 193,Aurelius OEM,3,2,55,2794.66,USD,Yes
AGS-0074,NorthForge Technologies,Singapore,Product,CMP,AUR-CMP-00094,Compressor Component Series 194,Northstar OEM,1,1,38,3894.63,USD,Yes
AGS-0055,PrimeFlow Industrial Plastics,Italy,Product,CMP,AUR-CMP-00094,Compressor Component Series 194,Global Standard,2,1,32,3781.39,USD,Yes
AGS-0001,VectorValve Manufacturing,Italy,Product,CMP,AUR-CMP-00094,Compressor Component Series 194,Northstar OEM,3,1,66,3991.83,USD,Yes
AGS-0064,PrimeFlow Specialty Alloys,Italy,Product,CMP,AUR-CMP-00094,Compressor Component Series 194,Northstar OEM,4,1,24,4161.89,USD,Yes
AGS-0081,NorthForge Cable Systems,Mexico,Product,SAF,AUR-SAF-00095,Safety Equipment Series 195,Northstar OEM,1,5,32,9743.15,USD,Yes
AGS-0072,NorthForge Hydraulics,Mexico,Product,SAF,AUR-SAF-00095,Safety Equipment Series 195,Northstar OEM,2,1,48,9611.26,USD,Yes
AGS-0003,VectorValve Pumps,Mexico,Product,PLC,AUR-PLC-00096,Automation Controller Series 196,Vector Industrial,1,1,27,2598.19,USD,Yes
AGS-0053,PrimeFlow Marine Components,Singapore,Product,PLC,AUR-PLC-00096,Automation Controller Series 196,Global Standard,2,1,53,2533.63,USD,Yes
AGS-0010,VectorValve Technologies,Italy,Product,DRV,AUR-DRV-00097,Variable Frequency Drive Series 197,Aurelius OEM,1,2,42,3038.04,USD,Yes
AGS-0049,PrimeFlow Cable Systems,Italy,Product,DRV,AUR-DRV-00097,Variable Frequency Drive Series 197,Global Standard,2,5,49,3712.58,USD,Yes
AGS-0081,NorthForge Cable Systems,Mexico,Product,DRV,AUR-DRV-00097,Variable Frequency Drive Series 197,Global Standard,3,1,18,3451.34,USD,Yes
AGS-0017,VectorValve Cable Systems,Singapore,Product,HEX,AUR-HEX-00098,Heat Exchanger Part Series 198,Aurelius OEM,1,1,42,11515.26,USD,Yes
AGS-0063,PrimeFlow Process Instruments,Mexico,Product,HEX,AUR-HEX-00098,Heat Exchanger Part Series 198,Prime Process,2,5,42,11785.8,USD,Yes
AGS-0082,NorthForge Filter Technologies,Italy,Product,HEX,AUR-HEX-00098,Heat Exchanger Part Series 198,Aurelius OEM,3,1,47,12754.53,USD,Yes
AGS-0025,VectorValve Valve Automation,Italy,Product,LUB,AUR-LUB-00099,Industrial Lubrication Series 199,Prime Process,1,1,67,1442.81,USD,Yes
AGS-0066,NorthForge Components,Mexico,Product,LUB,AUR-LUB-00099,Industrial Lubrication Series 199,Prime Process,2,5,76,1402.03,USD,Yes
AGS-0046,PrimeFlow Fasteners,Italy,Product,LUB,AUR-LUB-00099,Industrial Lubrication Series 199,Aurelius OEM,3,2,52,1495.22,USD,Yes
AGS-0056,PrimeFlow Heat Transfer,Singapore,Product,LUB,AUR-LUB-00099,Industrial Lubrication Series 199,Northstar OEM,4,1,22,1292.88,USD,Yes
AGS-0032,VectorValve Specialty Alloys,Singapore,Product,TOL,AUR-TOL-00100,Specialty Tooling Series 200,Prime Process,1,1,13,8557.82,USD,Yes
AGS-0012,VectorValve Electric,Mexico,Product,TOL,AUR-TOL-00100,Specialty Tooling Series 200,Global Standard,2,1,60,8788.78,USD,Yes
AGS-0039,PrimeFlow Bearing Works,Mexico,Product,PMP,AUR-PMP-00101,Centrifugal Pump Series 201,Vector Industrial,1,5,43,2170.74,USD,Yes
AGS-0067,NorthForge Pumps,Italy,Product,PMP,AUR-PMP-00101,Centrifugal Pump Series 201,Northstar OEM,2,1,55,2208.91,USD,Yes
AGS-0046,PrimeFlow Fasteners,Italy,Product,VLV,AUR-VLV-00102,Control Valve Series 202,Vector Industrial,1,2,74,1711.14,USD,Yes
AGS-0019,VectorValve Safety Supply,Italy,Product,VLV,AUR-VLV-00102,Control Valve Series 202,Prime Process,2,1,66,1605.85,USD,Yes
AGS-0050,PrimeFlow Filter Technologies,Singapore,Product,VLV,AUR-VLV-00102,Control Valve Series 202,Northstar OEM,3,1,70,1784.76,USD,Yes
AGS-0053,PrimeFlow Marine Components,Singapore,Product,BRG,AUR-BRG-00103,Industrial Bearing Series 203,Prime Process,1,1,69,4438.26,USD,Yes
AGS-0076,NorthForge Electric,Italy,Product,BRG,AUR-BRG-00103,Industrial Bearing Series 203,Global Standard,2,1,39,4920.86,USD,Yes
AGS-0024,VectorValve Heat Transfer,Mexico,Product,BRG,AUR-BRG-00103,Industrial Bearing Series 203,Aurelius OEM,3,2,17,3806.46,USD,Yes
AGS-0060,PrimeFlow Hose & Fittings,Mexico,Product,INS,AUR-INS-00104,Pressure Instrument Series 204,Northstar OEM,1,2,42,3353.55,USD,Yes
AGS-0021,VectorValve Marine Components,Mexico,Product,INS,AUR-INS-00104,Pressure Instrument Series 204,Vector Industrial,2,2,48,3244.5,USD,Yes
AGS-0071,NorthForge Bearing Works,Singapore,Product,INS,AUR-INS-00104,Pressure Instrument Series 204,Aurelius OEM,3,1,58,3416.29,USD,Yes
AGS-0067,NorthForge Pumps,Italy,Product,MTR,AUR-MTR-00105,Electric Motor Series 205,Northstar OEM,1,1,61,15862.11,USD,Yes
AGS-0066,NorthForge Components,Mexico,Product,MTR,AUR-MTR-00105,Electric Motor Series 205,Aurelius OEM,2,1,47,13498.75,USD,Yes
AGS-0056,PrimeFlow Heat Transfer,Singapore,Product,MTR,AUR-MTR-00105,Electric Motor Series 205,Vector Industrial,3,1,55,13450.85,USD,Yes
AGS-0074,NorthForge Technologies,Singapore,Product,SEA,AUR-SEA-00106,Mechanical Seal Series 206,Aurelius OEM,1,5,35,7930.44,USD,Yes
AGS-0024,VectorValve Heat Transfer,Mexico,Product,SEA,AUR-SEA-00106,Mechanical Seal Series 206,Prime Process,2,1,47,7704.48,USD,Yes
AGS-0041,PrimeFlow Actuation,Singapore,Product,SEA,AUR-SEA-00106,Mechanical Seal Series 206,Global Standard,3,1,44,8330.05,USD,Yes
AGS-0081,NorthForge Cable Systems,Mexico,Product,FLT,AUR-FLT-00107,Process Filter Series 207,Global Standard,1,1,65,6874.37,USD,Yes
AGS-0047,PrimeFlow Fabrication,Singapore,Product,FLT,AUR-FLT-00107,Process Filter Series 207,Aurelius OEM,2,1,59,6415.85,USD,Yes
AGS-0004,VectorValve Industries,Italy,Product,ACT,AUR-ACT-00108,Valve Actuator Series 208,Aurelius OEM,1,1,23,2819.63,USD,Yes
AGS-0034,PrimeFlow Components,Italy,Product,ACT,AUR-ACT-00108,Valve Actuator Series 208,Global Standard,2,1,37,2769.24,USD,Yes
AGS-0003,VectorValve Pumps,Mexico,Product,ACT,AUR-ACT-00108,Valve Actuator Series 208,Aurelius OEM,3,1,33,3007.44,USD,Yes
AGS-0011,VectorValve Gasket & Seal,Singapore,Product,GSK,AUR-GSK-00109,Industrial Gasket Series 209,Prime Process,1,1,55,5338.4,USD,Yes
AGS-0040,PrimeFlow Hydraulics,Italy,Product,GSK,AUR-GSK-00109,Industrial Gasket Series 209,Aurelius OEM,2,1,29,4347.39,USD,Yes
AGS-0013,VectorValve Controls,Italy,Product,GSK,AUR-GSK-00109,Industrial Gasket Series 209,Northstar OEM,3,1,50,4960.75,USD,Yes
AGS-0018,VectorValve Filter Technologies,Mexico,Product,HOS,AUR-HOS-00110,Hydraulic Hose Series 210,Vector Industrial,1,1,35,8225.97,USD,Yes
AGS-0016,VectorValve Process Equipment,Italy,Product,HOS,AUR-HOS-00110,Hydraulic Hose Series 210,Northstar OEM,2,1,63,8297.44,USD,Yes
AGS-0063,PrimeFlow Process Instruments,Mexico,Product,HOS,AUR-HOS-00110,Hydraulic Hose Series 210,Global Standard,3,1,61,9202.37,USD,Yes
AGS-0025,VectorValve Valve Automation,Italy,Product,FIT,AUR-FIT-00111,Pipe Fitting Series 211,Northstar OEM,1,5,49,4312.46,USD,Yes
AGS-0043,PrimeFlow Gasket & Seal,Italy,Product,FIT,AUR-FIT-00111,Pipe Fitting Series 211,Vector Industrial,2,5,16,4592.01,USD,Yes
AGS-0032,VectorValve Specialty Alloys,Singapore,Product,CAB,AUR-CAB-00112,Instrumentation Cable Series 212,Northstar OEM,1,2,12,7545.36,USD,Yes
AGS-0076,NorthForge Electric,Italy,Product,CAB,AUR-CAB-00112,Instrumentation Cable Series 212,Aurelius OEM,2,2,36,7398.68,USD,Yes
AGS-0039,PrimeFlow Bearing Works,Mexico,Product,SEN,AUR-SEN-00113,Process Sensor Series 213,Northstar OEM,1,5,32,8320.33,USD,Yes
AGS-0029,VectorValve Motion Controls,Singapore,Product,SEN,AUR-SEN-00113,Process Sensor Series 213,Vector Industrial,2,2,37,7519.08,USD,Yes
AGS-0075,NorthForge Gasket & Seal,Mexico,Product,SEN,AUR-SEN-00113,Process Sensor Series 213,Aurelius OEM,3,1,71,7305.74,USD,Yes
AGS-0046,PrimeFlow Fasteners,Italy,Product,CMP,AUR-CMP-00114,Compressor Component Series 214,Aurelius OEM,1,5,53,9163.98,USD,Yes
AGS-0030,VectorValve Mechanical Supply,Mexico,Product,CMP,AUR-CMP-00114,Compressor Component Series 214,Northstar OEM,2,5,31,8272.05,USD,Yes
AGS-0053,PrimeFlow Marine Components,Singapore,Product,SAF,AUR-SAF-00115,Safety Equipment Series 215,Global Standard,1,2,49,4545.76,USD,Yes
AGS-0064,PrimeFlow Specialty Alloys,Italy,Product,SAF,AUR-SAF-00115,Safety Equipment Series 215,Vector Industrial,2,5,32,4178.89,USD,Yes
AGS-0023,VectorValve Industrial Plastics,Singapore,Product,SAF,AUR-SAF-00115,Safety Equipment Series 215,Aurelius OEM,3,1,23,4179.25,USD,Yes
AGS-0060,PrimeFlow Hose & Fittings,Mexico,Product,PLC,AUR-PLC-00116,Automation Controller Series 216,Prime Process,1,2,51,4164.17,USD,Yes
AGS-0015,VectorValve Fabrication,Mexico,Product,PLC,AUR-PLC-00116,Automation Controller Series 216,Northstar OEM,2,1,59,3968.7,USD,Yes
AGS-0014,VectorValve Fasteners,Singapore,Product,PLC,AUR-PLC-00116,Automation Controller Series 216,Northstar OEM,3,1,90,4586.8,USD,Yes
AGS-0068,NorthForge Industries,Singapore,Product,DRV,AUR-DRV-00117,Variable Frequency Drive Series 217,Global Standard,1,1,24,1174.92,USD,Yes
AGS-0043,PrimeFlow Gasket & Seal,Italy,Product,DRV,AUR-DRV-00117,Variable Frequency Drive Series 217,Prime Process,2,2,62,1433.55,USD,Yes
AGS-0075,NorthForge Gasket & Seal,Mexico,Product,HEX,AUR-HEX-00118,Heat Exchanger Part Series 218,Global Standard,1,1,61,13344.65,USD,Yes
AGS-0069,NorthForge Instrumentation,Mexico,Product,HEX,AUR-HEX-00118,Heat Exchanger Part Series 218,Vector Industrial,2,1,62,16020.19,USD,Yes
AGS-0082,NorthForge Filter Technologies,Italy,Product,LUB,AUR-LUB-00119,Industrial Lubrication Series 219,Vector Industrial,1,2,70,3552.36,USD,Yes
AGS-0065,NorthForge Manufacturing,Singapore,Product,LUB,AUR-LUB-00119,Industrial Lubrication Series 219,Global Standard,2,1,42,3212.21,USD,Yes
AGS-0004,VectorValve Industries,Italy,Product,TOL,AUR-TOL-00120,Specialty Tooling Series 220,Vector Industrial,1,5,46,3954.52,USD,Yes
AGS-0002,VectorValve Components,Singapore,Product,TOL,AUR-TOL-00120,Specialty Tooling Series 220,Global Standard,2,5,25,4838.91,USD,Yes
AGS-0011,VectorValve Gasket & Seal,Singapore,Product,PMP,AUR-PMP-00121,Centrifugal Pump Series 221,Vector Industrial,1,5,47,10320.83,USD,Yes
AGS-0016,VectorValve Process Equipment,Italy,Product,PMP,AUR-PMP-00121,Centrifugal Pump Series 221,Vector Industrial,2,1,58,9817.31,USD,Yes
AGS-0018,VectorValve Filter Technologies,Mexico,Product,VLV,AUR-VLV-00122,Control Valve Series 222,Prime Process,1,5,42,8574.85,USD,Yes
AGS-0051,PrimeFlow Safety Supply,Mexico,Product,VLV,AUR-VLV-00122,Control Valve Series 222,Prime Process,2,5,55,7922.32,USD,Yes
AGS-0025,VectorValve Valve Automation,Italy,Product,BRG,AUR-BRG-00123,Industrial Bearing Series 223,Northstar OEM,1,5,90,4831.64,USD,Yes
AGS-0030,VectorValve Mechanical Supply,Mexico,Product,BRG,AUR-BRG-00123,Industrial Bearing Series 223,Prime Process,2,2,24,4533.85,USD,Yes
AGS-0032,VectorValve Specialty Alloys,Singapore,Product,INS,AUR-INS-00124,Pressure Instrument Series 224,Prime Process,1,1,32,1961.9,USD,Yes
AGS-0028,VectorValve Hose & Fittings,Italy,Product,INS,AUR-INS-00124,Pressure Instrument Series 224,Northstar OEM,2,5,51,1621.54,USD,Yes
AGS-0039,PrimeFlow Bearing Works,Mexico,Product,MTR,AUR-MTR-00125,Electric Motor Series 225,Northstar OEM,1,1,31,1702.05,USD,Yes
AGS-0044,PrimeFlow Electric,Singapore,Product,MTR,AUR-MTR-00125,Electric Motor Series 225,Global Standard,2,2,43,1589.53,USD,Yes
AGS-0047,PrimeFlow Fabrication,Singapore,Product,SEA,AUR-SEA-00126,Mechanical Seal Series 226,Vector Industrial,1,2,42,2945.62,USD,Yes
AGS-0015,VectorValve Fabrication,Mexico,Product,SEA,AUR-SEA-00126,Mechanical Seal Series 226,Vector Industrial,2,1,38,2650.72,USD,Yes
AGS-0045,PrimeFlow Controls,Mexico,Product,SEA,AUR-SEA-00126,Mechanical Seal Series 226,Vector Industrial,3,1,28,2275.9,USD,Yes
AGS-0058,PrimeFlow Sensor Labs,Italy,Product,SEA,AUR-SEA-00126,Mechanical Seal Series 226,Global Standard,4,1,30,2900.57,USD,Yes
AGS-0054,PrimeFlow Compressor Parts,Mexico,Product,FLT,AUR-FLT-00127,Process Filter Series 227,Northstar OEM,1,1,42,4963.17,USD,Yes
AGS-0016,VectorValve Process Equipment,Italy,Product,FLT,AUR-FLT-00127,Process Filter Series 227,Vector Industrial,2,1,55,5274.44,USD,Yes
AGS-0034,PrimeFlow Components,Italy,Product,FLT,AUR-FLT-00127,Process Filter Series 227,Vector Industrial,3,2,27,4383.01,USD,Yes
AGS-0061,PrimeFlow Motion Controls,Italy,Product,ACT,AUR-ACT-00128,Valve Actuator Series 228,Vector Industrial,1,1,43,2658.07,USD,Yes
AGS-0016,VectorValve Process Equipment,Italy,Product,ACT,AUR-ACT-00128,Valve Actuator Series 228,Northstar OEM,2,5,60,2648.48,USD,Yes
AGS-0072,NorthForge Hydraulics,Mexico,Product,ACT,AUR-ACT-00128,Valve Actuator Series 228,Global Standard,3,1,56,2754.0,USD,Yes
AGS-0068,NorthForge Industries,Singapore,Product,GSK,AUR-GSK-00129,Industrial Gasket Series 229,Prime Process,1,5,45,6697.62,USD,Yes
AGS-0085,NorthForge Marine Components,Italy,Product,GSK,AUR-GSK-00129,Industrial Gasket Series 229,Prime Process,2,1,38,7829.73,USD,Yes
AGS-0075,NorthForge Gasket & Seal,Mexico,Product,HOS,AUR-HOS-00130,Hydraulic Hose Series 230,Prime Process,1,5,46,6433.9,USD,Yes
AGS-0082,NorthForge Filter Technologies,Italy,Product,HOS,AUR-HOS-00130,Hydraulic Hose Series 230,Aurelius OEM,2,1,58,8052.68,USD,Yes
AGS-0068,NorthForge Industries,Singapore,Product,HOS,AUR-HOS-00130,Hydraulic Hose Series 230,Prime Process,3,5,75,6838.67,USD,Yes
AGS-0082,NorthForge Filter Technologies,Italy,Product,FIT,AUR-FIT-00131,Pipe Fitting Series 231,Aurelius OEM,1,5,48,8079.66,USD,Yes
AGS-0055,PrimeFlow Industrial Plastics,Italy,Product,FIT,AUR-FIT-00131,Pipe Fitting Series 231,Vector Industrial,2,1,38,7062.5,USD,Yes
AGS-0004,VectorValve Industries,Italy,Product,CAB,AUR-CAB-00132,Instrumentation Cable Series 232,Prime Process,1,1,32,5673.96,USD,Yes
AGS-0083,NorthForge Safety Supply,Singapore,Product,CAB,AUR-CAB-00132,Instrumentation Cable Series 232,Aurelius OEM,2,1,31,5452.42,USD,Yes
AGS-0028,VectorValve Hose & Fittings,Italy,Product,CAB,AUR-CAB-00132,Instrumentation Cable Series 232,Global Standard,3,1,45,5713.93,USD,Yes
AGS-0060,PrimeFlow Hose & Fittings,Mexico,Product,CAB,AUR-CAB-00132,Instrumentation Cable Series 232,Vector Industrial,4,2,62,6278.63,USD,Yes
AGS-0011,VectorValve Gasket & Seal,Singapore,Product,SEN,AUR-SEN-00133,Process Sensor Series 233,Vector Industrial,1,1,64,7808.46,USD,Yes
AGS-0078,NorthForge Fasteners,Mexico,Product,SEN,AUR-SEN-00133,Process Sensor Series 233,Northstar OEM,2,5,49,6103.93,USD,Yes
AGS-0021,VectorValve Marine Components,Mexico,Product,SEN,AUR-SEN-00133,Process Sensor Series 233,Prime Process,3,1,55,6457.07,USD,Yes
AGS-0041,PrimeFlow Actuation,Singapore,Product,SEN,AUR-SEN-00133,Process Sensor Series 233,Prime Process,4,1,38,6771.07,USD,Yes
AGS-0018,VectorValve Filter Technologies,Mexico,Product,CMP,AUR-CMP-00134,Compressor Component Series 234,Northstar OEM,1,1,64,8449.07,USD,Yes
AGS-0076,NorthForge Electric,Italy,Product,CMP,AUR-CMP-00134,Compressor Component Series 234,Global Standard,2,1,15,10420.1,USD,Yes
AGS-0085,NorthForge Marine Components,Italy,Product,CMP,AUR-CMP-00134,Compressor Component Series 234,Aurelius OEM,3,1,16,8016.3,USD,Yes
AGS-0068,NorthForge Industries,Singapore,Product,CMP,AUR-CMP-00134,Compressor Component Series 234,Vector Industrial,4,5,43,8135.61,USD,Yes
AGS-0026,VectorValve Sensor Labs,Singapore,Product,SAF,AUR-SAF-00135,Safety Equipment Series 235,Prime Process,1,1,26,6746.86,USD,Yes
AGS-0014,VectorValve Fasteners,Singapore,Product,SAF,AUR-SAF-00135,Safety Equipment Series 235,Global Standard,2,1,41,7626.67,USD,Yes
AGS-0015,VectorValve Fabrication,Mexico,Product,SAF,AUR-SAF-00135,Safety Equipment Series 235,Vector Industrial,3,5,79,6433.17,USD,Yes
AGS-0037,PrimeFlow Instrumentation,Italy,Product,SAF,AUR-SAF-00135,Safety Equipment Series 235,Global Standard,4,1,57,6484.26,USD,Yes
AGS-0033,PrimeFlow Manufacturing,Mexico,Product,PLC,AUR-PLC-00136,Automation Controller Series 236,Global Standard,1,5,51,5764.47,USD,Yes
AGS-0064,PrimeFlow Specialty Alloys,Italy,Product,PLC,AUR-PLC-00136,Automation Controller Series 236,Aurelius OEM,2,1,38,5172.48,USD,Yes
AGS-0040,PrimeFlow Hydraulics,Italy,Product,DRV,AUR-DRV-00137,Variable Frequency Drive Series 237,Northstar OEM,1,1,48,2165.44,USD,Yes
AGS-0068,NorthForge Industries,Singapore,Product,DRV,AUR-DRV-00137,Variable Frequency Drive Series 237,Global Standard,2,1,32,2046.9,USD,Yes
AGS-0055,PrimeFlow Industrial Plastics,Italy,Product,DRV,AUR-DRV-00137,Variable Frequency Drive Series 237,Northstar OEM,3,1,39,2224.92,USD,Yes
AGS-0052,PrimeFlow Gearworks,Italy,Product,DRV,AUR-DRV-00137,Variable Frequency Drive Series 237,Prime Process,4,5,73,2433.08,USD,Yes
AGS-0047,PrimeFlow Fabrication,Singapore,Product,HEX,AUR-HEX-00138,Heat Exchanger Part Series 238,Vector Industrial,1,1,66,1580.28,USD,Yes
AGS-0028,VectorValve Hose & Fittings,Italy,Product,HEX,AUR-HEX-00138,Heat Exchanger Part Series 238,Aurelius OEM,2,2,32,1430.62,USD,Yes
AGS-0054,PrimeFlow Compressor Parts,Mexico,Product,LUB,AUR-LUB-00139,Industrial Lubrication Series 239,Global Standard,1,1,55,2798.84,USD,Yes
AGS-0063,PrimeFlow Process Instruments,Mexico,Product,LUB,AUR-LUB-00139,Industrial Lubrication Series 239,Global Standard,2,1,46,2880.78,USD,Yes
AGS-0062,PrimeFlow Mechanical Supply,Singapore,Product,LUB,AUR-LUB-00139,Industrial Lubrication Series 239,Global Standard,3,5,50,2214.78,USD,Yes
AGS-0029,VectorValve Motion Controls,Singapore,Product,LUB,AUR-LUB-00139,Industrial Lubrication Series 239,Global Standard,4,5,28,2334.71,USD,Yes
AGS-0061,PrimeFlow Motion Controls,Italy,Product,TOL,AUR-TOL-00140,Specialty Tooling Series 240,Global Standard,1,5,17,8002.96,USD,Yes
AGS-0052,PrimeFlow Gearworks,Italy,Product,TOL,AUR-TOL-00140,Specialty Tooling Series 240,Global Standard,2,5,71,8502.23,USD,Yes
AGS-0050,PrimeFlow Filter Technologies,Singapore,Product,TOL,AUR-TOL-00140,Specialty Tooling Series 240,Northstar OEM,3,1,49,7713.03,USD,Yes
AGS-0068,NorthForge Industries,Singapore,Product,PMP,AUR-PMP-00141,Centrifugal Pump Series 241,Prime Process,1,5,54,19749.78,USD,Yes
AGS-0023,VectorValve Industrial Plastics,Singapore,Product,PMP,AUR-PMP-00141,Centrifugal Pump Series 241,Aurelius OEM,2,2,27,23326.9,USD,Yes
AGS-0054,PrimeFlow Compressor Parts,Mexico,Product,PMP,AUR-PMP-00141,Centrifugal Pump Series 241,Prime Process,3,2,36,24192.02,USD,Yes
AGS-0075,NorthForge Gasket & Seal,Mexico,Product,VLV,AUR-VLV-00142,Control Valve Series 242,Vector Industrial,1,2,37,2390.28,USD,Yes
AGS-0029,VectorValve Motion Controls,Singapore,Product,VLV,AUR-VLV-00142,Control Valve Series 242,Prime Process,2,1,27,2615.93,USD,Yes
AGS-0026,VectorValve Sensor Labs,Singapore,Product,VLV,AUR-VLV-00142,Control Valve Series 242,Aurelius OEM,3,5,87,2594.62,USD,Yes
AGS-0082,NorthForge Filter Technologies,Italy,Product,BRG,AUR-BRG-00143,Industrial Bearing Series 243,Prime Process,1,1,60,6575.82,USD,Yes
AGS-0022,VectorValve Compressor Parts,Italy,Product,BRG,AUR-BRG-00143,Industrial Bearing Series 243,Vector Industrial,2,5,24,6708.53,USD,Yes
AGS-0048,PrimeFlow Process Equipment,Mexico,Product,BRG,AUR-BRG-00143,Industrial Bearing Series 243,Prime Process,3,1,59,4948.56,USD,Yes
AGS-0011,VectorValve Gasket & Seal,Singapore,Product,BRG,AUR-BRG-00143,Industrial Bearing Series 243,Global Standard,4,1,50,7054.24,USD,Yes
AGS-0005,VectorValve Instrumentation,Singapore,Product,INS,AUR-INS-00144,Pressure Instrument Series 244,Global Standard,1,5,73,8766.37,USD,Yes
AGS-0076,NorthForge Electric,Italy,Product,INS,AUR-INS-00144,Pressure Instrument Series 244,Northstar OEM,2,5,28,9811.86,USD,Yes
AGS-0012,VectorValve Electric,Mexico,Product,MTR,AUR-MTR-00145,Electric Motor Series 245,Aurelius OEM,1,1,59,25609.77,USD,Yes
AGS-0068,NorthForge Industries,Singapore,Product,MTR,AUR-MTR-00145,Electric Motor Series 245,Vector Industrial,2,1,27,21255.11,USD,Yes
AGS-0019,VectorValve Safety Supply,Italy,Product,SEA,AUR-SEA-00146,Mechanical Seal Series 246,Vector Industrial,1,2,54,197.05,USD,Yes
AGS-0068,NorthForge Industries,Singapore,Product,SEA,AUR-SEA-00146,Mechanical Seal Series 246,Global Standard,2,5,44,188.0,USD,Yes
AGS-0013,VectorValve Controls,Italy,Product,SEA,AUR-SEA-00146,Mechanical Seal Series 246,Prime Process,3,2,45,219.77,USD,Yes
AGS-0026,VectorValve Sensor Labs,Singapore,Product,FLT,AUR-FLT-00147,Process Filter Series 247,Vector Industrial,1,1,79,4259.81,USD,Yes
AGS-0011,VectorValve Gasket & Seal,Singapore,Product,FLT,AUR-FLT-00147,Process Filter Series 247,Aurelius OEM,2,1,69,5213.7,USD,Yes
AGS-0060,PrimeFlow Hose & Fittings,Mexico,Product,FLT,AUR-FLT-00147,Process Filter Series 247,Global Standard,3,5,66,4417.75,USD,Yes
AGS-0033,PrimeFlow Manufacturing,Mexico,Product,ACT,AUR-ACT-00148,Valve Actuator Series 248,Aurelius OEM,1,5,44,3190.65,USD,Yes
AGS-0079,NorthForge Fabrication,Italy,Product,ACT,AUR-ACT-00148,Valve Actuator Series 248,Vector Industrial,2,1,78,2675.6,USD,Yes
AGS-0040,PrimeFlow Hydraulics,Italy,Product,GSK,AUR-GSK-00149,Industrial Gasket Series 249,Vector Industrial,1,5,45,2200.84,USD,Yes
AGS-0012,VectorValve Electric,Mexico,Product,GSK,AUR-GSK-00149,Industrial Gasket Series 249,Aurelius OEM,2,5,72,3107.29,USD,Yes
AGS-0047,PrimeFlow Fabrication,Singapore,Product,HOS,AUR-HOS-00150,Hydraulic Hose Series 250,Vector Industrial,1,2,43,2020.92,USD,Yes
AGS-0021,VectorValve Marine Components,Mexico,Product,HOS,AUR-HOS-00150,Hydraulic Hose Series 250,Prime Process,2,2,7,1693.01,USD,Yes
AGS-0084,NorthForge Gearworks,Mexico,Product,HOS,AUR-HOS-00150,Hydraulic Hose Series 250,Aurelius OEM,3,2,36,1744.82,USD,Yes
AGS-0054,PrimeFlow Compressor Parts,Mexico,Product,FIT,AUR-FIT-00151,Pipe Fitting Series 251,Prime Process,1,1,72,6935.97,USD,Yes
AGS-0070,NorthForge Systems,Italy,Product,FIT,AUR-FIT-00151,Pipe Fitting Series 251,Global Standard,2,5,49,6668.85,USD,Yes
AGS-0003,VectorValve Pumps,Mexico,Product,FIT,AUR-FIT-00151,Pipe Fitting Series 251,Aurelius OEM,3,2,62,6240.4,USD,Yes
AGS-0027,VectorValve Technical Metals,Mexico,Product,FIT,AUR-FIT-00151,Pipe Fitting Series 251,Global Standard,4,2,23,5652.76,USD,Yes
AGS-0061,PrimeFlow Motion Controls,Italy,Product,CAB,AUR-CAB-00152,Instrumentation Cable Series 252,Global Standard,1,5,38,3247.07,USD,Yes
AGS-0058,PrimeFlow Sensor Labs,Italy,Product,CAB,AUR-CAB-00152,Instrumentation Cable Series 252,Global Standard,2,5,7,3034.04,USD,Yes
AGS-0051,PrimeFlow Safety Supply,Mexico,Product,CAB,AUR-CAB-00152,Instrumentation Cable Series 252,Prime Process,3,1,33,2551.96,USD,Yes
AGS-0005,VectorValve Instrumentation,Singapore,Product,CAB,AUR-CAB-00152,Instrumentation Cable Series 252,Northstar OEM,4,2,58,3016.13,USD,Yes
AGS-0069,NorthForge Instrumentation,Mexico,Product,SEN,AUR-SEN-00153,Process Sensor Series 253,Prime Process,1,1,48,7118.79,USD,Yes
AGS-0070,NorthForge Systems,Italy,Product,SEN,AUR-SEN-00153,Process Sensor Series 253,Northstar OEM,2,1,43,6844.67,USD,Yes
AGS-0076,NorthForge Electric,Italy,Product,CMP,AUR-CMP-00154,Compressor Component Series 254,Prime Process,1,2,29,9848.7,USD,Yes
AGS-0055,PrimeFlow Industrial Plastics,Italy,Product,CMP,AUR-CMP-00154,Compressor Component Series 254,Global Standard,2,1,28,8264.73,USD,Yes
AGS-0083,NorthForge Safety Supply,Singapore,Product,SAF,AUR-SAF-00155,Safety Equipment Series 255,Northstar OEM,1,5,35,5377.49,USD,Yes
AGS-0041,PrimeFlow Actuation,Singapore,Product,SAF,AUR-SAF-00155,Safety Equipment Series 255,Global Standard,2,5,37,5620.99,USD,Yes
AGS-0005,VectorValve Instrumentation,Singapore,Product,PLC,AUR-PLC-00156,Automation Controller Series 256,Global Standard,1,5,79,4926.35,USD,Yes
AGS-0011,VectorValve Gasket & Seal,Singapore,Product,PLC,AUR-PLC-00156,Automation Controller Series 256,Northstar OEM,2,5,62,5415.66,USD,Yes
AGS-0057,PrimeFlow Valve Automation,Mexico,Product,PLC,AUR-PLC-00156,Automation Controller Series 256,Prime Process,3,1,30,4941.78,USD,Yes
AGS-0012,VectorValve Electric,Mexico,Product,DRV,AUR-DRV-00157,Variable Frequency Drive Series 257,Global Standard,1,2,59,1939.81,USD,Yes
AGS-0023,VectorValve Industrial Plastics,Singapore,Product,DRV,AUR-DRV-00157,Variable Frequency Drive Series 257,Prime Process,2,2,20,1733.88,USD,Yes
AGS-0019,VectorValve Safety Supply,Italy,Product,DRV,AUR-DRV-00157,Variable Frequency Drive Series 257,Prime Process,3,1,38,1736.26,USD,Yes
AGS-0061,PrimeFlow Motion Controls,Italy,Product,DRV,AUR-DRV-00157,Variable Frequency Drive Series 257,Prime Process,4,2,43,1830.48,USD,Yes
AGS-0019,VectorValve Safety Supply,Italy,Product,HEX,AUR-HEX-00158,Heat Exchanger Part Series 258,Prime Process,1,1,42,3729.32,USD,Yes
AGS-0012,VectorValve Electric,Mexico,Product,HEX,AUR-HEX-00158,Heat Exchanger Part Series 258,Northstar OEM,2,1,58,4450.74,USD,Yes
AGS-0049,PrimeFlow Cable Systems,Italy,Product,HEX,AUR-HEX-00158,Heat Exchanger Part Series 258,Northstar OEM,3,1,51,4110.38,USD,Yes
AGS-0026,VectorValve Sensor Labs,Singapore,Product,LUB,AUR-LUB-00159,Industrial Lubrication Series 259,Prime Process,1,1,60,717.39,USD,Yes
AGS-0058,PrimeFlow Sensor Labs,Italy,Product,LUB,AUR-LUB-00159,Industrial Lubrication Series 259,Vector Industrial,2,5,22,790.61,USD,Yes
AGS-0046,PrimeFlow Fasteners,Italy,Product,LUB,AUR-LUB-00159,Industrial Lubrication Series 259,Vector Industrial,3,5,51,702.32,USD,Yes
AGS-0082,NorthForge Filter Technologies,Italy,Product,LUB,AUR-LUB-00159,Industrial Lubrication Series 259,Prime Process,4,5,38,783.18,USD,Yes
AGS-0033,PrimeFlow Manufacturing,Mexico,Product,TOL,AUR-TOL-00160,Specialty Tooling Series 260,Vector Industrial,1,1,63,7824.92,USD,Yes
AGS-0025,VectorValve Valve Automation,Italy,Product,TOL,AUR-TOL-00160,Specialty Tooling Series 260,Aurelius OEM,2,1,61,6724.15,USD,Yes
AGS-0050,PrimeFlow Filter Technologies,Singapore,Product,TOL,AUR-TOL-00160,Specialty Tooling Series 260,Global Standard,3,1,42,7725.21,USD,Yes
AGS-0040,PrimeFlow Hydraulics,Italy,Product,TOL,AUR-TOL-00160,Specialty Tooling Series 260,Northstar OEM,4,1,35,5906.19,USD,Yes
AGS-0040,PrimeFlow Hydraulics,Italy,Product,PMP,AUR-PMP-00161,Centrifugal Pump Series 261,Vector Industrial,1,1,54,7571.16,USD,Yes
AGS-0054,PrimeFlow Compressor Parts,Mexico,Product,PMP,AUR-PMP-00161,Centrifugal Pump Series 261,Global Standard,2,2,42,9279.52,USD,Yes
AGS-0048,PrimeFlow Process Equipment,Mexico,Product,VLV,AUR-VLV-00162,Control Valve Series 262,Prime Process,1,2,27,3995.71,USD,Yes
AGS-0030,VectorValve Mechanical Supply,Mexico,Product,VLV,AUR-VLV-00162,Control Valve Series 262,Global Standard,2,1,46,4247.58,USD,Yes
AGS-0040,PrimeFlow Hydraulics,Italy,Product,VLV,AUR-VLV-00162,Control Valve Series 262,Northstar OEM,3,1,61,3892.82,USD,Yes
AGS-0055,PrimeFlow Industrial Plastics,Italy,Product,BRG,AUR-BRG-00163,Industrial Bearing Series 263,Aurelius OEM,1,1,59,1469.26,USD,Yes
AGS-0001,VectorValve Manufacturing,Italy,Product,BRG,AUR-BRG-00163,Industrial Bearing Series 263,Northstar OEM,2,2,50,1465.93,USD,Yes
AGS-0062,PrimeFlow Mechanical Supply,Singapore,Product,INS,AUR-INS-00164,Pressure Instrument Series 264,Aurelius OEM,1,2,59,7248.86,USD,Yes
AGS-0012,VectorValve Electric,Mexico,Product,INS,AUR-INS-00164,Pressure Instrument Series 264,Global Standard,2,1,55,9628.01,USD,Yes
AGS-0069,NorthForge Instrumentation,Mexico,Product,INS,AUR-INS-00164,Pressure Instrument Series 264,Prime Process,3,5,25,8368.4,USD,Yes
AGS-0069,NorthForge Instrumentation,Mexico,Product,MTR,AUR-MTR-00165,Electric Motor Series 265,Global Standard,1,1,54,15676.66,USD,Yes
AGS-0036,PrimeFlow Industries,Mexico,Product,MTR,AUR-MTR-00165,Electric Motor Series 265,Northstar OEM,2,5,37,17018.13,USD,Yes
AGS-0076,NorthForge Electric,Italy,Product,SEA,AUR-SEA-00166,Mechanical Seal Series 266,Aurelius OEM,1,2,68,9634.68,USD,Yes
AGS-0078,NorthForge Fasteners,Mexico,Product,SEA,AUR-SEA-00166,Mechanical Seal Series 266,Aurelius OEM,2,5,56,7994.71,USD,Yes
AGS-0083,NorthForge Safety Supply,Singapore,Product,FLT,AUR-FLT-00167,Process Filter Series 267,Global Standard,1,5,10,3591.89,USD,Yes
AGS-0052,PrimeFlow Gearworks,Italy,Product,FLT,AUR-FLT-00167,Process Filter Series 267,Aurelius OEM,2,1,90,4488.98,USD,Yes
AGS-0049,PrimeFlow Cable Systems,Italy,Product,FLT,AUR-FLT-00167,Process Filter Series 267,Vector Industrial,3,1,56,4582.03,USD,Yes
AGS-0005,VectorValve Instrumentation,Singapore,Product,ACT,AUR-ACT-00168,Valve Actuator Series 268,Global Standard,1,2,17,2815.38,USD,Yes
AGS-0017,VectorValve Cable Systems,Singapore,Product,ACT,AUR-ACT-00168,Valve Actuator Series 268,Global Standard,2,2,79,2808.24,USD,Yes
AGS-0012,VectorValve Electric,Mexico,Product,GSK,AUR-GSK-00169,Industrial Gasket Series 269,Northstar OEM,1,1,37,996.21,USD,Yes
AGS-0059,PrimeFlow Technical Metals,Singapore,Product,GSK,AUR-GSK-00169,Industrial Gasket Series 269,Northstar OEM,2,5,24,1028.7,USD,Yes
AGS-0019,VectorValve Safety Supply,Italy,Product,HOS,AUR-HOS-00170,Hydraulic Hose Series 270,Prime Process,1,5,42,439.37,USD,Yes
AGS-0084,NorthForge Gearworks,Mexico,Product,HOS,AUR-HOS-00170,Hydraulic Hose Series 270,Aurelius OEM,2,2,28,418.64,USD,Yes
AGS-0016,VectorValve Process Equipment,Italy,Product,HOS,AUR-HOS-00170,Hydraulic Hose Series 270,Global Standard,3,1,34,472.59,USD,Yes
AGS-0027,VectorValve Technical Metals,Mexico,Product,FIT,AUR-FIT-00171,Pipe Fitting Series 271,Global Standard,1,2,56,6741.58,USD,Yes
AGS-0054,PrimeFlow Compressor Parts,Mexico,Product,FIT,AUR-FIT-00171,Pipe Fitting Series 271,Prime Process,2,1,65,8014.03,USD,Yes
AGS-0034,PrimeFlow Components,Italy,Product,CAB,AUR-CAB-00172,Instrumentation Cable Series 272,Aurelius OEM,1,5,37,5404.9,USD,Yes
AGS-0032,VectorValve Specialty Alloys,Singapore,Product,CAB,AUR-CAB-00172,Instrumentation Cable Series 272,Northstar OEM,2,2,24,7137.57,USD,Yes
AGS-0041,PrimeFlow Actuation,Singapore,Product,SEN,AUR-SEN-00173,Process Sensor Series 273,Aurelius OEM,1,1,61,4966.93,USD,Yes
AGS-0073,NorthForge Actuation,Italy,Product,SEN,AUR-SEN-00173,Process Sensor Series 273,Northstar OEM,2,2,52,5227.37,USD,Yes
AGS-0048,PrimeFlow Process Equipment,Mexico,Product,CMP,AUR-CMP-00174,Compressor Component Series 274,Global Standard,1,1,29,19924.6,USD,Yes
AGS-0001,VectorValve Manufacturing,Italy,Product,CMP,AUR-CMP-00174,Compressor Component Series 274,Aurelius OEM,2,1,56,21941.42,USD,Yes
AGS-0067,NorthForge Pumps,Italy,Product,CMP,AUR-CMP-00174,Compressor Component Series 274,Prime Process,3,2,89,24610.68,USD,Yes
AGS-0055,PrimeFlow Industrial Plastics,Italy,Product,SAF,AUR-SAF-00175,Safety Equipment Series 275,Prime Process,1,2,7,3158.09,USD,Yes
AGS-0072,NorthForge Hydraulics,Mexico,Product,SAF,AUR-SAF-00175,Safety Equipment Series 275,Global Standard,2,2,33,3796.22,USD,Yes
AGS-0062,PrimeFlow Mechanical Supply,Singapore,Product,PLC,AUR-PLC-00176,Automation Controller Series 276,Global Standard,1,2,69,3318.09,USD,Yes
AGS-0033,PrimeFlow Manufacturing,Mexico,Product,PLC,AUR-PLC-00176,Automation Controller Series 276,Aurelius OEM,2,5,49,3994.13,USD,Yes
AGS-0051,PrimeFlow Safety Supply,Mexico,Product,PLC,AUR-PLC-00176,Automation Controller Series 276,Northstar OEM,3,1,47,3371.38,USD,Yes
AGS-0069,NorthForge Instrumentation,Mexico,Product,DRV,AUR-DRV-00177,Variable Frequency Drive Series 277,Global Standard,1,5,55,197.0,USD,Yes
AGS-0013,VectorValve Controls,Italy,Product,DRV,AUR-DRV-00177,Variable Frequency Drive Series 277,Global Standard,2,1,32,192.44,USD,Yes
AGS-0024,VectorValve Heat Transfer,Mexico,Product,DRV,AUR-DRV-00177,Variable Frequency Drive Series 277,Aurelius OEM,3,1,30,172.49,USD,Yes
AGS-0076,NorthForge Electric,Italy,Product,HEX,AUR-HEX-00178,Heat Exchanger Part Series 278,Prime Process,1,1,86,9884.44,USD,Yes
AGS-0055,PrimeFlow Industrial Plastics,Italy,Product,HEX,AUR-HEX-00178,Heat Exchanger Part Series 278,Vector Industrial,2,1,48,8652.02,USD,Yes
AGS-0073,NorthForge Actuation,Italy,Product,HEX,AUR-HEX-00178,Heat Exchanger Part Series 278,Northstar OEM,3,1,59,10074.17,USD,Yes
AGS-0081,NorthForge Cable Systems,Mexico,Product,HEX,AUR-HEX-00178,Heat Exchanger Part Series 278,Global Standard,4,1,25,10464.27,USD,Yes
AGS-0083,NorthForge Safety Supply,Singapore,Product,LUB,AUR-LUB-00179,Industrial Lubrication Series 279,Global Standard,1,1,50,252.91,USD,Yes
AGS-0058,PrimeFlow Sensor Labs,Italy,Product,LUB,AUR-LUB-00179,Industrial Lubrication Series 279,Vector Industrial,2,1,41,326.86,USD,Yes
AGS-0006,VectorValve Systems,Mexico,Product,TOL,AUR-TOL-00180,Specialty Tooling Series 100,Northstar OEM,1,1,59,4664.91,USD,Yes
AGS-0066,NorthForge Components,Mexico,Product,TOL,AUR-TOL-00180,Specialty Tooling Series 100,Aurelius OEM,2,2,61,4470.7,USD,Yes
AGS-0013,VectorValve Controls,Italy,Product,PMP,AUR-PMP-00181,Centrifugal Pump Series 101,Vector Industrial,1,1,46,14492.97,USD,Yes
AGS-0070,NorthForge Systems,Italy,Product,PMP,AUR-PMP-00181,Centrifugal Pump Series 101,Northstar OEM,2,2,56,15899.39,USD,Yes
AGS-0073,NorthForge Actuation,Italy,Product,PMP,AUR-PMP-00181,Centrifugal Pump Series 101,Northstar OEM,3,1,40,16113.17,USD,Yes
AGS-0020,VectorValve Gearworks,Singapore,Product,VLV,AUR-VLV-00182,Control Valve Series 102,Aurelius OEM,1,1,76,3292.49,USD,Yes
AGS-0062,PrimeFlow Mechanical Supply,Singapore,Product,VLV,AUR-VLV-00182,Control Valve Series 102,Northstar OEM,2,1,47,2857.27,USD,Yes
AGS-0073,NorthForge Actuation,Italy,Product,VLV,AUR-VLV-00182,Control Valve Series 102,Northstar OEM,3,1,55,3534.84,USD,Yes
AGS-0027,VectorValve Technical Metals,Mexico,Product,BRG,AUR-BRG-00183,Industrial Bearing Series 103,Prime Process,1,1,47,750.69,USD,Yes
AGS-0048,PrimeFlow Process Equipment,Mexico,Product,BRG,AUR-BRG-00183,Industrial Bearing Series 103,Aurelius OEM,2,1,68,735.4,USD,Yes
AGS-0028,VectorValve Hose & Fittings,Italy,Product,BRG,AUR-BRG-00183,Industrial Bearing Series 103,Northstar OEM,3,5,45,828.57,USD,Yes
AGS-0034,PrimeFlow Components,Italy,Product,INS,AUR-INS-00184,Pressure Instrument Series 104,Aurelius OEM,1,2,44,1554.97,USD,Yes
AGS-0056,PrimeFlow Heat Transfer,Singapore,Product,INS,AUR-INS-00184,Pressure Instrument Series 104,Aurelius OEM,2,1,28,1680.9,USD,Yes
AGS-0041,PrimeFlow Actuation,Singapore,Product,MTR,AUR-MTR-00185,Electric Motor Series 105,Northstar OEM,1,1,29,16560.05,USD,Yes
AGS-0029,VectorValve Motion Controls,Singapore,Product,MTR,AUR-MTR-00185,Electric Motor Series 105,Aurelius OEM,2,5,56,15507.01,USD,Yes
AGS-0025,VectorValve Valve Automation,Italy,Product,MTR,AUR-MTR-00185,Electric Motor Series 105,Aurelius OEM,3,2,66,16833.15,USD,Yes
AGS-0048,PrimeFlow Process Equipment,Mexico,Product,SEA,AUR-SEA-00186,Mechanical Seal Series 106,Northstar OEM,1,5,31,4410.38,USD,Yes
AGS-0028,VectorValve Hose & Fittings,Italy,Product,SEA,AUR-SEA-00186,Mechanical Seal Series 106,Global Standard,2,1,31,4541.07,USD,Yes
AGS-0052,PrimeFlow Gearworks,Italy,Product,SEA,AUR-SEA-00186,Mechanical Seal Series 106,Northstar OEM,3,2,41,5546.74,USD,Yes
AGS-0055,PrimeFlow Industrial Plastics,Italy,Product,FLT,AUR-FLT-00187,Process Filter Series 107,Global Standard,1,1,33,2570.59,USD,Yes
AGS-0028,VectorValve Hose & Fittings,Italy,Product,FLT,AUR-FLT-00187,Process Filter Series 107,Prime Process,2,1,65,2535.89,USD,Yes
AGS-0048,PrimeFlow Process Equipment,Mexico,Product,FLT,AUR-FLT-00187,Process Filter Series 107,Aurelius OEM,3,1,73,2361.53,USD,Yes
AGS-0060,PrimeFlow Hose & Fittings,Mexico,Product,FLT,AUR-FLT-00187,Process Filter Series 107,Aurelius OEM,4,5,41,2861.04,USD,Yes
AGS-0062,PrimeFlow Mechanical Supply,Singapore,Product,ACT,AUR-ACT-00188,Valve Actuator Series 108,Aurelius OEM,1,5,35,1630.61,USD,Yes
AGS-0076,NorthForge Electric,Italy,Product,ACT,AUR-ACT-00188,Valve Actuator Series 108,Vector Industrial,2,1,32,2069.86,USD,Yes
AGS-0018,VectorValve Filter Technologies,Mexico,Product,ACT,AUR-ACT-00188,Valve Actuator Series 108,Vector Industrial,3,1,34,1967.32,USD,Yes
AGS-0070,NorthForge Systems,Italy,Product,GSK,AUR-GSK-00189,Industrial Gasket Series 109,Global Standard,1,1,47,2970.06,USD,Yes
AGS-0024,VectorValve Heat Transfer,Mexico,Product,GSK,AUR-GSK-00189,Industrial Gasket Series 109,Vector Industrial,2,2,34,2877.83,USD,Yes
AGS-0077,NorthForge Controls,Singapore,Product,HOS,AUR-HOS-00190,Hydraulic Hose Series 110,Prime Process,1,1,52,3560.1,USD,Yes
AGS-0082,NorthForge Filter Technologies,Italy,Product,HOS,AUR-HOS-00190,Hydraulic Hose Series 110,Prime Process,2,2,42,3494.72,USD,Yes
AGS-0084,NorthForge Gearworks,Mexico,Product,FIT,AUR-FIT-00191,Pipe Fitting Series 111,Prime Process,1,5,37,1261.85,USD,Yes
AGS-0015,VectorValve Fabrication,Mexico,Product,FIT,AUR-FIT-00191,Pipe Fitting Series 111,Vector Industrial,2,5,43,1343.73,USD,Yes
AGS-0038,PrimeFlow Systems,Singapore,Product,FIT,AUR-FIT-00191,Pipe Fitting Series 111,Aurelius OEM,3,2,27,1481.26,USD,Yes
AGS-0006,VectorValve Systems,Mexico,Product,CAB,AUR-CAB-00192,Instrumentation Cable Series 112,Aurelius OEM,1,1,68,2586.61,USD,Yes
AGS-0028,VectorValve Hose & Fittings,Italy,Product,CAB,AUR-CAB-00192,Instrumentation Cable Series 112,Northstar OEM,2,2,50,2624.06,USD,Yes
AGS-0055,PrimeFlow Industrial Plastics,Italy,Product,CAB,AUR-CAB-00192,Instrumentation Cable Series 112,Northstar OEM,3,2,48,2499.52,USD,Yes
AGS-0013,VectorValve Controls,Italy,Product,SEN,AUR-SEN-00193,Process Sensor Series 113,Prime Process,1,1,43,2647.55,USD,Yes
AGS-0076,NorthForge Electric,Italy,Product,SEN,AUR-SEN-00193,Process Sensor Series 113,Aurelius OEM,2,1,23,2906.5,USD,Yes
AGS-0020,VectorValve Gearworks,Singapore,Product,CMP,AUR-CMP-00194,Compressor Component Series 114,Global Standard,1,5,31,14570.3,USD,Yes
AGS-0010,VectorValve Technologies,Italy,Product,CMP,AUR-CMP-00194,Compressor Component Series 114,Prime Process,2,1,53,14556.17,USD,Yes
AGS-0038,PrimeFlow Systems,Singapore,Product,CMP,AUR-CMP-00194,Compressor Component Series 114,Global Standard,3,1,64,14591.25,USD,Yes
AGS-0027,VectorValve Technical Metals,Mexico,Product,SAF,AUR-SAF-00195,Safety Equipment Series 115,Prime Process,1,1,51,4998.07,USD,Yes
AGS-0076,NorthForge Electric,Italy,Product,SAF,AUR-SAF-00195,Safety Equipment Series 115,Prime Process,2,1,60,6190.63,USD,Yes
AGS-0034,PrimeFlow Components,Italy,Product,PLC,AUR-PLC-00196,Automation Controller Series 116,Prime Process,1,2,29,4783.0,USD,Yes
AGS-0046,PrimeFlow Fasteners,Italy,Product,PLC,AUR-PLC-00196,Automation Controller Series 116,Vector Industrial,2,1,47,5501.35,USD,Yes
AGS-0051,PrimeFlow Safety Supply,Mexico,Product,PLC,AUR-PLC-00196,Automation Controller Series 116,Prime Process,3,1,46,4757.19,USD,Yes
AGS-0065,NorthForge Manufacturing,Singapore,Product,PLC,AUR-PLC-00196,Automation Controller Series 116,Global Standard,4,1,77,5015.59,USD,Yes
AGS-0041,PrimeFlow Actuation,Singapore,Product,DRV,AUR-DRV-00197,Variable Frequency Drive Series 117,Global Standard,1,2,57,7537.71,USD,Yes
AGS-0014,VectorValve Fasteners,Singapore,Product,DRV,AUR-DRV-00197,Variable Frequency Drive Series 117,Aurelius OEM,2,1,60,8493.49,USD,Yes
AGS-0049,PrimeFlow Cable Systems,Italy,Product,HEX,AUR-HEX-00198,Heat Exchanger Part Series 118,Northstar OEM,1,5,51,12498.72,USD,Yes
AGS-0026,VectorValve Sensor Labs,Singapore,Product,HEX,AUR-HEX-00198,Heat Exchanger Part Series 118,Prime Process,2,2,38,9880.35,USD,Yes
AGS-0056,PrimeFlow Heat Transfer,Singapore,Product,LUB,AUR-LUB-00199,Industrial Lubrication Series 119,Global Standard,1,1,41,1029.38,USD,Yes
AGS-0046,PrimeFlow Fasteners,Italy,Product,LUB,AUR-LUB-00199,Industrial Lubrication Series 119,Prime Process,2,5,41,1125.71,USD,Yes
AGS-0063,PrimeFlow Process Instruments,Mexico,Product,TOL,AUR-TOL-00200,Specialty Tooling Series 120,Northstar OEM,1,1,43,6442.67,USD,Yes
AGS-0068,NorthForge Industries,Singapore,Product,TOL,AUR-TOL-00200,Specialty Tooling Series 120,Aurelius OEM,2,2,55,5028.87,USD,Yes
AGS-0057,PrimeFlow Valve Automation,Mexico,Product,TOL,AUR-TOL-00200,Specialty Tooling Series 120,Aurelius OEM,3,1,26,7132.21,USD,Yes
AGS-0070,NorthForge Systems,Italy,Product,PMP,AUR-PMP-00201,Centrifugal Pump Series 121,Aurelius OEM,1,5,62,18652.68,USD,Yes
AGS-0081,NorthForge Cable Systems,Mexico,Product,PMP,AUR-PMP-00201,Centrifugal Pump Series 121,Aurelius OEM,2,1,25,20156.9,USD,Yes
AGS-0077,NorthForge Controls,Singapore,Product,VLV,AUR-VLV-00202,Control Valve Series 122,Prime Process,1,2,40,4909.82,USD,Yes
AGS-0046,PrimeFlow Fasteners,Italy,Product,VLV,AUR-VLV-00202,Control Valve Series 122,Aurelius OEM,2,1,37,4283.4,USD,Yes
AGS-0067,NorthForge Pumps,Italy,Product,VLV,AUR-VLV-00202,Control Valve Series 122,Aurelius OEM,3,1,41,4117.95,USD,Yes
AGS-0084,NorthForge Gearworks,Mexico,Product,BRG,AUR-BRG-00203,Industrial Bearing Series 123,Aurelius OEM,1,1,64,3563.78,USD,Yes
AGS-0041,PrimeFlow Actuation,Singapore,Product,BRG,AUR-BRG-00203,Industrial Bearing Series 123,Northstar OEM,2,2,43,3937.73,USD,Yes
AGS-0032,VectorValve Specialty Alloys,Singapore,Product,BRG,AUR-BRG-00203,Industrial Bearing Series 123,Vector Industrial,3,5,25,4591.66,USD,Yes
AGS-0029,VectorValve Motion Controls,Singapore,Product,BRG,AUR-BRG-00203,Industrial Bearing Series 123,Prime Process,4,1,58,3719.36,USD,Yes
AGS-0006,VectorValve Systems,Mexico,Product,INS,AUR-INS-00204,Pressure Instrument Series 124,Aurelius OEM,1,1,60,2725.22,USD,Yes
AGS-0074,NorthForge Technologies,Singapore,Product,INS,AUR-INS-00204,Pressure Instrument Series 124,Northstar OEM,2,2,34,2541.64,USD,Yes
AGS-0052,PrimeFlow Gearworks,Italy,Product,INS,AUR-INS-00204,Pressure Instrument Series 124,Aurelius OEM,3,5,55,3210.76,USD,Yes
AGS-0013,VectorValve Controls,Italy,Product,MTR,AUR-MTR-00205,Electric Motor Series 125,Prime Process,1,1,72,11300.78,USD,Yes
AGS-0042,PrimeFlow Technologies,Mexico,Product,MTR,AUR-MTR-00205,Electric Motor Series 125,Prime Process,2,1,49,12517.92,USD,Yes
AGS-0020,VectorValve Gearworks,Singapore,Product,SEA,AUR-SEA-00206,Mechanical Seal Series 126,Prime Process,1,2,61,1329.17,USD,Yes
AGS-0031,VectorValve Process Instruments,Italy,Product,SEA,AUR-SEA-00206,Mechanical Seal Series 126,Prime Process,2,1,62,1305.14,USD,Yes
AGS-0028,VectorValve Hose & Fittings,Italy,Product,FLT,AUR-FLT-00207,Process Filter Series 127,Northstar OEM,1,1,32,6036.48,USD,Yes
AGS-0045,PrimeFlow Controls,Mexico,Product,FLT,AUR-FLT-00207,Process Filter Series 127,Vector Industrial,2,1,14,5671.01,USD,Yes
AGS-0035,PrimeFlow Pumps,Singapore,Product,ACT,AUR-ACT-00208,Valve Actuator Series 128,Global Standard,1,1,81,8475.93,USD,Yes
AGS-0007,VectorValve Bearing Works,Italy,Product,ACT,AUR-ACT-00208,Valve Actuator Series 128,Northstar OEM,2,1,45,8434.29,USD,Yes
AGS-0020,VectorValve Gearworks,Singapore,Product,ACT,AUR-ACT-00208,Valve Actuator Series 128,Prime Process,3,1,37,8913.3,USD,Yes
AGS-0042,PrimeFlow Technologies,Mexico,Product,GSK,AUR-GSK-00209,Industrial Gasket Series 129,Prime Process,1,1,44,5041.09,USD,Yes
AGS-0062,PrimeFlow Mechanical Supply,Singapore,Product,GSK,AUR-GSK-00209,Industrial Gasket Series 129,Northstar OEM,2,1,40,3502.72,USD,Yes
AGS-0049,PrimeFlow Cable Systems,Italy,Product,HOS,AUR-HOS-00210,Hydraulic Hose Series 130,Aurelius OEM,1,1,40,5734.79,USD,Yes
AGS-0019,VectorValve Safety Supply,Italy,Product,HOS,AUR-HOS-00210,Hydraulic Hose Series 130,Prime Process,2,1,20,5063.21,USD,Yes
AGS-0003,VectorValve Pumps,Mexico,Product,HOS,AUR-HOS-00210,Hydraulic Hose Series 130,Aurelius OEM,3,1,49,5002.1,USD,Yes
AGS-0047,PrimeFlow Fabrication,Singapore,Product,HOS,AUR-HOS-00210,Hydraulic Hose Series 130,Global Standard,4,1,62,5318.13,USD,Yes
AGS-0056,PrimeFlow Heat Transfer,Singapore,Product,FIT,AUR-FIT-00211,Pipe Fitting Series 131,Prime Process,1,5,32,5021.11,USD,Yes
AGS-0064,PrimeFlow Specialty Alloys,Italy,Product,FIT,AUR-FIT-00211,Pipe Fitting Series 131,Vector Industrial,2,1,39,5495.91,USD,Yes
AGS-0035,PrimeFlow Pumps,Singapore,Product,FIT,AUR-FIT-00211,Pipe Fitting Series 131,Prime Process,3,1,26,5471.58,USD,Yes
AGS-0078,NorthForge Fasteners,Mexico,Product,FIT,AUR-FIT-00211,Pipe Fitting Series 131,Global Standard,4,1,51,4828.52,USD,Yes
AGS-0063,PrimeFlow Process Instruments,Mexico,Product,CAB,AUR-CAB-00212,Instrumentation Cable Series 132,Aurelius OEM,1,1,57,4967.1,USD,Yes
AGS-0085,NorthForge Marine Components,Italy,Product,CAB,AUR-CAB-00212,Instrumentation Cable Series 132,Global Standard,2,2,50,4448.29,USD,Yes
AGS-0082,NorthForge Filter Technologies,Italy,Product,CAB,AUR-CAB-00212,Instrumentation Cable Series 132,Vector Industrial,3,5,20,5175.43,USD,Yes
AGS-0017,VectorValve Cable Systems,Singapore,Product,CAB,AUR-CAB-00212,Instrumentation Cable Series 132,Aurelius OEM,4,1,48,5095.73,USD,Yes
AGS-0070,NorthForge Systems,Italy,Product,SEN,AUR-SEN-00213,Process Sensor Series 133,Aurelius OEM,1,5,75,6202.88,USD,Yes
AGS-0084,NorthForge Gearworks,Mexico,Product,SEN,AUR-SEN-00213,Process Sensor Series 133,Prime Process,2,1,54,5469.58,USD,Yes
AGS-0028,VectorValve Hose & Fittings,Italy,Product,SEN,AUR-SEN-00213,Process Sensor Series 133,Global Standard,3,1,15,5152.0,USD,Yes
AGS-0077,NorthForge Controls,Singapore,Product,CMP,AUR-CMP-00214,Compressor Component Series 134,Vector Industrial,1,5,51,23909.93,USD,Yes
AGS-0055,PrimeFlow Industrial Plastics,Italy,Product,CMP,AUR-CMP-00214,Compressor Component Series 134,Aurelius OEM,2,5,34,22014.64,USD,Yes
AGS-0082,NorthForge Filter Technologies,Italy,Product,CMP,AUR-CMP-00214,Compressor Component Series 134,Vector Industrial,3,2,15,23644.65,USD,Yes
AGS-0084,NorthForge Gearworks,Mexico,Product,SAF,AUR-SAF-00215,Safety Equipment Series 135,Vector Industrial,1,5,46,1617.08,USD,Yes
AGS-0082,NorthForge Filter Technologies,Italy,Product,SAF,AUR-SAF-00215,Safety Equipment Series 135,Vector Industrial,2,1,58,1941.14,USD,Yes
AGS-0062,PrimeFlow Mechanical Supply,Singapore,Product,SAF,AUR-SAF-00215,Safety Equipment Series 135,Vector Industrial,3,1,58,1554.77,USD,Yes
AGS-0007,VectorValve Bearing Works,Italy,Product,SAF,AUR-SAF-00215,Safety Equipment Series 135,Global Standard,4,1,33,1653.45,USD,Yes
AGS-0007,VectorValve Bearing Works,Italy,Product,PLC,AUR-PLC-00216,Automation Controller Series 136,Prime Process,1,1,41,5490.37,USD,Yes
AGS-0022,VectorValve Compressor Parts,Italy,Product,PLC,AUR-PLC-00216,Automation Controller Series 136,Northstar OEM,2,1,68,6803.32,USD,Yes
AGS-0014,VectorValve Fasteners,Singapore,Product,DRV,AUR-DRV-00217,Variable Frequency Drive Series 137,Aurelius OEM,1,2,42,2808.76,USD,Yes
AGS-0050,PrimeFlow Filter Technologies,Singapore,Product,DRV,AUR-DRV-00217,Variable Frequency Drive Series 137,Northstar OEM,2,5,37,2418.41,USD,Yes
AGS-0021,VectorValve Marine Components,Mexico,Product,HEX,AUR-HEX-00218,Heat Exchanger Part Series 138,Northstar OEM,1,2,23,11943.86,USD,Yes
AGS-0078,NorthForge Fasteners,Mexico,Product,HEX,AUR-HEX-00218,Heat Exchanger Part Series 138,Global Standard,2,2,45,11859.2,USD,Yes
AGS-0055,PrimeFlow Industrial Plastics,Italy,Product,HEX,AUR-HEX-00218,Heat Exchanger Part Series 138,Aurelius OEM,3,2,40,11796.87,USD,Yes
AGS-0028,VectorValve Hose & Fittings,Italy,Product,LUB,AUR-LUB-00219,Industrial Lubrication Series 139,Prime Process,1,1,77,4743.57,USD,Yes
AGS-0078,NorthForge Fasteners,Mexico,Product,LUB,AUR-LUB-00219,Industrial Lubrication Series 139,Aurelius OEM,2,5,62,4375.74,USD,Yes
AGS-0030,VectorValve Mechanical Supply,Mexico,Product,LUB,AUR-LUB-00219,Industrial Lubrication Series 139,Global Standard,3,1,29,4763.91,USD,Yes
AGS-0035,PrimeFlow Pumps,Singapore,Product,TOL,AUR-TOL-00220,Specialty Tooling Series 140,Aurelius OEM,1,1,54,1100.91,USD,Yes
AGS-0064,PrimeFlow Specialty Alloys,Italy,Product,TOL,AUR-TOL-00220,Specialty Tooling Series 140,Global Standard,2,1,45,1106.5,USD,Yes
AGS-0042,PrimeFlow Technologies,Mexico,Product,PMP,AUR-PMP-00221,Centrifugal Pump Series 141,Global Standard,1,1,41,1141.48,USD,Yes
AGS-0010,VectorValve Technologies,Italy,Product,PMP,AUR-PMP-00221,Centrifugal Pump Series 141,Vector Industrial,2,5,57,968.1,USD,Yes
AGS-0069,NorthForge Instrumentation,Mexico,Product,PMP,AUR-PMP-00221,Centrifugal Pump Series 141,Northstar OEM,3,1,52,960.62,USD,Yes
AGS-0005,VectorValve Instrumentation,Singapore,Product,PMP,AUR-PMP-00221,Centrifugal Pump Series 141,Prime Process,4,5,30,969.75,USD,Yes
AGS-0049,PrimeFlow Cable Systems,Italy,Product,VLV,AUR-VLV-00222,Control Valve Series 142,Vector Industrial,1,2,42,75.38,USD,Yes
AGS-0035,PrimeFlow Pumps,Singapore,Product,VLV,AUR-VLV-00222,Control Valve Series 142,Global Standard,2,1,76,63.93,USD,Yes
AGS-0064,PrimeFlow Specialty Alloys,Italy,Product,VLV,AUR-VLV-00222,Control Valve Series 142,Northstar OEM,3,2,50,60.69,USD,Yes
AGS-0056,PrimeFlow Heat Transfer,Singapore,Product,BRG,AUR-BRG-00223,Industrial Bearing Series 143,Vector Industrial,1,2,32,6764.94,USD,Yes
AGS-0005,VectorValve Instrumentation,Singapore,Product,BRG,AUR-BRG-00223,Industrial Bearing Series 143,Northstar OEM,2,1,58,8306.58,USD,Yes
AGS-0063,PrimeFlow Process Instruments,Mexico,Product,INS,AUR-INS-00224,Pressure Instrument Series 144,Aurelius OEM,1,5,26,5131.88,USD,Yes
AGS-0026,VectorValve Sensor Labs,Singapore,Product,INS,AUR-INS-00224,Pressure Instrument Series 144,Northstar OEM,2,2,67,4218.52,USD,Yes
AGS-0056,PrimeFlow Heat Transfer,Singapore,Product,INS,AUR-INS-00224,Pressure Instrument Series 144,Northstar OEM,3,1,30,3728.19,USD,Yes
AGS-0072,NorthForge Hydraulics,Mexico,Product,INS,AUR-INS-00224,Pressure Instrument Series 144,Northstar OEM,4,1,54,4845.57,USD,Yes
AGS-0071,NorthForge Bearing Works,Singapore,Product,MTR,AUR-MTR-00225,Electric Motor Series 145,Global Standard,1,1,81,13556.95,USD,Yes
AGS-0029,VectorValve Motion Controls,Singapore,Product,MTR,AUR-MTR-00225,Electric Motor Series 145,Global Standard,2,1,34,12953.64,USD,Yes
AGS-0078,NorthForge Fasteners,Mexico,Product,SEA,AUR-SEA-00226,Mechanical Seal Series 146,Prime Process,1,5,56,1760.82,USD,Yes
AGS-0015,VectorValve Fabrication,Mexico,Product,SEA,AUR-SEA-00226,Mechanical Seal Series 146,Northstar OEM,2,2,55,2018.92,USD,Yes
AGS-0012,VectorValve Electric,Mexico,Product,SEA,AUR-SEA-00226,Mechanical Seal Series 146,Global Standard,3,5,49,2272.94,USD,Yes
AGS-0085,NorthForge Marine Components,Italy,Product,FLT,AUR-FLT-00227,Process Filter Series 147,Aurelius OEM,1,2,10,995.42,USD,Yes
AGS-0060,PrimeFlow Hose & Fittings,Mexico,Product,FLT,AUR-FLT-00227,Process Filter Series 147,Prime Process,2,1,52,1066.11,USD,Yes
AGS-0007,VectorValve Bearing Works,Italy,Product,ACT,AUR-ACT-00228,Valve Actuator Series 148,Vector Industrial,1,1,33,1818.92,USD,Yes
AGS-0036,PrimeFlow Industries,Mexico,Product,ACT,AUR-ACT-00228,Valve Actuator Series 148,Northstar OEM,2,1,54,2181.88,USD,Yes
AGS-0014,VectorValve Fasteners,Singapore,Product,GSK,AUR-GSK-00229,Industrial Gasket Series 149,Global Standard,1,2,50,1247.59,USD,Yes
AGS-0082,NorthForge Filter Technologies,Italy,Product,GSK,AUR-GSK-00229,Industrial Gasket Series 149,Aurelius OEM,2,2,76,1189.98,USD,Yes
AGS-0021,VectorValve Marine Components,Mexico,Product,HOS,AUR-HOS-00230,Hydraulic Hose Series 150,Global Standard,1,2,43,3314.14,USD,Yes
AGS-0047,PrimeFlow Fabrication,Singapore,Product,HOS,AUR-HOS-00230,Hydraulic Hose Series 150,Global Standard,2,2,35,3523.38,USD,Yes
AGS-0005,VectorValve Instrumentation,Singapore,Product,HOS,AUR-HOS-00230,Hydraulic Hose Series 150,Global Standard,3,2,50,3613.08,USD,Yes
AGS-0028,VectorValve Hose & Fittings,Italy,Product,FIT,AUR-FIT-00231,Pipe Fitting Series 151,Prime Process,1,1,56,2204.83,USD,Yes
AGS-0069,NorthForge Instrumentation,Mexico,Product,FIT,AUR-FIT-00231,Pipe Fitting Series 151,Global Standard,2,1,71,2192.82,USD,Yes
AGS-0035,PrimeFlow Pumps,Singapore,Product,CAB,AUR-CAB-00232,Instrumentation Cable Series 152,Global Standard,1,1,59,5024.61,USD,Yes
AGS-0012,VectorValve Electric,Mexico,Product,CAB,AUR-CAB-00232,Instrumentation Cable Series 152,Global Standard,2,5,64,6248.05,USD,Yes
AGS-0053,PrimeFlow Marine Components,Singapore,Product,CAB,AUR-CAB-00232,Instrumentation Cable Series 152,Aurelius OEM,3,2,26,5759.44,USD,Yes
AGS-0042,PrimeFlow Technologies,Mexico,Product,SEN,AUR-SEN-00233,Process Sensor Series 153,Aurelius OEM,1,1,50,9372.62,USD,Yes
AGS-0068,NorthForge Industries,Singapore,Product,SEN,AUR-SEN-00233,Process Sensor Series 153,Global Standard,2,1,47,6692.4,USD,Yes
AGS-0050,PrimeFlow Filter Technologies,Singapore,Product,CMP,AUR-CMP-00234,Compressor Component Series 154,Vector Industrial,1,1,50,15807.81,USD,Yes
AGS-0052,PrimeFlow Gearworks,Italy,Product,CMP,AUR-CMP-00234,Compressor Component Series 154,Northstar OEM,2,1,61,17078.52,USD,Yes
AGS-0085,NorthForge Marine Components,Italy,Product,CMP,AUR-CMP-00234,Compressor Component Series 154,Vector Industrial,3,5,25,14654.79,USD,Yes
AGS-0057,PrimeFlow Valve Automation,Mexico,Product,SAF,AUR-SAF-00235,Safety Equipment Series 155,Aurelius OEM,1,2,38,3904.71,USD,Yes
AGS-0021,VectorValve Marine Components,Mexico,Product,SAF,AUR-SAF-00235,Safety Equipment Series 155,Vector Industrial,2,2,33,3241.43,USD,Yes
AGS-0027,VectorValve Technical Metals,Mexico,Product,SAF,AUR-SAF-00235,Safety Equipment Series 155,Prime Process,3,2,43,2863.77,USD,Yes
AGS-0064,PrimeFlow Specialty Alloys,Italy,Product,PLC,AUR-PLC-00236,Automation Controller Series 156,Vector Industrial,1,5,37,5266.42,USD,Yes
AGS-0019,VectorValve Safety Supply,Italy,Product,PLC,AUR-PLC-00236,Automation Controller Series 156,Aurelius OEM,2,1,50,5556.17,USD,Yes
AGS-0079,NorthForge Fabrication,Italy,Product,PLC,AUR-PLC-00236,Automation Controller Series 156,Global Standard,3,2,74,5694.15,USD,Yes
AGS-0071,NorthForge Bearing Works,Singapore,Product,DRV,AUR-DRV-00237,Variable Frequency Drive Series 157,Vector Industrial,1,1,64,5430.28,USD,Yes
AGS-0076,NorthForge Electric,Italy,Product,DRV,AUR-DRV-00237,Variable Frequency Drive Series 157,Prime Process,2,1,58,6689.37,USD,Yes
AGS-0078,NorthForge Fasteners,Mexico,Product,HEX,AUR-HEX-00238,Heat Exchanger Part Series 158,Aurelius OEM,1,1,56,3027.21,USD,Yes
AGS-0054,PrimeFlow Compressor Parts,Mexico,Product,HEX,AUR-HEX-00238,Heat Exchanger Part Series 158,Northstar OEM,2,1,61,3611.96,USD,Yes
AGS-0085,NorthForge Marine Components,Italy,Product,LUB,AUR-LUB-00239,Industrial Lubrication Series 159,Vector Industrial,1,5,14,7360.21,USD,Yes
AGS-0003,VectorValve Pumps,Mexico,Product,LUB,AUR-LUB-00239,Industrial Lubrication Series 159,Aurelius OEM,2,1,44,8025.86,USD,Yes
AGS-0034,PrimeFlow Components,Italy,Product,LUB,AUR-LUB-00239,Industrial Lubrication Series 159,Northstar OEM,3,1,35,6813.87,USD,Yes
AGS-0081,NorthForge Cable Systems,Mexico,Product,LUB,AUR-LUB-00239,Industrial Lubrication Series 159,Prime Process,4,1,47,9269.51,USD,Yes
AGS-0007,VectorValve Bearing Works,Italy,Product,TOL,AUR-TOL-00240,Specialty Tooling Series 160,Northstar OEM,1,1,41,5751.06,USD,Yes
AGS-0012,VectorValve Electric,Mexico,Product,TOL,AUR-TOL-00240,Specialty Tooling Series 160,Global Standard,2,1,67,7032.68,USD,Yes
AGS-0014,VectorValve Fasteners,Singapore,Product,PMP,AUR-PMP-00241,Centrifugal Pump Series 161,Vector Industrial,1,1,56,22238.0,USD,Yes
AGS-0027,VectorValve Technical Metals,Mexico,Product,PMP,AUR-PMP-00241,Centrifugal Pump Series 161,Aurelius OEM,2,5,43,17804.14,USD,Yes
AGS-0050,PrimeFlow Filter Technologies,Singapore,Product,PMP,AUR-PMP-00241,Centrifugal Pump Series 161,Northstar OEM,3,1,42,20846.9,USD,Yes
AGS-0064,PrimeFlow Specialty Alloys,Italy,Product,PMP,AUR-PMP-00241,Centrifugal Pump Series 161,Aurelius OEM,4,2,50,19979.17,USD,Yes
AGS-0021,VectorValve Marine Components,Mexico,Product,VLV,AUR-VLV-00242,Control Valve Series 162,Aurelius OEM,1,1,34,6238.55,USD,Yes
AGS-0034,PrimeFlow Components,Italy,Product,VLV,AUR-VLV-00242,Control Valve Series 162,Aurelius OEM,2,1,43,5846.65,USD,Yes
AGS-0029,VectorValve Motion Controls,Singapore,Product,BRG,AUR-BRG-00243,Industrial Bearing Series 163,Prime Process,1,2,58,5741.6,USD,Yes
AGS-0048,PrimeFlow Process Equipment,Mexico,Product,BRG,AUR-BRG-00243,Industrial Bearing Series 163,Aurelius OEM,2,5,28,5158.04,USD,Yes
AGS-0036,PrimeFlow Industries,Mexico,Product,INS,AUR-INS-00244,Pressure Instrument Series 164,Prime Process,1,5,44,7501.6,USD,Yes
AGS-0065,NorthForge Manufacturing,Singapore,Product,INS,AUR-INS-00244,Pressure Instrument Series 164,Vector Industrial,2,2,46,6386.12,USD,Yes
AGS-0067,NorthForge Pumps,Italy,Product,INS,AUR-INS-00244,Pressure Instrument Series 164,Prime Process,3,1,59,6837.25,USD,Yes
AGS-0037,PrimeFlow Instrumentation,Italy,Product,INS,AUR-INS-00244,Pressure Instrument Series 164,Vector Industrial,4,1,55,6326.17,USD,Yes
AGS-0043,PrimeFlow Gasket & Seal,Italy,Product,MTR,AUR-MTR-00245,Electric Motor Series 165,Prime Process,1,1,47,18211.77,USD,Yes
AGS-0065,NorthForge Manufacturing,Singapore,Product,MTR,AUR-MTR-00245,Electric Motor Series 165,Prime Process,2,5,70,16182.75,USD,Yes
AGS-0050,PrimeFlow Filter Technologies,Singapore,Product,SEA,AUR-SEA-00246,Mechanical Seal Series 166,Aurelius OEM,1,1,38,3057.15,USD,Yes
AGS-0067,NorthForge Pumps,Italy,Product,SEA,AUR-SEA-00246,Mechanical Seal Series 166,Global Standard,2,1,51,3041.8,USD,Yes
AGS-0057,PrimeFlow Valve Automation,Mexico,Product,FLT,AUR-FLT-00247,Process Filter Series 167,Global Standard,1,5,37,7630.98,USD,Yes
AGS-0048,PrimeFlow Process Equipment,Mexico,Product,FLT,AUR-FLT-00247,Process Filter Series 167,Prime Process,2,1,59,6209.03,USD,Yes
AGS-0045,PrimeFlow Controls,Mexico,Product,FLT,AUR-FLT-00247,Process Filter Series 167,Prime Process,3,1,40,6610.2,USD,Yes
AGS-0077,NorthForge Controls,Singapore,Product,FLT,AUR-FLT-00247,Process Filter Series 167,Global Standard,4,1,45,7738.26,USD,Yes
AGS-0064,PrimeFlow Specialty Alloys,Italy,Product,ACT,AUR-ACT-00248,Valve Actuator Series 168,Aurelius OEM,1,5,34,4031.85,USD,Yes
AGS-0043,PrimeFlow Gasket & Seal,Italy,Product,ACT,AUR-ACT-00248,Valve Actuator Series 168,Vector Industrial,2,5,62,4322.78,USD,Yes
AGS-0019,VectorValve Safety Supply,Italy,Product,ACT,AUR-ACT-00248,Valve Actuator Series 168,Aurelius OEM,3,1,31,3862.12,USD,Yes
AGS-0071,NorthForge Bearing Works,Singapore,Product,GSK,AUR-GSK-00249,Industrial Gasket Series 169,Northstar OEM,1,1,51,3578.18,USD,Yes
AGS-0044,PrimeFlow Electric,Singapore,Product,GSK,AUR-GSK-00249,Industrial Gasket Series 169,Vector Industrial,2,5,70,3518.39,USD,Yes
AGS-0078,NorthForge Fasteners,Mexico,Product,HOS,AUR-HOS-00250,Hydraulic Hose Series 170,Global Standard,1,1,64,7250.6,USD,Yes
AGS-0042,PrimeFlow Technologies,Mexico,Product,HOS,AUR-HOS-00250,Hydraulic Hose Series 170,Prime Process,2,1,41,9653.99,USD,Yes
AGS-0040,PrimeFlow Hydraulics,Italy,Product,HOS,AUR-HOS-00250,Hydraulic Hose Series 170,Northstar OEM,3,5,69,7283.94,USD,Yes
AGS-0085,NorthForge Marine Components,Italy,Product,FIT,AUR-FIT-00251,Pipe Fitting Series 171,Aurelius OEM,1,1,53,2239.08,USD,Yes
AGS-0021,VectorValve Marine Components,Mexico,Product,FIT,AUR-FIT-00251,Pipe Fitting Series 171,Vector Industrial,2,1,41,2300.1,USD,Yes
AGS-0076,NorthForge Electric,Italy,Product,FIT,AUR-FIT-00251,Pipe Fitting Series 171,Global Standard,3,1,7,2533.43,USD,Yes
AGS-0008,VectorValve Hydraulics,Singapore,Product,CAB,AUR-CAB-00252,Instrumentation Cable Series 172,Northstar OEM,1,1,31,6465.02,USD,Yes
AGS-0020,VectorValve Gearworks,Singapore,Product,CAB,AUR-CAB-00252,Instrumentation Cable Series 172,Northstar OEM,2,1,54,7381.68,USD,Yes
AGS-0023,VectorValve Industrial Plastics,Singapore,Product,CAB,AUR-CAB-00252,Instrumentation Cable Series 172,Aurelius OEM,3,2,49,7006.09,USD,Yes
AGS-0015,VectorValve Fabrication,Mexico,Product,SEN,AUR-SEN-00253,Process Sensor Series 173,Global Standard,1,2,70,1654.32,USD,Yes
AGS-0043,PrimeFlow Gasket & Seal,Italy,Product,SEN,AUR-SEN-00253,Process Sensor Series 173,Prime Process,2,5,46,1860.21,USD,Yes
AGS-0020,VectorValve Gearworks,Singapore,Product,SEN,AUR-SEN-00253,Process Sensor Series 173,Vector Industrial,3,1,46,1666.48,USD,Yes
AGS-0022,VectorValve Compressor Parts,Italy,Product,CMP,AUR-CMP-00254,Compressor Component Series 174,Global Standard,1,1,31,30246.12,USD,Yes
AGS-0012,VectorValve Electric,Mexico,Product,CMP,AUR-CMP-00254,Compressor Component Series 174,Aurelius OEM,2,1,60,29767.51,USD,Yes
AGS-0060,PrimeFlow Hose & Fittings,Mexico,Product,CMP,AUR-CMP-00254,Compressor Component Series 174,Northstar OEM,3,2,40,26965.46,USD,Yes
AGS-0069,NorthForge Instrumentation,Mexico,Product,CMP,AUR-CMP-00254,Compressor Component Series 174,Vector Industrial,4,1,57,24126.83,USD,Yes
AGS-0029,VectorValve Motion Controls,Singapore,Product,SAF,AUR-SAF-00255,Safety Equipment Series 175,Aurelius OEM,1,1,49,2476.42,USD,Yes
AGS-0031,VectorValve Process Instruments,Italy,Product,SAF,AUR-SAF-00255,Safety Equipment Series 175,Northstar OEM,2,1,62,2996.34,USD,Yes
AGS-0076,NorthForge Electric,Italy,Product,SAF,AUR-SAF-00255,Safety Equipment Series 175,Prime Process,3,1,30,3158.69,USD,Yes
AGS-0036,PrimeFlow Industries,Mexico,Product,PLC,AUR-PLC-00256,Automation Controller Series 176,Vector Industrial,1,1,72,3202.8,USD,Yes
AGS-0040,PrimeFlow Hydraulics,Italy,Product,PLC,AUR-PLC-00256,Automation Controller Series 176,Northstar OEM,2,1,52,2227.67,USD,Yes
AGS-0015,VectorValve Fabrication,Mexico,Product,PLC,AUR-PLC-00256,Automation Controller Series 176,Global Standard,3,1,50,2776.68,USD,Yes
AGS-0043,PrimeFlow Gasket & Seal,Italy,Product,DRV,AUR-DRV-00257,Variable Frequency Drive Series 177,Aurelius OEM,1,1,41,4571.49,USD,Yes
AGS-0005,VectorValve Instrumentation,Singapore,Product,DRV,AUR-DRV-00257,Variable Frequency Drive Series 177,Prime Process,2,1,53,4549.57,USD,Yes
AGS-0050,PrimeFlow Filter Technologies,Singapore,Product,HEX,AUR-HEX-00258,Heat Exchanger Part Series 178,Global Standard,1,1,31,23013.38,USD,Yes
AGS-0072,NorthForge Hydraulics,Mexico,Product,HEX,AUR-HEX-00258,Heat Exchanger Part Series 178,Aurelius OEM,2,1,35,23749.27,USD,Yes
AGS-0020,VectorValve Gearworks,Singapore,Product,HEX,AUR-HEX-00258,Heat Exchanger Part Series 178,Global Standard,3,2,34,21417.53,USD,Yes
AGS-0057,PrimeFlow Valve Automation,Mexico,Product,LUB,AUR-LUB-00259,Industrial Lubrication Series 179,Northstar OEM,1,1,50,9333.94,USD,Yes
AGS-0069,NorthForge Instrumentation,Mexico,Product,LUB,AUR-LUB-00259,Industrial Lubrication Series 179,Prime Process,2,1,25,8787.19,USD,Yes
AGS-0064,PrimeFlow Specialty Alloys,Italy,Product,TOL,AUR-TOL-00260,Specialty Tooling Series 180,Northstar OEM,1,1,68,4156.57,USD,Yes
AGS-0038,PrimeFlow Systems,Singapore,Product,TOL,AUR-TOL-00260,Specialty Tooling Series 180,Prime Process,2,1,41,4004.67,USD,Yes
AGS-0061,PrimeFlow Motion Controls,Italy,Product,TOL,AUR-TOL-00260,Specialty Tooling Series 180,Northstar OEM,3,2,27,4126.8,USD,Yes
AGS-0072,NorthForge Hydraulics,Mexico,Product,PMP,AUR-PMP-00261,Centrifugal Pump Series 181,Global Standard,1,2,34,13625.03,USD,Yes
AGS-0064,PrimeFlow Specialty Alloys,Italy,Product,PMP,AUR-PMP-00261,Centrifugal Pump Series 181,Northstar OEM,2,1,59,11467.66,USD,Yes
AGS-0041,PrimeFlow Actuation,Singapore,Product,PMP,AUR-PMP-00261,Centrifugal Pump Series 181,Vector Industrial,3,1,73,11084.72,USD,Yes
AGS-0079,NorthForge Fabrication,Italy,Product,VLV,AUR-VLV-00262,Control Valve Series 182,Northstar OEM,1,1,57,1506.19,USD,Yes
AGS-0068,NorthForge Industries,Singapore,Product,VLV,AUR-VLV-00262,Control Valve Series 182,Global Standard,2,1,47,1337.0,USD,Yes
AGS-0001,VectorValve Manufacturing,Italy,Product,BRG,AUR-BRG-00263,Industrial Bearing Series 183,Aurelius OEM,1,2,42,6468.59,USD,Yes
AGS-0058,PrimeFlow Sensor Labs,Italy,Product,BRG,AUR-BRG-00263,Industrial Bearing Series 183,Global Standard,2,2,68,7076.08,USD,Yes
AGS-0008,VectorValve Hydraulics,Singapore,Product,INS,AUR-INS-00264,Pressure Instrument Series 184,Vector Industrial,1,1,66,3831.8,USD,Yes
AGS-0058,PrimeFlow Sensor Labs,Italy,Product,INS,AUR-INS-00264,Pressure Instrument Series 184,Global Standard,2,5,16,4350.68,USD,Yes
AGS-0035,PrimeFlow Pumps,Singapore,Product,INS,AUR-INS-00264,Pressure Instrument Series 184,Global Standard,3,1,72,4225.02,USD,Yes
AGS-0015,VectorValve Fabrication,Mexico,Product,MTR,AUR-MTR-00265,Electric Motor Series 185,Northstar OEM,1,1,75,28389.67,USD,Yes
AGS-0037,PrimeFlow Instrumentation,Italy,Product,MTR,AUR-MTR-00265,Electric Motor Series 185,Vector Industrial,2,2,33,25977.73,USD,Yes
AGS-0075,NorthForge Gasket & Seal,Mexico,Product,MTR,AUR-MTR-00265,Electric Motor Series 185,Vector Industrial,3,2,48,24806.29,USD,Yes
AGS-0022,VectorValve Compressor Parts,Italy,Product,SEA,AUR-SEA-00266,Mechanical Seal Series 186,Vector Industrial,1,1,12,422.55,USD,Yes
AGS-0056,PrimeFlow Heat Transfer,Singapore,Product,SEA,AUR-SEA-00266,Mechanical Seal Series 186,Aurelius OEM,2,1,47,357.98,USD,Yes
AGS-0026,VectorValve Sensor Labs,Singapore,Product,SEA,AUR-SEA-00266,Mechanical Seal Series 186,Prime Process,3,1,83,354.77,USD,Yes
AGS-0029,VectorValve Motion Controls,Singapore,Product,FLT,AUR-FLT-00267,Process Filter Series 187,Aurelius OEM,1,1,55,1484.75,USD,Yes
AGS-0020,VectorValve Gearworks,Singapore,Product,FLT,AUR-FLT-00267,Process Filter Series 187,Global Standard,2,2,44,1581.84,USD,Yes
AGS-0036,PrimeFlow Industries,Mexico,Product,FLT,AUR-FLT-00267,Process Filter Series 187,Prime Process,3,1,65,1832.12,USD,Yes
AGS-0036,PrimeFlow Industries,Mexico,Product,ACT,AUR-ACT-00268,Valve Actuator Series 188,Global Standard,1,1,35,7146.33,USD,Yes
AGS-0042,PrimeFlow Technologies,Mexico,Product,ACT,AUR-ACT-00268,Valve Actuator Series 188,Vector Industrial,2,1,36,6912.24,USD,Yes
AGS-0043,PrimeFlow Gasket & Seal,Italy,Product,GSK,AUR-GSK-00269,Industrial Gasket Series 189,Global Standard,1,1,59,868.84,USD,Yes
AGS-0061,PrimeFlow Motion Controls,Italy,Product,GSK,AUR-GSK-00269,Industrial Gasket Series 189,Vector Industrial,2,1,25,906.2,USD,Yes
AGS-0051,PrimeFlow Safety Supply,Mexico,Product,HOS,AUR-HOS-00270,Hydraulic Hose Series 190,Aurelius OEM,1,2,52,7635.89,USD,Yes
AGS-0062,PrimeFlow Mechanical Supply,Singapore,Product,HOS,AUR-HOS-00270,Hydraulic Hose Series 190,Vector Industrial,2,1,66,7188.51,USD,Yes
AGS-0014,VectorValve Fasteners,Singapore,Product,HOS,AUR-HOS-00270,Hydraulic Hose Series 190,Global Standard,3,1,45,9862.66,USD,Yes
AGS-0058,PrimeFlow Sensor Labs,Italy,Product,FIT,AUR-FIT-00271,Pipe Fitting Series 191,Aurelius OEM,1,1,47,4659.92,USD,Yes
AGS-0064,PrimeFlow Specialty Alloys,Italy,Product,FIT,AUR-FIT-00271,Pipe Fitting Series 191,Northstar OEM,2,5,41,4487.81,USD,Yes
AGS-0065,NorthForge Manufacturing,Singapore,Product,CAB,AUR-CAB-00272,Instrumentation Cable Series 192,Global Standard,1,1,56,4473.83,USD,Yes
AGS-0003,VectorValve Pumps,Mexico,Product,CAB,AUR-CAB-00272,Instrumentation Cable Series 192,Northstar OEM,2,2,71,4303.76,USD,Yes
AGS-0072,NorthForge Hydraulics,Mexico,Product,SEN,AUR-SEN-00273,Process Sensor Series 193,Northstar OEM,1,1,47,1475.44,USD,Yes
AGS-0028,VectorValve Hose & Fittings,Italy,Product,SEN,AUR-SEN-00273,Process Sensor Series 193,Prime Process,2,1,30,1208.51,USD,Yes
AGS-0079,NorthForge Fabrication,Italy,Product,CMP,AUR-CMP-00274,Compressor Component Series 194,Global Standard,1,1,73,3271.65,USD,Yes
AGS-0078,NorthForge Fasteners,Mexico,Product,CMP,AUR-CMP-00274,Compressor Component Series 194,Global Standard,2,1,72,2724.47,USD,Yes
AGS-0036,PrimeFlow Industries,Mexico,Product,CMP,AUR-CMP-00274,Compressor Component Series 194,Prime Process,3,2,72,3768.82,USD,Yes
AGS-0001,VectorValve Manufacturing,Italy,Product,SAF,AUR-SAF-00275,Safety Equipment Series 195,Vector Industrial,1,1,62,2724.05,USD,Yes
AGS-0053,PrimeFlow Marine Components,Singapore,Product,SAF,AUR-SAF-00275,Safety Equipment Series 195,Aurelius OEM,2,5,60,3049.92,USD,Yes
AGS-0008,VectorValve Hydraulics,Singapore,Product,PLC,AUR-PLC-00276,Automation Controller Series 196,Global Standard,1,2,19,6260.96,USD,Yes
AGS-0066,NorthForge Components,Mexico,Product,PLC,AUR-PLC-00276,Automation Controller Series 196,Aurelius OEM,2,2,55,6732.85,USD,Yes
AGS-0068,NorthForge Industries,Singapore,Product,PLC,AUR-PLC-00276,Automation Controller Series 196,Northstar OEM,3,2,65,5616.05,USD,Yes
AGS-0028,VectorValve Hose & Fittings,Italy,Product,PLC,AUR-PLC-00276,Automation Controller Series 196,Prime Process,4,2,33,6032.53,USD,Yes
AGS-0015,VectorValve Fabrication,Mexico,Product,DRV,AUR-DRV-00277,Variable Frequency Drive Series 197,Northstar OEM,1,1,68,3668.6,USD,Yes
AGS-0003,VectorValve Pumps,Mexico,Product,DRV,AUR-DRV-00277,Variable Frequency Drive Series 197,Aurelius OEM,2,5,49,3371.95,USD,Yes
AGS-0019,VectorValve Safety Supply,Italy,Product,DRV,AUR-DRV-00277,Variable Frequency Drive Series 197,Northstar OEM,3,1,46,3625.46,USD,Yes
AGS-0033,PrimeFlow Manufacturing,Mexico,Product,DRV,AUR-DRV-00277,Variable Frequency Drive Series 197,Vector Industrial,4,1,64,4406.98,USD,Yes
AGS-0022,VectorValve Compressor Parts,Italy,Product,HEX,AUR-HEX-00278,Heat Exchanger Part Series 198,Prime Process,1,1,45,4381.52,USD,Yes
AGS-0062,PrimeFlow Mechanical Supply,Singapore,Product,HEX,AUR-HEX-00278,Heat Exchanger Part Series 198,Northstar OEM,2,5,69,3501.42,USD,Yes
AGS-0030,VectorValve Mechanical Supply,Mexico,Product,LUB,AUR-LUB-00279,Industrial Lubrication Series 199,Aurelius OEM,1,1,57,2913.76,USD,Yes
AGS-0047,PrimeFlow Fabrication,Singapore,Product,LUB,AUR-LUB-00279,Industrial Lubrication Series 199,Aurelius OEM,2,1,14,3193.37,USD,Yes
AGS-0035,PrimeFlow Pumps,Singapore,Product,LUB,AUR-LUB-00279,Industrial Lubrication Series 199,Aurelius OEM,3,2,44,2994.51,USD,Yes
AGS-0037,PrimeFlow Instrumentation,Italy,Product,TOL,AUR-TOL-00280,Specialty Tooling Series 200,Vector Industrial,1,1,52,4886.0,USD,Yes
AGS-0049,PrimeFlow Cable Systems,Italy,Product,TOL,AUR-TOL-00280,Specialty Tooling Series 200,Aurelius OEM,2,5,43,6071.45,USD,Yes
AGS-0044,PrimeFlow Electric,Singapore,Product,PMP,AUR-PMP-00281,Centrifugal Pump Series 201,Global Standard,1,1,75,7917.69,USD,Yes
AGS-0045,PrimeFlow Controls,Mexico,Product,PMP,AUR-PMP-00281,Centrifugal Pump Series 201,Aurelius OEM,2,1,28,8305.28,USD,Yes
AGS-0070,NorthForge Systems,Italy,Product,PMP,AUR-PMP-00281,Centrifugal Pump Series 201,Prime Process,3,1,36,9512.73,USD,Yes
AGS-0017,VectorValve Cable Systems,Singapore,Product,PMP,AUR-PMP-00281,Centrifugal Pump Series 201,Global Standard,4,1,51,9892.83,USD,Yes
AGS-0051,PrimeFlow Safety Supply,Mexico,Product,VLV,AUR-VLV-00282,Control Valve Series 202,Prime Process,1,1,26,5171.47,USD,Yes
AGS-0039,PrimeFlow Bearing Works,Mexico,Product,VLV,AUR-VLV-00282,Control Valve Series 202,Northstar OEM,2,5,43,5516.1,USD,Yes
AGS-0030,VectorValve Mechanical Supply,Mexico,Product,VLV,AUR-VLV-00282,Control Valve Series 202,Global Standard,3,2,57,5290.95,USD,Yes
AGS-0058,PrimeFlow Sensor Labs,Italy,Product,BRG,AUR-BRG-00283,Industrial Bearing Series 203,Aurelius OEM,1,1,29,2001.28,USD,Yes
AGS-0029,VectorValve Motion Controls,Singapore,Product,BRG,AUR-BRG-00283,Industrial Bearing Series 203,Northstar OEM,2,1,37,1675.53,USD,Yes
AGS-0043,PrimeFlow Gasket & Seal,Italy,Product,BRG,AUR-BRG-00283,Industrial Bearing Series 203,Vector Industrial,3,1,58,2149.03,USD,Yes
AGS-0047,PrimeFlow Fabrication,Singapore,Product,BRG,AUR-BRG-00283,Industrial Bearing Series 203,Vector Industrial,4,5,39,2075.9,USD,Yes
AGS-0065,NorthForge Manufacturing,Singapore,Product,INS,AUR-INS-00284,Pressure Instrument Series 204,Vector Industrial,1,2,60,777.51,USD,Yes
AGS-0082,NorthForge Filter Technologies,Italy,Product,INS,AUR-INS-00284,Pressure Instrument Series 204,Vector Industrial,2,1,21,910.53,USD,Yes
AGS-0072,NorthForge Hydraulics,Mexico,Product,MTR,AUR-MTR-00285,Electric Motor Series 205,Aurelius OEM,1,1,73,15260.27,USD,Yes
AGS-0030,VectorValve Mechanical Supply,Mexico,Product,MTR,AUR-MTR-00285,Electric Motor Series 205,Northstar OEM,2,1,34,13304.05,USD,Yes
AGS-0079,NorthForge Fabrication,Italy,Product,SEA,AUR-SEA-00286,Mechanical Seal Series 206,Global Standard,1,1,45,5608.47,USD,Yes
AGS-0024,VectorValve Heat Transfer,Mexico,Product,SEA,AUR-SEA-00286,Mechanical Seal Series 206,Northstar OEM,2,1,33,5266.45,USD,Yes
AGS-0049,PrimeFlow Cable Systems,Italy,Product,SEA,AUR-SEA-00286,Mechanical Seal Series 206,Aurelius OEM,3,2,61,6496.78,USD,Yes
AGS-0001,VectorValve Manufacturing,Italy,Product,FLT,AUR-FLT-00287,Process Filter Series 207,Vector Industrial,1,5,53,2106.67,USD,Yes
AGS-0025,VectorValve Valve Automation,Italy,Product,FLT,AUR-FLT-00287,Process Filter Series 207,Global Standard,2,5,48,2332.06,USD,Yes
AGS-0062,PrimeFlow Mechanical Supply,Singapore,Product,FLT,AUR-FLT-00287,Process Filter Series 207,Northstar OEM,3,2,45,1933.42,USD,Yes
AGS-0061,PrimeFlow Motion Controls,Italy,Product,FLT,AUR-FLT-00287,Process Filter Series 207,Aurelius OEM,4,1,26,2407.06,USD,Yes
AGS-0009,VectorValve Actuation,Mexico,Product,ACT,AUR-ACT-00288,Valve Actuator Series 208,Prime Process,1,2,10,8121.11,USD,Yes
AGS-0074,NorthForge Technologies,Singapore,Product,ACT,AUR-ACT-00288,Valve Actuator Series 208,Vector Industrial,2,2,51,7990.29,USD,Yes
AGS-0054,PrimeFlow Compressor Parts,Mexico,Product,ACT,AUR-ACT-00288,Valve Actuator Series 208,Aurelius OEM,3,5,63,9159.12,USD,Yes
AGS-0016,VectorValve Process Equipment,Italy,Product,GSK,AUR-GSK-00289,Industrial Gasket Series 209,Prime Process,1,1,61,9236.19,USD,Yes
AGS-0033,PrimeFlow Manufacturing,Mexico,Product,GSK,AUR-GSK-00289,Industrial Gasket Series 209,Global Standard,2,5,64,10172.28,USD,Yes
AGS-0082,NorthForge Filter Technologies,Italy,Product,GSK,AUR-GSK-00289,Industrial Gasket Series 209,Vector Industrial,3,2,64,9890.21,USD,Yes
AGS-0023,VectorValve Industrial Plastics,Singapore,Product,HOS,AUR-HOS-00290,Hydraulic Hose Series 210,Vector Industrial,1,1,56,7266.96,USD,Yes
AGS-0051,PrimeFlow Safety Supply,Mexico,Product,HOS,AUR-HOS-00290,Hydraulic Hose Series 210,Vector Industrial,2,1,44,7165.63,USD,Yes
AGS-0004,VectorValve Industries,Italy,Product,HOS,AUR-HOS-00290,Hydraulic Hose Series 210,Vector Industrial,3,1,36,7174.86,USD,Yes
AGS-0030,VectorValve Mechanical Supply,Mexico,Product,FIT,AUR-FIT-00291,Pipe Fitting Series 211,Northstar OEM,1,1,65,5516.99,USD,Yes
AGS-0049,PrimeFlow Cable Systems,Italy,Product,FIT,AUR-FIT-00291,Pipe Fitting Series 211,Aurelius OEM,2,2,42,6121.75,USD,Yes
AGS-0071,NorthForge Bearing Works,Singapore,Product,FIT,AUR-FIT-00291,Pipe Fitting Series 211,Global Standard,3,1,58,5397.1,USD,Yes
AGS-0037,PrimeFlow Instrumentation,Italy,Product,CAB,AUR-CAB-00292,Instrumentation Cable Series 212,Aurelius OEM,1,1,73,424.39,USD,Yes
AGS-0077,NorthForge Controls,Singapore,Product,CAB,AUR-CAB-00292,Instrumentation Cable Series 212,Prime Process,2,1,64,572.95,USD,Yes
AGS-0027,VectorValve Technical Metals,Mexico,Product,CAB,AUR-CAB-00292,Instrumentation Cable Series 212,Global Standard,3,1,54,451.1,USD,Yes
AGS-0044,PrimeFlow Electric,Singapore,Product,SEN,AUR-SEN-00293,Process Sensor Series 213,Aurelius OEM,1,1,57,4461.36,USD,Yes
AGS-0034,PrimeFlow Components,Italy,Product,SEN,AUR-SEN-00293,Process Sensor Series 213,Northstar OEM,2,1,50,4181.15,USD,Yes
AGS-0022,VectorValve Compressor Parts,Italy,Product,SEN,AUR-SEN-00293,Process Sensor Series 213,Global Standard,3,1,53,5559.41,USD,Yes
AGS-0051,PrimeFlow Safety Supply,Mexico,Product,CMP,AUR-CMP-00294,Compressor Component Series 214,Prime Process,1,2,25,10921.57,USD,Yes
AGS-0074,NorthForge Technologies,Singapore,Product,CMP,AUR-CMP-00294,Compressor Component Series 214,Prime Process,2,2,45,11499.12,USD,Yes
AGS-0058,PrimeFlow Sensor Labs,Italy,Product,SAF,AUR-SAF-00295,Safety Equipment Series 215,Global Standard,1,1,32,2055.15,USD,Yes
AGS-0070,NorthForge Systems,Italy,Product,SAF,AUR-SAF-00295,Safety Equipment Series 215,Prime Process,2,1,48,2000.27,USD,Yes
AGS-0065,NorthForge Manufacturing,Singapore,Product,PLC,AUR-PLC-00296,Automation Controller Series 216,Prime Process,1,2,69,1780.88,USD,Yes
AGS-0007,VectorValve Bearing Works,Italy,Product,PLC,AUR-PLC-00296,Automation Controller Series 216,Prime Process,2,5,37,1606.25,USD,Yes
AGS-0073,NorthForge Actuation,Italy,Product,DRV,AUR-DRV-00297,Variable Frequency Drive Series 217,Global Standard,1,1,48,2695.57,USD,Yes
AGS-0076,NorthForge Electric,Italy,Product,DRV,AUR-DRV-00297,Variable Frequency Drive Series 217,Vector Industrial,2,1,21,2663.6,USD,Yes
AGS-0080,NorthForge Process Equipment,Singapore,Product,HEX,AUR-HEX-00298,Heat Exchanger Part Series 218,Aurelius OEM,1,5,62,12421.83,USD,Yes
AGS-0060,PrimeFlow Hose & Fittings,Mexico,Product,HEX,AUR-HEX-00298,Heat Exchanger Part Series 218,Prime Process,2,5,57,12263.35,USD,Yes
AGS-0002,VectorValve Components,Singapore,Product,LUB,AUR-LUB-00299,Industrial Lubrication Series 219,Vector Industrial,1,1,17,4546.36,USD,Yes
AGS-0074,NorthForge Technologies,Singapore,Product,LUB,AUR-LUB-00299,Industrial Lubrication Series 219,Northstar OEM,2,1,64,3650.71,USD,Yes
AGS-0009,VectorValve Actuation,Mexico,Product,TOL,AUR-TOL-00300,Specialty Tooling Series 220,Prime Process,1,5,39,7383.18,USD,Yes
AGS-0056,PrimeFlow Heat Transfer,Singapore,Product,TOL,AUR-TOL-00300,Specialty Tooling Series 220,Prime Process,2,1,34,6794.05,USD,Yes
AGS-0079,NorthForge Fabrication,Italy,Product,TOL,AUR-TOL-00300,Specialty Tooling Series 220,Aurelius OEM,3,1,53,7435.77,USD,Yes
AGS-0054,PrimeFlow Compressor Parts,Mexico,Product,TOL,AUR-TOL-00300,Specialty Tooling Series 220,Global Standard,4,1,53,7461.24,USD,Yes
AGS-0016,VectorValve Process Equipment,Italy,Product,PMP,AUR-PMP-00301,Centrifugal Pump Series 221,Northstar OEM,1,1,60,11307.23,USD,Yes
AGS-0078,NorthForge Fasteners,Mexico,Product,PMP,AUR-PMP-00301,Centrifugal Pump Series 221,Prime Process,2,2,25,10042.69,USD,Yes
AGS-0034,PrimeFlow Components,Italy,Product,PMP,AUR-PMP-00301,Centrifugal Pump Series 221,Northstar OEM,3,1,42,10318.22,USD,Yes
AGS-0023,VectorValve Industrial Plastics,Singapore,Product,VLV,AUR-VLV-00302,Control Valve Series 222,Aurelius OEM,1,5,84,1040.08,USD,Yes
AGS-0065,NorthForge Manufacturing,Singapore,Product,VLV,AUR-VLV-00302,Control Valve Series 222,Northstar OEM,2,1,38,1068.31,USD,Yes
AGS-0030,VectorValve Mechanical Supply,Mexico,Product,BRG,AUR-BRG-00303,Industrial Bearing Series 223,Global Standard,1,1,47,3904.09,USD,Yes
AGS-0045,PrimeFlow Controls,Mexico,Product,BRG,AUR-BRG-00303,Industrial Bearing Series 223,Northstar OEM,2,1,16,3822.57,USD,Yes
AGS-0037,PrimeFlow Instrumentation,Italy,Product,INS,AUR-INS-00304,Pressure Instrument Series 224,Vector Industrial,1,1,50,1349.62,USD,Yes
AGS-0034,PrimeFlow Components,Italy,Product,INS,AUR-INS-00304,Pressure Instrument Series 224,Global Standard,2,1,25,1354.71,USD,Yes
AGS-0044,PrimeFlow Electric,Singapore,Product,MTR,AUR-MTR-00305,Electric Motor Series 225,Prime Process,1,1,46,10164.31,USD,Yes
AGS-0043,PrimeFlow Gasket & Seal,Italy,Product,MTR,AUR-MTR-00305,Electric Motor Series 225,Vector Industrial,2,1,24,12402.19,USD,Yes
AGS-0017,VectorValve Cable Systems,Singapore,Product,MTR,AUR-MTR-00305,Electric Motor Series 225,Northstar OEM,3,1,48,12158.97,USD,Yes
AGS-0052,PrimeFlow Gearworks,Italy,Product,SEA,AUR-SEA-00306,Mechanical Seal Series 226,Aurelius OEM,1,1,48,8363.13,USD,Yes
AGS-0053,PrimeFlow Marine Components,Singapore,Product,SEA,AUR-SEA-00306,Mechanical Seal Series 226,Northstar OEM,2,2,44,7803.02,USD,Yes
AGS-0059,PrimeFlow Technical Metals,Singapore,Product,FLT,AUR-FLT-00307,Process Filter Series 227,Prime Process,1,1,55,7670.84,USD,Yes
AGS-0067,NorthForge Pumps,Italy,Product,FLT,AUR-FLT-00307,Process Filter Series 227,Vector Industrial,2,1,49,6884.77,USD,Yes
AGS-0006,VectorValve Systems,Mexico,Product,FLT,AUR-FLT-00307,Process Filter Series 227,Prime Process,3,1,61,6014.99,USD,Yes
AGS-0066,NorthForge Components,Mexico,Product,ACT,AUR-ACT-00308,Valve Actuator Series 228,Prime Process,1,1,57,6331.94,USD,Yes
AGS-0014,VectorValve Fasteners,Singapore,Product,ACT,AUR-ACT-00308,Valve Actuator Series 228,Aurelius OEM,2,1,19,7233.11,USD,Yes
AGS-0053,PrimeFlow Marine Components,Singapore,Product,ACT,AUR-ACT-00308,Valve Actuator Series 228,Vector Industrial,3,2,81,6560.45,USD,Yes
AGS-0073,NorthForge Actuation,Italy,Product,GSK,AUR-GSK-00309,Industrial Gasket Series 229,Aurelius OEM,1,1,61,3922.53,USD,Yes
AGS-0029,VectorValve Motion Controls,Singapore,Product,GSK,AUR-GSK-00309,Industrial Gasket Series 229,Vector Industrial,2,5,71,3429.91,USD,Yes
AGS-0080,NorthForge Process Equipment,Singapore,Product,HOS,AUR-HOS-00310,Hydraulic Hose Series 230,Vector Industrial,1,2,22,7685.96,USD,Yes
AGS-0025,VectorValve Valve Automation,Italy,Product,HOS,AUR-HOS-00310,Hydraulic Hose Series 230,Global Standard,2,1,49,6131.07,USD,Yes
AGS-0002,VectorValve Components,Singapore,Product,FIT,AUR-FIT-00311,Pipe Fitting Series 231,Aurelius OEM,1,1,21,2157.95,USD,Yes
AGS-0014,VectorValve Fasteners,Singapore,Product,FIT,AUR-FIT-00311,Pipe Fitting Series 231,Aurelius OEM,2,1,8,2158.07,USD,Yes
AGS-0060,PrimeFlow Hose & Fittings,Mexico,Product,FIT,AUR-FIT-00311,Pipe Fitting Series 231,Vector Industrial,3,2,51,1955.84,USD,Yes
AGS-0009,VectorValve Actuation,Mexico,Product,CAB,AUR-CAB-00312,Instrumentation Cable Series 232,Aurelius OEM,1,2,13,882.2,USD,Yes
AGS-0005,VectorValve Instrumentation,Singapore,Product,CAB,AUR-CAB-00312,Instrumentation Cable Series 232,Global Standard,2,1,31,919.61,USD,Yes
AGS-0016,VectorValve Process Equipment,Italy,Product,SEN,AUR-SEN-00313,Process Sensor Series 233,Northstar OEM,1,1,90,6685.94,USD,Yes
AGS-0068,NorthForge Industries,Singapore,Product,SEN,AUR-SEN-00313,Process Sensor Series 233,Aurelius OEM,2,1,53,5202.35,USD,Yes
AGS-0069,NorthForge Instrumentation,Mexico,Product,SEN,AUR-SEN-00313,Process Sensor Series 233,Global Standard,3,1,72,6585.85,USD,Yes
AGS-0023,VectorValve Industrial Plastics,Singapore,Product,CMP,AUR-CMP-00314,Compressor Component Series 234,Global Standard,1,5,34,10960.8,USD,Yes
AGS-0037,PrimeFlow Instrumentation,Italy,Product,CMP,AUR-CMP-00314,Compressor Component Series 234,Aurelius OEM,2,1,45,10746.66,USD,Yes
AGS-0031,VectorValve Process Instruments,Italy,Product,SAF,AUR-SAF-00315,Safety Equipment Series 235,Prime Process,1,1,52,1899.08,USD,Yes
AGS-0079,NorthForge Fabrication,Italy,Product,SAF,AUR-SAF-00315,Safety Equipment Series 235,Aurelius OEM,2,1,88,1814.79,USD,Yes
AGS-0038,PrimeFlow Systems,Singapore,Product,PLC,AUR-PLC-00316,Automation Controller Series 236,Northstar OEM,1,1,42,3712.23,USD,Yes
AGS-0064,PrimeFlow Specialty Alloys,Italy,Product,PLC,AUR-PLC-00316,Automation Controller Series 236,Northstar OEM,2,5,22,3835.8,USD,Yes
AGS-0045,PrimeFlow Controls,Mexico,Product,DRV,AUR-DRV-00317,Variable Frequency Drive Series 237,Global Standard,1,1,42,1580.61,USD,Yes
AGS-0030,VectorValve Mechanical Supply,Mexico,Product,DRV,AUR-DRV-00317,Variable Frequency Drive Series 237,Vector Industrial,2,1,29,1680.95,USD,Yes
AGS-0052,PrimeFlow Gearworks,Italy,Product,HEX,AUR-HEX-00318,Heat Exchanger Part Series 238,Global Standard,1,1,66,16132.43,USD,Yes
AGS-0017,VectorValve Cable Systems,Singapore,Product,HEX,AUR-HEX-00318,Heat Exchanger Part Series 238,Vector Industrial,2,1,66,15686.54,USD,Yes
AGS-0014,VectorValve Fasteners,Singapore,Product,HEX,AUR-HEX-00318,Heat Exchanger Part Series 238,Prime Process,3,1,54,16013.63,USD,Yes
AGS-0059,PrimeFlow Technical Metals,Singapore,Product,LUB,AUR-LUB-00319,Industrial Lubrication Series 239,Northstar OEM,1,1,26,4892.02,USD,Yes
AGS-0033,PrimeFlow Manufacturing,Mexico,Product,LUB,AUR-LUB-00319,Industrial Lubrication Series 239,Prime Process,2,1,47,5001.11,USD,Yes
AGS-0078,NorthForge Fasteners,Mexico,Product,LUB,AUR-LUB-00319,Industrial Lubrication Series 239,Prime Process,3,5,48,3680.92,USD,Yes
AGS-0066,NorthForge Components,Mexico,Product,TOL,AUR-TOL-00320,Specialty Tooling Series 240,Vector Industrial,1,5,48,5559.46,USD,Yes
AGS-0020,VectorValve Gearworks,Singapore,Product,TOL,AUR-TOL-00320,Specialty Tooling Series 240,Vector Industrial,2,5,49,5769.1,USD,Yes
AGS-0077,NorthForge Controls,Singapore,Product,TOL,AUR-TOL-00320,Specialty Tooling Series 240,Vector Industrial,3,1,11,7171.07,USD,Yes
AGS-0005,VectorValve Instrumentation,Singapore,Product,TOL,AUR-TOL-00320,Specialty Tooling Series 240,Vector Industrial,4,5,81,5866.82,USD,Yes
AGS-0073,NorthForge Actuation,Italy,Product,PMP,AUR-PMP-00321,Centrifugal Pump Series 241,Vector Industrial,1,2,56,20261.83,USD,Yes
AGS-0047,PrimeFlow Fabrication,Singapore,Product,PMP,AUR-PMP-00321,Centrifugal Pump Series 241,Global Standard,2,2,32,18736.75,USD,Yes
AGS-0054,PrimeFlow Compressor Parts,Mexico,Product,PMP,AUR-PMP-00321,Centrifugal Pump Series 241,Vector Industrial,3,5,37,18464.9,USD,Yes
AGS-0080,NorthForge Process Equipment,Singapore,Product,VLV,AUR-VLV-00322,Control Valve Series 242,Prime Process,1,1,48,2290.44,USD,Yes
AGS-0043,PrimeFlow Gasket & Seal,Italy,Product,VLV,AUR-VLV-00322,Control Valve Series 242,Global Standard,2,2,63,2201.41,USD,Yes
AGS-0002,VectorValve Components,Singapore,Product,BRG,AUR-BRG-00323,Industrial Bearing Series 243,Aurelius OEM,1,1,37,3226.03,USD,Yes
AGS-0018,VectorValve Filter Technologies,Mexico,Product,BRG,AUR-BRG-00323,Industrial Bearing Series 243,Global Standard,2,1,52,2718.96,USD,Yes
AGS-0010,VectorValve Technologies,Italy,Product,INS,AUR-INS-00324,Pressure Instrument Series 244,Aurelius OEM,1,5,26,7903.29,USD,Yes
AGS-0058,PrimeFlow Sensor Labs,Italy,Product,INS,AUR-INS-00324,Pressure Instrument Series 244,Prime Process,2,2,17,8380.71,USD,Yes
AGS-0017,VectorValve Cable Systems,Singapore,Product,MTR,AUR-MTR-00325,Electric Motor Series 245,Aurelius OEM,1,2,75,23443.6,USD,Yes
AGS-0081,NorthForge Cable Systems,Mexico,Product,MTR,AUR-MTR-00325,Electric Motor Series 245,Global Standard,2,5,34,22234.45,USD,Yes
AGS-0033,PrimeFlow Manufacturing,Mexico,Product,MTR,AUR-MTR-00325,Electric Motor Series 245,Vector Industrial,3,1,55,23406.25,USD,Yes
AGS-0024,VectorValve Heat Transfer,Mexico,Product,SEA,AUR-SEA-00326,Mechanical Seal Series 246,Northstar OEM,1,1,14,3775.2,USD,Yes
AGS-0034,PrimeFlow Components,Italy,Product,SEA,AUR-SEA-00326,Mechanical Seal Series 246,Northstar OEM,2,2,37,3530.98,USD,Yes
AGS-0031,VectorValve Process Instruments,Italy,Product,FLT,AUR-FLT-00327,Process Filter Series 247,Aurelius OEM,1,1,62,4830.86,USD,Yes
AGS-0057,PrimeFlow Valve Automation,Mexico,Product,FLT,AUR-FLT-00327,Process Filter Series 247,Prime Process,2,5,48,5277.83,USD,Yes
AGS-0038,PrimeFlow Systems,Singapore,Product,ACT,AUR-ACT-00328,Valve Actuator Series 248,Aurelius OEM,1,1,51,813.02,USD,Yes
AGS-0075,NorthForge Gasket & Seal,Mexico,Product,ACT,AUR-ACT-00328,Valve Actuator Series 248,Prime Process,2,1,32,695.14,USD,Yes
AGS-0048,PrimeFlow Process Equipment,Mexico,Product,ACT,AUR-ACT-00328,Valve Actuator Series 248,Prime Process,3,1,31,739.3,USD,Yes
AGS-0083,NorthForge Safety Supply,Singapore,Product,ACT,AUR-ACT-00328,Valve Actuator Series 248,Global Standard,4,5,30,659.81,USD,Yes
AGS-0045,PrimeFlow Controls,Mexico,Product,GSK,AUR-GSK-00329,Industrial Gasket Series 249,Global Standard,1,1,21,2362.99,USD,Yes
AGS-0059,PrimeFlow Technical Metals,Singapore,Product,GSK,AUR-GSK-00329,Industrial Gasket Series 249,Aurelius OEM,2,5,35,2956.28,USD,Yes
AGS-0057,PrimeFlow Valve Automation,Mexico,Product,GSK,AUR-GSK-00329,Industrial Gasket Series 249,Global Standard,3,2,43,2971.94,USD,Yes
AGS-0055,PrimeFlow Industrial Plastics,Italy,Product,GSK,AUR-GSK-00329,Industrial Gasket Series 249,Northstar OEM,4,1,52,2601.73,USD,Yes
AGS-0052,PrimeFlow Gearworks,Italy,Product,HOS,AUR-HOS-00330,Hydraulic Hose Series 250,Northstar OEM,1,5,48,8031.5,USD,Yes
AGS-0025,VectorValve Valve Automation,Italy,Product,HOS,AUR-HOS-00330,Hydraulic Hose Series 250,Vector Industrial,2,2,76,7737.83,USD,Yes
AGS-0059,PrimeFlow Technical Metals,Singapore,Product,FIT,AUR-FIT-00331,Pipe Fitting Series 251,Vector Industrial,1,1,56,3693.61,USD,Yes
AGS-0009,VectorValve Actuation,Mexico,Product,FIT,AUR-FIT-00331,Pipe Fitting Series 251,Global Standard,2,1,61,3115.7,USD,Yes
AGS-0012,VectorValve Electric,Mexico,Product,FIT,AUR-FIT-00331,Pipe Fitting Series 251,Northstar OEM,3,1,67,3696.9,USD,Yes
AGS-0066,NorthForge Components,Mexico,Product,CAB,AUR-CAB-00332,Instrumentation Cable Series 252,Prime Process,1,1,54,5717.1,USD,Yes
AGS-0032,VectorValve Specialty Alloys,Singapore,Product,CAB,AUR-CAB-00332,Instrumentation Cable Series 252,Vector Industrial,2,1,35,5869.39,USD,Yes
AGS-0002,VectorValve Components,Singapore,Product,CAB,AUR-CAB-00332,Instrumentation Cable Series 252,Vector Industrial,3,5,52,6444.27,USD,Yes
AGS-0069,NorthForge Instrumentation,Mexico,Product,CAB,AUR-CAB-00332,Instrumentation Cable Series 252,Northstar OEM,4,1,57,5220.72,USD,Yes
AGS-0074,NorthForge Technologies,Singapore,Product,SEN,AUR-SEN-00333,Process Sensor Series 253,Global Standard,1,5,46,522.06,USD,Yes
AGS-0082,NorthForge Filter Technologies,Italy,Product,SEN,AUR-SEN-00333,Process Sensor Series 253,Prime Process,2,1,34,694.81,USD,Yes
AGS-0081,NorthForge Cable Systems,Mexico,Product,CMP,AUR-CMP-00334,Compressor Component Series 254,Global Standard,1,1,20,1766.48,USD,Yes
AGS-0023,VectorValve Industrial Plastics,Singapore,Product,CMP,AUR-CMP-00334,Compressor Component Series 254,Northstar OEM,2,1,18,1600.96,USD,Yes
AGS-0012,VectorValve Electric,Mexico,Product,CMP,AUR-CMP-00334,Compressor Component Series 254,Northstar OEM,3,2,60,1857.45,USD,Yes
AGS-0003,VectorValve Pumps,Mexico,Product,SAF,AUR-SAF-00335,Safety Equipment Series 255,Vector Industrial,1,5,54,889.09,USD,Yes
AGS-0020,VectorValve Gearworks,Singapore,Product,SAF,AUR-SAF-00335,Safety Equipment Series 255,Global Standard,2,5,66,983.57,USD,Yes
AGS-0010,VectorValve Technologies,Italy,Product,PLC,AUR-PLC-00336,Automation Controller Series 256,Vector Industrial,1,2,74,3476.85,USD,Yes
AGS-0076,NorthForge Electric,Italy,Product,PLC,AUR-PLC-00336,Automation Controller Series 256,Northstar OEM,2,1,36,4016.82,USD,Yes
AGS-0017,VectorValve Cable Systems,Singapore,Product,DRV,AUR-DRV-00337,Variable Frequency Drive Series 257,Prime Process,1,5,47,1394.71,USD,Yes
AGS-0052,PrimeFlow Gearworks,Italy,Product,DRV,AUR-DRV-00337,Variable Frequency Drive Series 257,Global Standard,2,2,66,1486.86,USD,Yes
AGS-0007,VectorValve Bearing Works,Italy,Product,DRV,AUR-DRV-00337,Variable Frequency Drive Series 257,Aurelius OEM,3,1,53,1246.13,USD,Yes
AGS-0030,VectorValve Mechanical Supply,Mexico,Product,DRV,AUR-DRV-00337,Variable Frequency Drive Series 257,Global Standard,4,2,44,1212.61,USD,Yes
AGS-0024,VectorValve Heat Transfer,Mexico,Product,HEX,AUR-HEX-00338,Heat Exchanger Part Series 258,Aurelius OEM,1,2,7,11844.22,USD,Yes
AGS-0026,VectorValve Sensor Labs,Singapore,Product,HEX,AUR-HEX-00338,Heat Exchanger Part Series 258,Northstar OEM,2,2,48,12615.98,USD,Yes
AGS-0029,VectorValve Motion Controls,Singapore,Product,HEX,AUR-HEX-00338,Heat Exchanger Part Series 258,Prime Process,3,1,40,12649.9,USD,Yes
AGS-0072,NorthForge Hydraulics,Mexico,Product,HEX,AUR-HEX-00338,Heat Exchanger Part Series 258,Prime Process,4,2,20,16124.54,USD,Yes
AGS-0031,VectorValve Process Instruments,Italy,Product,LUB,AUR-LUB-00339,Industrial Lubrication Series 259,Prime Process,1,1,42,3232.13,USD,Yes
AGS-0024,VectorValve Heat Transfer,Mexico,Product,LUB,AUR-LUB-00339,Industrial Lubrication Series 259,Aurelius OEM,2,1,53,3052.63,USD,Yes
AGS-0038,PrimeFlow Systems,Singapore,Product,TOL,AUR-TOL-00340,Specialty Tooling Series 260,Northstar OEM,1,5,75,1137.92,USD,Yes
AGS-0083,NorthForge Safety Supply,Singapore,Product,TOL,AUR-TOL-00340,Specialty Tooling Series 260,Northstar OEM,2,1,14,892.26,USD,Yes
AGS-0002,VectorValve Components,Singapore,Product,TOL,AUR-TOL-00340,Specialty Tooling Series 260,Aurelius OEM,3,1,31,1227.62,USD,Yes
AGS-0044,PrimeFlow Electric,Singapore,Product,TOL,AUR-TOL-00340,Specialty Tooling Series 260,Vector Industrial,4,5,57,1031.05,USD,Yes
AGS-0045,PrimeFlow Controls,Mexico,Product,PMP,AUR-PMP-00341,Centrifugal Pump Series 261,Vector Industrial,1,1,20,3508.67,USD,Yes
AGS-0067,NorthForge Pumps,Italy,Product,PMP,AUR-PMP-00341,Centrifugal Pump Series 261,Aurelius OEM,2,2,59,4222.52,USD,Yes
AGS-0054,PrimeFlow Compressor Parts,Mexico,Product,PMP,AUR-PMP-00341,Centrifugal Pump Series 261,Northstar OEM,3,5,30,3674.43,USD,Yes
AGS-0053,PrimeFlow Marine Components,Singapore,Product,VLV,AUR-VLV-00342,Control Valve Series 262,Aurelius OEM,1,2,63,1514.08,USD,Yes
AGS-0067,NorthForge Pumps,Italy,Product,VLV,AUR-VLV-00342,Control Valve Series 262,Vector Industrial,2,2,38,1473.63,USD,Yes
AGS-0028,VectorValve Hose & Fittings,Italy,Product,VLV,AUR-VLV-00342,Control Valve Series 262,Aurelius OEM,3,5,19,1288.84,USD,Yes
AGS-0060,PrimeFlow Hose & Fittings,Mexico,Product,BRG,AUR-BRG-00343,Industrial Bearing Series 263,Global Standard,1,1,78,718.86,USD,Yes
AGS-0010,VectorValve Technologies,Italy,Product,BRG,AUR-BRG-00343,Industrial Bearing Series 263,Northstar OEM,2,1,22,692.13,USD,Yes
AGS-0027,VectorValve Technical Metals,Mexico,Product,BRG,AUR-BRG-00343,Industrial Bearing Series 263,Aurelius OEM,3,5,21,610.47,USD,Yes
AGS-0032,VectorValve Specialty Alloys,Singapore,Product,BRG,AUR-BRG-00343,Industrial Bearing Series 263,Northstar OEM,4,1,69,854.48,USD,Yes
AGS-0067,NorthForge Pumps,Italy,Product,INS,AUR-INS-00344,Pressure Instrument Series 264,Northstar OEM,1,1,59,331.2,USD,Yes
AGS-0039,PrimeFlow Bearing Works,Mexico,Product,INS,AUR-INS-00344,Pressure Instrument Series 264,Aurelius OEM,2,1,48,282.41,USD,Yes
AGS-0035,PrimeFlow Pumps,Singapore,Product,INS,AUR-INS-00344,Pressure Instrument Series 264,Northstar OEM,3,2,53,276.78,USD,Yes
AGS-0074,NorthForge Technologies,Singapore,Product,MTR,AUR-MTR-00345,Electric Motor Series 265,Global Standard,1,1,29,1746.8,USD,Yes
AGS-0043,PrimeFlow Gasket & Seal,Italy,Product,MTR,AUR-MTR-00345,Electric Motor Series 265,Prime Process,2,1,52,2005.69,USD,Yes
AGS-0081,NorthForge Cable Systems,Mexico,Product,SEA,AUR-SEA-00346,Mechanical Seal Series 266,Vector Industrial,1,1,79,2926.08,USD,Yes
AGS-0016,VectorValve Process Equipment,Italy,Product,SEA,AUR-SEA-00346,Mechanical Seal Series 266,Global Standard,2,1,67,2766.61,USD,Yes
AGS-0037,PrimeFlow Instrumentation,Italy,Product,SEA,AUR-SEA-00346,Mechanical Seal Series 266,Aurelius OEM,3,5,45,2480.52,USD,Yes
AGS-0003,VectorValve Pumps,Mexico,Product,FLT,AUR-FLT-00347,Process Filter Series 267,Prime Process,1,5,14,6231.88,USD,Yes
AGS-0028,VectorValve Hose & Fittings,Italy,Product,FLT,AUR-FLT-00347,Process Filter Series 267,Aurelius OEM,2,1,25,5863.94,USD,Yes
AGS-0009,VectorValve Actuation,Mexico,Product,FLT,AUR-FLT-00347,Process Filter Series 267,Prime Process,3,5,37,6038.01,USD,Yes
AGS-0010,VectorValve Technologies,Italy,Product,ACT,AUR-ACT-00348,Valve Actuator Series 268,Aurelius OEM,1,2,37,2965.2,USD,Yes
AGS-0049,PrimeFlow Cable Systems,Italy,Product,ACT,AUR-ACT-00348,Valve Actuator Series 268,Northstar OEM,2,1,43,3606.97,USD,Yes
AGS-0017,VectorValve Cable Systems,Singapore,Product,GSK,AUR-GSK-00349,Industrial Gasket Series 269,Prime Process,1,2,70,4843.09,USD,Yes
AGS-0045,PrimeFlow Controls,Mexico,Product,GSK,AUR-GSK-00349,Industrial Gasket Series 269,Vector Industrial,2,1,17,3863.95,USD,Yes
AGS-0083,NorthForge Safety Supply,Singapore,Product,GSK,AUR-GSK-00349,Industrial Gasket Series 269,Aurelius OEM,3,2,52,3639.46,USD,Yes
AGS-0072,NorthForge Hydraulics,Mexico,Product,GSK,AUR-GSK-00349,Industrial Gasket Series 269,Vector Industrial,4,1,54,4982.69,USD,Yes
AGS-0024,VectorValve Heat Transfer,Mexico,Product,HOS,AUR-HOS-00350,Hydraulic Hose Series 270,Aurelius OEM,1,1,67,5580.7,USD,Yes
AGS-0064,PrimeFlow Specialty Alloys,Italy,Product,HOS,AUR-HOS-00350,Hydraulic Hose Series 270,Prime Process,2,1,49,6065.71,USD,Yes
AGS-0060,PrimeFlow Hose & Fittings,Mexico,Product,HOS,AUR-HOS-00350,Hydraulic Hose Series 270,Global Standard,3,1,50,6721.75,USD,Yes
AGS-0032,VectorValve Specialty Alloys,Singapore,Product,FIT,AUR-FIT-00351,Pipe Fitting Series 271,Northstar OEM,1,1,38,8390.1,USD,Yes
AGS-0065,NorthForge Manufacturing,Singapore,Product,FIT,AUR-FIT-00351,Pipe Fitting Series 271,Vector Industrial,2,1,63,7280.82,USD,Yes
AGS-0039,PrimeFlow Bearing Works,Mexico,Product,CAB,AUR-CAB-00352,Instrumentation Cable Series 272,Prime Process,1,5,41,1899.14,USD,Yes
AGS-0085,NorthForge Marine Components,Italy,Product,CAB,AUR-CAB-00352,Instrumentation Cable Series 272,Vector Industrial,2,2,49,2032.77,USD,Yes
AGS-0046,PrimeFlow Fasteners,Italy,Product,SEN,AUR-SEN-00353,Process Sensor Series 273,Aurelius OEM,1,2,68,1859.48,USD,Yes
AGS-0069,NorthForge Instrumentation,Mexico,Product,SEN,AUR-SEN-00353,Process Sensor Series 273,Prime Process,2,1,60,1734.26,USD,Yes
AGS-0060,PrimeFlow Hose & Fittings,Mexico,Product,SEN,AUR-SEN-00353,Process Sensor Series 273,Prime Process,3,5,53,1881.4,USD,Yes
AGS-0052,PrimeFlow Gearworks,Italy,Product,SEN,AUR-SEN-00353,Process Sensor Series 273,Vector Industrial,4,2,77,2028.23,USD,Yes
AGS-0053,PrimeFlow Marine Components,Singapore,Product,CMP,AUR-CMP-00354,Compressor Component Series 274,Prime Process,1,1,44,4600.74,USD,Yes
AGS-0058,PrimeFlow Sensor Labs,Italy,Product,CMP,AUR-CMP-00354,Compressor Component Series 274,Global Standard,2,2,46,4732.27,USD,Yes
AGS-0060,PrimeFlow Hose & Fittings,Mexico,Product,SAF,AUR-SAF-00355,Safety Equipment Series 275,Global Standard,1,5,25,4479.45,USD,Yes
AGS-0006,VectorValve Systems,Mexico,Product,SAF,AUR-SAF-00355,Safety Equipment Series 275,Northstar OEM,2,2,60,3892.64,USD,Yes
AGS-0067,NorthForge Pumps,Italy,Product,PLC,AUR-PLC-00356,Automation Controller Series 276,Northstar OEM,1,2,64,1515.44,USD,Yes
AGS-0002,VectorValve Components,Singapore,Product,PLC,AUR-PLC-00356,Automation Controller Series 276,Prime Process,2,1,56,1475.35,USD,Yes
AGS-0024,VectorValve Heat Transfer,Mexico,Product,PLC,AUR-PLC-00356,Automation Controller Series 276,Vector Industrial,3,1,18,1192.43,USD,Yes
AGS-0074,NorthForge Technologies,Singapore,Product,DRV,AUR-DRV-00357,Variable Frequency Drive Series 277,Prime Process,1,2,20,6241.02,USD,Yes
AGS-0084,NorthForge Gearworks,Mexico,Product,DRV,AUR-DRV-00357,Variable Frequency Drive Series 277,Aurelius OEM,2,1,34,5811.77,USD,Yes
AGS-0081,NorthForge Cable Systems,Mexico,Product,HEX,AUR-HEX-00358,Heat Exchanger Part Series 278,Global Standard,1,5,56,19239.33,USD,Yes
AGS-0061,PrimeFlow Motion Controls,Italy,Product,HEX,AUR-HEX-00358,Heat Exchanger Part Series 278,Global Standard,2,1,41,19813.78,USD,Yes
AGS-0003,VectorValve Pumps,Mexico,Product,LUB,AUR-LUB-00359,Industrial Lubrication Series 279,Vector Industrial,1,1,45,3795.15,USD,Yes
AGS-0078,NorthForge Fasteners,Mexico,Product,LUB,AUR-LUB-00359,Industrial Lubrication Series 279,Aurelius OEM,2,1,55,3155.0,USD,Yes
AGS-0028,VectorValve Hose & Fittings,Italy,Product,LUB,AUR-LUB-00359,Industrial Lubrication Series 279,Aurelius OEM,3,1,14,3507.49,USD,Yes
AGS-0007,VectorValve Bearing Works,Italy,Product,LUB,AUR-LUB-00359,Industrial Lubrication Series 279,Prime Process,4,5,34,3351.13,USD,Yes
AGS-0011,VectorValve Gasket & Seal,Singapore,Product,TOL,AUR-TOL-00360,Specialty Tooling Series 100,Vector Industrial,1,5,42,10211.65,USD,Yes
AGS-0053,PrimeFlow Marine Components,Singapore,Product,TOL,AUR-TOL-00360,Specialty Tooling Series 100,Prime Process,2,5,62,8681.56,USD,Yes
AGS-0082,NorthForge Filter Technologies,Italy,Product,TOL,AUR-TOL-00360,Specialty Tooling Series 100,Vector Industrial,3,5,49,9419.14,USD,Yes
AGS-0018,VectorValve Filter Technologies,Mexico,Product,PMP,AUR-PMP-00361,Centrifugal Pump Series 101,Vector Industrial,1,5,38,26035.8,USD,Yes
AGS-0076,NorthForge Electric,Italy,Product,PMP,AUR-PMP-00361,Centrifugal Pump Series 101,Global Standard,2,1,40,28093.38,USD,Yes
AGS-0025,VectorValve Valve Automation,Italy,Product,VLV,AUR-VLV-00362,Control Valve Series 102,Aurelius OEM,1,2,68,2805.98,USD,Yes
AGS-0044,PrimeFlow Electric,Singapore,Product,VLV,AUR-VLV-00362,Control Valve Series 102,Vector Industrial,2,1,72,2478.11,USD,Yes
AGS-0017,VectorValve Cable Systems,Singapore,Product,VLV,AUR-VLV-00362,Control Valve Series 102,Prime Process,3,1,62,3274.77,USD,Yes
AGS-0032,VectorValve Specialty Alloys,Singapore,Product,BRG,AUR-BRG-00363,Industrial Bearing Series 103,Vector Industrial,1,1,58,5111.0,USD,Yes
AGS-0001,VectorValve Manufacturing,Italy,Product,BRG,AUR-BRG-00363,Industrial Bearing Series 103,Global Standard,2,2,48,4331.86,USD,Yes
AGS-0039,PrimeFlow Bearing Works,Mexico,Product,INS,AUR-INS-00364,Pressure Instrument Series 104,Global Standard,1,1,19,7166.84,USD,Yes
AGS-0049,PrimeFlow Cable Systems,Italy,Product,INS,AUR-INS-00364,Pressure Instrument Series 104,Global Standard,2,5,49,8762.48,USD,Yes
AGS-0008,VectorValve Hydraulics,Singapore,Product,INS,AUR-INS-00364,Pressure Instrument Series 104,Prime Process,3,1,25,6905.25,USD,Yes
AGS-0046,PrimeFlow Fasteners,Italy,Product,MTR,AUR-MTR-00365,Electric Motor Series 105,Vector Industrial,1,1,55,9081.74,USD,Yes
AGS-0038,PrimeFlow Systems,Singapore,Product,MTR,AUR-MTR-00365,Electric Motor Series 105,Northstar OEM,2,5,43,8891.31,USD,Yes
AGS-0053,PrimeFlow Marine Components,Singapore,Product,SEA,AUR-SEA-00366,Mechanical Seal Series 106,Prime Process,1,1,20,6002.02,USD,Yes
AGS-0041,PrimeFlow Actuation,Singapore,Product,SEA,AUR-SEA-00366,Mechanical Seal Series 106,Northstar OEM,2,1,49,5945.83,USD,Yes
AGS-0049,PrimeFlow Cable Systems,Italy,Product,SEA,AUR-SEA-00366,Mechanical Seal Series 106,Vector Industrial,3,1,28,6721.47,USD,Yes
AGS-0060,PrimeFlow Hose & Fittings,Mexico,Product,FLT,AUR-FLT-00367,Process Filter Series 107,Northstar OEM,1,5,58,5814.31,USD,Yes
AGS-0043,PrimeFlow Gasket & Seal,Italy,Product,FLT,AUR-FLT-00367,Process Filter Series 107,Aurelius OEM,2,1,50,6124.33,USD,Yes
AGS-0042,PrimeFlow Technologies,Mexico,Product,FLT,AUR-FLT-00367,Process Filter Series 107,Global Standard,3,5,36,6794.61,USD,Yes
AGS-0067,NorthForge Pumps,Italy,Product,ACT,AUR-ACT-00368,Valve Actuator Series 108,Aurelius OEM,1,1,82,5874.13,USD,Yes
AGS-0020,VectorValve Gearworks,Singapore,Product,ACT,AUR-ACT-00368,Valve Actuator Series 108,Vector Industrial,2,1,49,5279.75,USD,Yes
AGS-0074,NorthForge Technologies,Singapore,Product,ACT,AUR-ACT-00368,Valve Actuator Series 108,Aurelius OEM,3,1,54,4946.32,USD,Yes
AGS-0002,VectorValve Components,Singapore,Product,ACT,AUR-ACT-00368,Valve Actuator Series 108,Global Standard,4,1,38,6319.02,USD,Yes
AGS-0075,NorthForge Gasket & Seal,Mexico,Product,GSK,AUR-GSK-00369,Industrial Gasket Series 109,Global Standard,1,1,54,1871.87,USD,Yes
AGS-0045,PrimeFlow Controls,Mexico,Product,GSK,AUR-GSK-00369,Industrial Gasket Series 109,Aurelius OEM,2,1,7,2026.52,USD,Yes
AGS-0033,PrimeFlow Manufacturing,Mexico,Product,GSK,AUR-GSK-00369,Industrial Gasket Series 109,Northstar OEM,3,1,55,2469.49,USD,Yes
AGS-0082,NorthForge Filter Technologies,Italy,Product,HOS,AUR-HOS-00370,Hydraulic Hose Series 110,Global Standard,1,5,60,6915.31,USD,Yes
AGS-0068,NorthForge Industries,Singapore,Product,HOS,AUR-HOS-00370,Hydraulic Hose Series 110,Aurelius OEM,2,1,70,5629.03,USD,Yes
AGS-0004,VectorValve Industries,Italy,Product,FIT,AUR-FIT-00371,Pipe Fitting Series 111,Global Standard,1,1,27,3181.28,USD,Yes
AGS-0039,PrimeFlow Bearing Works,Mexico,Product,FIT,AUR-FIT-00371,Pipe Fitting Series 111,Vector Industrial,2,1,25,3606.09,USD,Yes
AGS-0011,VectorValve Gasket & Seal,Singapore,Product,CAB,AUR-CAB-00372,Instrumentation Cable Series 112,Northstar OEM,1,1,80,2167.97,USD,Yes
AGS-0003,VectorValve Pumps,Mexico,Product,CAB,AUR-CAB-00372,Instrumentation Cable Series 112,Prime Process,2,2,25,1735.5,USD,Yes
AGS-0016,VectorValve Process Equipment,Italy,Product,CAB,AUR-CAB-00372,Instrumentation Cable Series 112,Global Standard,3,1,42,1904.34,USD,Yes
AGS-0018,VectorValve Filter Technologies,Mexico,Product,SEN,AUR-SEN-00373,Process Sensor Series 113,Northstar OEM,1,1,64,2226.85,USD,Yes
AGS-0014,VectorValve Fasteners,Singapore,Product,SEN,AUR-SEN-00373,Process Sensor Series 113,Prime Process,2,1,53,2562.67,USD,Yes
AGS-0025,VectorValve Valve Automation,Italy,Product,CMP,AUR-CMP-00374,Compressor Component Series 114,Vector Industrial,1,1,50,8563.45,USD,Yes
AGS-0019,VectorValve Safety Supply,Italy,Product,CMP,AUR-CMP-00374,Compressor Component Series 114,Prime Process,2,1,34,8055.75,USD,Yes
AGS-0057,PrimeFlow Valve Automation,Mexico,Product,CMP,AUR-CMP-00374,Compressor Component Series 114,Vector Industrial,3,1,58,9558.57,USD,Yes
AGS-0032,VectorValve Specialty Alloys,Singapore,Product,SAF,AUR-SAF-00375,Safety Equipment Series 115,Global Standard,1,1,36,8796.36,USD,Yes
AGS-0006,VectorValve Systems,Mexico,Product,SAF,AUR-SAF-00375,Safety Equipment Series 115,Global Standard,2,5,57,7450.54,USD,Yes
AGS-0039,PrimeFlow Bearing Works,Mexico,Product,PLC,AUR-PLC-00376,Automation Controller Series 116,Global Standard,1,5,45,3145.69,USD,Yes
AGS-0009,VectorValve Actuation,Mexico,Product,PLC,AUR-PLC-00376,Automation Controller Series 116,Aurelius OEM,2,1,43,3221.13,USD,Yes
AGS-0046,PrimeFlow Fasteners,Italy,Product,DRV,AUR-DRV-00377,Variable Frequency Drive Series 117,Northstar OEM,1,2,39,3542.11,USD,Yes
AGS-0029,VectorValve Motion Controls,Singapore,Product,DRV,AUR-DRV-00377,Variable Frequency Drive Series 117,Aurelius OEM,2,5,27,2944.21,USD,Yes
AGS-0073,NorthForge Actuation,Italy,Product,DRV,AUR-DRV-00377,Variable Frequency Drive Series 117,Global Standard,3,2,68,3981.01,USD,Yes
AGS-0077,NorthForge Controls,Singapore,Product,DRV,AUR-DRV-00377,Variable Frequency Drive Series 117,Aurelius OEM,4,5,7,3762.54,USD,Yes
AGS-0054,PrimeFlow Compressor Parts,Mexico,Product,HEX,AUR-HEX-00378,Heat Exchanger Part Series 118,Global Standard,1,1,42,11451.68,USD,Yes
AGS-0038,PrimeFlow Systems,Singapore,Product,HEX,AUR-HEX-00378,Heat Exchanger Part Series 118,Northstar OEM,2,1,23,10255.86,USD,Yes
AGS-0033,PrimeFlow Manufacturing,Mexico,Product,HEX,AUR-HEX-00378,Heat Exchanger Part Series 118,Northstar OEM,3,1,49,11464.25,USD,Yes
AGS-0061,PrimeFlow Motion Controls,Italy,Product,LUB,AUR-LUB-00379,Industrial Lubrication Series 119,Aurelius OEM,1,1,59,7124.59,USD,Yes
AGS-0044,PrimeFlow Electric,Singapore,Product,LUB,AUR-LUB-00379,Industrial Lubrication Series 119,Northstar OEM,2,2,42,5768.64,USD,Yes
AGS-0068,NorthForge Industries,Singapore,Product,TOL,AUR-TOL-00380,Specialty Tooling Series 120,Prime Process,1,5,61,112.93,USD,Yes
AGS-0052,PrimeFlow Gearworks,Italy,Product,TOL,AUR-TOL-00380,Specialty Tooling Series 120,Global Standard,2,1,73,152.78,USD,Yes
AGS-0020,VectorValve Gearworks,Singapore,Product,TOL,AUR-TOL-00380,Specialty Tooling Series 120,Vector Industrial,3,5,55,136.79,USD,Yes
AGS-0075,NorthForge Gasket & Seal,Mexico,Product,PMP,AUR-PMP-00381,Centrifugal Pump Series 121,Vector Industrial,1,5,56,15223.89,USD,Yes
AGS-0007,VectorValve Bearing Works,Italy,Product,PMP,AUR-PMP-00381,Centrifugal Pump Series 121,Aurelius OEM,2,5,38,16554.76,USD,Yes
AGS-0021,VectorValve Marine Components,Mexico,Product,PMP,AUR-PMP-00381,Centrifugal Pump Series 121,Vector Industrial,3,5,15,17155.38,USD,Yes
AGS-0072,NorthForge Hydraulics,Mexico,Product,PMP,AUR-PMP-00381,Centrifugal Pump Series 121,Northstar OEM,4,1,11,20438.89,USD,Yes
AGS-0082,NorthForge Filter Technologies,Italy,Product,VLV,AUR-VLV-00382,Control Valve Series 122,Prime Process,1,2,15,2266.5,USD,Yes
AGS-0047,PrimeFlow Fabrication,Singapore,Product,VLV,AUR-VLV-00382,Control Valve Series 122,Global Standard,2,5,26,2318.17,USD,Yes
AGS-0073,NorthForge Actuation,Italy,Product,VLV,AUR-VLV-00382,Control Valve Series 122,Prime Process,3,1,24,2491.07,USD,Yes
AGS-0004,VectorValve Industries,Italy,Product,BRG,AUR-BRG-00383,Industrial Bearing Series 123,Aurelius OEM,1,1,42,6986.42,USD,Yes
AGS-0027,VectorValve Technical Metals,Mexico,Product,BRG,AUR-BRG-00383,Industrial Bearing Series 123,Global Standard,2,1,38,6837.39,USD,Yes
AGS-0044,PrimeFlow Electric,Singapore,Product,BRG,AUR-BRG-00383,Industrial Bearing Series 123,Aurelius OEM,3,1,52,7169.38,USD,Yes
AGS-0011,VectorValve Gasket & Seal,Singapore,Product,INS,AUR-INS-00384,Pressure Instrument Series 124,Global Standard,1,5,43,1301.56,USD,Yes
AGS-0076,NorthForge Electric,Italy,Product,INS,AUR-INS-00384,Pressure Instrument Series 124,Vector Industrial,2,5,34,1199.03,USD,Yes
AGS-0018,VectorValve Filter Technologies,Mexico,Product,MTR,AUR-MTR-00385,Electric Motor Series 125,Northstar OEM,1,5,68,15508.15,USD,Yes
AGS-0015,VectorValve Fabrication,Mexico,Product,MTR,AUR-MTR-00385,Electric Motor Series 125,Aurelius OEM,2,1,79,14108.33,USD,Yes
AGS-0081,NorthForge Cable Systems,Mexico,Product,MTR,AUR-MTR-00385,Electric Motor Series 125,Global Standard,3,2,55,17137.99,USD,Yes
AGS-0025,VectorValve Valve Automation,Italy,Product,SEA,AUR-SEA-00386,Mechanical Seal Series 126,Aurelius OEM,1,1,87,6644.4,USD,Yes
AGS-0043,PrimeFlow Gasket & Seal,Italy,Product,SEA,AUR-SEA-00386,Mechanical Seal Series 126,Prime Process,2,1,78,6806.71,USD,Yes
AGS-0003,VectorValve Pumps,Mexico,Product,SEA,AUR-SEA-00386,Mechanical Seal Series 126,Prime Process,3,1,38,6337.81,USD,Yes
AGS-0045,PrimeFlow Controls,Mexico,Product,SEA,AUR-SEA-00386,Mechanical Seal Series 126,Aurelius OEM,4,5,63,5678.97,USD,Yes
AGS-0033,PrimeFlow Manufacturing,Mexico,Product,FLT,AUR-FLT-00387,Process Filter Series 127,Vector Industrial,1,1,44,345.85,USD,Yes
AGS-0014,VectorValve Fasteners,Singapore,Product,FLT,AUR-FLT-00387,Process Filter Series 127,Prime Process,2,5,45,331.28,USD,Yes
AGS-0040,PrimeFlow Hydraulics,Italy,Product,ACT,AUR-ACT-00388,Valve Actuator Series 128,Prime Process,1,2,48,6409.18,USD,Yes
AGS-0041,PrimeFlow Actuation,Singapore,Product,ACT,AUR-ACT-00388,Valve Actuator Series 128,Prime Process,2,1,45,7434.36,USD,Yes
AGS-0047,PrimeFlow Fabrication,Singapore,Product,ACT,AUR-ACT-00388,Valve Actuator Series 128,Vector Industrial,3,1,44,7815.01,USD,Yes
AGS-0077,NorthForge Controls,Singapore,Product,ACT,AUR-ACT-00388,Valve Actuator Series 128,Vector Industrial,4,1,34,9409.62,USD,Yes
AGS-0047,PrimeFlow Fabrication,Singapore,Product,GSK,AUR-GSK-00389,Industrial Gasket Series 129,Vector Industrial,1,2,16,79.62,USD,Yes
AGS-0034,PrimeFlow Components,Italy,Product,GSK,AUR-GSK-00389,Industrial Gasket Series 129,Northstar OEM,2,1,45,63.33,USD,Yes
AGS-0085,NorthForge Marine Components,Italy,Product,GSK,AUR-GSK-00389,Industrial Gasket Series 129,Northstar OEM,3,2,34,69.89,USD,Yes
AGS-0054,PrimeFlow Compressor Parts,Mexico,Product,HOS,AUR-HOS-00390,Hydraulic Hose Series 130,Prime Process,1,1,41,1107.98,USD,Yes
AGS-0072,NorthForge Hydraulics,Mexico,Product,HOS,AUR-HOS-00390,Hydraulic Hose Series 130,Global Standard,2,5,38,1217.25,USD,Yes
AGS-0076,NorthForge Electric,Italy,Product,HOS,AUR-HOS-00390,Hydraulic Hose Series 130,Prime Process,3,1,37,1215.09,USD,Yes
AGS-0061,PrimeFlow Motion Controls,Italy,Product,FIT,AUR-FIT-00391,Pipe Fitting Series 131,Global Standard,1,1,57,6751.03,USD,Yes
AGS-0001,VectorValve Manufacturing,Italy,Product,FIT,AUR-FIT-00391,Pipe Fitting Series 131,Prime Process,2,1,67,6225.68,USD,Yes
AGS-0053,PrimeFlow Marine Components,Singapore,Product,FIT,AUR-FIT-00391,Pipe Fitting Series 131,Northstar OEM,3,1,56,6558.18,USD,Yes
AGS-0068,NorthForge Industries,Singapore,Product,CAB,AUR-CAB-00392,Instrumentation Cable Series 132,Vector Industrial,1,2,55,6587.21,USD,Yes
AGS-0009,VectorValve Actuation,Mexico,Product,CAB,AUR-CAB-00392,Instrumentation Cable Series 132,Global Standard,2,1,36,7482.22,USD,Yes
AGS-0075,NorthForge Gasket & Seal,Mexico,Product,SEN,AUR-SEN-00393,Process Sensor Series 133,Global Standard,1,5,80,4808.13,USD,Yes
AGS-0068,NorthForge Industries,Singapore,Product,SEN,AUR-SEN-00393,Process Sensor Series 133,Aurelius OEM,2,2,65,4803.92,USD,Yes
AGS-0061,PrimeFlow Motion Controls,Italy,Product,SEN,AUR-SEN-00393,Process Sensor Series 133,Northstar OEM,3,1,63,5914.39,USD,Yes
AGS-0082,NorthForge Filter Technologies,Italy,Product,CMP,AUR-CMP-00394,Compressor Component Series 134,Vector Industrial,1,5,53,21487.26,USD,Yes
AGS-0039,PrimeFlow Bearing Works,Mexico,Product,CMP,AUR-CMP-00394,Compressor Component Series 134,Aurelius OEM,2,2,48,18007.39,USD,Yes
AGS-0021,VectorValve Marine Components,Mexico,Product,CMP,AUR-CMP-00394,Compressor Component Series 134,Global Standard,3,2,35,17447.4,USD,Yes
AGS-0045,PrimeFlow Controls,Mexico,Product,CMP,AUR-CMP-00394,Compressor Component Series 134,Global Standard,4,1,46,16509.5,USD,Yes
AGS-0004,VectorValve Industries,Italy,Product,SAF,AUR-SAF-00395,Safety Equipment Series 135,Aurelius OEM,1,1,48,4528.56,USD,Yes
AGS-0054,PrimeFlow Compressor Parts,Mexico,Product,SAF,AUR-SAF-00395,Safety Equipment Series 135,Vector Industrial,2,1,28,5467.86,USD,Yes
AGS-0012,VectorValve Electric,Mexico,Product,PLC,AUR-PLC-00396,Automation Controller Series 136,Aurelius OEM,1,5,78,2804.43,USD,Yes
AGS-0047,PrimeFlow Fabrication,Singapore,Product,PLC,AUR-PLC-00396,Automation Controller Series 136,Aurelius OEM,2,2,43,2444.29,USD,Yes
AGS-0042,PrimeFlow Technologies,Mexico,Product,PLC,AUR-PLC-00396,Automation Controller Series 136,Aurelius OEM,3,1,48,2768.32,USD,Yes
AGS-0019,VectorValve Safety Supply,Italy,Product,DRV,AUR-DRV-00397,Variable Frequency Drive Series 137,Northstar OEM,1,1,47,675.05,USD,Yes
AGS-0024,VectorValve Heat Transfer,Mexico,Product,DRV,AUR-DRV-00397,Variable Frequency Drive Series 137,Prime Process,2,2,53,633.99,USD,Yes
AGS-0069,NorthForge Instrumentation,Mexico,Product,DRV,AUR-DRV-00397,Variable Frequency Drive Series 137,Northstar OEM,3,1,79,724.05,USD,Yes
AGS-0026,VectorValve Sensor Labs,Singapore,Product,HEX,AUR-HEX-00398,Heat Exchanger Part Series 138,Vector Industrial,1,5,49,8178.75,USD,Yes
AGS-0038,PrimeFlow Systems,Singapore,Product,HEX,AUR-HEX-00398,Heat Exchanger Part Series 138,Aurelius OEM,2,1,48,8332.94,USD,Yes
AGS-0077,NorthForge Controls,Singapore,Product,HEX,AUR-HEX-00398,Heat Exchanger Part Series 138,Northstar OEM,3,2,55,9415.63,USD,Yes
AGS-0033,PrimeFlow Manufacturing,Mexico,Product,LUB,AUR-LUB-00399,Industrial Lubrication Series 139,Global Standard,1,1,87,1425.94,USD,Yes
AGS-0042,PrimeFlow Technologies,Mexico,Product,LUB,AUR-LUB-00399,Industrial Lubrication Series 139,Vector Industrial,2,1,39,1370.91,USD,Yes
AGS-0037,PrimeFlow Instrumentation,Italy,Product,LUB,AUR-LUB-00399,Industrial Lubrication Series 139,Prime Process,3,1,66,1208.75,USD,Yes
AGS-0068,NorthForge Industries,Singapore,Product,LUB,AUR-LUB-00399,Industrial Lubrication Series 139,Prime Process,4,5,64,1072.94,USD,Yes
AGS-0040,PrimeFlow Hydraulics,Italy,Product,TOL,AUR-TOL-00400,Specialty Tooling Series 140,Aurelius OEM,1,1,23,177.95,USD,Yes
AGS-0053,PrimeFlow Marine Components,Singapore,Product,TOL,AUR-TOL-00400,Specialty Tooling Series 140,Aurelius OEM,2,5,66,222.38,USD,Yes
AGS-0001,VectorValve Manufacturing,Italy,Product,TOL,AUR-TOL-00400,Specialty Tooling Series 140,Vector Industrial,3,5,75,222.5,USD,Yes
AGS-0081,NorthForge Cable Systems,Mexico,Product,TOL,AUR-TOL-00400,Specialty Tooling Series 140,Northstar OEM,4,2,34,241.34,USD,Yes
AGS-0047,PrimeFlow Fabrication,Singapore,Product,PMP,AUR-PMP-00401,Centrifugal Pump Series 141,Aurelius OEM,1,1,40,27776.76,USD,Yes
AGS-0037,PrimeFlow Instrumentation,Italy,Product,PMP,AUR-PMP-00401,Centrifugal Pump Series 141,Aurelius OEM,2,2,59,23168.87,USD,Yes
AGS-0054,PrimeFlow Compressor Parts,Mexico,Product,VLV,AUR-VLV-00402,Control Valve Series 142,Prime Process,1,1,39,3674.76,USD,Yes
AGS-0035,PrimeFlow Pumps,Singapore,Product,VLV,AUR-VLV-00402,Control Valve Series 142,Northstar OEM,2,2,74,3371.94,USD,Yes
AGS-0061,PrimeFlow Motion Controls,Italy,Product,BRG,AUR-BRG-00403,Industrial Bearing Series 143,Prime Process,1,1,36,9874.24,USD,Yes
AGS-0068,NorthForge Industries,Singapore,Product,BRG,AUR-BRG-00403,Industrial Bearing Series 143,Global Standard,2,1,59,7654.35,USD,Yes
AGS-0068,NorthForge Industries,Singapore,Product,INS,AUR-INS-00404,Pressure Instrument Series 144,Global Standard,1,5,55,111.01,USD,Yes
AGS-0010,VectorValve Technologies,Italy,Product,INS,AUR-INS-00404,Pressure Instrument Series 144,Northstar OEM,2,1,31,123.38,USD,Yes
AGS-0076,NorthForge Electric,Italy,Product,MTR,AUR-MTR-00405,Electric Motor Series 145,Aurelius OEM,1,1,40,10027.06,USD,Yes
AGS-0040,PrimeFlow Hydraulics,Italy,Product,MTR,AUR-MTR-00405,Electric Motor Series 145,Prime Process,2,2,43,7818.91,USD,Yes
AGS-0010,VectorValve Technologies,Italy,Product,MTR,AUR-MTR-00405,Electric Motor Series 145,Northstar OEM,3,1,64,8863.05,USD,Yes
AGS-0083,NorthForge Safety Supply,Singapore,Product,SEA,AUR-SEA-00406,Mechanical Seal Series 146,Northstar OEM,1,5,53,6488.86,USD,Yes
AGS-0064,PrimeFlow Specialty Alloys,Italy,Product,SEA,AUR-SEA-00406,Mechanical Seal Series 146,Vector Industrial,2,1,44,8128.13,USD,Yes
AGS-0005,VectorValve Instrumentation,Singapore,Product,FLT,AUR-FLT-00407,Process Filter Series 147,Northstar OEM,1,2,52,8256.1,USD,Yes
AGS-0001,VectorValve Manufacturing,Italy,Product,FLT,AUR-FLT-00407,Process Filter Series 147,Northstar OEM,2,1,47,7757.42,USD,Yes
AGS-0053,PrimeFlow Marine Components,Singapore,Product,FLT,AUR-FLT-00407,Process Filter Series 147,Global Standard,3,2,46,7936.03,USD,Yes
AGS-0037,PrimeFlow Instrumentation,Italy,Product,FLT,AUR-FLT-00407,Process Filter Series 147,Prime Process,4,1,36,7293.03,USD,Yes
AGS-0012,VectorValve Electric,Mexico,Product,ACT,AUR-ACT-00408,Valve Actuator Series 148,Aurelius OEM,1,1,72,4083.34,USD,Yes
AGS-0045,PrimeFlow Controls,Mexico,Product,ACT,AUR-ACT-00408,Valve Actuator Series 148,Northstar OEM,2,5,25,3301.54,USD,Yes
AGS-0063,PrimeFlow Process Instruments,Mexico,Product,ACT,AUR-ACT-00408,Valve Actuator Series 148,Prime Process,3,1,67,3827.65,USD,Yes
AGS-0002,VectorValve Components,Singapore,Product,ACT,AUR-ACT-00408,Valve Actuator Series 148,Aurelius OEM,4,5,63,4371.17,USD,Yes
AGS-0019,VectorValve Safety Supply,Italy,Product,GSK,AUR-GSK-00409,Industrial Gasket Series 149,Vector Industrial,1,1,43,573.83,USD,Yes
AGS-0060,PrimeFlow Hose & Fittings,Mexico,Product,GSK,AUR-GSK-00409,Industrial Gasket Series 149,Vector Industrial,2,1,29,598.34,USD,Yes
AGS-0026,VectorValve Sensor Labs,Singapore,Product,HOS,AUR-HOS-00410,Hydraulic Hose Series 150,Vector Industrial,1,1,47,917.53,USD,Yes
AGS-0084,NorthForge Gearworks,Mexico,Product,HOS,AUR-HOS-00410,Hydraulic Hose Series 150,Vector Industrial,2,1,44,824.38,USD,Yes
AGS-0033,PrimeFlow Manufacturing,Mexico,Product,FIT,AUR-FIT-00411,Pipe Fitting Series 151,Aurelius OEM,1,1,36,6236.79,USD,Yes
AGS-0050,PrimeFlow Filter Technologies,Singapore,Product,FIT,AUR-FIT-00411,Pipe Fitting Series 151,Vector Industrial,2,1,27,5802.72,USD,Yes
AGS-0040,PrimeFlow Hydraulics,Italy,Product,CAB,AUR-CAB-00412,Instrumentation Cable Series 152,Aurelius OEM,1,1,44,4813.47,USD,Yes
AGS-0009,VectorValve Actuation,Mexico,Product,CAB,AUR-CAB-00412,Instrumentation Cable Series 152,Global Standard,2,1,23,5772.44,USD,Yes
AGS-0065,NorthForge Manufacturing,Singapore,Product,CAB,AUR-CAB-00412,Instrumentation Cable Series 152,Prime Process,3,1,19,5740.84,USD,Yes
AGS-0079,NorthForge Fabrication,Italy,Product,CAB,AUR-CAB-00412,Instrumentation Cable Series 152,Northstar OEM,4,2,63,5659.05,USD,Yes
AGS-0047,PrimeFlow Fabrication,Singapore,Product,SEN,AUR-SEN-00413,Process Sensor Series 153,Prime Process,1,5,40,6774.51,USD,Yes
AGS-0019,VectorValve Safety Supply,Italy,Product,SEN,AUR-SEN-00413,Process Sensor Series 153,Vector Industrial,2,2,35,6191.91,USD,Yes
AGS-0055,PrimeFlow Industrial Plastics,Italy,Product,CMP,AUR-CMP-00414,Compressor Component Series 154,Prime Process,1,1,7,2723.4,USD,Yes
AGS-0043,PrimeFlow Gasket & Seal,Italy,Product,CMP,AUR-CMP-00414,Compressor Component Series 154,Prime Process,2,1,72,3108.42,USD,Yes
AGS-0049,PrimeFlow Cable Systems,Italy,Product,CMP,AUR-CMP-00414,Compressor Component Series 154,Prime Process,3,1,50,3204.22,USD,Yes
AGS-0062,PrimeFlow Mechanical Supply,Singapore,Product,SAF,AUR-SAF-00415,Safety Equipment Series 155,Vector Industrial,1,1,58,1873.85,USD,Yes
AGS-0029,VectorValve Motion Controls,Singapore,Product,SAF,AUR-SAF-00415,Safety Equipment Series 155,Global Standard,2,1,48,2109.66,USD,Yes
AGS-0044,PrimeFlow Electric,Singapore,Product,SAF,AUR-SAF-00415,Safety Equipment Series 155,Vector Industrial,3,1,68,1922.05,USD,Yes
AGS-0068,NorthForge Industries,Singapore,Product,SAF,AUR-SAF-00415,Safety Equipment Series 155,Global Standard,4,1,32,1855.71,USD,Yes
AGS-0069,NorthForge Instrumentation,Mexico,Product,PLC,AUR-PLC-00416,Automation Controller Series 156,Aurelius OEM,1,1,58,1510.64,USD,Yes
AGS-0077,NorthForge Controls,Singapore,Product,PLC,AUR-PLC-00416,Automation Controller Series 156,Vector Industrial,2,2,30,1773.97,USD,Yes
AGS-0042,PrimeFlow Technologies,Mexico,Product,PLC,AUR-PLC-00416,Automation Controller Series 156,Northstar OEM,3,5,58,1769.57,USD,Yes
AGS-0076,NorthForge Electric,Italy,Product,DRV,AUR-DRV-00417,Variable Frequency Drive Series 157,Northstar OEM,1,1,49,4192.87,USD,Yes
AGS-0035,PrimeFlow Pumps,Singapore,Product,DRV,AUR-DRV-00417,Variable Frequency Drive Series 157,Global Standard,2,1,36,3504.28,USD,Yes
AGS-0023,VectorValve Industrial Plastics,Singapore,Product,DRV,AUR-DRV-00417,Variable Frequency Drive Series 157,Northstar OEM,3,5,59,3540.66,USD,Yes
AGS-0024,VectorValve Heat Transfer,Mexico,Product,DRV,AUR-DRV-00417,Variable Frequency Drive Series 157,Northstar OEM,4,1,44,3242.67,USD,Yes
AGS-0083,NorthForge Safety Supply,Singapore,Product,HEX,AUR-HEX-00418,Heat Exchanger Part Series 158,Global Standard,1,2,33,14587.28,USD,Yes
AGS-0002,VectorValve Components,Singapore,Product,HEX,AUR-HEX-00418,Heat Exchanger Part Series 158,Aurelius OEM,2,2,38,19557.26,USD,Yes
AGS-0005,VectorValve Instrumentation,Singapore,Product,LUB,AUR-LUB-00419,Industrial Lubrication Series 159,Aurelius OEM,1,5,74,1719.79,USD,Yes
AGS-0063,PrimeFlow Process Instruments,Mexico,Product,LUB,AUR-LUB-00419,Industrial Lubrication Series 159,Prime Process,2,1,43,1680.96,USD,Yes
AGS-0020,VectorValve Gearworks,Singapore,Product,LUB,AUR-LUB-00419,Industrial Lubrication Series 159,Global Standard,3,2,61,1493.59,USD,Yes
AGS-0012,VectorValve Electric,Mexico,Product,TOL,AUR-TOL-00420,Specialty Tooling Series 160,Vector Industrial,1,1,65,5849.49,USD,Yes
AGS-0027,VectorValve Technical Metals,Mexico,Product,TOL,AUR-TOL-00420,Specialty Tooling Series 160,Northstar OEM,2,1,23,4673.38,USD,Yes
AGS-0019,VectorValve Safety Supply,Italy,Product,PMP,AUR-PMP-00421,Centrifugal Pump Series 161,Aurelius OEM,1,2,31,18144.4,USD,Yes
AGS-0081,NorthForge Cable Systems,Mexico,Product,PMP,AUR-PMP-00421,Centrifugal Pump Series 161,Global Standard,2,1,55,22571.92,USD,Yes
AGS-0026,VectorValve Sensor Labs,Singapore,Product,VLV,AUR-VLV-00422,Control Valve Series 162,Prime Process,1,5,58,7191.65,USD,Yes
AGS-0020,VectorValve Gearworks,Singapore,Product,VLV,AUR-VLV-00422,Control Valve Series 162,Aurelius OEM,2,1,37,7357.72,USD,Yes
AGS-0074,NorthForge Technologies,Singapore,Product,VLV,AUR-VLV-00422,Control Valve Series 162,Global Standard,3,5,27,6989.99,USD,Yes
AGS-0059,PrimeFlow Technical Metals,Singapore,Product,VLV,AUR-VLV-00422,Control Valve Series 162,Aurelius OEM,4,1,58,8636.95,USD,Yes
AGS-0034,PrimeFlow Components,Italy,Product,BRG,AUR-BRG-00423,Industrial Bearing Series 163,Aurelius OEM,1,5,40,5114.3,USD,Yes
AGS-0070,NorthForge Systems,Italy,Product,BRG,AUR-BRG-00423,Industrial Bearing Series 163,Prime Process,2,2,38,6000.94,USD,Yes
AGS-0069,NorthForge Instrumentation,Mexico,Product,BRG,AUR-BRG-00423,Industrial Bearing Series 163,Vector Industrial,3,2,59,5947.57,USD,Yes
AGS-0041,PrimeFlow Actuation,Singapore,Product,INS,AUR-INS-00424,Pressure Instrument Series 164,Aurelius OEM,1,1,30,4539.08,USD,Yes
AGS-0027,VectorValve Technical Metals,Mexico,Product,INS,AUR-INS-00424,Pressure Instrument Series 164,Aurelius OEM,2,1,25,3983.76,USD,Yes
AGS-0029,VectorValve Motion Controls,Singapore,Product,INS,AUR-INS-00424,Pressure Instrument Series 164,Northstar OEM,3,1,20,4132.2,USD,Yes
AGS-0048,PrimeFlow Process Equipment,Mexico,Product,MTR,AUR-MTR-00425,Electric Motor Series 165,Northstar OEM,1,5,47,15352.1,USD,Yes
AGS-0081,NorthForge Cable Systems,Mexico,Product,MTR,AUR-MTR-00425,Electric Motor Series 165,Northstar OEM,2,1,35,19447.07,USD,Yes
AGS-0055,PrimeFlow Industrial Plastics,Italy,Product,SEA,AUR-SEA-00426,Mechanical Seal Series 166,Northstar OEM,1,1,23,8757.41,USD,Yes
AGS-0040,PrimeFlow Hydraulics,Italy,Product,SEA,AUR-SEA-00426,Mechanical Seal Series 166,Prime Process,2,2,35,7760.74,USD,Yes
AGS-0062,PrimeFlow Mechanical Supply,Singapore,Product,FLT,AUR-FLT-00427,Process Filter Series 167,Aurelius OEM,1,1,41,6760.59,USD,Yes
AGS-0075,NorthForge Gasket & Seal,Mexico,Product,FLT,AUR-FLT-00427,Process Filter Series 167,Northstar OEM,2,1,49,6723.79,USD,Yes
AGS-0069,NorthForge Instrumentation,Mexico,Product,ACT,AUR-ACT-00428,Valve Actuator Series 168,Northstar OEM,1,1,65,6576.6,USD,Yes
AGS-0077,NorthForge Controls,Singapore,Product,ACT,AUR-ACT-00428,Valve Actuator Series 168,Northstar OEM,2,1,33,7249.4,USD,Yes
AGS-0013,VectorValve Controls,Italy,Product,ACT,AUR-ACT-00428,Valve Actuator Series 168,Vector Industrial,3,1,55,6297.52,USD,Yes
AGS-0076,NorthForge Electric,Italy,Product,GSK,AUR-GSK-00429,Industrial Gasket Series 169,Aurelius OEM,1,1,55,3082.52,USD,Yes
AGS-0031,VectorValve Process Instruments,Italy,Product,GSK,AUR-GSK-00429,Industrial Gasket Series 169,Aurelius OEM,2,1,71,3012.78,USD,Yes
AGS-0044,PrimeFlow Electric,Singapore,Product,GSK,AUR-GSK-00429,Industrial Gasket Series 169,Vector Industrial,3,2,96,2685.5,USD,Yes
AGS-0083,NorthForge Safety Supply,Singapore,Product,HOS,AUR-HOS-00430,Hydraulic Hose Series 170,Aurelius OEM,1,5,28,4567.26,USD,Yes
AGS-0072,NorthForge Hydraulics,Mexico,Product,HOS,AUR-HOS-00430,Hydraulic Hose Series 170,Aurelius OEM,2,2,47,6138.18,USD,Yes
AGS-0058,PrimeFlow Sensor Labs,Italy,Product,HOS,AUR-HOS-00430,Hydraulic Hose Series 170,Vector Industrial,3,1,51,6104.28,USD,Yes
AGS-0005,VectorValve Instrumentation,Singapore,Product,FIT,AUR-FIT-00431,Pipe Fitting Series 171,Vector Industrial,1,2,38,2366.44,USD,Yes
AGS-0079,NorthForge Fabrication,Italy,Product,FIT,AUR-FIT-00431,Pipe Fitting Series 171,Global Standard,2,1,68,2200.3,USD,Yes
AGS-0029,VectorValve Motion Controls,Singapore,Product,FIT,AUR-FIT-00431,Pipe Fitting Series 171,Global Standard,3,2,50,2024.97,USD,Yes
AGS-0019,VectorValve Safety Supply,Italy,Product,FIT,AUR-FIT-00431,Pipe Fitting Series 171,Aurelius OEM,4,2,21,2356.08,USD,Yes
AGS-0013,VectorValve Controls,Italy,Product,CAB,AUR-CAB-00432,Instrumentation Cable Series 172,Northstar OEM,1,1,17,662.15,USD,Yes
AGS-0001,VectorValve Manufacturing,Italy,Product,CAB,AUR-CAB-00432,Instrumentation Cable Series 172,Vector Industrial,2,1,51,660.05,USD,Yes
AGS-0051,PrimeFlow Safety Supply,Mexico,Product,CAB,AUR-CAB-00432,Instrumentation Cable Series 172,Vector Industrial,3,1,67,620.03,USD,Yes
AGS-0023,VectorValve Industrial Plastics,Singapore,Product,CAB,AUR-CAB-00432,Instrumentation Cable Series 172,Northstar OEM,4,1,47,648.33,USD,Yes
AGS-0020,VectorValve Gearworks,Singapore,Product,SEN,AUR-SEN-00433,Process Sensor Series 173,Vector Industrial,1,5,35,5624.14,USD,Yes
AGS-0027,VectorValve Technical Metals,Mexico,Product,SEN,AUR-SEN-00433,Process Sensor Series 173,Northstar OEM,2,1,41,4937.93,USD,Yes
AGS-0025,VectorValve Valve Automation,Italy,Product,SEN,AUR-SEN-00433,Process Sensor Series 173,Prime Process,3,1,61,5899.3,USD,Yes
AGS-0007,VectorValve Bearing Works,Italy,Product,SEN,AUR-SEN-00433,Process Sensor Series 173,Vector Industrial,4,2,52,5294.03,USD,Yes
AGS-0027,VectorValve Technical Metals,Mexico,Product,CMP,AUR-CMP-00434,Compressor Component Series 174,Vector Industrial,1,1,20,5347.48,USD,Yes
AGS-0023,VectorValve Industrial Plastics,Singapore,Product,CMP,AUR-CMP-00434,Compressor Component Series 174,Aurelius OEM,2,1,36,5731.94,USD,Yes
AGS-0034,PrimeFlow Components,Italy,Product,SAF,AUR-SAF-00435,Safety Equipment Series 175,Global Standard,1,5,38,34.18,USD,Yes
AGS-0076,NorthForge Electric,Italy,Product,SAF,AUR-SAF-00435,Safety Equipment Series 175,Global Standard,2,1,58,47.66,USD,Yes
AGS-0028,VectorValve Hose & Fittings,Italy,Product,SAF,AUR-SAF-00435,Safety Equipment Series 175,Aurelius OEM,3,1,55,39.03,USD,Yes
AGS-0041,PrimeFlow Actuation,Singapore,Product,PLC,AUR-PLC-00436,Automation Controller Series 176,Vector Industrial,1,1,51,6000.68,USD,Yes
AGS-0044,PrimeFlow Electric,Singapore,Product,PLC,AUR-PLC-00436,Automation Controller Series 176,Global Standard,2,1,74,5558.74,USD,Yes
AGS-0057,PrimeFlow Valve Automation,Mexico,Product,PLC,AUR-PLC-00436,Automation Controller Series 176,Global Standard,3,2,24,7607.1,USD,Yes
AGS-0027,VectorValve Technical Metals,Mexico,Product,PLC,AUR-PLC-00436,Automation Controller Series 176,Prime Process,4,2,19,5743.14,USD,Yes
AGS-0048,PrimeFlow Process Equipment,Mexico,Product,DRV,AUR-DRV-00437,Variable Frequency Drive Series 177,Vector Industrial,1,1,48,942.63,USD,Yes
AGS-0085,NorthForge Marine Components,Italy,Product,DRV,AUR-DRV-00437,Variable Frequency Drive Series 177,Aurelius OEM,2,5,47,956.05,USD,Yes
AGS-0039,PrimeFlow Bearing Works,Mexico,Product,DRV,AUR-DRV-00437,Variable Frequency Drive Series 177,Vector Industrial,3,1,37,1018.18,USD,Yes
AGS-0055,PrimeFlow Industrial Plastics,Italy,Product,HEX,AUR-HEX-00438,Heat Exchanger Part Series 178,Northstar OEM,1,1,27,16070.19,USD,Yes
AGS-0046,PrimeFlow Fasteners,Italy,Product,HEX,AUR-HEX-00438,Heat Exchanger Part Series 178,Global Standard,2,1,57,16949.97,USD,Yes
AGS-0011,VectorValve Gasket & Seal,Singapore,Product,HEX,AUR-HEX-00438,Heat Exchanger Part Series 178,Prime Process,3,1,63,18155.47,USD,Yes
AGS-0001,VectorValve Manufacturing,Italy,Product,HEX,AUR-HEX-00438,Heat Exchanger Part Series 178,Prime Process,4,1,24,16231.39,USD,Yes
AGS-0062,PrimeFlow Mechanical Supply,Singapore,Product,LUB,AUR-LUB-00439,Industrial Lubrication Series 179,Global Standard,1,2,48,4736.51,USD,Yes
AGS-0061,PrimeFlow Motion Controls,Italy,Product,LUB,AUR-LUB-00439,Industrial Lubrication Series 179,Aurelius OEM,2,1,83,6524.48,USD,Yes
AGS-0069,NorthForge Instrumentation,Mexico,Product,TOL,AUR-TOL-00440,Specialty Tooling Series 180,Prime Process,1,1,39,7702.18,USD,Yes
AGS-0055,PrimeFlow Industrial Plastics,Italy,Product,TOL,AUR-TOL-00440,Specialty Tooling Series 180,Vector Industrial,2,5,59,7545.02,USD,Yes
AGS-0051,PrimeFlow Safety Supply,Mexico,Product,TOL,AUR-TOL-00440,Specialty Tooling Series 180,Aurelius OEM,3,5,48,7601.19,USD,Yes
AGS-0077,NorthForge Controls,Singapore,Product,PMP,AUR-PMP-00441,Centrifugal Pump Series 181,Global Standard,1,1,64,17151.33,USD,Yes
AGS-0033,PrimeFlow Manufacturing,Mexico,Product,PMP,AUR-PMP-00441,Centrifugal Pump Series 181,Aurelius OEM,2,2,57,16994.3,USD,Yes
AGS-0084,NorthForge Gearworks,Mexico,Product,VLV,AUR-VLV-00442,Control Valve Series 182,Vector Industrial,1,1,38,3614.04,USD,Yes
AGS-0081,NorthForge Cable Systems,Mexico,Product,VLV,AUR-VLV-00442,Control Valve Series 182,Prime Process,2,1,60,4272.49,USD,Yes
AGS-0038,PrimeFlow Systems,Singapore,Product,VLV,AUR-VLV-00442,Control Valve Series 182,Aurelius OEM,3,1,32,3840.51,USD,Yes
AGS-0006,VectorValve Systems,Mexico,Product,BRG,AUR-BRG-00443,Industrial Bearing Series 183,Aurelius OEM,1,1,40,3843.8,USD,Yes
AGS-0023,VectorValve Industrial Plastics,Singapore,Product,BRG,AUR-BRG-00443,Industrial Bearing Series 183,Prime Process,2,5,13,4019.06,USD,Yes
AGS-0069,NorthForge Instrumentation,Mexico,Product,BRG,AUR-BRG-00443,Industrial Bearing Series 183,Global Standard,3,1,49,3893.47,USD,Yes
AGS-0013,VectorValve Controls,Italy,Product,INS,AUR-INS-00444,Pressure Instrument Series 184,Vector Industrial,1,1,56,8106.54,USD,Yes
AGS-0049,PrimeFlow Cable Systems,Italy,Product,INS,AUR-INS-00444,Pressure Instrument Series 184,Northstar OEM,2,5,44,9618.99,USD,Yes
AGS-0034,PrimeFlow Components,Italy,Product,INS,AUR-INS-00444,Pressure Instrument Series 184,Prime Process,3,2,37,7494.28,USD,Yes
AGS-0009,VectorValve Actuation,Mexico,Product,INS,AUR-INS-00444,Pressure Instrument Series 184,Aurelius OEM,4,5,35,7673.88,USD,Yes
AGS-0020,VectorValve Gearworks,Singapore,Product,MTR,AUR-MTR-00445,Electric Motor Series 185,Vector Industrial,1,5,43,2193.15,USD,Yes
AGS-0036,PrimeFlow Industries,Mexico,Product,MTR,AUR-MTR-00445,Electric Motor Series 185,Prime Process,2,1,80,2483.46,USD,Yes
AGS-0058,PrimeFlow Sensor Labs,Italy,Product,MTR,AUR-MTR-00445,Electric Motor Series 185,Prime Process,3,5,40,2431.6,USD,Yes
AGS-0027,VectorValve Technical Metals,Mexico,Product,SEA,AUR-SEA-00446,Mechanical Seal Series 186,Vector Industrial,1,1,49,6258.27,USD,Yes
AGS-0076,NorthForge Electric,Italy,Product,SEA,AUR-SEA-00446,Mechanical Seal Series 186,Global Standard,2,1,34,7960.0,USD,Yes
AGS-0034,PrimeFlow Components,Italy,Product,FLT,AUR-FLT-00447,Process Filter Series 187,Northstar OEM,1,2,45,3437.44,USD,Yes
AGS-0046,PrimeFlow Fasteners,Italy,Product,FLT,AUR-FLT-00447,Process Filter Series 187,Vector Industrial,2,2,78,3777.53,USD,Yes
AGS-0045,PrimeFlow Controls,Mexico,Product,FLT,AUR-FLT-00447,Process Filter Series 187,Prime Process,3,5,63,3354.64,USD,Yes
AGS-0083,NorthForge Safety Supply,Singapore,Product,FLT,AUR-FLT-00447,Process Filter Series 187,Prime Process,4,1,56,3336.38,USD,Yes
AGS-0041,PrimeFlow Actuation,Singapore,Product,ACT,AUR-ACT-00448,Valve Actuator Series 188,Prime Process,1,2,58,4724.61,USD,Yes
AGS-0023,VectorValve Industrial Plastics,Singapore,Product,ACT,AUR-ACT-00448,Valve Actuator Series 188,Aurelius OEM,2,5,58,4470.02,USD,Yes
AGS-0004,VectorValve Industries,Italy,Product,ACT,AUR-ACT-00448,Valve Actuator Series 188,Vector Industrial,3,2,33,4373.17,USD,Yes
AGS-0048,PrimeFlow Process Equipment,Mexico,Product,GSK,AUR-GSK-00449,Industrial Gasket Series 189,Aurelius OEM,1,1,48,5820.55,USD,Yes
AGS-0061,PrimeFlow Motion Controls,Italy,Product,GSK,AUR-GSK-00449,Industrial Gasket Series 189,Northstar OEM,2,1,33,7447.38,USD,Yes
AGS-0024,VectorValve Heat Transfer,Mexico,Product,GSK,AUR-GSK-00449,Industrial Gasket Series 189,Global Standard,3,5,53,5712.91,USD,Yes
AGS-0067,NorthForge Pumps,Italy,Product,GSK,AUR-GSK-00449,Industrial Gasket Series 189,Aurelius OEM,4,1,63,6781.55,USD,Yes
AGS-0056,PrimeFlow Heat Transfer,Singapore,Product,HOS,AUR-HOS-00450,Hydraulic Hose Series 190,Aurelius OEM,1,2,46,558.07,USD,Yes
AGS-0017,VectorValve Cable Systems,Singapore,Product,HOS,AUR-HOS-00450,Hydraulic Hose Series 190,Prime Process,2,1,46,752.32,USD,Yes
AGS-0044,PrimeFlow Electric,Singapore,Product,HOS,AUR-HOS-00450,Hydraulic Hose Series 190,Vector Industrial,3,1,62,565.19,USD,Yes
AGS-0063,PrimeFlow Process Instruments,Mexico,Product,FIT,AUR-FIT-00451,Pipe Fitting Series 191,Aurelius OEM,1,1,69,1341.75,USD,Yes
AGS-0056,PrimeFlow Heat Transfer,Singapore,Product,FIT,AUR-FIT-00451,Pipe Fitting Series 191,Aurelius OEM,2,2,70,1057.72,USD,Yes
AGS-0001,VectorValve Manufacturing,Italy,Product,FIT,AUR-FIT-00451,Pipe Fitting Series 191,Northstar OEM,3,2,64,1169.92,USD,Yes
AGS-0070,NorthForge Systems,Italy,Product,CAB,AUR-CAB-00452,Instrumentation Cable Series 192,Northstar OEM,1,5,67,8122.82,USD,Yes
AGS-0059,PrimeFlow Technical Metals,Singapore,Product,CAB,AUR-CAB-00452,Instrumentation Cable Series 192,Vector Industrial,2,1,28,9098.91,USD,Yes
AGS-0027,VectorValve Technical Metals,Mexico,Product,CAB,AUR-CAB-00452,Instrumentation Cable Series 192,Global Standard,3,1,30,7229.47,USD,Yes
AGS-0077,NorthForge Controls,Singapore,Product,SEN,AUR-SEN-00453,Process Sensor Series 193,Vector Industrial,1,1,29,3647.21,USD,Yes
AGS-0082,NorthForge Filter Technologies,Italy,Product,SEN,AUR-SEN-00453,Process Sensor Series 193,Aurelius OEM,2,1,49,3418.59,USD,Yes
AGS-0020,VectorValve Gearworks,Singapore,Product,SEN,AUR-SEN-00453,Process Sensor Series 193,Vector Industrial,3,1,68,3188.19,USD,Yes
AGS-0001,VectorValve Manufacturing,Italy,Product,SEN,AUR-SEN-00453,Process Sensor Series 193,Aurelius OEM,4,2,75,3098.28,USD,Yes
AGS-0084,NorthForge Gearworks,Mexico,Product,CMP,AUR-CMP-00454,Compressor Component Series 194,Aurelius OEM,1,1,27,10574.21,USD,Yes
AGS-0004,VectorValve Industries,Italy,Product,CMP,AUR-CMP-00454,Compressor Component Series 194,Northstar OEM,2,1,59,10377.21,USD,Yes
AGS-0063,PrimeFlow Process Instruments,Mexico,Product,CMP,AUR-CMP-00454,Compressor Component Series 194,Aurelius OEM,3,1,68,12520.45,USD,Yes
AGS-0006,VectorValve Systems,Mexico,Product,SAF,AUR-SAF-00455,Safety Equipment Series 195,Prime Process,1,1,70,2456.12,USD,Yes
AGS-0072,NorthForge Hydraulics,Mexico,Product,SAF,AUR-SAF-00455,Safety Equipment Series 195,Global Standard,2,1,51,2838.15,USD,Yes
AGS-0033,PrimeFlow Manufacturing,Mexico,Product,SAF,AUR-SAF-00455,Safety Equipment Series 195,Prime Process,3,1,57,2678.54,USD,Yes
AGS-0013,VectorValve Controls,Italy,Product,PLC,AUR-PLC-00456,Automation Controller Series 196,Vector Industrial,1,1,47,1274.57,USD,Yes
AGS-0056,PrimeFlow Heat Transfer,Singapore,Product,PLC,AUR-PLC-00456,Automation Controller Series 196,Vector Industrial,2,1,25,1095.44,USD,Yes
AGS-0006,VectorValve Systems,Mexico,Product,PLC,AUR-PLC-00456,Automation Controller Series 196,Vector Industrial,3,1,84,1180.3,USD,Yes
AGS-0020,VectorValve Gearworks,Singapore,Product,DRV,AUR-DRV-00457,Variable Frequency Drive Series 197,Vector Industrial,1,1,37,7277.26,USD,Yes
AGS-0063,PrimeFlow Process Instruments,Mexico,Product,DRV,AUR-DRV-00457,Variable Frequency Drive Series 197,Northstar OEM,2,1,51,8372.29,USD,Yes
AGS-0009,VectorValve Actuation,Mexico,Product,DRV,AUR-DRV-00457,Variable Frequency Drive Series 197,Northstar OEM,3,1,28,7688.23,USD,Yes
AGS-0027,VectorValve Technical Metals,Mexico,Product,HEX,AUR-HEX-00458,Heat Exchanger Part Series 198,Northstar OEM,1,1,47,17146.78,USD,Yes
AGS-0028,VectorValve Hose & Fittings,Italy,Product,HEX,AUR-HEX-00458,Heat Exchanger Part Series 198,Prime Process,2,5,39,18434.3,USD,Yes
AGS-0075,NorthForge Gasket & Seal,Mexico,Product,HEX,AUR-HEX-00458,Heat Exchanger Part Series 198,Northstar OEM,3,1,67,17163.78,USD,Yes
AGS-0035,PrimeFlow Pumps,Singapore,Product,LUB,AUR-LUB-00459,Industrial Lubrication Series 199,Aurelius OEM,1,5,47,241.3,USD,Yes
AGS-0062,PrimeFlow Mechanical Supply,Singapore,Product,LUB,AUR-LUB-00459,Industrial Lubrication Series 199,Global Standard,2,1,32,212.31,USD,Yes
AGS-0072,NorthForge Hydraulics,Mexico,Product,LUB,AUR-LUB-00459,Industrial Lubrication Series 199,Global Standard,3,2,29,283.24,USD,Yes
AGS-0042,PrimeFlow Technologies,Mexico,Product,TOL,AUR-TOL-00460,Specialty Tooling Series 200,Northstar OEM,1,1,33,6781.94,USD,Yes
AGS-0050,PrimeFlow Filter Technologies,Singapore,Product,TOL,AUR-TOL-00460,Specialty Tooling Series 200,Vector Industrial,2,5,58,6100.62,USD,Yes
AGS-0028,VectorValve Hose & Fittings,Italy,Product,TOL,AUR-TOL-00460,Specialty Tooling Series 200,Aurelius OEM,3,1,48,5571.64,USD,Yes
AGS-0049,PrimeFlow Cable Systems,Italy,Product,PMP,AUR-PMP-00461,Centrifugal Pump Series 201,Vector Industrial,1,2,41,34657.1,USD,Yes
AGS-0004,VectorValve Industries,Italy,Product,PMP,AUR-PMP-00461,Centrifugal Pump Series 201,Aurelius OEM,2,1,58,27036.24,USD,Yes
AGS-0056,PrimeFlow Heat Transfer,Singapore,Product,VLV,AUR-VLV-00462,Control Valve Series 202,Prime Process,1,1,8,5653.67,USD,Yes
AGS-0085,NorthForge Marine Components,Italy,Product,VLV,AUR-VLV-00462,Control Valve Series 202,Northstar OEM,2,1,22,5985.53,USD,Yes
AGS-0019,VectorValve Safety Supply,Italy,Product,VLV,AUR-VLV-00462,Control Valve Series 202,Prime Process,3,1,57,6166.7,USD,Yes
AGS-0033,PrimeFlow Manufacturing,Mexico,Product,VLV,AUR-VLV-00462,Control Valve Series 202,Northstar OEM,4,1,51,6919.74,USD,Yes
AGS-0063,PrimeFlow Process Instruments,Mexico,Product,BRG,AUR-BRG-00463,Industrial Bearing Series 203,Vector Industrial,1,2,17,8472.31,USD,Yes
AGS-0044,PrimeFlow Electric,Singapore,Product,BRG,AUR-BRG-00463,Industrial Bearing Series 203,Northstar OEM,2,1,76,7279.87,USD,Yes
AGS-0070,NorthForge Systems,Italy,Product,INS,AUR-INS-00464,Pressure Instrument Series 204,Vector Industrial,1,2,69,6295.9,USD,Yes
AGS-0027,VectorValve Technical Metals,Mexico,Product,INS,AUR-INS-00464,Pressure Instrument Series 204,Northstar OEM,2,1,63,5688.99,USD,Yes
AGS-0077,NorthForge Controls,Singapore,Product,MTR,AUR-MTR-00465,Electric Motor Series 205,Aurelius OEM,1,1,27,11728.97,USD,Yes
AGS-0049,PrimeFlow Cable Systems,Italy,Product,MTR,AUR-MTR-00465,Electric Motor Series 205,Global Standard,2,1,65,11807.89,USD,Yes
AGS-0006,VectorValve Systems,Mexico,Product,MTR,AUR-MTR-00465,Electric Motor Series 205,Prime Process,3,5,72,10336.98,USD,Yes
AGS-0084,NorthForge Gearworks,Mexico,Product,SEA,AUR-SEA-00466,Mechanical Seal Series 206,Global Standard,1,2,55,1207.4,USD,Yes
AGS-0033,PrimeFlow Manufacturing,Mexico,Product,SEA,AUR-SEA-00466,Mechanical Seal Series 206,Aurelius OEM,2,1,87,1400.16,USD,Yes
AGS-0025,VectorValve Valve Automation,Italy,Product,SEA,AUR-SEA-00466,Mechanical Seal Series 206,Aurelius OEM,3,1,61,1244.62,USD,Yes
AGS-0076,NorthForge Electric,Italy,Product,SEA,AUR-SEA-00466,Mechanical Seal Series 206,Prime Process,4,1,16,1433.87,USD,Yes
AGS-0006,VectorValve Systems,Mexico,Product,FLT,AUR-FLT-00467,Process Filter Series 207,Northstar OEM,1,2,69,4321.84,USD,Yes
AGS-0066,NorthForge Components,Mexico,Product,FLT,AUR-FLT-00467,Process Filter Series 207,Northstar OEM,2,1,62,4242.04,USD,Yes
AGS-0014,VectorValve Fasteners,Singapore,Product,ACT,AUR-ACT-00468,Valve Actuator Series 208,Vector Industrial,1,1,51,2534.44,USD,Yes
AGS-0054,PrimeFlow Compressor Parts,Mexico,Product,ACT,AUR-ACT-00468,Valve Actuator Series 208,Prime Process,2,5,41,2404.83,USD,Yes
AGS-0079,NorthForge Fabrication,Italy,Product,ACT,AUR-ACT-00468,Valve Actuator Series 208,Global Standard,3,5,43,2278.58,USD,Yes
AGS-0021,VectorValve Marine Components,Mexico,Product,GSK,AUR-GSK-00469,Industrial Gasket Series 209,Aurelius OEM,1,1,38,1017.3,USD,Yes
AGS-0044,PrimeFlow Electric,Singapore,Product,GSK,AUR-GSK-00469,Industrial Gasket Series 209,Prime Process,2,1,78,1022.56,USD,Yes
AGS-0018,VectorValve Filter Technologies,Mexico,Product,GSK,AUR-GSK-00469,Industrial Gasket Series 209,Aurelius OEM,3,1,36,1061.94,USD,Yes
AGS-0028,VectorValve Hose & Fittings,Italy,Product,HOS,AUR-HOS-00470,Hydraulic Hose Series 210,Aurelius OEM,1,5,78,1333.42,USD,Yes
AGS-0025,VectorValve Valve Automation,Italy,Product,HOS,AUR-HOS-00470,Hydraulic Hose Series 210,Vector Industrial,2,2,49,1483.37,USD,Yes
AGS-0021,VectorValve Marine Components,Mexico,Product,HOS,AUR-HOS-00470,Hydraulic Hose Series 210,Global Standard,3,1,23,1396.87,USD,Yes
AGS-0035,PrimeFlow Pumps,Singapore,Product,FIT,AUR-FIT-00471,Pipe Fitting Series 211,Prime Process,1,1,37,1541.88,USD,Yes
AGS-0023,VectorValve Industrial Plastics,Singapore,Product,FIT,AUR-FIT-00471,Pipe Fitting Series 211,Aurelius OEM,2,1,65,1494.67,USD,Yes
AGS-0042,PrimeFlow Technologies,Mexico,Product,CAB,AUR-CAB-00472,Instrumentation Cable Series 212,Aurelius OEM,1,2,20,9866.09,USD,Yes
AGS-0084,NorthForge Gearworks,Mexico,Product,CAB,AUR-CAB-00472,Instrumentation Cable Series 212,Aurelius OEM,2,1,36,7584.97,USD,Yes
AGS-0018,VectorValve Filter Technologies,Mexico,Product,CAB,AUR-CAB-00472,Instrumentation Cable Series 212,Global Standard,3,2,85,8550.82,USD,Yes
AGS-0078,NorthForge Fasteners,Mexico,Product,CAB,AUR-CAB-00472,Instrumentation Cable Series 212,Vector Industrial,4,2,39,7175.73,USD,Yes
AGS-0049,PrimeFlow Cable Systems,Italy,Product,SEN,AUR-SEN-00473,Process Sensor Series 213,Northstar OEM,1,5,61,643.08,USD,Yes
AGS-0027,VectorValve Technical Metals,Mexico,Product,SEN,AUR-SEN-00473,Process Sensor Series 213,Aurelius OEM,2,1,63,551.81,USD,Yes
AGS-0056,PrimeFlow Heat Transfer,Singapore,Product,CMP,AUR-CMP-00474,Compressor Component Series 214,Global Standard,1,1,46,7413.76,USD,Yes
AGS-0022,VectorValve Compressor Parts,Italy,Product,CMP,AUR-CMP-00474,Compressor Component Series 214,Vector Industrial,2,2,46,9237.56,USD,Yes
AGS-0065,NorthForge Manufacturing,Singapore,Product,CMP,AUR-CMP-00474,Compressor Component Series 214,Prime Process,3,1,50,8843.81,USD,Yes
AGS-0063,PrimeFlow Process Instruments,Mexico,Product,SAF,AUR-SAF-00475,Safety Equipment Series 215,Vector Industrial,1,1,33,4587.5,USD,Yes
AGS-0073,NorthForge Actuation,Italy,Product,SAF,AUR-SAF-00475,Safety Equipment Series 215,Northstar OEM,2,1,27,4762.08,USD,Yes
AGS-0010,VectorValve Technologies,Italy,Product,SAF,AUR-SAF-00475,Safety Equipment Series 215,Prime Process,3,5,29,4360.76,USD,Yes
AGS-0007,VectorValve Bearing Works,Italy,Product,SAF,AUR-SAF-00475,Safety Equipment Series 215,Prime Process,4,1,30,3801.11,USD,Yes
AGS-0070,NorthForge Systems,Italy,Product,PLC,AUR-PLC-00476,Automation Controller Series 216,Prime Process,1,1,63,6517.52,USD,Yes
AGS-0062,PrimeFlow Mechanical Supply,Singapore,Product,PLC,AUR-PLC-00476,Automation Controller Series 216,Aurelius OEM,2,5,67,6050.79,USD,Yes
AGS-0078,NorthForge Fasteners,Mexico,Product,DRV,AUR-DRV-00477,Variable Frequency Drive Series 217,Northstar OEM,1,2,59,5842.92,USD,Yes
AGS-0032,VectorValve Specialty Alloys,Singapore,Product,DRV,AUR-DRV-00477,Variable Frequency Drive Series 217,Global Standard,2,1,19,7477.04,USD,Yes
AGS-0085,NorthForge Marine Components,Italy,Product,HEX,AUR-HEX-00478,Heat Exchanger Part Series 218,Global Standard,1,1,29,22288.65,USD,Yes
AGS-0072,NorthForge Hydraulics,Mexico,Product,HEX,AUR-HEX-00478,Heat Exchanger Part Series 218,Vector Industrial,2,1,50,26150.67,USD,Yes
AGS-0083,NorthForge Safety Supply,Singapore,Product,HEX,AUR-HEX-00478,Heat Exchanger Part Series 218,Prime Process,3,1,25,18455.69,USD,Yes
AGS-0007,VectorValve Bearing Works,Italy,Product,LUB,AUR-LUB-00479,Industrial Lubrication Series 219,Northstar OEM,1,2,19,3789.21,USD,Yes
AGS-0018,VectorValve Filter Technologies,Mexico,Product,LUB,AUR-LUB-00479,Industrial Lubrication Series 219,Northstar OEM,2,1,49,3931.37,USD,Yes
AGS-0003,VectorValve Pumps,Mexico,Product,LUB,AUR-LUB-00479,Industrial Lubrication Series 219,Global Standard,3,1,30,3917.17,USD,Yes
AGS-0077,NorthForge Controls,Singapore,Product,LUB,AUR-LUB-00479,Industrial Lubrication Series 219,Aurelius OEM,4,1,32,4788.12,USD,Yes
AGS-0014,VectorValve Fasteners,Singapore,Product,TOL,AUR-TOL-00480,Specialty Tooling Series 220,Prime Process,1,1,35,5434.98,USD,Yes
AGS-0007,VectorValve Bearing Works,Italy,Product,TOL,AUR-TOL-00480,Specialty Tooling Series 220,Vector Industrial,2,1,46,4842.57,USD,Yes
AGS-0062,PrimeFlow Mechanical Supply,Singapore,Product,TOL,AUR-TOL-00480,Specialty Tooling Series 220,Northstar OEM,3,1,43,4429.35,USD,Yes
AGS-0021,VectorValve Marine Components,Mexico,Product,PMP,AUR-PMP-00481,Centrifugal Pump Series 221,Prime Process,1,1,49,20360.51,USD,Yes
AGS-0012,VectorValve Electric,Mexico,Product,PMP,AUR-PMP-00481,Centrifugal Pump Series 221,Aurelius OEM,2,1,62,23447.15,USD,Yes
AGS-0067,NorthForge Pumps,Italy,Product,PMP,AUR-PMP-00481,Centrifugal Pump Series 221,Northstar OEM,3,5,36,21635.41,USD,Yes
AGS-0028,VectorValve Hose & Fittings,Italy,Product,VLV,AUR-VLV-00482,Control Valve Series 222,Global Standard,1,1,24,1450.99,USD,Yes
AGS-0069,NorthForge Instrumentation,Mexico,Product,VLV,AUR-VLV-00482,Control Valve Series 222,Northstar OEM,2,2,59,1629.15,USD,Yes
AGS-0084,NorthForge Gearworks,Mexico,Product,VLV,AUR-VLV-00482,Control Valve Series 222,Prime Process,3,1,51,1463.72,USD,Yes
AGS-0035,PrimeFlow Pumps,Singapore,Product,BRG,AUR-BRG-00483,Industrial Bearing Series 223,Aurelius OEM,1,1,62,3720.6,USD,Yes
AGS-0005,VectorValve Instrumentation,Singapore,Product,BRG,AUR-BRG-00483,Industrial Bearing Series 223,Aurelius OEM,2,5,71,3740.06,USD,Yes
AGS-0021,VectorValve Marine Components,Mexico,Product,BRG,AUR-BRG-00483,Industrial Bearing Series 223,Northstar OEM,3,1,59,3374.5,USD,Yes
AGS-0042,PrimeFlow Technologies,Mexico,Product,INS,AUR-INS-00484,Pressure Instrument Series 224,Northstar OEM,1,1,54,7492.07,USD,Yes
AGS-0057,PrimeFlow Valve Automation,Mexico,Product,INS,AUR-INS-00484,Pressure Instrument Series 224,Vector Industrial,2,1,32,7021.24,USD,Yes
AGS-0019,VectorValve Safety Supply,Italy,Product,INS,AUR-INS-00484,Pressure Instrument Series 224,Prime Process,3,5,10,6472.82,USD,Yes
AGS-0049,PrimeFlow Cable Systems,Italy,Product,MTR,AUR-MTR-00485,Electric Motor Series 225,Northstar OEM,1,1,70,2589.28,USD,Yes
AGS-0018,VectorValve Filter Technologies,Mexico,Product,MTR,AUR-MTR-00485,Electric Motor Series 225,Global Standard,2,2,51,2337.64,USD,Yes
AGS-0057,PrimeFlow Valve Automation,Mexico,Product,SEA,AUR-SEA-00486,Mechanical Seal Series 226,Global Standard,1,1,45,5536.53,USD,Yes
AGS-0079,NorthForge Fabrication,Italy,Product,SEA,AUR-SEA-00486,Mechanical Seal Series 226,Global Standard,2,1,89,4911.59,USD,Yes
AGS-0078,NorthForge Fasteners,Mexico,Product,SEA,AUR-SEA-00486,Mechanical Seal Series 226,Vector Industrial,3,1,42,4396.38,USD,Yes
AGS-0064,PrimeFlow Specialty Alloys,Italy,Product,FLT,AUR-FLT-00487,Process Filter Series 227,Global Standard,1,1,51,6394.29,USD,Yes
AGS-0043,PrimeFlow Gasket & Seal,Italy,Product,FLT,AUR-FLT-00487,Process Filter Series 227,Northstar OEM,2,1,27,7188.7,USD,Yes
AGS-0071,NorthForge Bearing Works,Singapore,Product,ACT,AUR-ACT-00488,Valve Actuator Series 228,Prime Process,1,1,66,5341.05,USD,Yes
AGS-0037,PrimeFlow Instrumentation,Italy,Product,ACT,AUR-ACT-00488,Valve Actuator Series 228,Aurelius OEM,2,5,44,4984.54,USD,Yes
AGS-0077,NorthForge Controls,Singapore,Product,ACT,AUR-ACT-00488,Valve Actuator Series 228,Aurelius OEM,3,5,31,6347.68,USD,Yes
AGS-0078,NorthForge Fasteners,Mexico,Product,GSK,AUR-GSK-00489,Industrial Gasket Series 229,Northstar OEM,1,1,47,4122.58,USD,Yes
AGS-0020,VectorValve Gearworks,Singapore,Product,GSK,AUR-GSK-00489,Industrial Gasket Series 229,Northstar OEM,2,5,59,4297.54,USD,Yes
AGS-0013,VectorValve Controls,Italy,Product,GSK,AUR-GSK-00489,Industrial Gasket Series 229,Aurelius OEM,3,1,37,4683.54,USD,Yes
AGS-0085,NorthForge Marine Components,Italy,Product,HOS,AUR-HOS-00490,Hydraulic Hose Series 230,Vector Industrial,1,2,26,7588.17,USD,Yes
AGS-0064,PrimeFlow Specialty Alloys,Italy,Product,HOS,AUR-HOS-00490,Hydraulic Hose Series 230,Northstar OEM,2,1,40,7820.69,USD,Yes
AGS-0005,VectorValve Instrumentation,Singapore,Product,HOS,AUR-HOS-00490,Hydraulic Hose Series 230,Northstar OEM,3,2,61,8623.77,USD,Yes
AGS-0007,VectorValve Bearing Works,Italy,Product,FIT,AUR-FIT-00491,Pipe Fitting Series 231,Global Standard,1,1,27,7860.25,USD,Yes
AGS-0074,NorthForge Technologies,Singapore,Product,FIT,AUR-FIT-00491,Pipe Fitting Series 231,Prime Process,2,1,38,8126.38,USD,Yes
AGS-0059,PrimeFlow Technical Metals,Singapore,Product,FIT,AUR-FIT-00491,Pipe Fitting Series 231,Vector Industrial,3,1,42,10047.25,USD,Yes
AGS-0023,VectorValve Industrial Plastics,Singapore,Product,FIT,AUR-FIT-00491,Pipe Fitting Series 231,Vector Industrial,4,5,41,8180.24,USD,Yes
AGS-0014,VectorValve Fasteners,Singapore,Product,CAB,AUR-CAB-00492,Instrumentation Cable Series 232,Aurelius OEM,1,5,59,9216.14,USD,Yes
AGS-0064,PrimeFlow Specialty Alloys,Italy,Product,CAB,AUR-CAB-00492,Instrumentation Cable Series 232,Global Standard,2,1,59,8283.45,USD,Yes
AGS-0066,NorthForge Components,Mexico,Product,CAB,AUR-CAB-00492,Instrumentation Cable Series 232,Global Standard,3,5,64,8890.53,USD,Yes
AGS-0021,VectorValve Marine Components,Mexico,Product,SEN,AUR-SEN-00493,Process Sensor Series 233,Global Standard,1,1,41,5160.77,USD,Yes
AGS-0065,NorthForge Manufacturing,Singapore,Product,SEN,AUR-SEN-00493,Process Sensor Series 233,Prime Process,2,1,71,5823.65,USD,Yes
AGS-0013,VectorValve Controls,Italy,Product,SEN,AUR-SEN-00493,Process Sensor Series 233,Vector Industrial,3,2,52,5989.25,USD,Yes
AGS-0071,NorthForge Bearing Works,Singapore,Product,SEN,AUR-SEN-00493,Process Sensor Series 233,Global Standard,4,1,86,5441.56,USD,Yes
AGS-0028,VectorValve Hose & Fittings,Italy,Product,CMP,AUR-CMP-00494,Compressor Component Series 234,Global Standard,1,5,30,6637.54,USD,Yes
AGS-0049,PrimeFlow Cable Systems,Italy,Product,CMP,AUR-CMP-00494,Compressor Component Series 234,Vector Industrial,2,2,53,8125.06,USD,Yes
AGS-0036,PrimeFlow Industries,Mexico,Product,SAF,AUR-SAF-00495,Safety Equipment Series 235,Vector Industrial,1,1,57,1992.43,USD,Yes
AGS-0033,PrimeFlow Manufacturing,Mexico,Product,SAF,AUR-SAF-00495,Safety Equipment Series 235,Aurelius OEM,2,1,72,1913.38,USD,Yes
AGS-0047,PrimeFlow Fabrication,Singapore,Product,SAF,AUR-SAF-00495,Safety Equipment Series 235,Northstar OEM,3,1,20,1689.86,USD,Yes
AGS-0043,PrimeFlow Gasket & Seal,Italy,Product,PLC,AUR-PLC-00496,Automation Controller Series 236,Northstar OEM,1,5,55,2738.44,USD,Yes
AGS-0084,NorthForge Gearworks,Mexico,Product,PLC,AUR-PLC-00496,Automation Controller Series 236,Global Standard,2,2,27,2415.4,USD,Yes
AGS-0050,PrimeFlow Filter Technologies,Singapore,Product,DRV,AUR-DRV-00497,Variable Frequency Drive Series 237,Global Standard,1,5,34,3792.61,USD,Yes
AGS-0039,PrimeFlow Bearing Works,Mexico,Product,DRV,AUR-DRV-00497,Variable Frequency Drive Series 237,Northstar OEM,2,1,19,3611.59,USD,Yes
AGS-0023,VectorValve Industrial Plastics,Singapore,Product,DRV,AUR-DRV-00497,Variable Frequency Drive Series 237,Northstar OEM,3,1,29,3482.67,USD,Yes
AGS-0057,PrimeFlow Valve Automation,Mexico,Product,HEX,AUR-HEX-00498,Heat Exchanger Part Series 238,Aurelius OEM,1,1,41,8817.26,USD,Yes
AGS-0058,PrimeFlow Sensor Labs,Italy,Product,HEX,AUR-HEX-00498,Heat Exchanger Part Series 238,Aurelius OEM,2,1,23,8533.04,USD,Yes
AGS-0064,PrimeFlow Specialty Alloys,Italy,Product,LUB,AUR-LUB-00499,Industrial Lubrication Series 239,Global Standard,1,5,48,4486.56,USD,Yes
AGS-0082,NorthForge Filter Technologies,Italy,Product,LUB,AUR-LUB-00499,Industrial Lubrication Series 239,Prime Process,2,1,81,4791.69,USD,Yes
AGS-0060,PrimeFlow Hose & Fittings,Mexico,Product,LUB,AUR-LUB-00499,Industrial Lubrication Series 239,Prime Process,3,1,58,4680.63,USD,Yes
AGS-0071,NorthForge Bearing Works,Singapore,Product,TOL,AUR-TOL-00500,Specialty Tooling Series 240,Global Standard,1,5,54,8391.77,USD,Yes
AGS-0083,NorthForge Safety Supply,Singapore,Product,TOL,AUR-TOL-00500,Specialty Tooling Series 240,Global Standard,2,1,47,7432.76,USD,Yes
AGS-0050,PrimeFlow Filter Technologies,Singapore,Product,TOL,AUR-TOL-00500,Specialty Tooling Series 240,Global Standard,3,1,70,8733.76,USD,Yes
AGS-0074,NorthForge Technologies,Singapore,Product,TOL,AUR-TOL-00500,Specialty Tooling Series 240,Aurelius OEM,4,2,64,7749.09,USD,Yes
AGS-0078,NorthForge Fasteners,Mexico,Product,PMP,AUR-PMP-00501,Centrifugal Pump Series 241,Aurelius OEM,1,5,23,1924.28,USD,Yes
AGS-0079,NorthForge Fabrication,Italy,Product,PMP,AUR-PMP-00501,Centrifugal Pump Series 241,Prime Process,2,1,48,2180.51,USD,Yes
AGS-0085,NorthForge Marine Components,Italy,Product,VLV,AUR-VLV-00502,Control Valve Series 242,Vector Industrial,1,1,29,6875.81,USD,Yes
AGS-0028,VectorValve Hose & Fittings,Italy,Product,VLV,AUR-VLV-00502,Control Valve Series 242,Global Standard,2,5,55,6887.12,USD,Yes
AGS-0007,VectorValve Bearing Works,Italy,Product,BRG,AUR-BRG-00503,Industrial Bearing Series 243,Prime Process,1,5,7,8197.81,USD,Yes
AGS-0068,NorthForge Industries,Singapore,Product,BRG,AUR-BRG-00503,Industrial Bearing Series 243,Prime Process,2,1,74,7625.7,USD,Yes
AGS-0061,PrimeFlow Motion Controls,Italy,Product,BRG,AUR-BRG-00503,Industrial Bearing Series 243,Northstar OEM,3,5,22,9665.35,USD,Yes
AGS-0037,PrimeFlow Instrumentation,Italy,Product,BRG,AUR-BRG-00503,Industrial Bearing Series 243,Prime Process,4,1,45,8382.37,USD,Yes
AGS-0015,VectorValve Fabrication,Mexico,Product,INS,AUR-INS-00504,Pressure Instrument Series 244,Global Standard,1,1,23,8862.52,USD,Yes
AGS-0081,NorthForge Cable Systems,Mexico,Product,INS,AUR-INS-00504,Pressure Instrument Series 244,Northstar OEM,2,2,54,9778.08,USD,Yes
AGS-0022,VectorValve Compressor Parts,Italy,Product,MTR,AUR-MTR-00505,Electric Motor Series 245,Prime Process,1,1,31,10521.0,USD,Yes
AGS-0072,NorthForge Hydraulics,Mexico,Product,MTR,AUR-MTR-00505,Electric Motor Series 245,Aurelius OEM,2,1,7,10756.71,USD,Yes
AGS-0029,VectorValve Motion Controls,Singapore,Product,SEA,AUR-SEA-00506,Mechanical Seal Series 246,Prime Process,1,2,60,5211.59,USD,Yes
AGS-0027,VectorValve Technical Metals,Mexico,Product,SEA,AUR-SEA-00506,Mechanical Seal Series 246,Prime Process,2,5,39,5028.75,USD,Yes
AGS-0075,NorthForge Gasket & Seal,Mexico,Product,SEA,AUR-SEA-00506,Mechanical Seal Series 246,Aurelius OEM,3,2,40,5004.74,USD,Yes
AGS-0036,PrimeFlow Industries,Mexico,Product,FLT,AUR-FLT-00507,Process Filter Series 247,Global Standard,1,1,35,2543.36,USD,Yes
AGS-0003,VectorValve Pumps,Mexico,Product,FLT,AUR-FLT-00507,Process Filter Series 247,Global Standard,2,1,74,2292.76,USD,Yes
AGS-0044,PrimeFlow Electric,Singapore,Product,FLT,AUR-FLT-00507,Process Filter Series 247,Prime Process,3,1,64,2032.66,USD,Yes
AGS-0043,PrimeFlow Gasket & Seal,Italy,Product,ACT,AUR-ACT-00508,Valve Actuator Series 248,Vector Industrial,1,1,47,1374.34,USD,Yes
AGS-0060,PrimeFlow Hose & Fittings,Mexico,Product,ACT,AUR-ACT-00508,Valve Actuator Series 248,Vector Industrial,2,1,63,1345.96,USD,Yes
AGS-0050,PrimeFlow Filter Technologies,Singapore,Product,GSK,AUR-GSK-00509,Industrial Gasket Series 249,Northstar OEM,1,2,41,8724.48,USD,Yes
AGS-0046,PrimeFlow Fasteners,Italy,Product,GSK,AUR-GSK-00509,Industrial Gasket Series 249,Prime Process,2,2,68,8575.13,USD,Yes
AGS-0057,PrimeFlow Valve Automation,Mexico,Product,HOS,AUR-HOS-00510,Hydraulic Hose Series 250,Vector Industrial,1,1,39,4649.77,USD,Yes
AGS-0008,VectorValve Hydraulics,Singapore,Product,HOS,AUR-HOS-00510,Hydraulic Hose Series 250,Prime Process,2,1,56,3623.07,USD,Yes
AGS-0064,PrimeFlow Specialty Alloys,Italy,Product,FIT,AUR-FIT-00511,Pipe Fitting Series 251,Prime Process,1,5,50,5246.36,USD,Yes
AGS-0067,NorthForge Pumps,Italy,Product,FIT,AUR-FIT-00511,Pipe Fitting Series 251,Northstar OEM,2,5,55,5171.88,USD,Yes
AGS-0071,NorthForge Bearing Works,Singapore,Product,CAB,AUR-CAB-00512,Instrumentation Cable Series 252,Aurelius OEM,1,2,56,5855.33,USD,Yes
AGS-0041,PrimeFlow Actuation,Singapore,Product,CAB,AUR-CAB-00512,Instrumentation Cable Series 252,Northstar OEM,2,5,58,5564.02,USD,Yes
AGS-0079,NorthForge Fabrication,Italy,Product,SEN,AUR-SEN-00513,Process Sensor Series 253,Prime Process,1,5,52,1696.81,USD,Yes
AGS-0001,VectorValve Manufacturing,Italy,Product,SEN,AUR-SEN-00513,Process Sensor Series 253,Global Standard,2,1,53,1805.82,USD,Yes
AGS-0068,NorthForge Industries,Singapore,Product,SEN,AUR-SEN-00513,Process Sensor Series 253,Prime Process,3,1,64,1533.56,USD,Yes
AGS-0001,VectorValve Manufacturing,Italy,Product,CMP,AUR-CMP-00514,Compressor Component Series 254,Vector Industrial,1,1,47,7228.24,USD,Yes
AGS-0011,VectorValve Gasket & Seal,Singapore,Product,CMP,AUR-CMP-00514,Compressor Component Series 254,Global Standard,2,2,46,8112.41,USD,Yes
AGS-0040,PrimeFlow Hydraulics,Italy,Product,CMP,AUR-CMP-00514,Compressor Component Series 254,Northstar OEM,3,1,41,6484.78,USD,Yes
AGS-0015,VectorValve Fabrication,Mexico,Product,CMP,AUR-CMP-00514,Compressor Component Series 254,Aurelius OEM,4,1,12,6935.17,USD,Yes
AGS-0008,VectorValve Hydraulics,Singapore,Product,SAF,AUR-SAF-00515,Safety Equipment Series 255,Vector Industrial,1,2,48,4437.93,USD,Yes
AGS-0062,PrimeFlow Mechanical Supply,Singapore,Product,SAF,AUR-SAF-00515,Safety Equipment Series 255,Aurelius OEM,2,5,68,4051.54,USD,Yes
AGS-0015,VectorValve Fabrication,Mexico,Product,PLC,AUR-PLC-00516,Automation Controller Series 256,Prime Process,1,2,61,6306.52,USD,Yes
AGS-0073,NorthForge Actuation,Italy,Product,PLC,AUR-PLC-00516,Automation Controller Series 256,Global Standard,2,1,28,6977.76,USD,Yes
AGS-0022,VectorValve Compressor Parts,Italy,Product,DRV,AUR-DRV-00517,Variable Frequency Drive Series 257,Vector Industrial,1,1,28,6834.92,USD,Yes
AGS-0056,PrimeFlow Heat Transfer,Singapore,Product,DRV,AUR-DRV-00517,Variable Frequency Drive Series 257,Northstar OEM,2,1,42,5180.31,USD,Yes
AGS-0029,VectorValve Motion Controls,Singapore,Product,HEX,AUR-HEX-00518,Heat Exchanger Part Series 258,Aurelius OEM,1,1,33,7326.5,USD,Yes
AGS-0078,NorthForge Fasteners,Mexico,Product,HEX,AUR-HEX-00518,Heat Exchanger Part Series 258,Aurelius OEM,2,5,47,6937.69,USD,Yes
AGS-0001,VectorValve Manufacturing,Italy,Product,HEX,AUR-HEX-00518,Heat Exchanger Part Series 258,Aurelius OEM,3,2,63,8286.18,USD,Yes
AGS-0036,PrimeFlow Industries,Mexico,Product,LUB,AUR-LUB-00519,Industrial Lubrication Series 259,Northstar OEM,1,1,50,1604.71,USD,Yes
AGS-0001,VectorValve Manufacturing,Italy,Product,LUB,AUR-LUB-00519,Industrial Lubrication Series 259,Vector Industrial,2,1,32,1384.0,USD,Yes
AGS-0004,VectorValve Industries,Italy,Product,LUB,AUR-LUB-00519,Industrial Lubrication Series 259,Northstar OEM,3,2,51,1380.77,USD,Yes
AGS-0043,PrimeFlow Gasket & Seal,Italy,Product,TOL,AUR-TOL-00520,Specialty Tooling Series 260,Prime Process,1,1,52,5931.92,USD,Yes
AGS-0065,NorthForge Manufacturing,Singapore,Product,TOL,AUR-TOL-00520,Specialty Tooling Series 260,Vector Industrial,2,1,70,5369.74,USD,Yes
AGS-0050,PrimeFlow Filter Technologies,Singapore,Product,PMP,AUR-PMP-00521,Centrifugal Pump Series 261,Global Standard,1,1,43,14282.87,USD,Yes
AGS-0071,NorthForge Bearing Works,Singapore,Product,PMP,AUR-PMP-00521,Centrifugal Pump Series 261,Vector Industrial,2,2,31,13674.71,USD,Yes
AGS-0058,PrimeFlow Sensor Labs,Italy,Product,VLV,AUR-VLV-00522,Control Valve Series 262,Aurelius OEM,1,1,57,7440.67,USD,Yes
AGS-0022,VectorValve Compressor Parts,Italy,Product,VLV,AUR-VLV-00522,Control Valve Series 262,Prime Process,2,1,19,7517.33,USD,Yes
AGS-0065,NorthForge Manufacturing,Singapore,Product,BRG,AUR-BRG-00523,Industrial Bearing Series 263,Vector Industrial,1,1,85,8830.5,USD,Yes
AGS-0035,PrimeFlow Pumps,Singapore,Product,BRG,AUR-BRG-00523,Industrial Bearing Series 263,Global Standard,2,5,48,8322.03,USD,Yes
AGS-0072,NorthForge Hydraulics,Mexico,Product,INS,AUR-INS-00524,Pressure Instrument Series 264,Prime Process,1,1,60,4159.43,USD,Yes
AGS-0010,VectorValve Technologies,Italy,Product,INS,AUR-INS-00524,Pressure Instrument Series 264,Prime Process,2,2,47,3493.47,USD,Yes
AGS-0060,PrimeFlow Hose & Fittings,Mexico,Product,INS,AUR-INS-00524,Pressure Instrument Series 264,Prime Process,3,1,31,3858.81,USD,Yes
AGS-0079,NorthForge Fabrication,Italy,Product,MTR,AUR-MTR-00525,Electric Motor Series 265,Global Standard,1,2,65,22390.01,USD,Yes
AGS-0001,VectorValve Manufacturing,Italy,Product,MTR,AUR-MTR-00525,Electric Motor Series 265,Northstar OEM,2,2,80,20529.5,USD,Yes
AGS-0031,VectorValve Process Instruments,Italy,Product,MTR,AUR-MTR-00525,Electric Motor Series 265,Aurelius OEM,3,2,31,22993.01,USD,Yes
AGS-0084,NorthForge Gearworks,Mexico,Product,MTR,AUR-MTR-00525,Electric Motor Series 265,Vector Industrial,4,1,59,19066.9,USD,Yes
AGS-0001,VectorValve Manufacturing,Italy,Product,SEA,AUR-SEA-00526,Mechanical Seal Series 266,Vector Industrial,1,5,43,5685.55,USD,Yes
AGS-0077,NorthForge Controls,Singapore,Product,SEA,AUR-SEA-00526,Mechanical Seal Series 266,Vector Industrial,2,2,42,6908.54,USD,Yes
AGS-0080,NorthForge Process Equipment,Singapore,Product,SEA,AUR-SEA-00526,Mechanical Seal Series 266,Vector Industrial,3,1,59,6669.8,USD,Yes
AGS-0008,VectorValve Hydraulics,Singapore,Product,FLT,AUR-FLT-00527,Process Filter Series 267,Aurelius OEM,1,1,31,1702.27,USD,Yes
AGS-0040,PrimeFlow Hydraulics,Italy,Product,FLT,AUR-FLT-00527,Process Filter Series 267,Prime Process,2,2,58,1693.26,USD,Yes
AGS-0015,VectorValve Fabrication,Mexico,Product,FLT,AUR-FLT-00527,Process Filter Series 267,Global Standard,3,2,61,1815.71,USD,Yes
AGS-0015,VectorValve Fabrication,Mexico,Product,ACT,AUR-ACT-00528,Valve Actuator Series 268,Vector Industrial,1,2,39,7001.22,USD,Yes
AGS-0020,VectorValve Gearworks,Singapore,Product,ACT,AUR-ACT-00528,Valve Actuator Series 268,Vector Industrial,2,1,73,6631.37,USD,Yes
AGS-0001,VectorValve Manufacturing,Italy,Product,ACT,AUR-ACT-00528,Valve Actuator Series 268,Prime Process,3,1,46,6477.11,USD,Yes
AGS-0022,VectorValve Compressor Parts,Italy,Product,GSK,AUR-GSK-00529,Industrial Gasket Series 269,Aurelius OEM,1,5,41,310.34,USD,Yes
AGS-0058,PrimeFlow Sensor Labs,Italy,Product,GSK,AUR-GSK-00529,Industrial Gasket Series 269,Vector Industrial,2,1,24,307.7,USD,Yes
AGS-0029,VectorValve Motion Controls,Singapore,Product,HOS,AUR-HOS-00530,Hydraulic Hose Series 270,Global Standard,1,1,84,5242.72,USD,Yes
AGS-0081,NorthForge Cable Systems,Mexico,Product,HOS,AUR-HOS-00530,Hydraulic Hose Series 270,Aurelius OEM,2,1,42,6505.37,USD,Yes
AGS-0069,NorthForge Instrumentation,Mexico,Product,HOS,AUR-HOS-00530,Hydraulic Hose Series 270,Aurelius OEM,3,5,65,5355.74,USD,Yes
AGS-0037,PrimeFlow Instrumentation,Italy,Product,FIT,AUR-FIT-00531,Pipe Fitting Series 271,Aurelius OEM,1,1,44,2818.33,USD,Yes
AGS-0071,NorthForge Bearing Works,Singapore,Product,FIT,AUR-FIT-00531,Pipe Fitting Series 271,Aurelius OEM,2,5,90,2986.82,USD,Yes
AGS-0058,PrimeFlow Sensor Labs,Italy,Product,FIT,AUR-FIT-00531,Pipe Fitting Series 271,Northstar OEM,3,1,24,3247.24,USD,Yes
AGS-0044,PrimeFlow Electric,Singapore,Product,CAB,AUR-CAB-00532,Instrumentation Cable Series 272,Global Standard,1,1,69,1900.01,USD,Yes
AGS-0013,VectorValve Controls,Italy,Product,CAB,AUR-CAB-00532,Instrumentation Cable Series 272,Prime Process,2,1,27,2147.03,USD,Yes
AGS-0025,VectorValve Valve Automation,Italy,Product,CAB,AUR-CAB-00532,Instrumentation Cable Series 272,Prime Process,3,5,45,2212.08,USD,Yes
AGS-0051,PrimeFlow Safety Supply,Mexico,Product,SEN,AUR-SEN-00533,Process Sensor Series 273,Prime Process,1,5,52,4808.39,USD,Yes
AGS-0004,VectorValve Industries,Italy,Product,SEN,AUR-SEN-00533,Process Sensor Series 273,Vector Industrial,2,5,49,5465.94,USD,Yes
AGS-0085,NorthForge Marine Components,Italy,Product,SEN,AUR-SEN-00533,Process Sensor Series 273,Vector Industrial,3,2,33,5362.74,USD,Yes
AGS-0022,VectorValve Compressor Parts,Italy,Product,SEN,AUR-SEN-00533,Process Sensor Series 273,Northstar OEM,4,1,45,6469.71,USD,Yes
AGS-0058,PrimeFlow Sensor Labs,Italy,Product,CMP,AUR-CMP-00534,Compressor Component Series 274,Prime Process,1,1,33,21203.55,USD,Yes
AGS-0074,NorthForge Technologies,Singapore,Product,CMP,AUR-CMP-00534,Compressor Component Series 274,Vector Industrial,2,1,26,17352.34,USD,Yes
AGS-0065,NorthForge Manufacturing,Singapore,Product,SAF,AUR-SAF-00535,Safety Equipment Series 275,Northstar OEM,1,1,50,3922.51,USD,Yes
AGS-0018,VectorValve Filter Technologies,Mexico,Product,SAF,AUR-SAF-00535,Safety Equipment Series 275,Global Standard,2,5,29,3608.35,USD,Yes
AGS-0043,PrimeFlow Gasket & Seal,Italy,Product,SAF,AUR-SAF-00535,Safety Equipment Series 275,Vector Industrial,3,1,67,4195.46,USD,Yes
AGS-0030,VectorValve Mechanical Supply,Mexico,Product,SAF,AUR-SAF-00535,Safety Equipment Series 275,Aurelius OEM,4,1,28,3746.59,USD,Yes
AGS-0072,NorthForge Hydraulics,Mexico,Product,PLC,AUR-PLC-00536,Automation Controller Series 276,Vector Industrial,1,2,58,8345.76,USD,Yes
AGS-0056,PrimeFlow Heat Transfer,Singapore,Product,PLC,AUR-PLC-00536,Automation Controller Series 276,Northstar OEM,2,1,38,6317.19,USD,Yes
AGS-0061,PrimeFlow Motion Controls,Italy,Product,PLC,AUR-PLC-00536,Automation Controller Series 276,Prime Process,3,5,77,7826.08,USD,Yes
AGS-0037,PrimeFlow Instrumentation,Italy,Product,PLC,AUR-PLC-00536,Automation Controller Series 276,Northstar OEM,4,1,23,6777.65,USD,Yes
AGS-0079,NorthForge Fabrication,Italy,Product,DRV,AUR-DRV-00537,Variable Frequency Drive Series 277,Vector Industrial,1,5,66,2667.99,USD,Yes
AGS-0085,NorthForge Marine Components,Italy,Product,DRV,AUR-DRV-00537,Variable Frequency Drive Series 277,Northstar OEM,2,5,47,2728.5,USD,Yes
AGS-0001,VectorValve Manufacturing,Italy,Product,HEX,AUR-HEX-00538,Heat Exchanger Part Series 278,Prime Process,1,1,38,10702.58,USD,Yes
AGS-0038,PrimeFlow Systems,Singapore,Product,HEX,AUR-HEX-00538,Heat Exchanger Part Series 278,Global Standard,2,2,17,10221.83,USD,Yes
AGS-0056,PrimeFlow Heat Transfer,Singapore,Product,HEX,AUR-HEX-00538,Heat Exchanger Part Series 278,Global Standard,3,2,20,8911.24,USD,Yes
AGS-0008,VectorValve Hydraulics,Singapore,Product,LUB,AUR-LUB-00539,Industrial Lubrication Series 279,Vector Industrial,1,1,25,4850.2,USD,Yes
AGS-0075,NorthForge Gasket & Seal,Mexico,Product,LUB,AUR-LUB-00539,Industrial Lubrication Series 279,Aurelius OEM,2,1,63,4833.81,USD,Yes
AGS-0016,VectorValve Process Equipment,Italy,Product,TOL,AUR-TOL-00540,Specialty Tooling Series 100,Prime Process,1,1,46,1770.15,USD,Yes
AGS-0070,NorthForge Systems,Italy,Product,TOL,AUR-TOL-00540,Specialty Tooling Series 100,Aurelius OEM,2,1,35,1714.31,USD,Yes
AGS-0023,VectorValve Industrial Plastics,Singapore,Product,PMP,AUR-PMP-00541,Centrifugal Pump Series 101,Northstar OEM,1,1,44,1971.11,USD,Yes
AGS-0077,NorthForge Controls,Singapore,Product,PMP,AUR-PMP-00541,Centrifugal Pump Series 101,Global Standard,2,2,13,2546.95,USD,Yes
AGS-0030,VectorValve Mechanical Supply,Mexico,Product,VLV,AUR-VLV-00542,Control Valve Series 102,Global Standard,1,5,46,3502.23,USD,Yes
AGS-0059,PrimeFlow Technical Metals,Singapore,Product,VLV,AUR-VLV-00542,Control Valve Series 102,Prime Process,2,1,18,4575.17,USD,Yes
AGS-0037,PrimeFlow Instrumentation,Italy,Product,BRG,AUR-BRG-00543,Industrial Bearing Series 103,Global Standard,1,1,68,2186.94,USD,Yes
AGS-0061,PrimeFlow Motion Controls,Italy,Product,BRG,AUR-BRG-00543,Industrial Bearing Series 103,Aurelius OEM,2,1,15,2513.47,USD,Yes
AGS-0067,NorthForge Pumps,Italy,Product,BRG,AUR-BRG-00543,Industrial Bearing Series 103,Northstar OEM,3,1,39,2400.13,USD,Yes
AGS-0044,PrimeFlow Electric,Singapore,Product,INS,AUR-INS-00544,Pressure Instrument Series 104,Vector Industrial,1,1,78,4846.7,USD,Yes
AGS-0030,VectorValve Mechanical Supply,Mexico,Product,INS,AUR-INS-00544,Pressure Instrument Series 104,Prime Process,2,1,29,5303.24,USD,Yes
AGS-0051,PrimeFlow Safety Supply,Mexico,Product,MTR,AUR-MTR-00545,Electric Motor Series 105,Northstar OEM,1,1,34,8412.89,USD,Yes
AGS-0044,PrimeFlow Electric,Singapore,Product,MTR,AUR-MTR-00545,Electric Motor Series 105,Global Standard,2,5,88,8161.46,USD,Yes
AGS-0061,PrimeFlow Motion Controls,Italy,Product,MTR,AUR-MTR-00545,Electric Motor Series 105,Northstar OEM,3,1,44,10601.3,USD,Yes
AGS-0015,VectorValve Fabrication,Mexico,Product,MTR,AUR-MTR-00545,Electric Motor Series 105,Global Standard,4,1,54,9120.3,USD,Yes
AGS-0058,PrimeFlow Sensor Labs,Italy,Product,SEA,AUR-SEA-00546,Mechanical Seal Series 106,Global Standard,1,5,41,214.49,USD,Yes
AGS-0039,PrimeFlow Bearing Works,Mexico,Product,SEA,AUR-SEA-00546,Mechanical Seal Series 106,Northstar OEM,2,1,32,188.14,USD,Yes
AGS-0065,NorthForge Manufacturing,Singapore,Product,FLT,AUR-FLT-00547,Process Filter Series 107,Global Standard,1,2,57,3263.78,USD,Yes
AGS-0007,VectorValve Bearing Works,Italy,Product,FLT,AUR-FLT-00547,Process Filter Series 107,Prime Process,2,1,47,3058.77,USD,Yes
AGS-0072,NorthForge Hydraulics,Mexico,Product,ACT,AUR-ACT-00548,Valve Actuator Series 108,Prime Process,1,1,37,3763.94,USD,Yes
AGS-0049,PrimeFlow Cable Systems,Italy,Product,ACT,AUR-ACT-00548,Valve Actuator Series 108,Prime Process,2,1,7,3479.27,USD,Yes
AGS-0080,NorthForge Process Equipment,Singapore,Product,GSK,AUR-GSK-00549,Industrial Gasket Series 109,Global Standard,1,1,40,4632.92,USD,Yes
AGS-0048,PrimeFlow Process Equipment,Mexico,Product,GSK,AUR-GSK-00549,Industrial Gasket Series 109,Global Standard,2,2,36,3421.45,USD,Yes
AGS-0015,VectorValve Fabrication,Mexico,Product,GSK,AUR-GSK-00549,Industrial Gasket Series 109,Prime Process,3,1,71,3802.23,USD,Yes
AGS-0072,NorthForge Hydraulics,Mexico,Product,GSK,AUR-GSK-00549,Industrial Gasket Series 109,Aurelius OEM,4,2,8,4305.69,USD,Yes
AGS-0002,VectorValve Components,Singapore,Product,HOS,AUR-HOS-00550,Hydraulic Hose Series 110,Aurelius OEM,1,2,44,6597.58,USD,Yes
AGS-0085,NorthForge Marine Components,Italy,Product,HOS,AUR-HOS-00550,Hydraulic Hose Series 110,Prime Process,2,1,32,5197.64,USD,Yes
AGS-0029,VectorValve Motion Controls,Singapore,Product,HOS,AUR-HOS-00550,Hydraulic Hose Series 110,Vector Industrial,3,1,43,5239.33,USD,Yes
AGS-0009,VectorValve Actuation,Mexico,Product,FIT,AUR-FIT-00551,Pipe Fitting Series 111,Northstar OEM,1,1,26,393.2,USD,Yes
AGS-0074,NorthForge Technologies,Singapore,Product,FIT,AUR-FIT-00551,Pipe Fitting Series 111,Vector Industrial,2,5,30,382.12,USD,Yes
AGS-0002,VectorValve Components,Singapore,Product,FIT,AUR-FIT-00551,Pipe Fitting Series 111,Global Standard,3,1,45,514.97,USD,Yes
AGS-0016,VectorValve Process Equipment,Italy,Product,CAB,AUR-CAB-00552,Instrumentation Cable Series 112,Aurelius OEM,1,5,58,486.7,USD,Yes
AGS-0052,PrimeFlow Gearworks,Italy,Product,CAB,AUR-CAB-00552,Instrumentation Cable Series 112,Aurelius OEM,2,1,46,529.83,USD,Yes
AGS-0023,VectorValve Industrial Plastics,Singapore,Product,SEN,AUR-SEN-00553,Process Sensor Series 113,Northstar OEM,1,5,7,2416.24,USD,Yes
AGS-0070,NorthForge Systems,Italy,Product,SEN,AUR-SEN-00553,Process Sensor Series 113,Vector Industrial,2,5,49,2422.41,USD,Yes
AGS-0030,VectorValve Mechanical Supply,Mexico,Product,CMP,AUR-CMP-00554,Compressor Component Series 114,Northstar OEM,1,2,41,4294.95,USD,Yes
AGS-0041,PrimeFlow Actuation,Singapore,Product,CMP,AUR-CMP-00554,Compressor Component Series 114,Prime Process,2,5,39,4327.51,USD,Yes
AGS-0006,VectorValve Systems,Mexico,Product,CMP,AUR-CMP-00554,Compressor Component Series 114,Global Standard,3,2,75,4154.24,USD,Yes
AGS-0067,NorthForge Pumps,Italy,Product,CMP,AUR-CMP-00554,Compressor Component Series 114,Northstar OEM,4,1,53,4811.16,USD,Yes
AGS-0037,PrimeFlow Instrumentation,Italy,Product,SAF,AUR-SAF-00555,Safety Equipment Series 115,Global Standard,1,2,55,5959.67,USD,Yes
AGS-0062,PrimeFlow Mechanical Supply,Singapore,Product,SAF,AUR-SAF-00555,Safety Equipment Series 115,Aurelius OEM,2,1,41,5788.97,USD,Yes
AGS-0044,PrimeFlow Electric,Singapore,Product,PLC,AUR-PLC-00556,Automation Controller Series 116,Vector Industrial,1,1,85,5257.47,USD,Yes
AGS-0042,PrimeFlow Technologies,Mexico,Product,PLC,AUR-PLC-00556,Automation Controller Series 116,Northstar OEM,2,1,21,6707.64,USD,Yes
AGS-0051,PrimeFlow Safety Supply,Mexico,Product,DRV,AUR-DRV-00557,Variable Frequency Drive Series 117,Global Standard,1,1,33,854.59,USD,Yes
AGS-0025,VectorValve Valve Automation,Italy,Product,DRV,AUR-DRV-00557,Variable Frequency Drive Series 117,Aurelius OEM,2,1,75,881.25,USD,Yes
AGS-0059,PrimeFlow Technical Metals,Singapore,Product,HEX,AUR-HEX-00558,Heat Exchanger Part Series 118,Vector Industrial,1,1,12,10174.24,USD,Yes
AGS-0016,VectorValve Process Equipment,Italy,Product,HEX,AUR-HEX-00558,Heat Exchanger Part Series 118,Global Standard,2,1,41,9243.86,USD,Yes
AGS-0058,PrimeFlow Sensor Labs,Italy,Product,HEX,AUR-HEX-00558,Heat Exchanger Part Series 118,Northstar OEM,3,2,53,10235.92,USD,Yes
AGS-0066,NorthForge Components,Mexico,Product,LUB,AUR-LUB-00559,Industrial Lubrication Series 119,Prime Process,1,2,44,2692.64,USD,Yes
AGS-0002,VectorValve Components,Singapore,Product,LUB,AUR-LUB-00559,Industrial Lubrication Series 119,Global Standard,2,2,46,3178.13,USD,Yes
AGS-0078,NorthForge Fasteners,Mexico,Product,LUB,AUR-LUB-00559,Industrial Lubrication Series 119,Prime Process,3,5,103,2491.89,USD,Yes
AGS-0073,NorthForge Actuation,Italy,Product,TOL,AUR-TOL-00560,Specialty Tooling Series 120,Vector Industrial,1,5,41,5015.81,USD,Yes
AGS-0003,VectorValve Pumps,Mexico,Product,TOL,AUR-TOL-00560,Specialty Tooling Series 120,Global Standard,2,1,30,4437.15,USD,Yes
AGS-0066,NorthForge Components,Mexico,Product,TOL,AUR-TOL-00560,Specialty Tooling Series 120,Prime Process,3,2,59,4446.01,USD,Yes
AGS-0061,PrimeFlow Motion Controls,Italy,Product,TOL,AUR-TOL-00560,Specialty Tooling Series 120,Vector Industrial,4,1,41,4983.55,USD,Yes
AGS-0080,NorthForge Process Equipment,Singapore,Product,PMP,AUR-PMP-00561,Centrifugal Pump Series 121,Aurelius OEM,1,1,61,6572.17,USD,Yes
AGS-0005,VectorValve Instrumentation,Singapore,Product,PMP,AUR-PMP-00561,Centrifugal Pump Series 121,Northstar OEM,2,5,57,6198.17,USD,Yes
AGS-0002,VectorValve Components,Singapore,Product,VLV,AUR-VLV-00562,Control Valve Series 122,Northstar OEM,1,2,54,2134.03,USD,Yes
AGS-0042,PrimeFlow Technologies,Mexico,Product,VLV,AUR-VLV-00562,Control Valve Series 122,Prime Process,2,1,45,2016.7,USD,Yes
AGS-0056,PrimeFlow Heat Transfer,Singapore,Product,VLV,AUR-VLV-00562,Control Valve Series 122,Northstar OEM,3,1,25,1726.1,USD,Yes
AGS-0009,VectorValve Actuation,Mexico,Product,BRG,AUR-BRG-00563,Industrial Bearing Series 123,Vector Industrial,1,5,53,3558.3,USD,Yes
AGS-0029,VectorValve Motion Controls,Singapore,Product,BRG,AUR-BRG-00563,Industrial Bearing Series 123,Global Standard,2,5,31,3269.01,USD,Yes
AGS-0020,VectorValve Gearworks,Singapore,Product,BRG,AUR-BRG-00563,Industrial Bearing Series 123,Northstar OEM,3,1,58,3477.44,USD,Yes
AGS-0016,VectorValve Process Equipment,Italy,Product,INS,AUR-INS-00564,Pressure Instrument Series 124,Global Standard,1,2,38,1419.82,USD,Yes
AGS-0054,PrimeFlow Compressor Parts,Mexico,Product,INS,AUR-INS-00564,Pressure Instrument Series 124,Global Standard,2,5,35,1488.0,USD,Yes
AGS-0009,VectorValve Actuation,Mexico,Product,INS,AUR-INS-00564,Pressure Instrument Series 124,Aurelius OEM,3,2,23,1321.83,USD,Yes
AGS-0023,VectorValve Industrial Plastics,Singapore,Product,MTR,AUR-MTR-00565,Electric Motor Series 125,Vector Industrial,1,1,25,443.1,USD,Yes
AGS-0006,VectorValve Systems,Mexico,Product,MTR,AUR-MTR-00565,Electric Motor Series 125,Prime Process,2,1,77,404.84,USD,Yes
AGS-0030,VectorValve Mechanical Supply,Mexico,Product,SEA,AUR-SEA-00566,Mechanical Seal Series 126,Northstar OEM,1,1,46,6276.27,USD,Yes
AGS-0055,PrimeFlow Industrial Plastics,Italy,Product,SEA,AUR-SEA-00566,Mechanical Seal Series 126,Global Standard,2,1,30,5691.02,USD,Yes
AGS-0085,NorthForge Marine Components,Italy,Product,SEA,AUR-SEA-00566,Mechanical Seal Series 126,Global Standard,3,5,7,6060.43,USD,Yes
AGS-0038,PrimeFlow Systems,Singapore,Product,FLT,AUR-FLT-00567,Process Filter Series 127,Prime Process,1,1,47,205.45,USD,Yes
AGS-0035,PrimeFlow Pumps,Singapore,Product,FLT,AUR-FLT-00567,Process Filter Series 127,Northstar OEM,2,5,41,206.48,USD,Yes
AGS-0065,NorthForge Manufacturing,Singapore,Product,FLT,AUR-FLT-00567,Process Filter Series 127,Northstar OEM,3,1,61,194.18,USD,Yes
AGS-0003,VectorValve Pumps,Mexico,Product,FLT,AUR-FLT-00567,Process Filter Series 127,Aurelius OEM,4,5,56,196.64,USD,Yes
AGS-0045,PrimeFlow Controls,Mexico,Product,ACT,AUR-ACT-00568,Valve Actuator Series 128,Vector Industrial,1,1,31,5250.95,USD,Yes
AGS-0073,NorthForge Actuation,Italy,Product,ACT,AUR-ACT-00568,Valve Actuator Series 128,Aurelius OEM,2,5,18,6778.25,USD,Yes
AGS-0052,PrimeFlow Gearworks,Italy,Product,GSK,AUR-GSK-00569,Industrial Gasket Series 129,Aurelius OEM,1,1,61,8497.19,USD,Yes
AGS-0071,NorthForge Bearing Works,Singapore,Product,GSK,AUR-GSK-00569,Industrial Gasket Series 129,Vector Industrial,2,1,54,8083.08,USD,Yes
AGS-0059,PrimeFlow Technical Metals,Singapore,Product,HOS,AUR-HOS-00570,Hydraulic Hose Series 130,Global Standard,1,1,63,788.82,USD,Yes
AGS-0031,VectorValve Process Instruments,Italy,Product,HOS,AUR-HOS-00570,Hydraulic Hose Series 130,Global Standard,2,1,53,744.35,USD,Yes
AGS-0011,VectorValve Gasket & Seal,Singapore,Product,HOS,AUR-HOS-00570,Hydraulic Hose Series 130,Northstar OEM,3,5,48,799.88,USD,Yes
AGS-0036,PrimeFlow Industries,Mexico,Product,HOS,AUR-HOS-00570,Hydraulic Hose Series 130,Northstar OEM,4,2,67,848.09,USD,Yes
AGS-0066,NorthForge Components,Mexico,Product,FIT,AUR-FIT-00571,Pipe Fitting Series 131,Northstar OEM,1,2,50,4666.12,USD,Yes
AGS-0069,NorthForge Instrumentation,Mexico,Product,FIT,AUR-FIT-00571,Pipe Fitting Series 131,Aurelius OEM,2,5,76,5000.85,USD,Yes
AGS-0035,PrimeFlow Pumps,Singapore,Product,FIT,AUR-FIT-00571,Pipe Fitting Series 131,Aurelius OEM,3,5,52,5112.6,USD,Yes
AGS-0073,NorthForge Actuation,Italy,Product,CAB,AUR-CAB-00572,Instrumentation Cable Series 132,Global Standard,1,5,33,3361.13,USD,Yes
AGS-0083,NorthForge Safety Supply,Singapore,Product,CAB,AUR-CAB-00572,Instrumentation Cable Series 132,Northstar OEM,2,2,82,2440.78,USD,Yes
AGS-0070,NorthForge Systems,Italy,Product,CAB,AUR-CAB-00572,Instrumentation Cable Series 132,Aurelius OEM,3,5,64,3186.46,USD,Yes
AGS-0080,NorthForge Process Equipment,Singapore,Product,SEN,AUR-SEN-00573,Process Sensor Series 133,Northstar OEM,1,1,51,3647.82,USD,Yes
AGS-0025,VectorValve Valve Automation,Italy,Product,SEN,AUR-SEN-00573,Process Sensor Series 133,Northstar OEM,2,1,83,3263.91,USD,Yes
AGS-0049,PrimeFlow Cable Systems,Italy,Product,SEN,AUR-SEN-00573,Process Sensor Series 133,Northstar OEM,3,1,50,3968.08,USD,Yes
AGS-0002,VectorValve Components,Singapore,Product,CMP,AUR-CMP-00574,Compressor Component Series 134,Global Standard,1,5,28,18006.27,USD,Yes
AGS-0013,VectorValve Controls,Italy,Product,CMP,AUR-CMP-00574,Compressor Component Series 134,Global Standard,2,1,45,16279.11,USD,Yes
AGS-0009,VectorValve Actuation,Mexico,Product,SAF,AUR-SAF-00575,Safety Equipment Series 135,Aurelius OEM,1,1,25,3723.65,USD,Yes
AGS-0031,VectorValve Process Instruments,Italy,Product,SAF,AUR-SAF-00575,Safety Equipment Series 135,Northstar OEM,2,5,53,3816.41,USD,Yes
AGS-0017,VectorValve Cable Systems,Singapore,Product,PLC,AUR-PLC-00576,Automation Controller Series 136,Prime Process,1,1,26,6934.85,USD,Yes
AGS-0020,VectorValve Gearworks,Singapore,Product,PLC,AUR-PLC-00576,Automation Controller Series 136,Aurelius OEM,2,1,55,5872.21,USD,Yes
AGS-0024,VectorValve Heat Transfer,Mexico,Product,DRV,AUR-DRV-00577,Variable Frequency Drive Series 137,Prime Process,1,1,52,7557.34,USD,Yes
AGS-0030,VectorValve Mechanical Supply,Mexico,Product,DRV,AUR-DRV-00577,Variable Frequency Drive Series 137,Global Standard,2,1,35,7384.71,USD,Yes
AGS-0031,VectorValve Process Instruments,Italy,Product,HEX,AUR-HEX-00578,Heat Exchanger Part Series 138,Northstar OEM,1,1,59,4274.33,USD,Yes
AGS-0006,VectorValve Systems,Mexico,Product,HEX,AUR-HEX-00578,Heat Exchanger Part Series 138,Vector Industrial,2,2,68,4119.76,USD,Yes
AGS-0030,VectorValve Mechanical Supply,Mexico,Product,HEX,AUR-HEX-00578,Heat Exchanger Part Series 138,Northstar OEM,3,1,56,4255.34,USD,Yes
AGS-0038,PrimeFlow Systems,Singapore,Product,LUB,AUR-LUB-00579,Industrial Lubrication Series 139,Aurelius OEM,1,5,35,7104.92,USD,Yes
AGS-0081,NorthForge Cable Systems,Mexico,Product,LUB,AUR-LUB-00579,Industrial Lubrication Series 139,Aurelius OEM,2,1,51,7414.86,USD,Yes
AGS-0063,PrimeFlow Process Instruments,Mexico,Product,LUB,AUR-LUB-00579,Industrial Lubrication Series 139,Prime Process,3,1,64,7986.59,USD,Yes
AGS-0059,PrimeFlow Technical Metals,Singapore,Product,LUB,AUR-LUB-00579,Industrial Lubrication Series 139,Vector Industrial,4,1,35,7878.52,USD,Yes
AGS-0045,PrimeFlow Controls,Mexico,Product,TOL,AUR-TOL-00580,Specialty Tooling Series 140,Global Standard,1,1,62,6649.63,USD,Yes
AGS-0065,NorthForge Manufacturing,Singapore,Product,TOL,AUR-TOL-00580,Specialty Tooling Series 140,Aurelius OEM,2,5,38,7536.22,USD,Yes
AGS-0019,VectorValve Safety Supply,Italy,Product,TOL,AUR-TOL-00580,Specialty Tooling Series 140,Vector Industrial,3,1,27,7307.52,USD,Yes
AGS-0052,PrimeFlow Gearworks,Italy,Product,PMP,AUR-PMP-00581,Centrifugal Pump Series 141,Global Standard,1,1,76,12069.55,USD,Yes
AGS-0051,PrimeFlow Safety Supply,Mexico,Product,PMP,AUR-PMP-00581,Centrifugal Pump Series 141,Global Standard,2,1,30,10279.58,USD,Yes
AGS-0059,PrimeFlow Technical Metals,Singapore,Product,VLV,AUR-VLV-00582,Control Valve Series 142,Vector Industrial,1,1,56,8752.3,USD,Yes
AGS-0070,NorthForge Systems,Italy,Product,VLV,AUR-VLV-00582,Control Valve Series 142,Prime Process,2,5,42,7777.19,USD,Yes
AGS-0066,NorthForge Components,Mexico,Product,BRG,AUR-BRG-00583,Industrial Bearing Series 143,Global Standard,1,1,71,1158.69,USD,Yes
AGS-0032,VectorValve Specialty Alloys,Singapore,Product,BRG,AUR-BRG-00583,Industrial Bearing Series 143,Prime Process,2,1,27,1340.74,USD,Yes
AGS-0014,VectorValve Fasteners,Singapore,Product,BRG,AUR-BRG-00583,Industrial Bearing Series 143,Aurelius OEM,3,5,54,1218.08,USD,Yes
AGS-0073,NorthForge Actuation,Italy,Product,INS,AUR-INS-00584,Pressure Instrument Series 144,Vector Industrial,1,1,35,6573.73,USD,Yes
AGS-0028,VectorValve Hose & Fittings,Italy,Product,INS,AUR-INS-00584,Pressure Instrument Series 144,Northstar OEM,2,1,61,5659.54,USD,Yes
AGS-0081,NorthForge Cable Systems,Mexico,Product,MTR,AUR-MTR-00585,Electric Motor Series 145,Global Standard,1,5,58,3773.34,USD,Yes
AGS-0070,NorthForge Systems,Italy,Product,MTR,AUR-MTR-00585,Electric Motor Series 145,Northstar OEM,2,1,56,3686.42,USD,Yes
AGS-0003,VectorValve Pumps,Mexico,Product,SEA,AUR-SEA-00586,Mechanical Seal Series 146,Prime Process,1,2,39,3828.34,USD,Yes
AGS-0028,VectorValve Hose & Fittings,Italy,Product,SEA,AUR-SEA-00586,Mechanical Seal Series 146,Prime Process,2,5,30,3427.06,USD,Yes
AGS-0010,VectorValve Technologies,Italy,Product,FLT,AUR-FLT-00587,Process Filter Series 147,Aurelius OEM,1,2,49,7706.5,USD,Yes
AGS-0066,NorthForge Components,Mexico,Product,FLT,AUR-FLT-00587,Process Filter Series 147,Global Standard,2,1,60,8108.42,USD,Yes
AGS-0049,PrimeFlow Cable Systems,Italy,Product,FLT,AUR-FLT-00587,Process Filter Series 147,Global Standard,3,5,42,9601.0,USD,Yes
AGS-0017,VectorValve Cable Systems,Singapore,Product,ACT,AUR-ACT-00588,Valve Actuator Series 148,Vector Industrial,1,1,38,1971.72,USD,Yes
AGS-0059,PrimeFlow Technical Metals,Singapore,Product,ACT,AUR-ACT-00588,Valve Actuator Series 148,Northstar OEM,2,2,52,2038.85,USD,Yes
AGS-0079,NorthForge Fabrication,Italy,Product,ACT,AUR-ACT-00588,Valve Actuator Series 148,Northstar OEM,3,2,74,1600.55,USD,Yes
AGS-0002,VectorValve Components,Singapore,Product,ACT,AUR-ACT-00588,Valve Actuator Series 148,Prime Process,4,1,41,2046.79,USD,Yes
AGS-0024,VectorValve Heat Transfer,Mexico,Product,GSK,AUR-GSK-00589,Industrial Gasket Series 149,Prime Process,1,1,42,5687.59,USD,Yes
AGS-0004,VectorValve Industries,Italy,Product,GSK,AUR-GSK-00589,Industrial Gasket Series 149,Global Standard,2,1,50,5687.82,USD,Yes
AGS-0031,VectorValve Process Instruments,Italy,Product,HOS,AUR-HOS-00590,Hydraulic Hose Series 150,Vector Industrial,1,1,50,1264.49,USD,Yes
AGS-0027,VectorValve Technical Metals,Mexico,Product,HOS,AUR-HOS-00590,Hydraulic Hose Series 150,Aurelius OEM,2,1,45,1084.2,USD,Yes
AGS-0038,PrimeFlow Systems,Singapore,Product,FIT,AUR-FIT-00591,Pipe Fitting Series 151,Prime Process,1,1,40,1279.93,USD,Yes
AGS-0023,VectorValve Industrial Plastics,Singapore,Product,FIT,AUR-FIT-00591,Pipe Fitting Series 151,Aurelius OEM,2,1,23,1286.43,USD,Yes
AGS-0045,PrimeFlow Controls,Mexico,Product,CAB,AUR-CAB-00592,Instrumentation Cable Series 152,Global Standard,1,5,44,2655.59,USD,Yes
AGS-0070,NorthForge Systems,Italy,Product,CAB,AUR-CAB-00592,Instrumentation Cable Series 152,Prime Process,2,1,51,2995.77,USD,Yes
AGS-0027,VectorValve Technical Metals,Mexico,Product,CAB,AUR-CAB-00592,Instrumentation Cable Series 152,Aurelius OEM,3,5,49,2442.28,USD,Yes
AGS-0052,PrimeFlow Gearworks,Italy,Product,SEN,AUR-SEN-00593,Process Sensor Series 153,Prime Process,1,1,78,5058.1,USD,Yes
AGS-0028,VectorValve Hose & Fittings,Italy,Product,SEN,AUR-SEN-00593,Process Sensor Series 153,Aurelius OEM,2,2,57,4812.84,USD,Yes
AGS-0060,PrimeFlow Hose & Fittings,Mexico,Product,CMP,AUR-CMP-00594,Compressor Component Series 154,Global Standard,1,1,73,1057.44,USD,Yes
AGS-0023,VectorValve Industrial Plastics,Singapore,Product,CMP,AUR-CMP-00594,Compressor Component Series 154,Aurelius OEM,2,2,25,980.22,USD,Yes
AGS-0026,VectorValve Sensor Labs,Singapore,Product,CMP,AUR-CMP-00594,Compressor Component Series 154,Northstar OEM,3,1,57,955.71,USD,Yes
AGS-0067,NorthForge Pumps,Italy,Product,SAF,AUR-SAF-00595,Safety Equipment Series 155,Northstar OEM,1,2,80,8585.05,USD,Yes
AGS-0062,PrimeFlow Mechanical Supply,Singapore,Product,SAF,AUR-SAF-00595,Safety Equipment Series 155,Vector Industrial,2,5,39,7721.19,USD,Yes
AGS-0037,PrimeFlow Instrumentation,Italy,Product,SAF,AUR-SAF-00595,Safety Equipment Series 155,Vector Industrial,3,2,12,8131.47,USD,Yes
AGS-0027,VectorValve Technical Metals,Mexico,Product,SAF,AUR-SAF-00595,Safety Equipment Series 155,Global Standard,4,1,50,7651.58,USD,Yes
AGS-0074,NorthForge Technologies,Singapore,Product,PLC,AUR-PLC-00596,Automation Controller Series 156,Aurelius OEM,1,1,41,2958.44,USD,Yes
AGS-0020,VectorValve Gearworks,Singapore,Product,PLC,AUR-PLC-00596,Automation Controller Series 156,Northstar OEM,2,5,49,3213.19,USD,Yes
AGS-0072,NorthForge Hydraulics,Mexico,Product,PLC,AUR-PLC-00596,Automation Controller Series 156,Global Standard,3,1,46,3405.66,USD,Yes
AGS-0081,NorthForge Cable Systems,Mexico,Product,DRV,AUR-DRV-00597,Variable Frequency Drive Series 157,Global Standard,1,1,26,2612.65,USD,Yes
AGS-0055,PrimeFlow Industrial Plastics,Italy,Product,DRV,AUR-DRV-00597,Variable Frequency Drive Series 157,Northstar OEM,2,2,18,2466.31,USD,Yes
AGS-0003,VectorValve Pumps,Mexico,Product,HEX,AUR-HEX-00598,Heat Exchanger Part Series 158,Prime Process,1,2,44,9019.31,USD,Yes
AGS-0004,VectorValve Industries,Italy,Product,HEX,AUR-HEX-00598,Heat Exchanger Part Series 158,Global Standard,2,1,39,9124.29,USD,Yes
AGS-0010,VectorValve Technologies,Italy,Product,LUB,AUR-LUB-00599,Industrial Lubrication Series 159,Vector Industrial,1,1,51,4607.79,USD,Yes
AGS-0017,VectorValve Cable Systems,Singapore,Product,LUB,AUR-LUB-00599,Industrial Lubrication Series 159,Northstar OEM,2,2,57,5456.04,USD,Yes
AGS-0076,NorthForge Electric,Italy,Product,LUB,AUR-LUB-00599,Industrial Lubrication Series 159,Aurelius OEM,3,1,43,5221.91,USD,Yes
AGS-0017,VectorValve Cable Systems,Singapore,Product,TOL,AUR-TOL-00600,Specialty Tooling Series 160,Northstar OEM,1,1,58,4805.37,USD,Yes
AGS-0077,NorthForge Controls,Singapore,Product,TOL,AUR-TOL-00600,Specialty Tooling Series 160,Prime Process,2,5,44,5321.55,USD,Yes
AGS-0022,VectorValve Compressor Parts,Italy,Product,TOL,AUR-TOL-00600,Specialty Tooling Series 160,Global Standard,3,2,53,5155.95,USD,Yes
AGS-0024,VectorValve Heat Transfer,Mexico,Product,PMP,AUR-PMP-00601,Centrifugal Pump Series 161,Aurelius OEM,1,1,34,14741.87,USD,Yes
AGS-0065,NorthForge Manufacturing,Singapore,Product,PMP,AUR-PMP-00601,Centrifugal Pump Series 161,Prime Process,2,2,52,16531.76,USD,Yes
AGS-0011,VectorValve Gasket & Seal,Singapore,Product,PMP,AUR-PMP-00601,Centrifugal Pump Series 161,Prime Process,3,1,20,18828.86,USD,Yes
AGS-0031,VectorValve Process Instruments,Italy,Product,VLV,AUR-VLV-00602,Control Valve Series 162,Northstar OEM,1,1,61,5307.69,USD,Yes
AGS-0054,PrimeFlow Compressor Parts,Mexico,Product,VLV,AUR-VLV-00602,Control Valve Series 162,Global Standard,2,5,28,5629.8,USD,Yes
AGS-0039,PrimeFlow Bearing Works,Mexico,Product,BRG,AUR-BRG-00603,Industrial Bearing Series 163,Aurelius OEM,1,2,36,706.11,USD,Yes
AGS-0076,NorthForge Electric,Italy,Product,BRG,AUR-BRG-00603,Industrial Bearing Series 163,Northstar OEM,2,2,46,823.9,USD,Yes
AGS-0079,NorthForge Fabrication,Italy,Product,BRG,AUR-BRG-00603,Industrial Bearing Series 163,Aurelius OEM,3,5,57,703.41,USD,Yes
AGS-0046,PrimeFlow Fasteners,Italy,Product,INS,AUR-INS-00604,Pressure Instrument Series 164,Global Standard,1,5,51,84.5,USD,Yes
AGS-0027,VectorValve Technical Metals,Mexico,Product,INS,AUR-INS-00604,Pressure Instrument Series 164,Global Standard,2,1,30,68.35,USD,Yes
AGS-0053,PrimeFlow Marine Components,Singapore,Product,MTR,AUR-MTR-00605,Electric Motor Series 165,Northstar OEM,1,1,35,5974.68,USD,Yes
AGS-0012,VectorValve Electric,Mexico,Product,MTR,AUR-MTR-00605,Electric Motor Series 165,Northstar OEM,2,2,90,6559.12,USD,Yes
AGS-0073,NorthForge Actuation,Italy,Product,MTR,AUR-MTR-00605,Electric Motor Series 165,Vector Industrial,3,5,49,6466.06,USD,Yes
AGS-0083,NorthForge Safety Supply,Singapore,Product,MTR,AUR-MTR-00605,Electric Motor Series 165,Northstar OEM,4,2,63,4984.35,USD,Yes
AGS-0060,PrimeFlow Hose & Fittings,Mexico,Product,SEA,AUR-SEA-00606,Mechanical Seal Series 166,Prime Process,1,5,46,7582.69,USD,Yes
AGS-0035,PrimeFlow Pumps,Singapore,Product,SEA,AUR-SEA-00606,Mechanical Seal Series 166,Northstar OEM,2,1,71,7650.72,USD,Yes
AGS-0067,NorthForge Pumps,Italy,Product,FLT,AUR-FLT-00607,Process Filter Series 167,Prime Process,1,5,63,4139.34,USD,Yes
AGS-0066,NorthForge Components,Mexico,Product,FLT,AUR-FLT-00607,Process Filter Series 167,Prime Process,2,1,53,3622.74,USD,Yes
AGS-0073,NorthForge Actuation,Italy,Product,FLT,AUR-FLT-00607,Process Filter Series 167,Northstar OEM,3,1,49,4303.08,USD,Yes
AGS-0049,PrimeFlow Cable Systems,Italy,Product,FLT,AUR-FLT-00607,Process Filter Series 167,Northstar OEM,4,2,48,4603.21,USD,Yes
AGS-0074,NorthForge Technologies,Singapore,Product,ACT,AUR-ACT-00608,Valve Actuator Series 168,Aurelius OEM,1,5,10,764.29,USD,Yes
AGS-0044,PrimeFlow Electric,Singapore,Product,ACT,AUR-ACT-00608,Valve Actuator Series 168,Northstar OEM,2,1,41,777.6,USD,Yes
AGS-0052,PrimeFlow Gearworks,Italy,Product,ACT,AUR-ACT-00608,Valve Actuator Series 168,Aurelius OEM,3,1,56,867.03,USD,Yes
AGS-0081,NorthForge Cable Systems,Mexico,Product,GSK,AUR-GSK-00609,Industrial Gasket Series 169,Aurelius OEM,1,1,33,1442.93,USD,Yes
AGS-0020,VectorValve Gearworks,Singapore,Product,GSK,AUR-GSK-00609,Industrial Gasket Series 169,Vector Industrial,2,1,41,1279.37,USD,Yes
AGS-0003,VectorValve Pumps,Mexico,Product,HOS,AUR-HOS-00610,Hydraulic Hose Series 170,Prime Process,1,1,8,1168.07,USD,Yes
AGS-0018,VectorValve Filter Technologies,Mexico,Product,HOS,AUR-HOS-00610,Hydraulic Hose Series 170,Vector Industrial,2,1,51,1153.37,USD,Yes
AGS-0039,PrimeFlow Bearing Works,Mexico,Product,HOS,AUR-HOS-00610,Hydraulic Hose Series 170,Aurelius OEM,3,2,43,1091.94,USD,Yes
AGS-0010,VectorValve Technologies,Italy,Product,FIT,AUR-FIT-00611,Pipe Fitting Series 171,Northstar OEM,1,1,37,4678.44,USD,Yes
AGS-0078,NorthForge Fasteners,Mexico,Product,FIT,AUR-FIT-00611,Pipe Fitting Series 171,Vector Industrial,2,2,47,4206.25,USD,Yes
AGS-0061,PrimeFlow Motion Controls,Italy,Product,FIT,AUR-FIT-00611,Pipe Fitting Series 171,Prime Process,3,2,39,5176.07,USD,Yes
AGS-0085,NorthForge Marine Components,Italy,Product,FIT,AUR-FIT-00611,Pipe Fitting Series 171,Northstar OEM,4,1,64,4912.89,USD,Yes
AGS-0018,VectorValve Filter Technologies,Mexico,Product,CAB,AUR-CAB-00612,Instrumentation Cable Series 172,Vector Industrial,1,1,32,6568.5,USD,Yes
AGS-0072,NorthForge Hydraulics,Mexico,Product,CAB,AUR-CAB-00612,Instrumentation Cable Series 172,Global Standard,2,1,66,7818.12,USD,Yes
AGS-0008,VectorValve Hydraulics,Singapore,Product,CAB,AUR-CAB-00612,Instrumentation Cable Series 172,Aurelius OEM,3,1,9,6147.6,USD,Yes
AGS-0025,VectorValve Valve Automation,Italy,Product,SEN,AUR-SEN-00613,Process Sensor Series 173,Global Standard,1,1,68,1889.6,USD,Yes
AGS-0011,VectorValve Gasket & Seal,Singapore,Product,SEN,AUR-SEN-00613,Process Sensor Series 173,Aurelius OEM,2,5,48,2207.57,USD,Yes
AGS-0032,VectorValve Specialty Alloys,Singapore,Product,CMP,AUR-CMP-00614,Compressor Component Series 174,Northstar OEM,1,1,39,444.22,USD,Yes
AGS-0034,PrimeFlow Components,Italy,Product,CMP,AUR-CMP-00614,Compressor Component Series 174,Northstar OEM,2,5,43,369.82,USD,Yes
AGS-0014,VectorValve Fasteners,Singapore,Product,CMP,AUR-CMP-00614,Compressor Component Series 174,Vector Industrial,3,1,54,446.39,USD,Yes
AGS-0039,PrimeFlow Bearing Works,Mexico,Product,SAF,AUR-SAF-00615,Safety Equipment Series 175,Northstar OEM,1,1,55,6773.24,USD,Yes
AGS-0072,NorthForge Hydraulics,Mexico,Product,SAF,AUR-SAF-00615,Safety Equipment Series 175,Prime Process,2,1,46,7675.52,USD,Yes
AGS-0046,PrimeFlow Fasteners,Italy,Product,PLC,AUR-PLC-00616,Automation Controller Series 176,Northstar OEM,1,1,65,8434.46,USD,Yes
AGS-0026,VectorValve Sensor Labs,Singapore,Product,PLC,AUR-PLC-00616,Automation Controller Series 176,Vector Industrial,2,1,33,7211.42,USD,Yes
AGS-0053,PrimeFlow Marine Components,Singapore,Product,DRV,AUR-DRV-00617,Variable Frequency Drive Series 177,Vector Industrial,1,2,71,8782.02,USD,Yes
AGS-0071,NorthForge Bearing Works,Singapore,Product,DRV,AUR-DRV-00617,Variable Frequency Drive Series 177,Prime Process,2,2,65,7470.2,USD,Yes
AGS-0065,NorthForge Manufacturing,Singapore,Product,DRV,AUR-DRV-00617,Variable Frequency Drive Series 177,Global Standard,3,1,50,7799.49,USD,Yes
AGS-0060,PrimeFlow Hose & Fittings,Mexico,Product,HEX,AUR-HEX-00618,Heat Exchanger Part Series 178,Northstar OEM,1,1,46,8687.09,USD,Yes
AGS-0073,NorthForge Actuation,Italy,Product,HEX,AUR-HEX-00618,Heat Exchanger Part Series 178,Northstar OEM,2,2,77,8885.04,USD,Yes
AGS-0067,NorthForge Pumps,Italy,Product,LUB,AUR-LUB-00619,Industrial Lubrication Series 179,Aurelius OEM,1,1,51,787.58,USD,Yes
AGS-0020,VectorValve Gearworks,Singapore,Product,LUB,AUR-LUB-00619,Industrial Lubrication Series 179,Northstar OEM,2,1,31,684.93,USD,Yes
AGS-0072,NorthForge Hydraulics,Mexico,Product,LUB,AUR-LUB-00619,Industrial Lubrication Series 179,Northstar OEM,3,5,18,808.81,USD,Yes
AGS-0074,NorthForge Technologies,Singapore,Product,TOL,AUR-TOL-00620,Specialty Tooling Series 180,Aurelius OEM,1,1,31,1573.67,USD,Yes
AGS-0047,PrimeFlow Fabrication,Singapore,Product,TOL,AUR-TOL-00620,Specialty Tooling Series 180,Aurelius OEM,2,2,37,1913.49,USD,Yes
AGS-0082,NorthForge Filter Technologies,Italy,Product,PMP,AUR-PMP-00621,Centrifugal Pump Series 181,Vector Industrial,1,1,49,17271.48,USD,Yes
AGS-0050,PrimeFlow Filter Technologies,Singapore,Product,PMP,AUR-PMP-00621,Centrifugal Pump Series 181,Northstar OEM,2,2,23,17252.42,USD,Yes
AGS-0004,VectorValve Industries,Italy,Product,PMP,AUR-PMP-00621,Centrifugal Pump Series 181,Aurelius OEM,3,2,44,14523.38,USD,Yes
AGS-0004,VectorValve Industries,Italy,Product,VLV,AUR-VLV-00622,Control Valve Series 182,Prime Process,1,1,43,3004.83,USD,Yes
AGS-0068,NorthForge Industries,Singapore,Product,VLV,AUR-VLV-00622,Control Valve Series 182,Aurelius OEM,2,1,64,2599.68,USD,Yes
AGS-0011,VectorValve Gasket & Seal,Singapore,Product,BRG,AUR-BRG-00623,Industrial Bearing Series 183,Global Standard,1,5,59,9156.92,USD,Yes
AGS-0010,VectorValve Technologies,Italy,Product,BRG,AUR-BRG-00623,Industrial Bearing Series 183,Vector Industrial,2,2,35,7525.17,USD,Yes
AGS-0040,PrimeFlow Hydraulics,Italy,Product,BRG,AUR-BRG-00623,Industrial Bearing Series 183,Global Standard,3,1,55,6816.45,USD,Yes
AGS-0018,VectorValve Filter Technologies,Mexico,Product,INS,AUR-INS-00624,Pressure Instrument Series 184,Vector Industrial,1,5,52,7027.64,USD,Yes
AGS-0083,NorthForge Safety Supply,Singapore,Product,INS,AUR-INS-00624,Pressure Instrument Series 184,Prime Process,2,1,50,6370.95,USD,Yes
AGS-0035,PrimeFlow Pumps,Singapore,Product,INS,AUR-INS-00624,Pressure Instrument Series 184,Northstar OEM,3,1,30,7325.97,USD,Yes
AGS-0004,VectorValve Industries,Italy,Product,INS,AUR-INS-00624,Pressure Instrument Series 184,Aurelius OEM,4,5,52,6424.23,USD,Yes
AGS-0025,VectorValve Valve Automation,Italy,Product,MTR,AUR-MTR-00625,Electric Motor Series 185,Vector Industrial,1,1,10,5901.49,USD,Yes
AGS-0063,PrimeFlow Process Instruments,Mexico,Product,MTR,AUR-MTR-00625,Electric Motor Series 185,Prime Process,2,1,27,6385.01,USD,Yes
AGS-0050,PrimeFlow Filter Technologies,Singapore,Product,MTR,AUR-MTR-00625,Electric Motor Series 185,Vector Industrial,3,1,42,5949.79,USD,Yes
AGS-0032,VectorValve Specialty Alloys,Singapore,Product,SEA,AUR-SEA-00626,Mechanical Seal Series 186,Vector Industrial,1,1,23,1016.33,USD,Yes
AGS-0065,NorthForge Manufacturing,Singapore,Product,SEA,AUR-SEA-00626,Mechanical Seal Series 186,Northstar OEM,2,5,67,858.61,USD,Yes
AGS-0082,NorthForge Filter Technologies,Italy,Product,SEA,AUR-SEA-00626,Mechanical Seal Series 186,Vector Industrial,3,5,36,1018.57,USD,Yes
AGS-0039,PrimeFlow Bearing Works,Mexico,Product,FLT,AUR-FLT-00627,Process Filter Series 187,Aurelius OEM,1,2,46,1397.7,USD,Yes
AGS-0028,VectorValve Hose & Fittings,Italy,Product,FLT,AUR-FLT-00627,Process Filter Series 187,Prime Process,2,1,8,1325.3,USD,Yes
AGS-0046,PrimeFlow Fasteners,Italy,Product,ACT,AUR-ACT-00628,Valve Actuator Series 188,Prime Process,1,2,82,7584.73,USD,Yes
AGS-0055,PrimeFlow Industrial Plastics,Italy,Product,ACT,AUR-ACT-00628,Valve Actuator Series 188,Vector Industrial,2,2,56,6697.06,USD,Yes
AGS-0065,NorthForge Manufacturing,Singapore,Product,ACT,AUR-ACT-00628,Valve Actuator Series 188,Prime Process,3,2,48,7158.57,USD,Yes
AGS-0056,PrimeFlow Heat Transfer,Singapore,Product,ACT,AUR-ACT-00628,Valve Actuator Series 188,Northstar OEM,4,1,47,6553.61,USD,Yes
AGS-0053,PrimeFlow Marine Components,Singapore,Product,GSK,AUR-GSK-00629,Industrial Gasket Series 189,Global Standard,1,5,37,2360.46,USD,Yes
AGS-0039,PrimeFlow Bearing Works,Mexico,Product,GSK,AUR-GSK-00629,Industrial Gasket Series 189,Northstar OEM,2,1,31,2110.28,USD,Yes
AGS-0023,VectorValve Industrial Plastics,Singapore,Product,GSK,AUR-GSK-00629,Industrial Gasket Series 189,Vector Industrial,3,1,42,2121.61,USD,Yes
AGS-0061,PrimeFlow Motion Controls,Italy,Product,HOS,AUR-HOS-00630,Hydraulic Hose Series 190,Global Standard,1,1,53,1759.35,USD,Yes
AGS-0009,VectorValve Actuation,Mexico,Product,HOS,AUR-HOS-00630,Hydraulic Hose Series 190,Vector Industrial,2,1,29,1728.91,USD,Yes
AGS-0068,NorthForge Industries,Singapore,Product,FIT,AUR-FIT-00631,Pipe Fitting Series 191,Prime Process,1,1,58,1028.15,USD,Yes
AGS-0046,PrimeFlow Fasteners,Italy,Product,FIT,AUR-FIT-00631,Pipe Fitting Series 191,Aurelius OEM,2,2,52,1264.53,USD,Yes
AGS-0050,PrimeFlow Filter Technologies,Singapore,Product,FIT,AUR-FIT-00631,Pipe Fitting Series 191,Northstar OEM,3,5,32,1198.02,USD,Yes
AGS-0075,NorthForge Gasket & Seal,Mexico,Product,CAB,AUR-CAB-00632,Instrumentation Cable Series 192,Global Standard,1,5,48,5919.18,USD,Yes
AGS-0028,VectorValve Hose & Fittings,Italy,Product,CAB,AUR-CAB-00632,Instrumentation Cable Series 192,Global Standard,2,1,53,6071.74,USD,Yes
AGS-0058,PrimeFlow Sensor Labs,Italy,Product,CAB,AUR-CAB-00632,Instrumentation Cable Series 192,Northstar OEM,3,2,44,6917.41,USD,Yes
AGS-0031,VectorValve Process Instruments,Italy,Product,CAB,AUR-CAB-00632,Instrumentation Cable Series 192,Prime Process,4,1,66,6525.31,USD,Yes
AGS-0082,NorthForge Filter Technologies,Italy,Product,SEN,AUR-SEN-00633,Process Sensor Series 193,Vector Industrial,1,1,53,5678.59,USD,Yes
AGS-0049,PrimeFlow Cable Systems,Italy,Product,SEN,AUR-SEN-00633,Process Sensor Series 193,Prime Process,2,5,41,6283.09,USD,Yes
AGS-0004,VectorValve Industries,Italy,Product,CMP,AUR-CMP-00634,Compressor Component Series 194,Prime Process,1,1,21,6903.48,USD,Yes
AGS-0030,VectorValve Mechanical Supply,Mexico,Product,CMP,AUR-CMP-00634,Compressor Component Series 194,Northstar OEM,2,5,36,6814.84,USD,Yes
AGS-0059,PrimeFlow Technical Metals,Singapore,Product,CMP,AUR-CMP-00634,Compressor Component Series 194,Prime Process,3,1,25,8729.67,USD,Yes
AGS-0011,VectorValve Gasket & Seal,Singapore,Product,SAF,AUR-SAF-00635,Safety Equipment Series 195,Prime Process,1,1,36,2316.23,USD,Yes
AGS-0066,NorthForge Components,Mexico,Product,SAF,AUR-SAF-00635,Safety Equipment Series 195,Prime Process,2,5,64,2071.57,USD,Yes
AGS-0040,PrimeFlow Hydraulics,Italy,Product,SAF,AUR-SAF-00635,Safety Equipment Series 195,Aurelius OEM,3,1,61,1723.62,USD,Yes
AGS-0014,VectorValve Fasteners,Singapore,Product,SAF,AUR-SAF-00635,Safety Equipment Series 195,Aurelius OEM,4,1,46,2188.63,USD,Yes
AGS-0018,VectorValve Filter Technologies,Mexico,Product,PLC,AUR-PLC-00636,Automation Controller Series 196,Northstar OEM,1,2,51,583.41,USD,Yes
AGS-0051,PrimeFlow Safety Supply,Mexico,Product,PLC,AUR-PLC-00636,Automation Controller Series 196,Vector Industrial,2,1,26,562.68,USD,Yes
AGS-0052,PrimeFlow Gearworks,Italy,Product,PLC,AUR-PLC-00636,Automation Controller Series 196,Aurelius OEM,3,1,77,658.0,USD,Yes
AGS-0056,PrimeFlow Heat Transfer,Singapore,Product,PLC,AUR-PLC-00636,Automation Controller Series 196,Vector Industrial,4,2,39,509.99,USD,Yes
AGS-0025,VectorValve Valve Automation,Italy,Product,DRV,AUR-DRV-00637,Variable Frequency Drive Series 197,Global Standard,1,1,77,2429.87,USD,Yes
AGS-0060,PrimeFlow Hose & Fittings,Mexico,Product,DRV,AUR-DRV-00637,Variable Frequency Drive Series 197,Global Standard,2,5,36,2343.32,USD,Yes
AGS-0032,VectorValve Specialty Alloys,Singapore,Product,HEX,AUR-HEX-00638,Heat Exchanger Part Series 198,Prime Process,1,1,45,5263.27,USD,Yes
AGS-0033,PrimeFlow Manufacturing,Mexico,Product,HEX,AUR-HEX-00638,Heat Exchanger Part Series 198,Aurelius OEM,2,2,76,5311.3,USD,Yes
AGS-0040,PrimeFlow Hydraulics,Italy,Product,HEX,AUR-HEX-00638,Heat Exchanger Part Series 198,Global Standard,3,5,49,4472.98,USD,Yes
AGS-0040,PrimeFlow Hydraulics,Italy,Product,LUB,AUR-LUB-00639,Industrial Lubrication Series 199,Prime Process,1,1,59,1928.34,USD,Yes
AGS-0017,VectorValve Cable Systems,Singapore,Product,LUB,AUR-LUB-00639,Industrial Lubrication Series 199,Prime Process,2,1,60,2368.31,USD,Yes
AGS-0083,NorthForge Safety Supply,Singapore,Product,LUB,AUR-LUB-00639,Industrial Lubrication Series 199,Northstar OEM,3,1,18,1850.47,USD,Yes
AGS-0047,PrimeFlow Fabrication,Singapore,Product,TOL,AUR-TOL-00640,Specialty Tooling Series 200,Vector Industrial,1,1,12,706.2,USD,Yes
AGS-0077,NorthForge Controls,Singapore,Product,TOL,AUR-TOL-00640,Specialty Tooling Series 200,Global Standard,2,1,57,775.21,USD,Yes
AGS-0054,PrimeFlow Compressor Parts,Mexico,Product,PMP,AUR-PMP-00641,Centrifugal Pump Series 201,Global Standard,1,1,60,11955.79,USD,Yes
AGS-0083,NorthForge Safety Supply,Singapore,Product,PMP,AUR-PMP-00641,Centrifugal Pump Series 201,Prime Process,2,1,49,9994.13,USD,Yes
AGS-0066,NorthForge Components,Mexico,Product,PMP,AUR-PMP-00641,Centrifugal Pump Series 201,Prime Process,3,1,55,11249.06,USD,Yes
AGS-0010,VectorValve Technologies,Italy,Product,PMP,AUR-PMP-00641,Centrifugal Pump Series 201,Global Standard,4,5,52,11226.01,USD,Yes
AGS-0061,PrimeFlow Motion Controls,Italy,Product,VLV,AUR-VLV-00642,Control Valve Series 202,Global Standard,1,1,47,5197.84,USD,Yes
AGS-0033,PrimeFlow Manufacturing,Mexico,Product,VLV,AUR-VLV-00642,Control Valve Series 202,Global Standard,2,1,60,5608.62,USD,Yes
AGS-0022,VectorValve Compressor Parts,Italy,Product,VLV,AUR-VLV-00642,Control Valve Series 202,Vector Industrial,3,1,40,5607.36,USD,Yes
AGS-0068,NorthForge Industries,Singapore,Product,BRG,AUR-BRG-00643,Industrial Bearing Series 203,Prime Process,1,1,62,2145.15,USD,Yes
AGS-0041,PrimeFlow Actuation,Singapore,Product,BRG,AUR-BRG-00643,Industrial Bearing Series 203,Vector Industrial,2,5,11,2496.72,USD,Yes
AGS-0017,VectorValve Cable Systems,Singapore,Product,BRG,AUR-BRG-00643,Industrial Bearing Series 203,Global Standard,3,5,20,2927.56,USD,Yes
AGS-0032,VectorValve Specialty Alloys,Singapore,Product,BRG,AUR-BRG-00643,Industrial Bearing Series 203,Prime Process,4,1,41,2724.92,USD,Yes
AGS-0075,NorthForge Gasket & Seal,Mexico,Product,INS,AUR-INS-00644,Pressure Instrument Series 204,Vector Industrial,1,2,71,1091.26,USD,Yes
AGS-0022,VectorValve Compressor Parts,Italy,Product,INS,AUR-INS-00644,Pressure Instrument Series 204,Aurelius OEM,2,1,44,1334.76,USD,Yes
AGS-0004,VectorValve Industries,Italy,Product,INS,AUR-INS-00644,Pressure Instrument Series 204,Vector Industrial,3,2,56,1147.49,USD,Yes
AGS-0082,NorthForge Filter Technologies,Italy,Product,MTR,AUR-MTR-00645,Electric Motor Series 205,Northstar OEM,1,1,56,14615.88,USD,Yes
AGS-0081,NorthForge Cable Systems,Mexico,Product,MTR,AUR-MTR-00645,Electric Motor Series 205,Vector Industrial,2,5,20,14220.06,USD,Yes
AGS-0004,VectorValve Industries,Italy,Product,SEA,AUR-SEA-00646,Mechanical Seal Series 206,Global Standard,1,2,30,4663.65,USD,Yes
AGS-0053,PrimeFlow Marine Components,Singapore,Product,SEA,AUR-SEA-00646,Mechanical Seal Series 206,Global Standard,2,1,62,5199.98,USD,Yes
AGS-0011,VectorValve Gasket & Seal,Singapore,Product,FLT,AUR-FLT-00647,Process Filter Series 207,Aurelius OEM,1,1,48,3785.38,USD,Yes
AGS-0012,VectorValve Electric,Mexico,Product,FLT,AUR-FLT-00647,Process Filter Series 207,Prime Process,2,1,70,3713.97,USD,Yes
AGS-0073,NorthForge Actuation,Italy,Product,FLT,AUR-FLT-00647,Process Filter Series 207,Northstar OEM,3,2,59,3669.17,USD,Yes
AGS-0019,VectorValve Safety Supply,Italy,Product,ACT,AUR-ACT-00648,Valve Actuator Series 208,Vector Industrial,1,1,40,6503.49,USD,Yes
AGS-0067,NorthForge Pumps,Italy,Product,ACT,AUR-ACT-00648,Valve Actuator Series 208,Global Standard,2,1,45,7955.53,USD,Yes
AGS-0026,VectorValve Sensor Labs,Singapore,Product,GSK,AUR-GSK-00649,Industrial Gasket Series 209,Global Standard,1,1,62,6929.69,USD,Yes
AGS-0074,NorthForge Technologies,Singapore,Product,GSK,AUR-GSK-00649,Industrial Gasket Series 209,Prime Process,2,5,22,6582.71,USD,Yes
AGS-0022,VectorValve Compressor Parts,Italy,Product,GSK,AUR-GSK-00649,Industrial Gasket Series 209,Northstar OEM,3,2,48,8157.86,USD,Yes
AGS-0033,PrimeFlow Manufacturing,Mexico,Product,HOS,AUR-HOS-00650,Hydraulic Hose Series 210,Prime Process,1,1,61,6284.95,USD,Yes
AGS-0075,NorthForge Gasket & Seal,Mexico,Product,HOS,AUR-HOS-00650,Hydraulic Hose Series 210,Vector Industrial,2,1,72,4395.68,USD,Yes
AGS-0040,PrimeFlow Hydraulics,Italy,Product,FIT,AUR-FIT-00651,Pipe Fitting Series 211,Prime Process,1,1,42,2815.86,USD,Yes
AGS-0026,VectorValve Sensor Labs,Singapore,Product,FIT,AUR-FIT-00651,Pipe Fitting Series 211,Vector Industrial,2,5,55,3125.3,USD,Yes
AGS-0047,PrimeFlow Fabrication,Singapore,Product,CAB,AUR-CAB-00652,Instrumentation Cable Series 212,Prime Process,1,1,29,1833.96,USD,Yes
AGS-0058,PrimeFlow Sensor Labs,Italy,Product,CAB,AUR-CAB-00652,Instrumentation Cable Series 212,Northstar OEM,2,1,39,1998.9,USD,Yes
AGS-0066,NorthForge Components,Mexico,Product,CAB,AUR-CAB-00652,Instrumentation Cable Series 212,Global Standard,3,1,29,1727.43,USD,Yes
AGS-0054,PrimeFlow Compressor Parts,Mexico,Product,SEN,AUR-SEN-00653,Process Sensor Series 213,Vector Industrial,1,1,13,2662.38,USD,Yes
AGS-0050,PrimeFlow Filter Technologies,Singapore,Product,SEN,AUR-SEN-00653,Process Sensor Series 213,Global Standard,2,1,45,2520.4,USD,Yes
AGS-0061,PrimeFlow Motion Controls,Italy,Product,CMP,AUR-CMP-00654,Compressor Component Series 214,Vector Industrial,1,1,49,12507.62,USD,Yes
AGS-0040,PrimeFlow Hydraulics,Italy,Product,CMP,AUR-CMP-00654,Compressor Component Series 214,Prime Process,2,5,55,9984.18,USD,Yes
AGS-0068,NorthForge Industries,Singapore,Product,SAF,AUR-SAF-00655,Safety Equipment Series 215,Vector Industrial,1,2,15,3055.67,USD,Yes
AGS-0044,PrimeFlow Electric,Singapore,Product,SAF,AUR-SAF-00655,Safety Equipment Series 215,Vector Industrial,2,1,27,3113.75,USD,Yes
AGS-0050,PrimeFlow Filter Technologies,Singapore,Product,SAF,AUR-SAF-00655,Safety Equipment Series 215,Northstar OEM,3,1,27,3642.65,USD,Yes
AGS-0075,NorthForge Gasket & Seal,Mexico,Product,PLC,AUR-PLC-00656,Automation Controller Series 216,Northstar OEM,1,1,48,4204.58,USD,Yes
AGS-0011,VectorValve Gasket & Seal,Singapore,Product,PLC,AUR-PLC-00656,Automation Controller Series 216,Aurelius OEM,2,1,55,5801.05,USD,Yes
AGS-0012,VectorValve Electric,Mexico,Product,PLC,AUR-PLC-00656,Automation Controller Series 216,Aurelius OEM,3,1,29,5464.49,USD,Yes
AGS-0083,NorthForge Safety Supply,Singapore,Product,DRV,AUR-DRV-00657,Variable Frequency Drive Series 217,Global Standard,1,2,23,4843.56,USD,Yes
AGS-0052,PrimeFlow Gearworks,Italy,Product,DRV,AUR-DRV-00657,Variable Frequency Drive Series 217,Global Standard,2,2,41,6105.09,USD,Yes
AGS-0005,VectorValve Instrumentation,Singapore,Product,HEX,AUR-HEX-00658,Heat Exchanger Part Series 218,Prime Process,1,2,63,26699.87,USD,Yes
AGS-0084,NorthForge Gearworks,Mexico,Product,HEX,AUR-HEX-00658,Heat Exchanger Part Series 218,Vector Industrial,2,2,58,24957.75,USD,Yes
AGS-0012,VectorValve Electric,Mexico,Product,LUB,AUR-LUB-00659,Industrial Lubrication Series 219,Vector Industrial,1,5,59,9308.65,USD,Yes
AGS-0036,PrimeFlow Industries,Mexico,Product,LUB,AUR-LUB-00659,Industrial Lubrication Series 219,Prime Process,2,1,47,9480.76,USD,Yes
AGS-0030,VectorValve Mechanical Supply,Mexico,Product,LUB,AUR-LUB-00659,Industrial Lubrication Series 219,Vector Industrial,3,1,13,7204.95,USD,Yes
AGS-0055,PrimeFlow Industrial Plastics,Italy,Product,LUB,AUR-LUB-00659,Industrial Lubrication Series 219,Prime Process,4,1,45,7887.11,USD,Yes
AGS-0019,VectorValve Safety Supply,Italy,Product,TOL,AUR-TOL-00660,Specialty Tooling Series 220,Aurelius OEM,1,1,23,402.22,USD,Yes
AGS-0068,NorthForge Industries,Singapore,Product,TOL,AUR-TOL-00660,Specialty Tooling Series 220,Global Standard,2,1,74,352.65,USD,Yes
AGS-0026,VectorValve Sensor Labs,Singapore,Product,PMP,AUR-PMP-00661,Centrifugal Pump Series 221,Aurelius OEM,1,1,27,1167.21,USD,Yes
AGS-0029,VectorValve Motion Controls,Singapore,Product,PMP,AUR-PMP-00661,Centrifugal Pump Series 221,Prime Process,2,1,64,1158.94,USD,Yes
AGS-0016,VectorValve Process Equipment,Italy,Product,PMP,AUR-PMP-00661,Centrifugal Pump Series 221,Northstar OEM,3,2,59,1319.07,USD,Yes
AGS-0033,PrimeFlow Manufacturing,Mexico,Product,VLV,AUR-VLV-00662,Control Valve Series 222,Global Standard,1,1,45,5237.54,USD,Yes
AGS-0077,NorthForge Controls,Singapore,Product,VLV,AUR-VLV-00662,Control Valve Series 222,Global Standard,2,1,49,5032.95,USD,Yes
AGS-0071,NorthForge Bearing Works,Singapore,Product,VLV,AUR-VLV-00662,Control Valve Series 222,Prime Process,3,1,52,4604.44,USD,Yes
AGS-0084,NorthForge Gearworks,Mexico,Product,VLV,AUR-VLV-00662,Control Valve Series 222,Northstar OEM,4,2,50,4035.94,USD,Yes
AGS-0040,PrimeFlow Hydraulics,Italy,Product,BRG,AUR-BRG-00663,Industrial Bearing Series 223,Northstar OEM,1,2,66,3403.9,USD,Yes
AGS-0022,VectorValve Compressor Parts,Italy,Product,BRG,AUR-BRG-00663,Industrial Bearing Series 223,Aurelius OEM,2,5,20,4215.84,USD,Yes
AGS-0081,NorthForge Cable Systems,Mexico,Product,BRG,AUR-BRG-00663,Industrial Bearing Series 223,Vector Industrial,3,5,57,4157.18,USD,Yes
AGS-0047,PrimeFlow Fabrication,Singapore,Product,INS,AUR-INS-00664,Pressure Instrument Series 224,Aurelius OEM,1,1,25,8155.66,USD,Yes
AGS-0017,VectorValve Cable Systems,Singapore,Product,INS,AUR-INS-00664,Pressure Instrument Series 224,Prime Process,2,1,62,8517.38,USD,Yes
AGS-0054,PrimeFlow Compressor Parts,Mexico,Product,MTR,AUR-MTR-00665,Electric Motor Series 225,Northstar OEM,1,5,42,30299.82,USD,Yes
AGS-0036,PrimeFlow Industries,Mexico,Product,MTR,AUR-MTR-00665,Electric Motor Series 225,Vector Industrial,2,1,18,30739.68,USD,Yes
AGS-0010,VectorValve Technologies,Italy,Product,MTR,AUR-MTR-00665,Electric Motor Series 225,Aurelius OEM,3,1,47,26740.26,USD,Yes
AGS-0062,PrimeFlow Mechanical Supply,Singapore,Product,SEA,AUR-SEA-00666,Mechanical Seal Series 226,Vector Industrial,1,2,71,3176.25,USD,Yes
AGS-0072,NorthForge Hydraulics,Mexico,Product,SEA,AUR-SEA-00666,Mechanical Seal Series 226,Aurelius OEM,2,2,65,4244.56,USD,Yes
AGS-0064,PrimeFlow Specialty Alloys,Italy,Product,SEA,AUR-SEA-00666,Mechanical Seal Series 226,Northstar OEM,3,2,53,3634.95,USD,Yes
AGS-0004,VectorValve Industries,Italy,Product,SEA,AUR-SEA-00666,Mechanical Seal Series 226,Prime Process,4,1,50,3444.75,USD,Yes
AGS-0069,NorthForge Instrumentation,Mexico,Product,FLT,AUR-FLT-00667,Process Filter Series 227,Prime Process,1,1,64,4534.61,USD,Yes
AGS-0068,NorthForge Industries,Singapore,Product,FLT,AUR-FLT-00667,Process Filter Series 227,Prime Process,2,1,62,3969.45,USD,Yes
AGS-0076,NorthForge Electric,Italy,Product,ACT,AUR-ACT-00668,Valve Actuator Series 228,Northstar OEM,1,2,50,1785.5,USD,Yes
AGS-0014,VectorValve Fasteners,Singapore,Product,ACT,AUR-ACT-00668,Valve Actuator Series 228,Prime Process,2,5,48,1607.85,USD,Yes
AGS-0083,NorthForge Safety Supply,Singapore,Product,GSK,AUR-GSK-00669,Industrial Gasket Series 229,Vector Industrial,1,5,32,5512.73,USD,Yes
AGS-0010,VectorValve Technologies,Italy,Product,GSK,AUR-GSK-00669,Industrial Gasket Series 229,Aurelius OEM,2,1,59,6244.07,USD,Yes
AGS-0005,VectorValve Instrumentation,Singapore,Product,HOS,AUR-HOS-00670,Hydraulic Hose Series 230,Aurelius OEM,1,1,42,221.34,USD,Yes
AGS-0031,VectorValve Process Instruments,Italy,Product,HOS,AUR-HOS-00670,Hydraulic Hose Series 230,Aurelius OEM,2,1,46,219.64,USD,Yes
AGS-0074,NorthForge Technologies,Singapore,Product,HOS,AUR-HOS-00670,Hydraulic Hose Series 230,Prime Process,3,1,32,187.37,USD,Yes
AGS-0012,VectorValve Electric,Mexico,Product,FIT,AUR-FIT-00671,Pipe Fitting Series 231,Prime Process,1,5,52,8342.85,USD,Yes
AGS-0080,NorthForge Process Equipment,Singapore,Product,FIT,AUR-FIT-00671,Pipe Fitting Series 231,Global Standard,2,2,33,9101.32,USD,Yes
AGS-0020,VectorValve Gearworks,Singapore,Product,FIT,AUR-FIT-00671,Pipe Fitting Series 231,Global Standard,3,1,40,7172.38,USD,Yes
AGS-0019,VectorValve Safety Supply,Italy,Product,CAB,AUR-CAB-00672,Instrumentation Cable Series 232,Vector Industrial,1,1,39,1540.5,USD,Yes
AGS-0018,VectorValve Filter Technologies,Mexico,Product,CAB,AUR-CAB-00672,Instrumentation Cable Series 232,Global Standard,2,5,36,1599.31,USD,Yes
AGS-0026,VectorValve Sensor Labs,Singapore,Product,SEN,AUR-SEN-00673,Process Sensor Series 233,Global Standard,1,1,81,2354.38,USD,Yes
AGS-0041,PrimeFlow Actuation,Singapore,Product,SEN,AUR-SEN-00673,Process Sensor Series 233,Prime Process,2,1,40,2297.59,USD,Yes
AGS-0016,VectorValve Process Equipment,Italy,Product,SEN,AUR-SEN-00673,Process Sensor Series 233,Prime Process,3,1,70,2691.74,USD,Yes
AGS-0033,PrimeFlow Manufacturing,Mexico,Product,CMP,AUR-CMP-00674,Compressor Component Series 234,Vector Industrial,1,2,56,2588.29,USD,Yes
AGS-0075,NorthForge Gasket & Seal,Mexico,Product,CMP,AUR-CMP-00674,Compressor Component Series 234,Global Standard,2,1,54,1869.35,USD,Yes
AGS-0018,VectorValve Filter Technologies,Mexico,Product,CMP,AUR-CMP-00674,Compressor Component Series 234,Aurelius OEM,3,1,40,2146.33,USD,Yes
AGS-0041,PrimeFlow Actuation,Singapore,Product,SAF,AUR-SAF-00675,Safety Equipment Series 235,Prime Process,1,1,70,5776.05,USD,Yes
AGS-0047,PrimeFlow Fabrication,Singapore,Product,SAF,AUR-SAF-00675,Safety Equipment Series 235,Prime Process,2,1,46,5718.01,USD,Yes
AGS-0055,PrimeFlow Industrial Plastics,Italy,Product,SAF,AUR-SAF-00675,Safety Equipment Series 235,Global Standard,3,5,40,5221.86,USD,Yes
AGS-0042,PrimeFlow Technologies,Mexico,Product,SAF,AUR-SAF-00675,Safety Equipment Series 235,Global Standard,4,5,8,6462.93,USD,Yes
AGS-0048,PrimeFlow Process Equipment,Mexico,Product,PLC,AUR-PLC-00676,Automation Controller Series 236,Global Standard,1,5,65,3639.51,USD,Yes
AGS-0043,PrimeFlow Gasket & Seal,Italy,Product,PLC,AUR-PLC-00676,Automation Controller Series 236,Aurelius OEM,2,1,50,4540.71,USD,Yes
AGS-0055,PrimeFlow Industrial Plastics,Italy,Product,DRV,AUR-DRV-00677,Variable Frequency Drive Series 237,Global Standard,1,1,25,740.5,USD,Yes
AGS-0081,NorthForge Cable Systems,Mexico,Product,DRV,AUR-DRV-00677,Variable Frequency Drive Series 237,Prime Process,2,1,35,837.88,USD,Yes
AGS-0019,VectorValve Safety Supply,Italy,Product,DRV,AUR-DRV-00677,Variable Frequency Drive Series 237,Prime Process,3,1,48,719.47,USD,Yes
AGS-0069,NorthForge Instrumentation,Mexico,Product,DRV,AUR-DRV-00677,Variable Frequency Drive Series 237,Northstar OEM,4,5,53,768.73,USD,Yes
AGS-0062,PrimeFlow Mechanical Supply,Singapore,Product,HEX,AUR-HEX-00678,Heat Exchanger Part Series 238,Vector Industrial,1,2,60,7904.93,USD,Yes
AGS-0007,VectorValve Bearing Works,Italy,Product,HEX,AUR-HEX-00678,Heat Exchanger Part Series 238,Northstar OEM,2,1,13,7821.71,USD,Yes
AGS-0053,PrimeFlow Marine Components,Singapore,Product,HEX,AUR-HEX-00678,Heat Exchanger Part Series 238,Vector Industrial,3,1,45,8713.14,USD,Yes
AGS-0069,NorthForge Instrumentation,Mexico,Product,LUB,AUR-LUB-00679,Industrial Lubrication Series 239,Prime Process,1,1,64,4086.46,USD,Yes
AGS-0066,NorthForge Components,Mexico,Product,LUB,AUR-LUB-00679,Industrial Lubrication Series 239,Aurelius OEM,2,2,87,3724.36,USD,Yes
AGS-0004,VectorValve Industries,Italy,Product,LUB,AUR-LUB-00679,Industrial Lubrication Series 239,Prime Process,3,2,55,3547.05,USD,Yes
AGS-0028,VectorValve Hose & Fittings,Italy,Product,LUB,AUR-LUB-00679,Industrial Lubrication Series 239,Vector Industrial,4,1,55,3806.04,USD,Yes
AGS-0076,NorthForge Electric,Italy,Product,TOL,AUR-TOL-00680,Specialty Tooling Series 240,Prime Process,1,1,11,3720.83,USD,Yes
AGS-0057,PrimeFlow Valve Automation,Mexico,Product,TOL,AUR-TOL-00680,Specialty Tooling Series 240,Vector Industrial,2,1,29,3740.64,USD,Yes
AGS-0083,NorthForge Safety Supply,Singapore,Product,PMP,AUR-PMP-00681,Centrifugal Pump Series 241,Aurelius OEM,1,1,43,13778.46,USD,Yes
AGS-0037,PrimeFlow Instrumentation,Italy,Product,PMP,AUR-PMP-00681,Centrifugal Pump Series 241,Prime Process,2,2,27,15413.73,USD,Yes
AGS-0005,VectorValve Instrumentation,Singapore,Product,VLV,AUR-VLV-00682,Control Valve Series 242,Vector Industrial,1,2,45,868.49,USD,Yes
AGS-0019,VectorValve Safety Supply,Italy,Product,VLV,AUR-VLV-00682,Control Valve Series 242,Global Standard,2,2,29,761.14,USD,Yes
AGS-0012,VectorValve Electric,Mexico,Product,BRG,AUR-BRG-00683,Industrial Bearing Series 243,Prime Process,1,1,63,6891.64,USD,Yes
AGS-0022,VectorValve Compressor Parts,Italy,Product,BRG,AUR-BRG-00683,Industrial Bearing Series 243,Aurelius OEM,2,1,50,6799.71,USD,Yes
AGS-0020,VectorValve Gearworks,Singapore,Product,INS,AUR-INS-00684,Pressure Instrument Series 244,Prime Process,1,1,47,7353.89,USD,Yes
AGS-0023,VectorValve Industrial Plastics,Singapore,Product,INS,AUR-INS-00684,Pressure Instrument Series 244,Northstar OEM,2,1,33,7032.69,USD,Yes
AGS-0033,PrimeFlow Manufacturing,Mexico,Product,INS,AUR-INS-00684,Pressure Instrument Series 244,Vector Industrial,3,1,38,7889.32,USD,Yes
AGS-0027,VectorValve Technical Metals,Mexico,Product,MTR,AUR-MTR-00685,Electric Motor Series 245,Prime Process,1,2,57,13776.36,USD,Yes
AGS-0053,PrimeFlow Marine Components,Singapore,Product,MTR,AUR-MTR-00685,Electric Motor Series 245,Northstar OEM,2,1,63,16198.23,USD,Yes
AGS-0034,PrimeFlow Components,Italy,Product,SEA,AUR-SEA-00686,Mechanical Seal Series 246,Global Standard,1,2,10,3740.62,USD,Yes
AGS-0003,VectorValve Pumps,Mexico,Product,SEA,AUR-SEA-00686,Mechanical Seal Series 246,Northstar OEM,2,1,10,3921.55,USD,Yes
AGS-0008,VectorValve Hydraulics,Singapore,Product,SEA,AUR-SEA-00686,Mechanical Seal Series 246,Aurelius OEM,3,1,26,3575.77,USD,Yes
AGS-0067,NorthForge Pumps,Italy,Product,SEA,AUR-SEA-00686,Mechanical Seal Series 246,Prime Process,4,1,25,4100.42,USD,Yes
AGS-0041,PrimeFlow Actuation,Singapore,Product,FLT,AUR-FLT-00687,Process Filter Series 247,Northstar OEM,1,5,50,7953.06,USD,Yes
AGS-0009,VectorValve Actuation,Mexico,Product,FLT,AUR-FLT-00687,Process Filter Series 247,Prime Process,2,2,42,7696.6,USD,Yes
AGS-0048,PrimeFlow Process Equipment,Mexico,Product,ACT,AUR-ACT-00688,Valve Actuator Series 248,Vector Industrial,1,1,33,3027.77,USD,Yes
AGS-0083,NorthForge Safety Supply,Singapore,Product,ACT,AUR-ACT-00688,Valve Actuator Series 248,Prime Process,2,2,14,2966.66,USD,Yes
AGS-0070,NorthForge Systems,Italy,Product,ACT,AUR-ACT-00688,Valve Actuator Series 248,Vector Industrial,3,1,35,3580.57,USD,Yes
AGS-0055,PrimeFlow Industrial Plastics,Italy,Product,GSK,AUR-GSK-00689,Industrial Gasket Series 249,Prime Process,1,1,41,933.19,USD,Yes
AGS-0005,VectorValve Instrumentation,Singapore,Product,GSK,AUR-GSK-00689,Industrial Gasket Series 249,Global Standard,2,2,54,984.04,USD,Yes
AGS-0052,PrimeFlow Gearworks,Italy,Product,GSK,AUR-GSK-00689,Industrial Gasket Series 249,Vector Industrial,3,5,53,1029.8,USD,Yes
AGS-0062,PrimeFlow Mechanical Supply,Singapore,Product,HOS,AUR-HOS-00690,Hydraulic Hose Series 250,Global Standard,1,5,36,6146.55,USD,Yes
AGS-0038,PrimeFlow Systems,Singapore,Product,HOS,AUR-HOS-00690,Hydraulic Hose Series 250,Vector Industrial,2,5,22,7411.8,USD,Yes
AGS-0069,NorthForge Instrumentation,Mexico,Product,FIT,AUR-FIT-00691,Pipe Fitting Series 251,Vector Industrial,1,1,76,6003.8,USD,Yes
AGS-0037,PrimeFlow Instrumentation,Italy,Product,FIT,AUR-FIT-00691,Pipe Fitting Series 251,Global Standard,2,1,78,5766.8,USD,Yes
AGS-0031,VectorValve Process Instruments,Italy,Product,FIT,AUR-FIT-00691,Pipe Fitting Series 251,Vector Industrial,3,5,57,6534.56,USD,Yes
AGS-0052,PrimeFlow Gearworks,Italy,Product,FIT,AUR-FIT-00691,Pipe Fitting Series 251,Prime Process,4,5,47,6572.72,USD,Yes
AGS-0076,NorthForge Electric,Italy,Product,CAB,AUR-CAB-00692,Instrumentation Cable Series 252,Northstar OEM,1,1,8,8740.2,USD,Yes
AGS-0026,VectorValve Sensor Labs,Singapore,Product,CAB,AUR-CAB-00692,Instrumentation Cable Series 252,Northstar OEM,2,2,53,7485.24,USD,Yes
AGS-0036,PrimeFlow Industries,Mexico,Product,CAB,AUR-CAB-00692,Instrumentation Cable Series 252,Global Standard,3,1,29,8803.04,USD,Yes
AGS-0084,NorthForge Gearworks,Mexico,Product,SEN,AUR-SEN-00693,Process Sensor Series 253,Northstar OEM,1,2,35,5064.25,USD,Yes
AGS-0027,VectorValve Technical Metals,Mexico,Product,SEN,AUR-SEN-00693,Process Sensor Series 253,Prime Process,2,1,52,4793.03,USD,Yes
AGS-0007,VectorValve Bearing Works,Italy,Product,SEN,AUR-SEN-00693,Process Sensor Series 253,Aurelius OEM,3,2,12,5147.01,USD,Yes
AGS-0056,PrimeFlow Heat Transfer,Singapore,Product,SEN,AUR-SEN-00693,Process Sensor Series 253,Northstar OEM,4,1,25,5037.67,USD,Yes
AGS-0006,VectorValve Systems,Mexico,Product,CMP,AUR-CMP-00694,Compressor Component Series 254,Vector Industrial,1,2,49,4594.1,USD,Yes
AGS-0057,PrimeFlow Valve Automation,Mexico,Product,CMP,AUR-CMP-00694,Compressor Component Series 254,Prime Process,2,1,65,5431.25,USD,Yes
AGS-0042,PrimeFlow Technologies,Mexico,Product,CMP,AUR-CMP-00694,Compressor Component Series 254,Northstar OEM,3,2,26,5459.71,USD,Yes
AGS-0013,VectorValve Controls,Italy,Product,SAF,AUR-SAF-00695,Safety Equipment Series 255,Vector Industrial,1,2,32,8017.91,USD,Yes
AGS-0069,NorthForge Instrumentation,Mexico,Product,SAF,AUR-SAF-00695,Safety Equipment Series 255,Aurelius OEM,2,1,53,7994.98,USD,Yes
AGS-0020,VectorValve Gearworks,Singapore,Product,PLC,AUR-PLC-00696,Automation Controller Series 256,Aurelius OEM,1,1,61,6520.82,USD,Yes
AGS-0056,PrimeFlow Heat Transfer,Singapore,Product,PLC,AUR-PLC-00696,Automation Controller Series 256,Northstar OEM,2,1,25,5547.89,USD,Yes
AGS-0027,VectorValve Technical Metals,Mexico,Product,DRV,AUR-DRV-00697,Variable Frequency Drive Series 257,Aurelius OEM,1,1,65,7162.57,USD,Yes
AGS-0011,VectorValve Gasket & Seal,Singapore,Product,DRV,AUR-DRV-00697,Variable Frequency Drive Series 257,Aurelius OEM,2,2,70,9768.23,USD,Yes
AGS-0019,VectorValve Safety Supply,Italy,Product,DRV,AUR-DRV-00697,Variable Frequency Drive Series 257,Vector Industrial,3,1,51,7515.65,USD,Yes
AGS-0034,PrimeFlow Components,Italy,Product,HEX,AUR-HEX-00698,Heat Exchanger Part Series 258,Vector Industrial,1,1,29,10080.47,USD,Yes
AGS-0006,VectorValve Systems,Mexico,Product,HEX,AUR-HEX-00698,Heat Exchanger Part Series 258,Prime Process,2,1,70,11256.12,USD,Yes
AGS-0041,PrimeFlow Actuation,Singapore,Product,LUB,AUR-LUB-00699,Industrial Lubrication Series 259,Vector Industrial,1,1,62,4075.05,USD,Yes
AGS-0020,VectorValve Gearworks,Singapore,Product,LUB,AUR-LUB-00699,Industrial Lubrication Series 259,Northstar OEM,2,1,42,3984.98,USD,Yes
AGS-0081,NorthForge Cable Systems,Mexico,Product,LUB,AUR-LUB-00699,Industrial Lubrication Series 259,Prime Process,3,5,46,4624.54,USD,Yes
AGS-0048,PrimeFlow Process Equipment,Mexico,Product,TOL,AUR-TOL-00700,Specialty Tooling Series 260,Northstar OEM,1,1,46,1005.34,USD,Yes
AGS-0034,PrimeFlow Components,Italy,Product,TOL,AUR-TOL-00700,Specialty Tooling Series 260,Northstar OEM,2,5,28,930.65,USD,Yes
AGS-0016,VectorValve Process Equipment,Italy,Product,TOL,AUR-TOL-00700,Specialty Tooling Series 260,Vector Industrial,3,1,59,1179.83,USD,Yes
AGS-0055,PrimeFlow Industrial Plastics,Italy,Product,PMP,AUR-PMP-00701,Centrifugal Pump Series 261,Northstar OEM,1,1,16,15960.6,USD,Yes
AGS-0084,NorthForge Gearworks,Mexico,Product,PMP,AUR-PMP-00701,Centrifugal Pump Series 261,Aurelius OEM,2,1,52,15708.43,USD,Yes
AGS-0077,NorthForge Controls,Singapore,Product,PMP,AUR-PMP-00701,Centrifugal Pump Series 261,Northstar OEM,3,2,31,19874.68,USD,Yes
AGS-0063,PrimeFlow Process Instruments,Mexico,Product,VLV,AUR-VLV-00702,Control Valve Series 262,Aurelius OEM,1,1,60,2709.08,USD,Yes
AGS-0037,PrimeFlow Instrumentation,Italy,Product,VLV,AUR-VLV-00702,Control Valve Series 262,Aurelius OEM,2,5,38,2244.6,USD,Yes
AGS-0070,NorthForge Systems,Italy,Product,BRG,AUR-BRG-00703,Industrial Bearing Series 263,Vector Industrial,1,1,77,5464.17,USD,Yes
AGS-0022,VectorValve Compressor Parts,Italy,Product,BRG,AUR-BRG-00703,Industrial Bearing Series 263,Vector Industrial,2,2,24,5984.92,USD,Yes
AGS-0085,NorthForge Marine Components,Italy,Product,BRG,AUR-BRG-00703,Industrial Bearing Series 263,Prime Process,3,1,46,5401.61,USD,Yes
AGS-0009,VectorValve Actuation,Mexico,Product,BRG,AUR-BRG-00703,Industrial Bearing Series 263,Global Standard,4,1,48,5172.17,USD,Yes
AGS-0077,NorthForge Controls,Singapore,Product,INS,AUR-INS-00704,Pressure Instrument Series 264,Prime Process,1,1,22,4966.21,USD,Yes
AGS-0048,PrimeFlow Process Equipment,Mexico,Product,INS,AUR-INS-00704,Pressure Instrument Series 264,Aurelius OEM,2,1,42,3614.07,USD,Yes
AGS-0030,VectorValve Mechanical Supply,Mexico,Product,INS,AUR-INS-00704,Pressure Instrument Series 264,Vector Industrial,3,1,54,4068.41,USD,Yes
AGS-0079,NorthForge Fabrication,Italy,Product,INS,AUR-INS-00704,Pressure Instrument Series 264,Northstar OEM,4,1,55,4347.71,USD,Yes
AGS-0084,NorthForge Gearworks,Mexico,Product,MTR,AUR-MTR-00705,Electric Motor Series 265,Vector Industrial,1,1,20,15890.91,USD,Yes
AGS-0066,NorthForge Components,Mexico,Product,MTR,AUR-MTR-00705,Electric Motor Series 265,Vector Industrial,2,5,39,17225.48,USD,Yes
AGS-0006,VectorValve Systems,Mexico,Product,SEA,AUR-SEA-00706,Mechanical Seal Series 266,Global Standard,1,2,67,3718.74,USD,Yes
AGS-0037,PrimeFlow Instrumentation,Italy,Product,SEA,AUR-SEA-00706,Mechanical Seal Series 266,Global Standard,2,1,37,3478.98,USD,Yes
AGS-0031,VectorValve Process Instruments,Italy,Product,SEA,AUR-SEA-00706,Mechanical Seal Series 266,Northstar OEM,3,5,58,3857.57,USD,Yes
AGS-0013,VectorValve Controls,Italy,Product,FLT,AUR-FLT-00707,Process Filter Series 267,Global Standard,1,1,35,7445.59,USD,Yes
AGS-0004,VectorValve Industries,Italy,Product,FLT,AUR-FLT-00707,Process Filter Series 267,Prime Process,2,1,15,7389.03,USD,Yes
AGS-0048,PrimeFlow Process Equipment,Mexico,Product,FLT,AUR-FLT-00707,Process Filter Series 267,Vector Industrial,3,1,49,6328.68,USD,Yes
AGS-0020,VectorValve Gearworks,Singapore,Product,ACT,AUR-ACT-00708,Valve Actuator Series 268,Global Standard,1,1,66,3131.55,USD,Yes
AGS-0039,PrimeFlow Bearing Works,Mexico,Product,ACT,AUR-ACT-00708,Valve Actuator Series 268,Aurelius OEM,2,1,41,3319.63,USD,Yes
AGS-0034,PrimeFlow Components,Italy,Product,ACT,AUR-ACT-00708,Valve Actuator Series 268,Northstar OEM,3,5,27,2960.78,USD,Yes
AGS-0027,VectorValve Technical Metals,Mexico,Product,GSK,AUR-GSK-00709,Industrial Gasket Series 269,Vector Industrial,1,1,29,1861.79,USD,Yes
AGS-0010,VectorValve Technologies,Italy,Product,GSK,AUR-GSK-00709,Industrial Gasket Series 269,Prime Process,2,1,18,2146.54,USD,Yes
AGS-0008,VectorValve Hydraulics,Singapore,Product,GSK,AUR-GSK-00709,Industrial Gasket Series 269,Aurelius OEM,3,1,19,1991.34,USD,Yes
AGS-0034,PrimeFlow Components,Italy,Product,HOS,AUR-HOS-00710,Hydraulic Hose Series 270,Northstar OEM,1,1,45,1769.27,USD,Yes
AGS-0076,NorthForge Electric,Italy,Product,HOS,AUR-HOS-00710,Hydraulic Hose Series 270,Prime Process,2,1,41,2318.29,USD,Yes
AGS-0054,PrimeFlow Compressor Parts,Mexico,Product,HOS,AUR-HOS-00710,Hydraulic Hose Series 270,Prime Process,3,1,42,2263.27,USD,Yes
AGS-0028,VectorValve Hose & Fittings,Italy,Product,HOS,AUR-HOS-00710,Hydraulic Hose Series 270,Prime Process,4,1,51,1928.18,USD,Yes
AGS-0042,PrimeFlow Technologies,Mexico,Product,FIT,AUR-FIT-00711,Pipe Fitting Series 271,Prime Process,1,1,42,6639.79,USD,Yes
AGS-0012,VectorValve Electric,Mexico,Product,FIT,AUR-FIT-00711,Pipe Fitting Series 271,Prime Process,2,5,52,6611.79,USD,Yes
AGS-0004,VectorValve Industries,Italy,Product,FIT,AUR-FIT-00711,Pipe Fitting Series 271,Northstar OEM,3,5,76,5302.98,USD,Yes
AGS-0049,PrimeFlow Cable Systems,Italy,Product,CAB,AUR-CAB-00712,Instrumentation Cable Series 272,Northstar OEM,1,2,30,7959.67,USD,Yes
AGS-0076,NorthForge Electric,Italy,Product,CAB,AUR-CAB-00712,Instrumentation Cable Series 272,Aurelius OEM,2,5,19,7567.06,USD,Yes
AGS-0056,PrimeFlow Heat Transfer,Singapore,Product,SEN,AUR-SEN-00713,Process Sensor Series 273,Aurelius OEM,1,1,42,75.02,USD,Yes
AGS-0005,VectorValve Instrumentation,Singapore,Product,SEN,AUR-SEN-00713,Process Sensor Series 273,Vector Industrial,2,1,47,81.74,USD,Yes
AGS-0043,PrimeFlow Gasket & Seal,Italy,Product,SEN,AUR-SEN-00713,Process Sensor Series 273,Vector Industrial,3,1,78,90.98,USD,Yes
AGS-0063,PrimeFlow Process Instruments,Mexico,Product,CMP,AUR-CMP-00714,Compressor Component Series 274,Global Standard,1,5,52,7343.63,USD,Yes
AGS-0067,NorthForge Pumps,Italy,Product,CMP,AUR-CMP-00714,Compressor Component Series 274,Prime Process,2,2,52,6946.93,USD,Yes
AGS-0064,PrimeFlow Specialty Alloys,Italy,Product,CMP,AUR-CMP-00714,Compressor Component Series 274,Aurelius OEM,3,5,59,6105.95,USD,Yes
AGS-0070,NorthForge Systems,Italy,Product,SAF,AUR-SAF-00715,Safety Equipment Series 275,Global Standard,1,1,46,7042.49,USD,Yes
AGS-0012,VectorValve Electric,Mexico,Product,SAF,AUR-SAF-00715,Safety Equipment Series 275,Northstar OEM,2,2,70,7799.72,USD,Yes
AGS-0077,NorthForge Controls,Singapore,Product,PLC,AUR-PLC-00716,Automation Controller Series 276,Global Standard,1,1,31,843.35,USD,Yes
AGS-0036,PrimeFlow Industries,Mexico,Product,PLC,AUR-PLC-00716,Automation Controller Series 276,Northstar OEM,2,5,22,788.23,USD,Yes
AGS-0084,NorthForge Gearworks,Mexico,Product,DRV,AUR-DRV-00717,Variable Frequency Drive Series 277,Global Standard,1,1,46,524.08,USD,Yes
AGS-0075,NorthForge Gasket & Seal,Mexico,Product,DRV,AUR-DRV-00717,Variable Frequency Drive Series 277,Northstar OEM,2,1,52,453.17,USD,Yes
AGS-0062,PrimeFlow Mechanical Supply,Singapore,Product,DRV,AUR-DRV-00717,Variable Frequency Drive Series 277,Vector Industrial,3,1,24,442.64,USD,Yes
AGS-0006,VectorValve Systems,Mexico,Product,HEX,AUR-HEX-00718,Heat Exchanger Part Series 278,Northstar OEM,1,1,64,30669.46,USD,Yes
AGS-0060,PrimeFlow Hose & Fittings,Mexico,Product,HEX,AUR-HEX-00718,Heat Exchanger Part Series 278,Vector Industrial,2,1,39,35519.28,USD,Yes
AGS-0013,VectorValve Controls,Italy,Product,LUB,AUR-LUB-00719,Industrial Lubrication Series 279,Northstar OEM,1,1,61,1724.56,USD,Yes
AGS-0030,VectorValve Mechanical Supply,Mexico,Product,LUB,AUR-LUB-00719,Industrial Lubrication Series 279,Vector Industrial,2,5,46,1611.1,USD,Yes
AGS-0017,VectorValve Cable Systems,Singapore,Product,LUB,AUR-LUB-00719,Industrial Lubrication Series 279,Aurelius OEM,3,1,56,1867.17,USD,Yes
AGS-0021,VectorValve Marine Components,Mexico,Product,TOL,AUR-TOL-00720,Specialty Tooling Series 100,Global Standard,1,1,50,5524.06,USD,Yes
AGS-0072,NorthForge Hydraulics,Mexico,Product,TOL,AUR-TOL-00720,Specialty Tooling Series 100,Prime Process,2,1,34,6232.67,USD,Yes
AGS-0059,PrimeFlow Technical Metals,Singapore,Product,TOL,AUR-TOL-00720,Specialty Tooling Series 100,Aurelius OEM,3,2,35,6239.79,USD,Yes
AGS-0028,VectorValve Hose & Fittings,Italy,Product,PMP,AUR-PMP-00721,Centrifugal Pump Series 101,Prime Process,1,1,73,15250.16,USD,Yes
AGS-0024,VectorValve Heat Transfer,Mexico,Product,PMP,AUR-PMP-00721,Centrifugal Pump Series 101,Global Standard,2,1,32,15178.25,USD,Yes
AGS-0053,PrimeFlow Marine Components,Singapore,Product,PMP,AUR-PMP-00721,Centrifugal Pump Series 101,Global Standard,3,1,50,16134.79,USD,Yes
AGS-0035,PrimeFlow Pumps,Singapore,Product,VLV,AUR-VLV-00722,Control Valve Series 102,Global Standard,1,1,40,5049.08,USD,Yes
AGS-0071,NorthForge Bearing Works,Singapore,Product,VLV,AUR-VLV-00722,Control Valve Series 102,Prime Process,2,1,43,5379.77,USD,Yes
AGS-0042,PrimeFlow Technologies,Mexico,Product,BRG,AUR-BRG-00723,Industrial Bearing Series 103,Northstar OEM,1,5,50,8397.81,USD,Yes
AGS-0004,VectorValve Industries,Italy,Product,BRG,AUR-BRG-00723,Industrial Bearing Series 103,Vector Industrial,2,1,27,7027.7,USD,Yes
AGS-0015,VectorValve Fabrication,Mexico,Product,BRG,AUR-BRG-00723,Industrial Bearing Series 103,Northstar OEM,3,1,64,7169.43,USD,Yes
AGS-0049,PrimeFlow Cable Systems,Italy,Product,INS,AUR-INS-00724,Pressure Instrument Series 104,Northstar OEM,1,5,57,702.62,USD,Yes
AGS-0015,VectorValve Fabrication,Mexico,Product,INS,AUR-INS-00724,Pressure Instrument Series 104,Global Standard,2,1,69,586.97,USD,Yes
AGS-0080,NorthForge Process Equipment,Singapore,Product,INS,AUR-INS-00724,Pressure Instrument Series 104,Vector Industrial,3,1,35,695.02,USD,Yes
AGS-0056,PrimeFlow Heat Transfer,Singapore,Product,MTR,AUR-MTR-00725,Electric Motor Series 105,Northstar OEM,1,1,10,2324.93,USD,Yes
AGS-0016,VectorValve Process Equipment,Italy,Product,MTR,AUR-MTR-00725,Electric Motor Series 105,Prime Process,2,1,34,2521.35,USD,Yes
AGS-0071,NorthForge Bearing Works,Singapore,Product,MTR,AUR-MTR-00725,Electric Motor Series 105,Aurelius OEM,3,1,70,2448.58,USD,Yes
AGS-0007,VectorValve Bearing Works,Italy,Product,MTR,AUR-MTR-00725,Electric Motor Series 105,Aurelius OEM,4,1,69,2409.66,USD,Yes
AGS-0063,PrimeFlow Process Instruments,Mexico,Product,SEA,AUR-SEA-00726,Mechanical Seal Series 106,Vector Industrial,1,1,46,1677.93,USD,Yes
AGS-0046,PrimeFlow Fasteners,Italy,Product,SEA,AUR-SEA-00726,Mechanical Seal Series 106,Northstar OEM,2,2,55,1479.59,USD,Yes
AGS-0008,VectorValve Hydraulics,Singapore,Product,SEA,AUR-SEA-00726,Mechanical Seal Series 106,Global Standard,3,1,26,1253.77,USD,Yes
AGS-0073,NorthForge Actuation,Italy,Product,SEA,AUR-SEA-00726,Mechanical Seal Series 106,Vector Industrial,4,2,62,1621.43,USD,Yes
AGS-0070,NorthForge Systems,Italy,Product,FLT,AUR-FLT-00727,Process Filter Series 107,Vector Industrial,1,2,49,3562.7,USD,Yes
AGS-0078,NorthForge Fasteners,Mexico,Product,FLT,AUR-FLT-00727,Process Filter Series 107,Aurelius OEM,2,5,39,3026.6,USD,Yes
AGS-0023,VectorValve Industrial Plastics,Singapore,Product,FLT,AUR-FLT-00727,Process Filter Series 107,Prime Process,3,5,29,3166.09,USD,Yes
AGS-0077,NorthForge Controls,Singapore,Product,ACT,AUR-ACT-00728,Valve Actuator Series 108,Prime Process,1,1,24,4994.45,USD,Yes
AGS-0004,VectorValve Industries,Italy,Product,ACT,AUR-ACT-00728,Valve Actuator Series 108,Aurelius OEM,2,5,32,4000.15,USD,Yes
AGS-0085,NorthForge Marine Components,Italy,Product,GSK,AUR-GSK-00729,Industrial Gasket Series 109,Vector Industrial,1,1,37,6636.05,USD,Yes
AGS-0003,VectorValve Pumps,Mexico,Product,GSK,AUR-GSK-00729,Industrial Gasket Series 109,Prime Process,2,1,70,6963.85,USD,Yes
AGS-0014,VectorValve Fasteners,Singapore,Product,GSK,AUR-GSK-00729,Industrial Gasket Series 109,Aurelius OEM,3,2,57,8544.76,USD,Yes
AGS-0007,VectorValve Bearing Works,Italy,Product,HOS,AUR-HOS-00730,Hydraulic Hose Series 110,Vector Industrial,1,5,7,559.83,USD,Yes
AGS-0064,PrimeFlow Specialty Alloys,Italy,Product,HOS,AUR-HOS-00730,Hydraulic Hose Series 110,Aurelius OEM,2,5,49,639.06,USD,Yes
AGS-0076,NorthForge Electric,Italy,Product,HOS,AUR-HOS-00730,Hydraulic Hose Series 110,Aurelius OEM,3,1,74,718.73,USD,Yes
AGS-0014,VectorValve Fasteners,Singapore,Product,FIT,AUR-FIT-00731,Pipe Fitting Series 111,Vector Industrial,1,1,44,5767.95,USD,Yes
AGS-0016,VectorValve Process Equipment,Italy,Product,FIT,AUR-FIT-00731,Pipe Fitting Series 111,Northstar OEM,2,2,56,5542.12,USD,Yes
AGS-0022,VectorValve Compressor Parts,Italy,Product,FIT,AUR-FIT-00731,Pipe Fitting Series 111,Prime Process,3,2,26,6354.87,USD,Yes
AGS-0021,VectorValve Marine Components,Mexico,Product,CAB,AUR-CAB-00732,Instrumentation Cable Series 112,Northstar OEM,1,1,31,980.18,USD,Yes
AGS-0032,VectorValve Specialty Alloys,Singapore,Product,CAB,AUR-CAB-00732,Instrumentation Cable Series 112,Northstar OEM,2,2,15,1199.59,USD,Yes
AGS-0028,VectorValve Hose & Fittings,Italy,Product,SEN,AUR-SEN-00733,Process Sensor Series 113,Global Standard,1,1,17,356.16,USD,Yes
AGS-0082,NorthForge Filter Technologies,Italy,Product,SEN,AUR-SEN-00733,Process Sensor Series 113,Vector Industrial,2,1,57,407.74,USD,Yes
AGS-0019,VectorValve Safety Supply,Italy,Product,SEN,AUR-SEN-00733,Process Sensor Series 113,Global Standard,3,5,62,384.14,USD,Yes
AGS-0035,PrimeFlow Pumps,Singapore,Product,CMP,AUR-CMP-00734,Compressor Component Series 114,Global Standard,1,5,69,9617.87,USD,Yes
AGS-0053,PrimeFlow Marine Components,Singapore,Product,CMP,AUR-CMP-00734,Compressor Component Series 114,Aurelius OEM,2,1,51,10289.28,USD,Yes
AGS-0034,PrimeFlow Components,Italy,Product,CMP,AUR-CMP-00734,Compressor Component Series 114,Aurelius OEM,3,5,34,8782.79,USD,Yes
AGS-0042,PrimeFlow Technologies,Mexico,Product,SAF,AUR-SAF-00735,Safety Equipment Series 115,Global Standard,1,1,52,2526.8,USD,Yes
AGS-0062,PrimeFlow Mechanical Supply,Singapore,Product,SAF,AUR-SAF-00735,Safety Equipment Series 115,Vector Industrial,2,5,46,1947.14,USD,Yes
AGS-0064,PrimeFlow Specialty Alloys,Italy,Product,SAF,AUR-SAF-00735,Safety Equipment Series 115,Vector Industrial,3,2,49,2045.6,USD,Yes
AGS-0070,NorthForge Systems,Italy,Product,SAF,AUR-SAF-00735,Safety Equipment Series 115,Aurelius OEM,4,1,79,2327.81,USD,Yes
AGS-0049,PrimeFlow Cable Systems,Italy,Product,PLC,AUR-PLC-00736,Automation Controller Series 116,Global Standard,1,1,43,1485.64,USD,Yes
AGS-0065,NorthForge Manufacturing,Singapore,Product,PLC,AUR-PLC-00736,Automation Controller Series 116,Global Standard,2,2,57,1387.59,USD,Yes
AGS-0056,PrimeFlow Heat Transfer,Singapore,Product,DRV,AUR-DRV-00737,Variable Frequency Drive Series 117,Northstar OEM,1,1,43,4878.82,USD,Yes
AGS-0006,VectorValve Systems,Mexico,Product,DRV,AUR-DRV-00737,Variable Frequency Drive Series 117,Northstar OEM,2,2,61,5464.45,USD,Yes
AGS-0064,PrimeFlow Specialty Alloys,Italy,Product,HEX,AUR-HEX-00738,Heat Exchanger Part Series 118,Prime Process,1,5,41,7324.39,USD,Yes
AGS-0076,NorthForge Electric,Italy,Product,HEX,AUR-HEX-00738,Heat Exchanger Part Series 118,Prime Process,2,2,45,7615.83,USD,Yes
AGS-0071,NorthForge Bearing Works,Singapore,Product,LUB,AUR-LUB-00739,Industrial Lubrication Series 119,Aurelius OEM,1,1,42,5544.03,USD,Yes
AGS-0022,VectorValve Compressor Parts,Italy,Product,LUB,AUR-LUB-00739,Industrial Lubrication Series 119,Northstar OEM,2,1,37,6586.82,USD,Yes
AGS-0082,NorthForge Filter Technologies,Italy,Product,LUB,AUR-LUB-00739,Industrial Lubrication Series 119,Global Standard,3,1,46,6718.39,USD,Yes
AGS-0078,NorthForge Fasteners,Mexico,Product,TOL,AUR-TOL-00740,Specialty Tooling Series 120,Vector Industrial,1,5,50,4179.52,USD,Yes
AGS-0007,VectorValve Bearing Works,Italy,Product,TOL,AUR-TOL-00740,Specialty Tooling Series 120,Northstar OEM,2,5,21,4637.52,USD,Yes
AGS-0072,NorthForge Hydraulics,Mexico,Product,TOL,AUR-TOL-00740,Specialty Tooling Series 120,Prime Process,3,1,44,5403.85,USD,Yes
AGS-0085,NorthForge Marine Components,Italy,Product,PMP,AUR-PMP-00741,Centrifugal Pump Series 121,Aurelius OEM,1,1,21,15926.67,USD,Yes
AGS-0048,PrimeFlow Process Equipment,Mexico,Product,PMP,AUR-PMP-00741,Centrifugal Pump Series 121,Northstar OEM,2,1,37,15557.71,USD,Yes
AGS-0041,PrimeFlow Actuation,Singapore,Product,PMP,AUR-PMP-00741,Centrifugal Pump Series 121,Aurelius OEM,3,5,73,17139.82,USD,Yes
AGS-0007,VectorValve Bearing Works,Italy,Product,VLV,AUR-VLV-00742,Control Valve Series 122,Global Standard,1,1,16,380.48,USD,Yes
AGS-0004,VectorValve Industries,Italy,Product,VLV,AUR-VLV-00742,Control Valve Series 122,Northstar OEM,2,1,37,387.39,USD,Yes
AGS-0043,PrimeFlow Gasket & Seal,Italy,Product,VLV,AUR-VLV-00742,Control Valve Series 122,Vector Industrial,3,1,77,449.9,USD,Yes
AGS-0014,VectorValve Fasteners,Singapore,Product,BRG,AUR-BRG-00743,Industrial Bearing Series 123,Vector Industrial,1,1,30,1477.28,USD,Yes
AGS-0012,VectorValve Electric,Mexico,Product,BRG,AUR-BRG-00743,Industrial Bearing Series 123,Prime Process,2,1,62,1498.96,USD,Yes
AGS-0021,VectorValve Marine Components,Mexico,Product,INS,AUR-INS-00744,Pressure Instrument Series 124,Northstar OEM,1,2,58,4094.61,USD,Yes
AGS-0066,NorthForge Components,Mexico,Product,INS,AUR-INS-00744,Pressure Instrument Series 124,Aurelius OEM,2,5,49,4308.98,USD,Yes
AGS-0085,NorthForge Marine Components,Italy,Product,INS,AUR-INS-00744,Pressure Instrument Series 124,Vector Industrial,3,1,47,4132.06,USD,Yes
AGS-0028,VectorValve Hose & Fittings,Italy,Product,MTR,AUR-MTR-00745,Electric Motor Series 125,Aurelius OEM,1,5,50,17681.62,USD,Yes
AGS-0007,VectorValve Bearing Works,Italy,Product,MTR,AUR-MTR-00745,Electric Motor Series 125,Prime Process,2,1,39,16969.2,USD,Yes
AGS-0082,NorthForge Filter Technologies,Italy,Product,MTR,AUR-MTR-00745,Electric Motor Series 125,Prime Process,3,2,27,19687.07,USD,Yes
AGS-0037,PrimeFlow Instrumentation,Italy,Product,MTR,AUR-MTR-00745,Electric Motor Series 125,Aurelius OEM,4,2,76,17309.26,USD,Yes
AGS-0035,PrimeFlow Pumps,Singapore,Product,SEA,AUR-SEA-00746,Mechanical Seal Series 126,Prime Process,1,5,46,4232.62,USD,Yes
AGS-0045,PrimeFlow Controls,Mexico,Product,SEA,AUR-SEA-00746,Mechanical Seal Series 126,Prime Process,2,1,48,4266.31,USD,Yes
AGS-0055,PrimeFlow Industrial Plastics,Italy,Product,SEA,AUR-SEA-00746,Mechanical Seal Series 126,Vector Industrial,3,1,26,4266.86,USD,Yes
AGS-0043,PrimeFlow Gasket & Seal,Italy,Product,FLT,AUR-FLT-00747,Process Filter Series 127,Global Standard,1,5,55,2182.35,USD,Yes
AGS-0026,VectorValve Sensor Labs,Singapore,Product,FLT,AUR-FLT-00747,Process Filter Series 127,Northstar OEM,2,1,44,1872.36,USD,Yes
AGS-0050,PrimeFlow Filter Technologies,Singapore,Product,ACT,AUR-ACT-00748,Valve Actuator Series 128,Vector Industrial,1,2,46,2157.42,USD,Yes
AGS-0004,VectorValve Industries,Italy,Product,ACT,AUR-ACT-00748,Valve Actuator Series 128,Global Standard,2,2,12,1922.14,USD,Yes
AGS-0057,PrimeFlow Valve Automation,Mexico,Product,GSK,AUR-GSK-00749,Industrial Gasket Series 129,Aurelius OEM,1,1,48,1980.19,USD,Yes
AGS-0062,PrimeFlow Mechanical Supply,Singapore,Product,GSK,AUR-GSK-00749,Industrial Gasket Series 129,Prime Process,2,2,58,1510.23,USD,Yes
AGS-0060,PrimeFlow Hose & Fittings,Mexico,Product,GSK,AUR-GSK-00749,Industrial Gasket Series 129,Northstar OEM,3,1,76,1769.9,USD,Yes
AGS-0050,PrimeFlow Filter Technologies,Singapore,Product,GSK,AUR-GSK-00749,Industrial Gasket Series 129,Northstar OEM,4,1,35,1711.17,USD,Yes
AGS-0064,PrimeFlow Specialty Alloys,Italy,Product,HOS,AUR-HOS-00750,Hydraulic Hose Series 130,Aurelius OEM,1,2,63,7496.57,USD,Yes
AGS-0067,NorthForge Pumps,Italy,Product,HOS,AUR-HOS-00750,Hydraulic Hose Series 130,Vector Industrial,2,1,63,8376.97,USD,Yes
AGS-0071,NorthForge Bearing Works,Singapore,Product,FIT,AUR-FIT-00751,Pipe Fitting Series 131,Northstar OEM,1,1,38,1220.73,USD,Yes
AGS-0026,VectorValve Sensor Labs,Singapore,Product,FIT,AUR-FIT-00751,Pipe Fitting Series 131,Global Standard,2,1,35,1201.52,USD,Yes
AGS-0078,NorthForge Fasteners,Mexico,Product,CAB,AUR-CAB-00752,Instrumentation Cable Series 132,Vector Industrial,1,1,57,966.92,USD,Yes
AGS-0072,NorthForge Hydraulics,Mexico,Product,CAB,AUR-CAB-00752,Instrumentation Cable Series 132,Northstar OEM,2,1,21,1276.85,USD,Yes
AGS-0085,NorthForge Marine Components,Italy,Product,SEN,AUR-SEN-00753,Process Sensor Series 133,Global Standard,1,2,40,1970.3,USD,Yes
AGS-0012,VectorValve Electric,Mexico,Product,SEN,AUR-SEN-00753,Process Sensor Series 133,Global Standard,2,1,70,2378.23,USD,Yes
AGS-0081,NorthForge Cable Systems,Mexico,Product,SEN,AUR-SEN-00753,Process Sensor Series 133,Aurelius OEM,3,1,37,2394.78,USD,Yes
AGS-0074,NorthForge Technologies,Singapore,Product,SEN,AUR-SEN-00753,Process Sensor Series 133,Prime Process,4,1,16,1969.03,USD,Yes
AGS-0007,VectorValve Bearing Works,Italy,Product,CMP,AUR-CMP-00754,Compressor Component Series 134,Vector Industrial,1,1,68,16561.78,USD,Yes
AGS-0032,VectorValve Specialty Alloys,Singapore,Product,CMP,AUR-CMP-00754,Compressor Component Series 134,Global Standard,2,1,32,20216.34,USD,Yes
AGS-0021,VectorValve Marine Components,Mexico,Product,CMP,AUR-CMP-00754,Compressor Component Series 134,Global Standard,3,2,11,18451.59,USD,Yes
AGS-0014,VectorValve Fasteners,Singapore,Product,SAF,AUR-SAF-00755,Safety Equipment Series 135,Aurelius OEM,1,1,15,1454.75,USD,Yes
AGS-0065,NorthForge Manufacturing,Singapore,Product,SAF,AUR-SAF-00755,Safety Equipment Series 135,Vector Industrial,2,1,60,1205.64,USD,Yes
AGS-0017,VectorValve Cable Systems,Singapore,Product,SAF,AUR-SAF-00755,Safety Equipment Series 135,Aurelius OEM,3,1,53,1372.52,USD,Yes
AGS-0022,VectorValve Compressor Parts,Italy,Product,PLC,AUR-PLC-00756,Automation Controller Series 136,Aurelius OEM,1,5,23,4033.06,USD,Yes
AGS-0047,PrimeFlow Fabrication,Singapore,Product,PLC,AUR-PLC-00756,Automation Controller Series 136,Aurelius OEM,2,1,22,3755.79,USD,Yes
AGS-0031,VectorValve Process Instruments,Italy,Product,PLC,AUR-PLC-00756,Automation Controller Series 136,Aurelius OEM,3,1,51,3474.72,USD,Yes
AGS-0029,VectorValve Motion Controls,Singapore,Product,DRV,AUR-DRV-00757,Variable Frequency Drive Series 137,Global Standard,1,1,32,2566.51,USD,Yes
AGS-0006,VectorValve Systems,Mexico,Product,DRV,AUR-DRV-00757,Variable Frequency Drive Series 137,Aurelius OEM,2,1,69,2557.87,USD,Yes
AGS-0061,PrimeFlow Motion Controls,Italy,Product,DRV,AUR-DRV-00757,Variable Frequency Drive Series 137,Prime Process,3,1,50,2876.3,USD,Yes
AGS-0008,VectorValve Hydraulics,Singapore,Product,DRV,AUR-DRV-00757,Variable Frequency Drive Series 137,Prime Process,4,1,23,2515.32,USD,Yes
AGS-0036,PrimeFlow Industries,Mexico,Product,HEX,AUR-HEX-00758,Heat Exchanger Part Series 138,Global Standard,1,5,32,27169.78,USD,Yes
AGS-0031,VectorValve Process Instruments,Italy,Product,HEX,AUR-HEX-00758,Heat Exchanger Part Series 138,Global Standard,2,1,48,23252.89,USD,Yes
AGS-0014,VectorValve Fasteners,Singapore,Product,HEX,AUR-HEX-00758,Heat Exchanger Part Series 138,Northstar OEM,3,5,35,27256.93,USD,Yes
AGS-0043,PrimeFlow Gasket & Seal,Italy,Product,LUB,AUR-LUB-00759,Industrial Lubrication Series 139,Vector Industrial,1,5,99,1174.99,USD,Yes
AGS-0037,PrimeFlow Instrumentation,Italy,Product,LUB,AUR-LUB-00759,Industrial Lubrication Series 139,Global Standard,2,1,38,964.01,USD,Yes
AGS-0018,VectorValve Filter Technologies,Mexico,Product,LUB,AUR-LUB-00759,Industrial Lubrication Series 139,Global Standard,3,1,26,1127.38,USD,Yes
AGS-0050,PrimeFlow Filter Technologies,Singapore,Product,TOL,AUR-TOL-00760,Specialty Tooling Series 140,Global Standard,1,1,46,2091.86,USD,Yes
AGS-0082,NorthForge Filter Technologies,Italy,Product,TOL,AUR-TOL-00760,Specialty Tooling Series 140,Vector Industrial,2,5,43,2060.45,USD,Yes
AGS-0057,PrimeFlow Valve Automation,Mexico,Product,TOL,AUR-TOL-00760,Specialty Tooling Series 140,Global Standard,3,1,52,2180.69,USD,Yes
AGS-0003,VectorValve Pumps,Mexico,Product,TOL,AUR-TOL-00760,Specialty Tooling Series 140,Global Standard,4,1,31,1888.33,USD,Yes
AGS-0057,PrimeFlow Valve Automation,Mexico,Product,PMP,AUR-PMP-00761,Centrifugal Pump Series 141,Prime Process,1,5,32,16278.23,USD,Yes
AGS-0036,PrimeFlow Industries,Mexico,Product,PMP,AUR-PMP-00761,Centrifugal Pump Series 141,Prime Process,2,2,60,17682.89,USD,Yes
AGS-0064,PrimeFlow Specialty Alloys,Italy,Product,VLV,AUR-VLV-00762,Control Valve Series 142,Vector Industrial,1,2,33,5350.82,USD,Yes
AGS-0075,NorthForge Gasket & Seal,Mexico,Product,VLV,AUR-VLV-00762,Control Valve Series 142,Prime Process,2,5,70,4648.68,USD,Yes
AGS-0031,VectorValve Process Instruments,Italy,Product,VLV,AUR-VLV-00762,Control Valve Series 142,Prime Process,3,5,60,5116.65,USD,Yes
AGS-0044,PrimeFlow Electric,Singapore,Product,VLV,AUR-VLV-00762,Control Valve Series 142,Prime Process,4,5,51,4668.96,USD,Yes
AGS-0071,NorthForge Bearing Works,Singapore,Product,BRG,AUR-BRG-00763,Industrial Bearing Series 143,Prime Process,1,1,37,2962.2,USD,Yes
AGS-0082,NorthForge Filter Technologies,Italy,Product,BRG,AUR-BRG-00763,Industrial Bearing Series 143,Aurelius OEM,2,1,25,3339.55,USD,Yes
AGS-0078,NorthForge Fasteners,Mexico,Product,INS,AUR-INS-00764,Pressure Instrument Series 144,Aurelius OEM,1,1,34,1082.21,USD,Yes
AGS-0047,PrimeFlow Fabrication,Singapore,Product,INS,AUR-INS-00764,Pressure Instrument Series 144,Global Standard,2,1,57,1389.78,USD,Yes
AGS-0030,VectorValve Mechanical Supply,Mexico,Product,INS,AUR-INS-00764,Pressure Instrument Series 144,Aurelius OEM,3,1,35,1175.67,USD,Yes
AGS-0001,VectorValve Manufacturing,Italy,Product,MTR,AUR-MTR-00765,Electric Motor Series 145,Northstar OEM,1,5,55,8064.41,USD,Yes
AGS-0073,NorthForge Actuation,Italy,Product,MTR,AUR-MTR-00765,Electric Motor Series 145,Global Standard,2,1,52,9104.55,USD,Yes
AGS-0041,PrimeFlow Actuation,Singapore,Product,MTR,AUR-MTR-00765,Electric Motor Series 145,Aurelius OEM,3,5,39,7947.98,USD,Yes
AGS-0008,VectorValve Hydraulics,Singapore,Product,SEA,AUR-SEA-00766,Mechanical Seal Series 146,Prime Process,1,1,46,4759.54,USD,Yes
AGS-0085,NorthForge Marine Components,Italy,Product,SEA,AUR-SEA-00766,Mechanical Seal Series 146,Aurelius OEM,2,1,57,4856.71,USD,Yes
AGS-0015,VectorValve Fabrication,Mexico,Product,FLT,AUR-FLT-00767,Process Filter Series 147,Prime Process,1,1,47,7482.4,USD,Yes
AGS-0019,VectorValve Safety Supply,Italy,Product,FLT,AUR-FLT-00767,Process Filter Series 147,Aurelius OEM,2,1,81,7769.55,USD,Yes
AGS-0076,NorthForge Electric,Italy,Product,FLT,AUR-FLT-00767,Process Filter Series 147,Northstar OEM,3,2,29,8417.91,USD,Yes
AGS-0022,VectorValve Compressor Parts,Italy,Product,ACT,AUR-ACT-00768,Valve Actuator Series 148,Vector Industrial,1,1,31,8367.6,USD,Yes
AGS-0053,PrimeFlow Marine Components,Singapore,Product,ACT,AUR-ACT-00768,Valve Actuator Series 148,Vector Industrial,2,5,68,7712.82,USD,Yes
AGS-0028,VectorValve Hose & Fittings,Italy,Product,ACT,AUR-ACT-00768,Valve Actuator Series 148,Prime Process,3,1,52,6661.21,USD,Yes
AGS-0029,VectorValve Motion Controls,Singapore,Product,GSK,AUR-GSK-00769,Industrial Gasket Series 149,Vector Industrial,1,5,54,1073.1,USD,Yes
AGS-0009,VectorValve Actuation,Mexico,Product,GSK,AUR-GSK-00769,Industrial Gasket Series 149,Aurelius OEM,2,2,48,1083.69,USD,Yes
AGS-0019,VectorValve Safety Supply,Italy,Product,GSK,AUR-GSK-00769,Industrial Gasket Series 149,Vector Industrial,3,2,47,1095.19,USD,Yes
AGS-0036,PrimeFlow Industries,Mexico,Product,HOS,AUR-HOS-00770,Hydraulic Hose Series 150,Vector Industrial,1,1,34,10359.51,USD,Yes
AGS-0001,VectorValve Manufacturing,Italy,Product,HOS,AUR-HOS-00770,Hydraulic Hose Series 150,Vector Industrial,2,5,64,8853.09,USD,Yes
AGS-0061,PrimeFlow Motion Controls,Italy,Product,HOS,AUR-HOS-00770,Hydraulic Hose Series 150,Prime Process,3,1,58,9712.79,USD,Yes
AGS-0069,NorthForge Instrumentation,Mexico,Product,HOS,AUR-HOS-00770,Hydraulic Hose Series 150,Prime Process,4,5,84,8543.35,USD,Yes
AGS-0043,PrimeFlow Gasket & Seal,Italy,Product,FIT,AUR-FIT-00771,Pipe Fitting Series 151,Northstar OEM,1,5,66,5282.38,USD,Yes
AGS-0044,PrimeFlow Electric,Singapore,Product,FIT,AUR-FIT-00771,Pipe Fitting Series 151,Prime Process,2,1,79,4120.37,USD,Yes
AGS-0069,NorthForge Instrumentation,Mexico,Product,FIT,AUR-FIT-00771,Pipe Fitting Series 151,Vector Industrial,3,1,63,4755.04,USD,Yes
AGS-0050,PrimeFlow Filter Technologies,Singapore,Product,CAB,AUR-CAB-00772,Instrumentation Cable Series 152,Aurelius OEM,1,1,53,6451.13,USD,Yes
AGS-0010,VectorValve Technologies,Italy,Product,CAB,AUR-CAB-00772,Instrumentation Cable Series 152,Aurelius OEM,2,2,42,6423.66,USD,Yes
AGS-0055,PrimeFlow Industrial Plastics,Italy,Product,CAB,AUR-CAB-00772,Instrumentation Cable Series 152,Prime Process,3,5,31,5844.2,USD,Yes
AGS-0057,PrimeFlow Valve Automation,Mexico,Product,SEN,AUR-SEN-00773,Process Sensor Series 153,Northstar OEM,1,2,50,1797.39,USD,Yes
AGS-0058,PrimeFlow Sensor Labs,Italy,Product,SEN,AUR-SEN-00773,Process Sensor Series 153,Aurelius OEM,2,1,49,1664.79,USD,Yes
AGS-0011,VectorValve Gasket & Seal,Singapore,Product,SEN,AUR-SEN-00773,Process Sensor Series 153,Global Standard,3,1,48,1767.26,USD,Yes
AGS-0060,PrimeFlow Hose & Fittings,Mexico,Product,SEN,AUR-SEN-00773,Process Sensor Series 153,Prime Process,4,2,47,1685.06,USD,Yes
AGS-0065,NorthForge Manufacturing,Singapore,Product,CMP,AUR-CMP-00774,Compressor Component Series 154,Northstar OEM,1,1,46,14397.32,USD,Yes
AGS-0070,NorthForge Systems,Italy,Product,CMP,AUR-CMP-00774,Compressor Component Series 154,Northstar OEM,2,5,26,13869.24,USD,Yes
AGS-0072,NorthForge Hydraulics,Mexico,Product,SAF,AUR-SAF-00775,Safety Equipment Series 155,Prime Process,1,1,19,5112.72,USD,Yes
AGS-0070,NorthForge Systems,Italy,Product,SAF,AUR-SAF-00775,Safety Equipment Series 155,Prime Process,2,1,62,5063.39,USD,Yes
AGS-0050,PrimeFlow Filter Technologies,Singapore,Product,SAF,AUR-SAF-00775,Safety Equipment Series 155,Northstar OEM,3,1,56,5079.83,USD,Yes
AGS-0083,NorthForge Safety Supply,Singapore,Product,SAF,AUR-SAF-00775,Safety Equipment Series 155,Vector Industrial,4,1,55,3826.86,USD,Yes
AGS-0079,NorthForge Fabrication,Italy,Product,PLC,AUR-PLC-00776,Automation Controller Series 156,Aurelius OEM,1,1,47,6824.12,USD,Yes
AGS-0060,PrimeFlow Hose & Fittings,Mexico,Product,PLC,AUR-PLC-00776,Automation Controller Series 156,Aurelius OEM,2,2,30,7012.55,USD,Yes
AGS-0001,VectorValve Manufacturing,Italy,Product,DRV,AUR-DRV-00777,Variable Frequency Drive Series 157,Aurelius OEM,1,5,46,2686.06,USD,Yes
AGS-0062,PrimeFlow Mechanical Supply,Singapore,Product,DRV,AUR-DRV-00777,Variable Frequency Drive Series 157,Global Standard,2,2,68,2346.08,USD,Yes
AGS-0008,VectorValve Hydraulics,Singapore,Product,HEX,AUR-HEX-00778,Heat Exchanger Part Series 158,Global Standard,1,1,34,1847.36,USD,Yes
AGS-0064,PrimeFlow Specialty Alloys,Italy,Product,HEX,AUR-HEX-00778,Heat Exchanger Part Series 158,Prime Process,2,2,42,2145.21,USD,Yes
AGS-0015,VectorValve Fabrication,Mexico,Product,LUB,AUR-LUB-00779,Industrial Lubrication Series 159,Global Standard,1,5,51,3662.8,USD,Yes
AGS-0083,NorthForge Safety Supply,Singapore,Product,LUB,AUR-LUB-00779,Industrial Lubrication Series 159,Vector Industrial,2,1,22,3519.9,USD,Yes
AGS-0022,VectorValve Compressor Parts,Italy,Product,TOL,AUR-TOL-00780,Specialty Tooling Series 160,Northstar OEM,1,1,51,1430.13,USD,Yes
AGS-0065,NorthForge Manufacturing,Singapore,Product,TOL,AUR-TOL-00780,Specialty Tooling Series 160,Northstar OEM,2,1,76,1347.41,USD,Yes
AGS-0029,VectorValve Motion Controls,Singapore,Product,PMP,AUR-PMP-00781,Centrifugal Pump Series 161,Global Standard,1,5,41,6280.77,USD,Yes
AGS-0045,PrimeFlow Controls,Mexico,Product,PMP,AUR-PMP-00781,Centrifugal Pump Series 161,Prime Process,2,2,31,5935.55,USD,Yes
AGS-0049,PrimeFlow Cable Systems,Italy,Product,PMP,AUR-PMP-00781,Centrifugal Pump Series 161,Northstar OEM,3,1,50,7521.89,USD,Yes
AGS-0081,NorthForge Cable Systems,Mexico,Product,PMP,AUR-PMP-00781,Centrifugal Pump Series 161,Global Standard,4,1,36,7278.52,USD,Yes
AGS-0036,PrimeFlow Industries,Mexico,Product,VLV,AUR-VLV-00782,Control Valve Series 162,Aurelius OEM,1,1,26,1159.43,USD,Yes
AGS-0050,PrimeFlow Filter Technologies,Singapore,Product,VLV,AUR-VLV-00782,Control Valve Series 162,Prime Process,2,1,51,1034.41,USD,Yes
AGS-0044,PrimeFlow Electric,Singapore,Product,BRG,AUR-BRG-00783,Industrial Bearing Series 163,Global Standard,1,1,61,8082.93,USD,Yes
AGS-0017,VectorValve Cable Systems,Singapore,Product,BRG,AUR-BRG-00783,Industrial Bearing Series 163,Global Standard,2,1,56,10169.9,USD,Yes
AGS-0072,NorthForge Hydraulics,Mexico,Product,BRG,AUR-BRG-00783,Industrial Bearing Series 163,Vector Industrial,3,1,52,10205.4,USD,Yes
AGS-0051,PrimeFlow Safety Supply,Mexico,Product,INS,AUR-INS-00784,Pressure Instrument Series 164,Aurelius OEM,1,1,25,5743.1,USD,Yes
AGS-0053,PrimeFlow Marine Components,Singapore,Product,INS,AUR-INS-00784,Pressure Instrument Series 164,Northstar OEM,2,1,66,6662.44,USD,Yes
AGS-0058,PrimeFlow Sensor Labs,Italy,Product,MTR,AUR-MTR-00785,Electric Motor Series 165,Vector Industrial,1,1,39,19549.08,USD,Yes
AGS-0040,PrimeFlow Hydraulics,Italy,Product,MTR,AUR-MTR-00785,Electric Motor Series 165,Vector Industrial,2,1,60,16578.68,USD,Yes
AGS-0009,VectorValve Actuation,Mexico,Product,MTR,AUR-MTR-00785,Electric Motor Series 165,Prime Process,3,2,49,19185.65,USD,Yes
AGS-0065,NorthForge Manufacturing,Singapore,Product,SEA,AUR-SEA-00786,Mechanical Seal Series 166,Aurelius OEM,1,1,50,5156.03,USD,Yes
AGS-0014,VectorValve Fasteners,Singapore,Product,SEA,AUR-SEA-00786,Mechanical Seal Series 166,Aurelius OEM,2,1,45,5546.33,USD,Yes
AGS-0008,VectorValve Hydraulics,Singapore,Product,SEA,AUR-SEA-00786,Mechanical Seal Series 166,Northstar OEM,3,5,12,4256.82,USD,Yes
AGS-0072,NorthForge Hydraulics,Mexico,Product,FLT,AUR-FLT-00787,Process Filter Series 167,Vector Industrial,1,2,47,3862.73,USD,Yes
AGS-0030,VectorValve Mechanical Supply,Mexico,Product,FLT,AUR-FLT-00787,Process Filter Series 167,Aurelius OEM,2,2,46,3561.95,USD,Yes
AGS-0079,NorthForge Fabrication,Italy,Product,ACT,AUR-ACT-00788,Valve Actuator Series 168,Aurelius OEM,1,1,86,4679.83,USD,Yes
AGS-0033,PrimeFlow Manufacturing,Mexico,Product,ACT,AUR-ACT-00788,Valve Actuator Series 168,Global Standard,2,1,90,5516.82,USD,Yes
AGS-0005,VectorValve Instrumentation,Singapore,Product,ACT,AUR-ACT-00788,Valve Actuator Series 168,Vector Industrial,3,1,61,4892.79,USD,Yes
AGS-0042,PrimeFlow Technologies,Mexico,Product,ACT,AUR-ACT-00788,Valve Actuator Series 168,Vector Industrial,4,1,13,5660.74,USD,Yes
AGS-0001,VectorValve Manufacturing,Italy,Product,GSK,AUR-GSK-00789,Industrial Gasket Series 169,Northstar OEM,1,5,51,2789.9,USD,Yes
AGS-0031,VectorValve Process Instruments,Italy,Product,GSK,AUR-GSK-00789,Industrial Gasket Series 169,Vector Industrial,2,1,42,3065.18,USD,Yes
AGS-0067,NorthForge Pumps,Italy,Product,GSK,AUR-GSK-00789,Industrial Gasket Series 169,Aurelius OEM,3,1,68,3162.9,USD,Yes
AGS-0008,VectorValve Hydraulics,Singapore,Product,HOS,AUR-HOS-00790,Hydraulic Hose Series 170,Prime Process,1,1,31,435.11,USD,Yes
AGS-0068,NorthForge Industries,Singapore,Product,HOS,AUR-HOS-00790,Hydraulic Hose Series 170,Northstar OEM,2,1,47,390.68,USD,Yes
AGS-0015,VectorValve Fabrication,Mexico,Product,FIT,AUR-FIT-00791,Pipe Fitting Series 171,Prime Process,1,1,42,3116.05,USD,Yes
AGS-0054,PrimeFlow Compressor Parts,Mexico,Product,FIT,AUR-FIT-00791,Pipe Fitting Series 171,Aurelius OEM,2,1,51,3400.17,USD,Yes
AGS-0023,VectorValve Industrial Plastics,Singapore,Product,CAB,AUR-CAB-00792,Instrumentation Cable Series 172,Global Standard,1,5,36,4247.18,USD,Yes
AGS-0046,PrimeFlow Fasteners,Italy,Product,CAB,AUR-CAB-00792,Instrumentation Cable Series 172,Northstar OEM,2,1,45,4947.67,USD,Yes
AGS-0073,NorthForge Actuation,Italy,Product,CAB,AUR-CAB-00792,Instrumentation Cable Series 172,Global Standard,3,5,45,5437.12,USD,Yes
AGS-0030,VectorValve Mechanical Supply,Mexico,Product,SEN,AUR-SEN-00793,Process Sensor Series 173,Northstar OEM,1,1,45,7142.89,USD,Yes
AGS-0054,PrimeFlow Compressor Parts,Mexico,Product,SEN,AUR-SEN-00793,Process Sensor Series 173,Northstar OEM,2,2,53,8116.88,USD,Yes
AGS-0037,PrimeFlow Instrumentation,Italy,Product,CMP,AUR-CMP-00794,Compressor Component Series 174,Prime Process,1,2,32,15062.02,USD,Yes
AGS-0055,PrimeFlow Industrial Plastics,Italy,Product,CMP,AUR-CMP-00794,Compressor Component Series 174,Northstar OEM,2,1,14,15002.4,USD,Yes
AGS-0056,PrimeFlow Heat Transfer,Singapore,Product,CMP,AUR-CMP-00794,Compressor Component Series 174,Aurelius OEM,3,1,58,15146.83,USD,Yes
AGS-0044,PrimeFlow Electric,Singapore,Product,SAF,AUR-SAF-00795,Safety Equipment Series 175,Aurelius OEM,1,1,50,4584.83,USD,Yes
AGS-0015,VectorValve Fabrication,Mexico,Product,SAF,AUR-SAF-00795,Safety Equipment Series 175,Prime Process,2,5,63,5339.49,USD,Yes
AGS-0051,PrimeFlow Safety Supply,Mexico,Product,PLC,AUR-PLC-00796,Automation Controller Series 176,Prime Process,1,1,30,6329.06,USD,Yes
AGS-0064,PrimeFlow Specialty Alloys,Italy,Product,PLC,AUR-PLC-00796,Automation Controller Series 176,Global Standard,2,2,28,6797.64,USD,Yes
AGS-0027,VectorValve Technical Metals,Mexico,Product,PLC,AUR-PLC-00796,Automation Controller Series 176,Vector Industrial,3,1,27,6175.56,USD,Yes
AGS-0058,PrimeFlow Sensor Labs,Italy,Product,DRV,AUR-DRV-00797,Variable Frequency Drive Series 177,Vector Industrial,1,1,29,385.0,USD,Yes
AGS-0076,NorthForge Electric,Italy,Product,DRV,AUR-DRV-00797,Variable Frequency Drive Series 177,Northstar OEM,2,5,68,382.71,USD,Yes
AGS-0065,NorthForge Manufacturing,Singapore,Product,HEX,AUR-HEX-00798,Heat Exchanger Part Series 178,Global Standard,1,2,36,1695.78,USD,Yes
AGS-0080,NorthForge Process Equipment,Singapore,Product,HEX,AUR-HEX-00798,Heat Exchanger Part Series 178,Northstar OEM,2,1,29,1754.08,USD,Yes
AGS-0076,NorthForge Electric,Italy,Product,HEX,AUR-HEX-00798,Heat Exchanger Part Series 178,Prime Process,3,2,42,1962.01,USD,Yes
AGS-0002,VectorValve Components,Singapore,Product,HEX,AUR-HEX-00798,Heat Exchanger Part Series 178,Global Standard,4,5,19,1914.76,USD,Yes
AGS-0072,NorthForge Hydraulics,Mexico,Product,LUB,AUR-LUB-00799,Industrial Lubrication Series 179,Northstar OEM,1,1,65,5075.13,USD,Yes
AGS-0070,NorthForge Systems,Italy,Product,LUB,AUR-LUB-00799,Industrial Lubrication Series 179,Vector Industrial,2,1,90,5053.26,USD,Yes
AGS-0029,VectorValve Motion Controls,Singapore,Product,LUB,AUR-LUB-00799,Industrial Lubrication Series 179,Northstar OEM,3,5,49,4634.42,USD,Yes
AGS-0041,PrimeFlow Actuation,Singapore,Product,LUB,AUR-LUB-00799,Industrial Lubrication Series 179,Global Standard,4,2,21,4468.78,USD,Yes
AGS-0079,NorthForge Fabrication,Italy,Product,TOL,AUR-TOL-00800,Specialty Tooling Series 180,Global Standard,1,2,40,1091.59,USD,Yes
AGS-0063,PrimeFlow Process Instruments,Mexico,Product,TOL,AUR-TOL-00800,Specialty Tooling Series 180,Aurelius OEM,2,1,69,1219.21,USD,Yes
AGS-0078,NorthForge Fasteners,Mexico,Product,TOL,AUR-TOL-00800,Specialty Tooling Series 180,Aurelius OEM,3,5,50,949.97,USD,Yes
AGS-0001,VectorValve Manufacturing,Italy,Service,Inspection,SRV-001-01,QA/QC Inspection & Certification,Service Capability,1,1,28,750.17,USD,Yes
AGS-0001,VectorValve Manufacturing,Italy,Service,Engineering,SRV-001-02,Application Engineering Support,Service Capability,1,1,18,4455.68,USD,Yes
AGS-0001,VectorValve Manufacturing,Italy,Service,Repair,SRV-001-03,Pump / Valve Repair Service,Service Capability,1,1,17,10178.8,USD,Yes
AGS-0001,VectorValve Manufacturing,Italy,Service,Commissioning,SRV-001-04,Installation & Commissioning Support,Service Capability,1,1,11,6073.19,USD,Yes
AGS-0002,VectorValve Components,Singapore,Service,Calibration,SRV-002-01,Instrumentation Calibration,Service Capability,1,1,4,9274.61,USD,Yes
AGS-0002,VectorValve Components,Singapore,Service,Expediting,SRV-002-02,Supplier Expediting Service,Service Capability,1,1,22,4246.61,USD,Yes
AGS-0002,VectorValve Components,Singapore,Service,Fabrication,SRV-002-03,Custom Skid / Bracket Fabrication,Service Capability,1,1,14,5351.24,USD,Yes
AGS-0002,VectorValve Components,Singapore,Service,Inspection,SRV-002-04,QA/QC Inspection & Certification,Service Capability,1,1,14,1198.81,USD,Yes
AGS-0002,VectorValve Components,Singapore,Service,Engineering,SRV-002-05,Application Engineering Support,Service Capability,1,1,8,11083.21,USD,Yes
AGS-0003,VectorValve Pumps,Mexico,Service,Field Service,SRV-003-01,Rotating Equipment Field Service,Service Capability,1,1,8,5191.67,USD,Yes
AGS-0003,VectorValve Pumps,Mexico,Service,Logistics,SRV-003-02,International Freight Coordination,Service Capability,1,1,27,10504.01,USD,Yes
AGS-0003,VectorValve Pumps,Mexico,Service,Testing,SRV-003-03,Pressure / Performance Testing,Service Capability,1,1,15,4327.66,USD,Yes
AGS-0003,VectorValve Pumps,Mexico,Service,Calibration,SRV-003-04,Instrumentation Calibration,Service Capability,1,1,20,9774.25,USD,Yes
AGS-0004,VectorValve Industries,Italy,Service,Engineering,SRV-004-01,Application Engineering Support,Service Capability,1,1,32,9135.75,USD,Yes
AGS-0004,VectorValve Industries,Italy,Service,Repair,SRV-004-02,Pump / Valve Repair Service,Service Capability,1,1,32,11818.05,USD,Yes
AGS-0004,VectorValve Industries,Italy,Service,Commissioning,SRV-004-03,Installation & Commissioning Support,Service Capability,1,1,15,4298.41,USD,Yes
AGS-0005,VectorValve Instrumentation,Singapore,Service,Expediting,SRV-005-01,Supplier Expediting Service,Service Capability,1,1,7,1391.03,USD,Yes
AGS-0005,VectorValve Instrumentation,Singapore,Service,Fabrication,SRV-005-02,Custom Skid / Bracket Fabrication,Service Capability,1,1,35,6605.71,USD,Yes
AGS-0005,VectorValve Instrumentation,Singapore,Service,Inspection,SRV-005-03,QA/QC Inspection & Certification,Service Capability,1,1,7,4983.71,USD,Yes
AGS-0005,VectorValve Instrumentation,Singapore,Service,Engineering,SRV-005-04,Application Engineering Support,Service Capability,1,1,7,10623.32,USD,Yes
AGS-0006,VectorValve Systems,Mexico,Service,Logistics,SRV-006-01,International Freight Coordination,Service Capability,1,1,26,1942.4,USD,Yes
AGS-0006,VectorValve Systems,Mexico,Service,Testing,SRV-006-02,Pressure / Performance Testing,Service Capability,1,1,31,9507.07,USD,Yes
AGS-0006,VectorValve Systems,Mexico,Service,Calibration,SRV-006-03,Instrumentation Calibration,Service Capability,1,1,19,2372.1,USD,Yes
AGS-0007,VectorValve Bearing Works,Italy,Service,Repair,SRV-007-01,Pump / Valve Repair Service,Service Capability,1,1,23,6115.67,USD,Yes
AGS-0007,VectorValve Bearing Works,Italy,Service,Commissioning,SRV-007-02,Installation & Commissioning Support,Service Capability,1,1,21,11042.12,USD,Yes
AGS-0007,VectorValve Bearing Works,Italy,Service,Field Service,SRV-007-03,Rotating Equipment Field Service,Service Capability,1,1,29,7674.33,USD,Yes
AGS-0007,VectorValve Bearing Works,Italy,Service,Logistics,SRV-007-04,International Freight Coordination,Service Capability,1,1,16,9181.54,USD,Yes
AGS-0007,VectorValve Bearing Works,Italy,Service,Testing,SRV-007-05,Pressure / Performance Testing,Service Capability,1,1,28,10899.52,USD,Yes
AGS-0008,VectorValve Hydraulics,Singapore,Service,Fabrication,SRV-008-01,Custom Skid / Bracket Fabrication,Service Capability,1,1,12,5604.69,USD,Yes
AGS-0008,VectorValve Hydraulics,Singapore,Service,Inspection,SRV-008-02,QA/QC Inspection & Certification,Service Capability,1,1,6,6772.14,USD,Yes
AGS-0009,VectorValve Actuation,Mexico,Service,Testing,SRV-009-01,Pressure / Performance Testing,Service Capability,1,1,12,8174.62,USD,Yes
AGS-0009,VectorValve Actuation,Mexico,Service,Calibration,SRV-009-02,Instrumentation Calibration,Service Capability,1,1,7,9918.06,USD,Yes
AGS-0009,VectorValve Actuation,Mexico,Service,Expediting,SRV-009-03,Supplier Expediting Service,Service Capability,1,1,34,4851.12,USD,Yes
AGS-0010,VectorValve Technologies,Italy,Service,Commissioning,SRV-010-01,Installation & Commissioning Support,Service Capability,1,1,26,5181.53,USD,Yes
AGS-0010,VectorValve Technologies,Italy,Service,Field Service,SRV-010-02,Rotating Equipment Field Service,Service Capability,1,1,7,1182.17,USD,Yes
AGS-0010,VectorValve Technologies,Italy,Service,Logistics,SRV-010-03,International Freight Coordination,Service Capability,1,1,35,5170.79,USD,Yes
AGS-0010,VectorValve Technologies,Italy,Service,Testing,SRV-010-04,Pressure / Performance Testing,Service Capability,1,1,17,8864.95,USD,Yes
AGS-0011,VectorValve Gasket & Seal,Singapore,Service,Inspection,SRV-011-01,QA/QC Inspection & Certification,Service Capability,1,1,3,5622.4,USD,Yes
AGS-0011,VectorValve Gasket & Seal,Singapore,Service,Engineering,SRV-011-02,Application Engineering Support,Service Capability,1,1,31,4946.03,USD,Yes
AGS-0011,VectorValve Gasket & Seal,Singapore,Service,Repair,SRV-011-03,Pump / Valve Repair Service,Service Capability,1,1,29,8240.37,USD,Yes
AGS-0011,VectorValve Gasket & Seal,Singapore,Service,Commissioning,SRV-011-04,Installation & Commissioning Support,Service Capability,1,1,10,4609.3,USD,Yes
AGS-0012,VectorValve Electric,Mexico,Service,Calibration,SRV-012-01,Instrumentation Calibration,Service Capability,1,1,26,10009.92,USD,Yes
AGS-0012,VectorValve Electric,Mexico,Service,Expediting,SRV-012-02,Supplier Expediting Service,Service Capability,1,1,16,11665.82,USD,Yes
AGS-0013,VectorValve Controls,Italy,Service,Field Service,SRV-013-01,Rotating Equipment Field Service,Service Capability,1,1,16,11155.06,USD,Yes
AGS-0013,VectorValve Controls,Italy,Service,Logistics,SRV-013-02,International Freight Coordination,Service Capability,1,1,31,5291.68,USD,Yes
AGS-0013,VectorValve Controls,Italy,Service,Testing,SRV-013-03,Pressure / Performance Testing,Service Capability,1,1,7,9394.16,USD,Yes
AGS-0014,VectorValve Fasteners,Singapore,Service,Engineering,SRV-014-01,Application Engineering Support,Service Capability,1,1,19,7901.28,USD,Yes
AGS-0014,VectorValve Fasteners,Singapore,Service,Repair,SRV-014-02,Pump / Valve Repair Service,Service Capability,1,1,26,9579.74,USD,Yes
AGS-0014,VectorValve Fasteners,Singapore,Service,Commissioning,SRV-014-03,Installation & Commissioning Support,Service Capability,1,1,28,1923.89,USD,Yes
AGS-0014,VectorValve Fasteners,Singapore,Service,Field Service,SRV-014-04,Rotating Equipment Field Service,Service Capability,1,1,26,2299.03,USD,Yes
AGS-0014,VectorValve Fasteners,Singapore,Service,Logistics,SRV-014-05,International Freight Coordination,Service Capability,1,1,27,7833.79,USD,Yes
AGS-0015,VectorValve Fabrication,Mexico,Service,Expediting,SRV-015-01,Supplier Expediting Service,Service Capability,1,1,9,10157.8,USD,Yes
AGS-0015,VectorValve Fabrication,Mexico,Service,Fabrication,SRV-015-02,Custom Skid / Bracket Fabrication,Service Capability,1,1,4,4528.41,USD,Yes
AGS-0015,VectorValve Fabrication,Mexico,Service,Inspection,SRV-015-03,QA/QC Inspection & Certification,Service Capability,1,1,18,9778.57,USD,Yes
AGS-0015,VectorValve Fabrication,Mexico,Service,Engineering,SRV-015-04,Application Engineering Support,Service Capability,1,1,14,8565.06,USD,Yes
AGS-0015,VectorValve Fabrication,Mexico,Service,Repair,SRV-015-05,Pump / Valve Repair Service,Service Capability,1,1,16,2057.16,USD,Yes
AGS-0016,VectorValve Process Equipment,Italy,Service,Logistics,SRV-016-01,International Freight Coordination,Service Capability,1,1,26,3030.73,USD,Yes
AGS-0016,VectorValve Process Equipment,Italy,Service,Testing,SRV-016-02,Pressure / Performance Testing,Service Capability,1,1,17,4554.75,USD,Yes
AGS-0016,VectorValve Process Equipment,Italy,Service,Calibration,SRV-016-03,Instrumentation Calibration,Service Capability,1,1,20,3533.78,USD,Yes
AGS-0016,VectorValve Process Equipment,Italy,Service,Expediting,SRV-016-04,Supplier Expediting Service,Service Capability,1,1,21,1317.38,USD,Yes
AGS-0016,VectorValve Process Equipment,Italy,Service,Fabrication,SRV-016-05,Custom Skid / Bracket Fabrication,Service Capability,1,1,16,9877.36,USD,Yes
AGS-0017,VectorValve Cable Systems,Singapore,Service,Repair,SRV-017-01,Pump / Valve Repair Service,Service Capability,1,1,8,1942.31,USD,Yes
AGS-0017,VectorValve Cable Systems,Singapore,Service,Commissioning,SRV-017-02,Installation & Commissioning Support,Service Capability,1,1,21,8784.79,USD,Yes
AGS-0018,VectorValve Filter Technologies,Mexico,Service,Fabrication,SRV-018-01,Custom Skid / Bracket Fabrication,Service Capability,1,1,31,1910.51,USD,Yes
AGS-0018,VectorValve Filter Technologies,Mexico,Service,Inspection,SRV-018-02,QA/QC Inspection & Certification,Service Capability,1,1,24,6964.97,USD,Yes
AGS-0018,VectorValve Filter Technologies,Mexico,Service,Engineering,SRV-018-03,Application Engineering Support,Service Capability,1,1,10,9304.81,USD,Yes
AGS-0018,VectorValve Filter Technologies,Mexico,Service,Repair,SRV-018-04,Pump / Valve Repair Service,Service Capability,1,1,28,1265.19,USD,Yes
AGS-0019,VectorValve Safety Supply,Italy,Service,Testing,SRV-019-01,Pressure / Performance Testing,Service Capability,1,1,6,9459.68,USD,Yes
AGS-0019,VectorValve Safety Supply,Italy,Service,Calibration,SRV-019-02,Instrumentation Calibration,Service Capability,1,1,31,11745.93,USD,Yes
AGS-0019,VectorValve Safety Supply,Italy,Service,Expediting,SRV-019-03,Supplier Expediting Service,Service Capability,1,1,25,5497.43,USD,Yes
AGS-0019,VectorValve Safety Supply,Italy,Service,Fabrication,SRV-019-04,Custom Skid / Bracket Fabrication,Service Capability,1,1,28,1991.18,USD,Yes
AGS-0019,VectorValve Safety Supply,Italy,Service,Inspection,SRV-019-05,QA/QC Inspection & Certification,Service Capability,1,1,8,1271.06,USD,Yes
AGS-0020,VectorValve Gearworks,Singapore,Service,Commissioning,SRV-020-01,Installation & Commissioning Support,Service Capability,1,1,15,3185.59,USD,Yes
AGS-0020,VectorValve Gearworks,Singapore,Service,Field Service,SRV-020-02,Rotating Equipment Field Service,Service Capability,1,1,16,10762.3,USD,Yes
AGS-0021,VectorValve Marine Components,Mexico,Service,Inspection,SRV-021-01,QA/QC Inspection & Certification,Service Capability,1,1,18,10133.93,USD,Yes
AGS-0021,VectorValve Marine Components,Mexico,Service,Engineering,SRV-021-02,Application Engineering Support,Service Capability,1,1,20,5172.03,USD,Yes
AGS-0021,VectorValve Marine Components,Mexico,Service,Repair,SRV-021-03,Pump / Valve Repair Service,Service Capability,1,1,3,4398.0,USD,Yes
AGS-0021,VectorValve Marine Components,Mexico,Service,Commissioning,SRV-021-04,Installation & Commissioning Support,Service Capability,1,1,5,10513.54,USD,Yes
AGS-0022,VectorValve Compressor Parts,Italy,Service,Calibration,SRV-022-01,Instrumentation Calibration,Service Capability,1,1,18,4827.09,USD,Yes
AGS-0022,VectorValve Compressor Parts,Italy,Service,Expediting,SRV-022-02,Supplier Expediting Service,Service Capability,1,1,30,4714.8,USD,Yes
AGS-0022,VectorValve Compressor Parts,Italy,Service,Fabrication,SRV-022-03,Custom Skid / Bracket Fabrication,Service Capability,1,1,35,5223.37,USD,Yes
AGS-0022,VectorValve Compressor Parts,Italy,Service,Inspection,SRV-022-04,QA/QC Inspection & Certification,Service Capability,1,1,30,7903.46,USD,Yes
AGS-0023,VectorValve Industrial Plastics,Singapore,Service,Field Service,SRV-023-01,Rotating Equipment Field Service,Service Capability,1,1,19,9012.96,USD,Yes
AGS-0023,VectorValve Industrial Plastics,Singapore,Service,Logistics,SRV-023-02,International Freight Coordination,Service Capability,1,1,6,587.18,USD,Yes
AGS-0023,VectorValve Industrial Plastics,Singapore,Service,Testing,SRV-023-03,Pressure / Performance Testing,Service Capability,1,1,17,10887.88,USD,Yes
AGS-0023,VectorValve Industrial Plastics,Singapore,Service,Calibration,SRV-023-04,Instrumentation Calibration,Service Capability,1,1,10,955.97,USD,Yes
AGS-0023,VectorValve Industrial Plastics,Singapore,Service,Expediting,SRV-023-05,Supplier Expediting Service,Service Capability,1,1,11,7879.66,USD,Yes
AGS-0024,VectorValve Heat Transfer,Mexico,Service,Engineering,SRV-024-01,Application Engineering Support,Service Capability,1,1,28,8289.53,USD,Yes
AGS-0024,VectorValve Heat Transfer,Mexico,Service,Repair,SRV-024-02,Pump / Valve Repair Service,Service Capability,1,1,4,8084.55,USD,Yes
AGS-0024,VectorValve Heat Transfer,Mexico,Service,Commissioning,SRV-024-03,Installation & Commissioning Support,Service Capability,1,1,10,8293.23,USD,Yes
AGS-0025,VectorValve Valve Automation,Italy,Service,Expediting,SRV-025-01,Supplier Expediting Service,Service Capability,1,1,19,4238.68,USD,Yes
AGS-0025,VectorValve Valve Automation,Italy,Service,Fabrication,SRV-025-02,Custom Skid / Bracket Fabrication,Service Capability,1,1,11,4419.03,USD,Yes
AGS-0025,VectorValve Valve Automation,Italy,Service,Inspection,SRV-025-03,QA/QC Inspection & Certification,Service Capability,1,1,13,3780.74,USD,Yes
AGS-0025,VectorValve Valve Automation,Italy,Service,Engineering,SRV-025-04,Application Engineering Support,Service Capability,1,1,27,6766.95,USD,Yes
AGS-0026,VectorValve Sensor Labs,Singapore,Service,Logistics,SRV-026-01,International Freight Coordination,Service Capability,1,1,13,3266.19,USD,Yes
AGS-0026,VectorValve Sensor Labs,Singapore,Service,Testing,SRV-026-02,Pressure / Performance Testing,Service Capability,1,1,14,6726.63,USD,Yes
AGS-0026,VectorValve Sensor Labs,Singapore,Service,Calibration,SRV-026-03,Instrumentation Calibration,Service Capability,1,1,34,5835.74,USD,Yes
AGS-0026,VectorValve Sensor Labs,Singapore,Service,Expediting,SRV-026-04,Supplier Expediting Service,Service Capability,1,1,13,11607.99,USD,Yes
AGS-0027,VectorValve Technical Metals,Mexico,Service,Repair,SRV-027-01,Pump / Valve Repair Service,Service Capability,1,1,8,5034.93,USD,Yes
AGS-0027,VectorValve Technical Metals,Mexico,Service,Commissioning,SRV-027-02,Installation & Commissioning Support,Service Capability,1,1,17,9193.22,USD,Yes
AGS-0028,VectorValve Hose & Fittings,Italy,Service,Fabrication,SRV-028-01,Custom Skid / Bracket Fabrication,Service Capability,1,1,31,6282.0,USD,Yes
AGS-0028,VectorValve Hose & Fittings,Italy,Service,Inspection,SRV-028-02,QA/QC Inspection & Certification,Service Capability,1,1,23,2169.84,USD,Yes
AGS-0028,VectorValve Hose & Fittings,Italy,Service,Engineering,SRV-028-03,Application Engineering Support,Service Capability,1,1,12,9232.38,USD,Yes
AGS-0028,VectorValve Hose & Fittings,Italy,Service,Repair,SRV-028-04,Pump / Valve Repair Service,Service Capability,1,1,17,7044.03,USD,Yes
AGS-0028,VectorValve Hose & Fittings,Italy,Service,Commissioning,SRV-028-05,Installation & Commissioning Support,Service Capability,1,1,7,4199.86,USD,Yes
AGS-0029,VectorValve Motion Controls,Singapore,Service,Testing,SRV-029-01,Pressure / Performance Testing,Service Capability,1,1,28,5187.55,USD,Yes
AGS-0029,VectorValve Motion Controls,Singapore,Service,Calibration,SRV-029-02,Instrumentation Calibration,Service Capability,1,1,28,8660.58,USD,Yes
AGS-0029,VectorValve Motion Controls,Singapore,Service,Expediting,SRV-029-03,Supplier Expediting Service,Service Capability,1,1,25,930.93,USD,Yes
AGS-0030,VectorValve Mechanical Supply,Mexico,Service,Commissioning,SRV-030-01,Installation & Commissioning Support,Service Capability,1,1,18,9829.24,USD,Yes
AGS-0030,VectorValve Mechanical Supply,Mexico,Service,Field Service,SRV-030-02,Rotating Equipment Field Service,Service Capability,1,1,4,1644.85,USD,Yes
AGS-0030,VectorValve Mechanical Supply,Mexico,Service,Logistics,SRV-030-03,International Freight Coordination,Service Capability,1,1,25,7926.71,USD,Yes
AGS-0030,VectorValve Mechanical Supply,Mexico,Service,Testing,SRV-030-04,Pressure / Performance Testing,Service Capability,1,1,27,11741.33,USD,Yes
AGS-0031,VectorValve Process Instruments,Italy,Service,Inspection,SRV-031-01,QA/QC Inspection & Certification,Service Capability,1,1,6,7969.31,USD,Yes
AGS-0031,VectorValve Process Instruments,Italy,Service,Engineering,SRV-031-02,Application Engineering Support,Service Capability,1,1,31,11868.48,USD,Yes
AGS-0032,VectorValve Specialty Alloys,Singapore,Service,Calibration,SRV-032-01,Instrumentation Calibration,Service Capability,1,1,33,694.19,USD,Yes
AGS-0032,VectorValve Specialty Alloys,Singapore,Service,Expediting,SRV-032-02,Supplier Expediting Service,Service Capability,1,1,9,1740.99,USD,Yes
AGS-0032,VectorValve Specialty Alloys,Singapore,Service,Fabrication,SRV-032-03,Custom Skid / Bracket Fabrication,Service Capability,1,1,22,10766.26,USD,Yes
AGS-0033,PrimeFlow Manufacturing,Mexico,Service,Field Service,SRV-033-01,Rotating Equipment Field Service,Service Capability,1,1,19,2270.41,USD,Yes
AGS-0033,PrimeFlow Manufacturing,Mexico,Service,Logistics,SRV-033-02,International Freight Coordination,Service Capability,1,1,9,1820.66,USD,Yes
AGS-0033,PrimeFlow Manufacturing,Mexico,Service,Testing,SRV-033-03,Pressure / Performance Testing,Service Capability,1,1,4,4314.4,USD,Yes
AGS-0033,PrimeFlow Manufacturing,Mexico,Service,Calibration,SRV-033-04,Instrumentation Calibration,Service Capability,1,1,13,5475.17,USD,Yes
AGS-0034,PrimeFlow Components,Italy,Service,Engineering,SRV-034-01,Application Engineering Support,Service Capability,1,1,13,6424.97,USD,Yes
AGS-0034,PrimeFlow Components,Italy,Service,Repair,SRV-034-02,Pump / Valve Repair Service,Service Capability,1,1,21,540.38,USD,Yes
AGS-0034,PrimeFlow Components,Italy,Service,Commissioning,SRV-034-03,Installation & Commissioning Support,Service Capability,1,1,9,11858.72,USD,Yes
AGS-0035,PrimeFlow Pumps,Singapore,Service,Expediting,SRV-035-01,Supplier Expediting Service,Service Capability,1,1,34,4509.03,USD,Yes
AGS-0035,PrimeFlow Pumps,Singapore,Service,Fabrication,SRV-035-02,Custom Skid / Bracket Fabrication,Service Capability,1,1,14,8931.8,USD,Yes
AGS-0036,PrimeFlow Industries,Mexico,Service,Logistics,SRV-036-01,International Freight Coordination,Service Capability,1,1,17,5562.1,USD,Yes
AGS-0036,PrimeFlow Industries,Mexico,Service,Testing,SRV-036-02,Pressure / Performance Testing,Service Capability,1,1,18,10008.68,USD,Yes
AGS-0037,PrimeFlow Instrumentation,Italy,Service,Repair,SRV-037-01,Pump / Valve Repair Service,Service Capability,1,1,23,3712.35,USD,Yes
AGS-0037,PrimeFlow Instrumentation,Italy,Service,Commissioning,SRV-037-02,Installation & Commissioning Support,Service Capability,1,1,32,9885.78,USD,Yes
AGS-0037,PrimeFlow Instrumentation,Italy,Service,Field Service,SRV-037-03,Rotating Equipment Field Service,Service Capability,1,1,24,7976.06,USD,Yes
AGS-0038,PrimeFlow Systems,Singapore,Service,Fabrication,SRV-038-01,Custom Skid / Bracket Fabrication,Service Capability,1,1,26,4151.04,USD,Yes
AGS-0038,PrimeFlow Systems,Singapore,Service,Inspection,SRV-038-02,QA/QC Inspection & Certification,Service Capability,1,1,30,3786.9,USD,Yes
AGS-0038,PrimeFlow Systems,Singapore,Service,Engineering,SRV-038-03,Application Engineering Support,Service Capability,1,1,8,4163.91,USD,Yes
AGS-0039,PrimeFlow Bearing Works,Mexico,Service,Testing,SRV-039-01,Pressure / Performance Testing,Service Capability,1,1,29,8815.66,USD,Yes
AGS-0039,PrimeFlow Bearing Works,Mexico,Service,Calibration,SRV-039-02,Instrumentation Calibration,Service Capability,1,1,20,6755.16,USD,Yes
AGS-0039,PrimeFlow Bearing Works,Mexico,Service,Expediting,SRV-039-03,Supplier Expediting Service,Service Capability,1,1,5,8538.6,USD,Yes
AGS-0040,PrimeFlow Hydraulics,Italy,Service,Commissioning,SRV-040-01,Installation & Commissioning Support,Service Capability,1,1,12,11780.13,USD,Yes
AGS-0040,PrimeFlow Hydraulics,Italy,Service,Field Service,SRV-040-02,Rotating Equipment Field Service,Service Capability,1,1,33,3055.88,USD,Yes
AGS-0041,PrimeFlow Actuation,Singapore,Service,Inspection,SRV-041-01,QA/QC Inspection & Certification,Service Capability,1,1,35,10924.99,USD,Yes
AGS-0041,PrimeFlow Actuation,Singapore,Service,Engineering,SRV-041-02,Application Engineering Support,Service Capability,1,1,14,9937.3,USD,Yes
AGS-0041,PrimeFlow Actuation,Singapore,Service,Repair,SRV-041-03,Pump / Valve Repair Service,Service Capability,1,1,9,3366.49,USD,Yes
AGS-0042,PrimeFlow Technologies,Mexico,Service,Calibration,SRV-042-01,Instrumentation Calibration,Service Capability,1,1,31,6034.55,USD,Yes
AGS-0042,PrimeFlow Technologies,Mexico,Service,Expediting,SRV-042-02,Supplier Expediting Service,Service Capability,1,1,25,7294.78,USD,Yes
AGS-0042,PrimeFlow Technologies,Mexico,Service,Fabrication,SRV-042-03,Custom Skid / Bracket Fabrication,Service Capability,1,1,18,8182.17,USD,Yes
AGS-0042,PrimeFlow Technologies,Mexico,Service,Inspection,SRV-042-04,QA/QC Inspection & Certification,Service Capability,1,1,28,6955.63,USD,Yes
AGS-0042,PrimeFlow Technologies,Mexico,Service,Engineering,SRV-042-05,Application Engineering Support,Service Capability,1,1,22,9364.81,USD,Yes
AGS-0043,PrimeFlow Gasket & Seal,Italy,Service,Field Service,SRV-043-01,Rotating Equipment Field Service,Service Capability,1,1,26,2212.18,USD,Yes
AGS-0043,PrimeFlow Gasket & Seal,Italy,Service,Logistics,SRV-043-02,International Freight Coordination,Service Capability,1,1,3,486.94,USD,Yes
AGS-0043,PrimeFlow Gasket & Seal,Italy,Service,Testing,SRV-043-03,Pressure / Performance Testing,Service Capability,1,1,25,3048.96,USD,Yes
AGS-0043,PrimeFlow Gasket & Seal,Italy,Service,Calibration,SRV-043-04,Instrumentation Calibration,Service Capability,1,1,28,8674.32,USD,Yes
AGS-0044,PrimeFlow Electric,Singapore,Service,Engineering,SRV-044-01,Application Engineering Support,Service Capability,1,1,33,8657.09,USD,Yes
AGS-0044,PrimeFlow Electric,Singapore,Service,Repair,SRV-044-02,Pump / Valve Repair Service,Service Capability,1,1,31,6816.63,USD,Yes
AGS-0044,PrimeFlow Electric,Singapore,Service,Commissioning,SRV-044-03,Installation & Commissioning Support,Service Capability,1,1,13,4655.42,USD,Yes
AGS-0045,PrimeFlow Controls,Mexico,Service,Expediting,SRV-045-01,Supplier Expediting Service,Service Capability,1,1,24,11236.45,USD,Yes
AGS-0045,PrimeFlow Controls,Mexico,Service,Fabrication,SRV-045-02,Custom Skid / Bracket Fabrication,Service Capability,1,1,8,4303.24,USD,Yes
AGS-0046,PrimeFlow Fasteners,Italy,Service,Logistics,SRV-046-01,International Freight Coordination,Service Capability,1,1,21,2082.12,USD,Yes
AGS-0046,PrimeFlow Fasteners,Italy,Service,Testing,SRV-046-02,Pressure / Performance Testing,Service Capability,1,1,26,5314.18,USD,Yes
AGS-0047,PrimeFlow Fabrication,Singapore,Service,Repair,SRV-047-01,Pump / Valve Repair Service,Service Capability,1,1,5,873.66,USD,Yes
AGS-0047,PrimeFlow Fabrication,Singapore,Service,Commissioning,SRV-047-02,Installation & Commissioning Support,Service Capability,1,1,19,9643.66,USD,Yes
AGS-0047,PrimeFlow Fabrication,Singapore,Service,Field Service,SRV-047-03,Rotating Equipment Field Service,Service Capability,1,1,20,3445.64,USD,Yes
AGS-0048,PrimeFlow Process Equipment,Mexico,Service,Fabrication,SRV-048-01,Custom Skid / Bracket Fabrication,Service Capability,1,1,9,6648.36,USD,Yes
AGS-0048,PrimeFlow Process Equipment,Mexico,Service,Inspection,SRV-048-02,QA/QC Inspection & Certification,Service Capability,1,1,4,732.29,USD,Yes
AGS-0049,PrimeFlow Cable Systems,Italy,Service,Testing,SRV-049-01,Pressure / Performance Testing,Service Capability,1,1,6,9642.93,USD,Yes
AGS-0049,PrimeFlow Cable Systems,Italy,Service,Calibration,SRV-049-02,Instrumentation Calibration,Service Capability,1,1,3,10288.76,USD,Yes
AGS-0049,PrimeFlow Cable Systems,Italy,Service,Expediting,SRV-049-03,Supplier Expediting Service,Service Capability,1,1,20,11802.53,USD,Yes
AGS-0049,PrimeFlow Cable Systems,Italy,Service,Fabrication,SRV-049-04,Custom Skid / Bracket Fabrication,Service Capability,1,1,27,6555.8,USD,Yes
AGS-0049,PrimeFlow Cable Systems,Italy,Service,Inspection,SRV-049-05,QA/QC Inspection & Certification,Service Capability,1,1,28,4449.52,USD,Yes
AGS-0050,PrimeFlow Filter Technologies,Singapore,Service,Commissioning,SRV-050-01,Installation & Commissioning Support,Service Capability,1,1,10,2783.92,USD,Yes
AGS-0050,PrimeFlow Filter Technologies,Singapore,Service,Field Service,SRV-050-02,Rotating Equipment Field Service,Service Capability,1,1,6,6423.29,USD,Yes
AGS-0050,PrimeFlow Filter Technologies,Singapore,Service,Logistics,SRV-050-03,International Freight Coordination,Service Capability,1,1,26,9365.7,USD,Yes
AGS-0050,PrimeFlow Filter Technologies,Singapore,Service,Testing,SRV-050-04,Pressure / Performance Testing,Service Capability,1,1,19,4302.83,USD,Yes
AGS-0050,PrimeFlow Filter Technologies,Singapore,Service,Calibration,SRV-050-05,Instrumentation Calibration,Service Capability,1,1,20,747.28,USD,Yes
AGS-0051,PrimeFlow Safety Supply,Mexico,Service,Inspection,SRV-051-01,QA/QC Inspection & Certification,Service Capability,1,1,7,11503.85,USD,Yes
AGS-0051,PrimeFlow Safety Supply,Mexico,Service,Engineering,SRV-051-02,Application Engineering Support,Service Capability,1,1,17,3854.55,USD,Yes
AGS-0052,PrimeFlow Gearworks,Italy,Service,Calibration,SRV-052-01,Instrumentation Calibration,Service Capability,1,1,25,1192.78,USD,Yes
AGS-0052,PrimeFlow Gearworks,Italy,Service,Expediting,SRV-052-02,Supplier Expediting Service,Service Capability,1,1,18,10142.38,USD,Yes
AGS-0053,PrimeFlow Marine Components,Singapore,Service,Field Service,SRV-053-01,Rotating Equipment Field Service,Service Capability,1,1,24,9101.43,USD,Yes
AGS-0053,PrimeFlow Marine Components,Singapore,Service,Logistics,SRV-053-02,International Freight Coordination,Service Capability,1,1,33,9902.66,USD,Yes
AGS-0054,PrimeFlow Compressor Parts,Mexico,Service,Engineering,SRV-054-01,Application Engineering Support,Service Capability,1,1,27,9021.23,USD,Yes
AGS-0054,PrimeFlow Compressor Parts,Mexico,Service,Repair,SRV-054-02,Pump / Valve Repair Service,Service Capability,1,1,26,7577.48,USD,Yes
AGS-0054,PrimeFlow Compressor Parts,Mexico,Service,Commissioning,SRV-054-03,Installation & Commissioning Support,Service Capability,1,1,22,7273.85,USD,Yes
AGS-0055,PrimeFlow Industrial Plastics,Italy,Service,Expediting,SRV-055-01,Supplier Expediting Service,Service Capability,1,1,29,4741.56,USD,Yes
AGS-0055,PrimeFlow Industrial Plastics,Italy,Service,Fabrication,SRV-055-02,Custom Skid / Bracket Fabrication,Service Capability,1,1,25,7318.28,USD,Yes
AGS-0055,PrimeFlow Industrial Plastics,Italy,Service,Inspection,SRV-055-03,QA/QC Inspection & Certification,Service Capability,1,1,25,1611.29,USD,Yes
AGS-0055,PrimeFlow Industrial Plastics,Italy,Service,Engineering,SRV-055-04,Application Engineering Support,Service Capability,1,1,3,8043.89,USD,Yes
AGS-0055,PrimeFlow Industrial Plastics,Italy,Service,Repair,SRV-055-05,Pump / Valve Repair Service,Service Capability,1,1,14,7033.12,USD,Yes
AGS-0056,PrimeFlow Heat Transfer,Singapore,Service,Logistics,SRV-056-01,International Freight Coordination,Service Capability,1,1,6,996.11,USD,Yes
AGS-0056,PrimeFlow Heat Transfer,Singapore,Service,Testing,SRV-056-02,Pressure / Performance Testing,Service Capability,1,1,7,2989.56,USD,Yes
AGS-0056,PrimeFlow Heat Transfer,Singapore,Service,Calibration,SRV-056-03,Instrumentation Calibration,Service Capability,1,1,18,3497.41,USD,Yes
AGS-0056,PrimeFlow Heat Transfer,Singapore,Service,Expediting,SRV-056-04,Supplier Expediting Service,Service Capability,1,1,20,6946.03,USD,Yes
AGS-0056,PrimeFlow Heat Transfer,Singapore,Service,Fabrication,SRV-056-05,Custom Skid / Bracket Fabrication,Service Capability,1,1,8,5032.98,USD,Yes
AGS-0057,PrimeFlow Valve Automation,Mexico,Service,Repair,SRV-057-01,Pump / Valve Repair Service,Service Capability,1,1,35,3677.39,USD,Yes
AGS-0057,PrimeFlow Valve Automation,Mexico,Service,Commissioning,SRV-057-02,Installation & Commissioning Support,Service Capability,1,1,8,4290.89,USD,Yes
AGS-0057,PrimeFlow Valve Automation,Mexico,Service,Field Service,SRV-057-03,Rotating Equipment Field Service,Service Capability,1,1,34,971.91,USD,Yes
AGS-0058,PrimeFlow Sensor Labs,Italy,Service,Fabrication,SRV-058-01,Custom Skid / Bracket Fabrication,Service Capability,1,1,30,10814.15,USD,Yes
AGS-0058,PrimeFlow Sensor Labs,Italy,Service,Inspection,SRV-058-02,QA/QC Inspection & Certification,Service Capability,1,1,26,2754.54,USD,Yes
AGS-0059,PrimeFlow Technical Metals,Singapore,Service,Testing,SRV-059-01,Pressure / Performance Testing,Service Capability,1,1,27,10943.94,USD,Yes
AGS-0059,PrimeFlow Technical Metals,Singapore,Service,Calibration,SRV-059-02,Instrumentation Calibration,Service Capability,1,1,24,7699.69,USD,Yes
AGS-0060,PrimeFlow Hose & Fittings,Mexico,Service,Commissioning,SRV-060-01,Installation & Commissioning Support,Service Capability,1,1,23,866.02,USD,Yes
AGS-0060,PrimeFlow Hose & Fittings,Mexico,Service,Field Service,SRV-060-02,Rotating Equipment Field Service,Service Capability,1,1,25,8488.09,USD,Yes
AGS-0060,PrimeFlow Hose & Fittings,Mexico,Service,Logistics,SRV-060-03,International Freight Coordination,Service Capability,1,1,32,11365.55,USD,Yes
AGS-0061,PrimeFlow Motion Controls,Italy,Service,Inspection,SRV-061-01,QA/QC Inspection & Certification,Service Capability,1,1,17,6196.77,USD,Yes
AGS-0061,PrimeFlow Motion Controls,Italy,Service,Engineering,SRV-061-02,Application Engineering Support,Service Capability,1,1,14,7590.72,USD,Yes
AGS-0062,PrimeFlow Mechanical Supply,Singapore,Service,Calibration,SRV-062-01,Instrumentation Calibration,Service Capability,1,1,12,8582.28,USD,Yes
AGS-0062,PrimeFlow Mechanical Supply,Singapore,Service,Expediting,SRV-062-02,Supplier Expediting Service,Service Capability,1,1,15,8077.11,USD,Yes
AGS-0062,PrimeFlow Mechanical Supply,Singapore,Service,Fabrication,SRV-062-03,Custom Skid / Bracket Fabrication,Service Capability,1,1,32,10998.71,USD,Yes
AGS-0062,PrimeFlow Mechanical Supply,Singapore,Service,Inspection,SRV-062-04,QA/QC Inspection & Certification,Service Capability,1,1,10,5197.91,USD,Yes
AGS-0063,PrimeFlow Process Instruments,Mexico,Service,Field Service,SRV-063-01,Rotating Equipment Field Service,Service Capability,1,1,19,8005.84,USD,Yes
AGS-0063,PrimeFlow Process Instruments,Mexico,Service,Logistics,SRV-063-02,International Freight Coordination,Service Capability,1,1,34,1164.96,USD,Yes
AGS-0063,PrimeFlow Process Instruments,Mexico,Service,Testing,SRV-063-03,Pressure / Performance Testing,Service Capability,1,1,5,4833.16,USD,Yes
AGS-0063,PrimeFlow Process Instruments,Mexico,Service,Calibration,SRV-063-04,Instrumentation Calibration,Service Capability,1,1,13,10193.11,USD,Yes
AGS-0064,PrimeFlow Specialty Alloys,Italy,Service,Engineering,SRV-064-01,Application Engineering Support,Service Capability,1,1,9,8500.46,USD,Yes
AGS-0064,PrimeFlow Specialty Alloys,Italy,Service,Repair,SRV-064-02,Pump / Valve Repair Service,Service Capability,1,1,10,717.44,USD,Yes
AGS-0064,PrimeFlow Specialty Alloys,Italy,Service,Commissioning,SRV-064-03,Installation & Commissioning Support,Service Capability,1,1,18,2438.69,USD,Yes
AGS-0064,PrimeFlow Specialty Alloys,Italy,Service,Field Service,SRV-064-04,Rotating Equipment Field Service,Service Capability,1,1,9,9462.45,USD,Yes
AGS-0064,PrimeFlow Specialty Alloys,Italy,Service,Logistics,SRV-064-05,International Freight Coordination,Service Capability,1,1,8,8528.23,USD,Yes
AGS-0065,NorthForge Manufacturing,Singapore,Service,Expediting,SRV-065-01,Supplier Expediting Service,Service Capability,1,1,32,3403.69,USD,Yes
AGS-0065,NorthForge Manufacturing,Singapore,Service,Fabrication,SRV-065-02,Custom Skid / Bracket Fabrication,Service Capability,1,1,18,4954.97,USD,Yes
AGS-0065,NorthForge Manufacturing,Singapore,Service,Inspection,SRV-065-03,QA/QC Inspection & Certification,Service Capability,1,1,8,2242.09,USD,Yes
AGS-0065,NorthForge Manufacturing,Singapore,Service,Engineering,SRV-065-04,Application Engineering Support,Service Capability,1,1,7,9636.73,USD,Yes
AGS-0065,NorthForge Manufacturing,Singapore,Service,Repair,SRV-065-05,Pump / Valve Repair Service,Service Capability,1,1,6,11330.97,USD,Yes
AGS-0066,NorthForge Components,Mexico,Service,Logistics,SRV-066-01,International Freight Coordination,Service Capability,1,1,7,9434.11,USD,Yes
AGS-0066,NorthForge Components,Mexico,Service,Testing,SRV-066-02,Pressure / Performance Testing,Service Capability,1,1,18,7775.29,USD,Yes
AGS-0067,NorthForge Pumps,Italy,Service,Repair,SRV-067-01,Pump / Valve Repair Service,Service Capability,1,1,12,11659.45,USD,Yes
AGS-0067,NorthForge Pumps,Italy,Service,Commissioning,SRV-067-02,Installation & Commissioning Support,Service Capability,1,1,27,9881.45,USD,Yes
AGS-0068,NorthForge Industries,Singapore,Service,Fabrication,SRV-068-01,Custom Skid / Bracket Fabrication,Service Capability,1,1,15,9822.37,USD,Yes
AGS-0068,NorthForge Industries,Singapore,Service,Inspection,SRV-068-02,QA/QC Inspection & Certification,Service Capability,1,1,11,2674.36,USD,Yes
AGS-0068,NorthForge Industries,Singapore,Service,Engineering,SRV-068-03,Application Engineering Support,Service Capability,1,1,29,6221.57,USD,Yes
AGS-0068,NorthForge Industries,Singapore,Service,Repair,SRV-068-04,Pump / Valve Repair Service,Service Capability,1,1,16,6190.12,USD,Yes
AGS-0069,NorthForge Instrumentation,Mexico,Service,Testing,SRV-069-01,Pressure / Performance Testing,Service Capability,1,1,14,8782.18,USD,Yes
AGS-0069,NorthForge Instrumentation,Mexico,Service,Calibration,SRV-069-02,Instrumentation Calibration,Service Capability,1,1,20,10411.97,USD,Yes
AGS-0069,NorthForge Instrumentation,Mexico,Service,Expediting,SRV-069-03,Supplier Expediting Service,Service Capability,1,1,21,10338.75,USD,Yes
AGS-0069,NorthForge Instrumentation,Mexico,Service,Fabrication,SRV-069-04,Custom Skid / Bracket Fabrication,Service Capability,1,1,15,7009.43,USD,Yes
AGS-0070,NorthForge Systems,Italy,Service,Commissioning,SRV-070-01,Installation & Commissioning Support,Service Capability,1,1,14,6468.36,USD,Yes
AGS-0070,NorthForge Systems,Italy,Service,Field Service,SRV-070-02,Rotating Equipment Field Service,Service Capability,1,1,9,7589.49,USD,Yes
AGS-0070,NorthForge Systems,Italy,Service,Logistics,SRV-070-03,International Freight Coordination,Service Capability,1,1,21,4943.53,USD,Yes
AGS-0070,NorthForge Systems,Italy,Service,Testing,SRV-070-04,Pressure / Performance Testing,Service Capability,1,1,19,4535.62,USD,Yes
AGS-0071,NorthForge Bearing Works,Singapore,Service,Inspection,SRV-071-01,QA/QC Inspection & Certification,Service Capability,1,1,31,4362.63,USD,Yes
AGS-0071,NorthForge Bearing Works,Singapore,Service,Engineering,SRV-071-02,Application Engineering Support,Service Capability,1,1,29,9728.8,USD,Yes
AGS-0072,NorthForge Hydraulics,Mexico,Service,Calibration,SRV-072-01,Instrumentation Calibration,Service Capability,1,1,8,11265.17,USD,Yes
AGS-0072,NorthForge Hydraulics,Mexico,Service,Expediting,SRV-072-02,Supplier Expediting Service,Service Capability,1,1,8,6680.32,USD,Yes
AGS-0072,NorthForge Hydraulics,Mexico,Service,Fabrication,SRV-072-03,Custom Skid / Bracket Fabrication,Service Capability,1,1,18,8297.95,USD,Yes
AGS-0073,NorthForge Actuation,Italy,Service,Field Service,SRV-073-01,Rotating Equipment Field Service,Service Capability,1,1,22,9560.44,USD,Yes
AGS-0073,NorthForge Actuation,Italy,Service,Logistics,SRV-073-02,International Freight Coordination,Service Capability,1,1,7,5201.99,USD,Yes
AGS-0073,NorthForge Actuation,Italy,Service,Testing,SRV-073-03,Pressure / Performance Testing,Service Capability,1,1,24,9042.26,USD,Yes
AGS-0074,NorthForge Technologies,Singapore,Service,Engineering,SRV-074-01,Application Engineering Support,Service Capability,1,1,15,7653.48,USD,Yes
AGS-0074,NorthForge Technologies,Singapore,Service,Repair,SRV-074-02,Pump / Valve Repair Service,Service Capability,1,1,8,3407.8,USD,Yes
AGS-0074,NorthForge Technologies,Singapore,Service,Commissioning,SRV-074-03,Installation & Commissioning Support,Service Capability,1,1,13,2130.02,USD,Yes
AGS-0074,NorthForge Technologies,Singapore,Service,Field Service,SRV-074-04,Rotating Equipment Field Service,Service Capability,1,1,5,8743.6,USD,Yes
AGS-0074,NorthForge Technologies,Singapore,Service,Logistics,SRV-074-05,International Freight Coordination,Service Capability,1,1,4,9605.12,USD,Yes
AGS-0075,NorthForge Gasket & Seal,Mexico,Service,Expediting,SRV-075-01,Supplier Expediting Service,Service Capability,1,1,25,650.99,USD,Yes
AGS-0075,NorthForge Gasket & Seal,Mexico,Service,Fabrication,SRV-075-02,Custom Skid / Bracket Fabrication,Service Capability,1,1,7,8665.75,USD,Yes
AGS-0075,NorthForge Gasket & Seal,Mexico,Service,Inspection,SRV-075-03,QA/QC Inspection & Certification,Service Capability,1,1,4,9583.68,USD,Yes
AGS-0076,NorthForge Electric,Italy,Service,Logistics,SRV-076-01,International Freight Coordination,Service Capability,1,1,20,11373.8,USD,Yes
AGS-0076,NorthForge Electric,Italy,Service,Testing,SRV-076-02,Pressure / Performance Testing,Service Capability,1,1,35,10741.98,USD,Yes
AGS-0077,NorthForge Controls,Singapore,Service,Repair,SRV-077-01,Pump / Valve Repair Service,Service Capability,1,1,23,6602.49,USD,Yes
AGS-0077,NorthForge Controls,Singapore,Service,Commissioning,SRV-077-02,Installation & Commissioning Support,Service Capability,1,1,32,1356.74,USD,Yes
AGS-0077,NorthForge Controls,Singapore,Service,Field Service,SRV-077-03,Rotating Equipment Field Service,Service Capability,1,1,31,10563.52,USD,Yes
AGS-0078,NorthForge Fasteners,Mexico,Service,Fabrication,SRV-078-01,Custom Skid / Bracket Fabrication,Service Capability,1,1,4,467.63,USD,Yes
AGS-0078,NorthForge Fasteners,Mexico,Service,Inspection,SRV-078-02,QA/QC Inspection & Certification,Service Capability,1,1,5,5752.51,USD,Yes
AGS-0078,NorthForge Fasteners,Mexico,Service,Engineering,SRV-078-03,Application Engineering Support,Service Capability,1,1,21,1563.76,USD,Yes
AGS-0078,NorthForge Fasteners,Mexico,Service,Repair,SRV-078-04,Pump / Valve Repair Service,Service Capability,1,1,26,7116.09,USD,Yes
AGS-0078,NorthForge Fasteners,Mexico,Service,Commissioning,SRV-078-05,Installation & Commissioning Support,Service Capability,1,1,17,1396.78,USD,Yes
AGS-0079,NorthForge Fabrication,Italy,Service,Testing,SRV-079-01,Pressure / Performance Testing,Service Capability,1,1,22,4515.35,USD,Yes
AGS-0079,NorthForge Fabrication,Italy,Service,Calibration,SRV-079-02,Instrumentation Calibration,Service Capability,1,1,19,8602.18,USD,Yes
AGS-0079,NorthForge Fabrication,Italy,Service,Expediting,SRV-079-03,Supplier Expediting Service,Service Capability,1,1,3,6599.25,USD,Yes
AGS-0079,NorthForge Fabrication,Italy,Service,Fabrication,SRV-079-04,Custom Skid / Bracket Fabrication,Service Capability,1,1,7,6634.36,USD,Yes
AGS-0080,NorthForge Process Equipment,Singapore,Service,Commissioning,SRV-080-01,Installation & Commissioning Support,Service Capability,1,1,22,1565.6,USD,Yes
AGS-0080,NorthForge Process Equipment,Singapore,Service,Field Service,SRV-080-02,Rotating Equipment Field Service,Service Capability,1,1,15,3556.76,USD,Yes
AGS-0081,NorthForge Cable Systems,Mexico,Service,Inspection,SRV-081-01,QA/QC Inspection & Certification,Service Capability,1,1,15,9091.01,USD,Yes
AGS-0081,NorthForge Cable Systems,Mexico,Service,Engineering,SRV-081-02,Application Engineering Support,Service Capability,1,1,23,8960.59,USD,Yes
AGS-0082,NorthForge Filter Technologies,Italy,Service,Calibration,SRV-082-01,Instrumentation Calibration,Service Capability,1,1,3,11011.95,USD,Yes
AGS-0082,NorthForge Filter Technologies,Italy,Service,Expediting,SRV-082-02,Supplier Expediting Service,Service Capability,1,1,31,8488.2,USD,Yes
AGS-0082,NorthForge Filter Technologies,Italy,Service,Fabrication,SRV-082-03,Custom Skid / Bracket Fabrication,Service Capability,1,1,30,3953.68,USD,Yes
AGS-0082,NorthForge Filter Technologies,Italy,Service,Inspection,SRV-082-04,QA/QC Inspection & Certification,Service Capability,1,1,15,3389.85,USD,Yes
AGS-0083,NorthForge Safety Supply,Singapore,Service,Field Service,SRV-083-01,Rotating Equipment Field Service,Service Capability,1,1,26,2450.75,USD,Yes
AGS-0083,NorthForge Safety Supply,Singapore,Service,Logistics,SRV-083-02,International Freight Coordination,Service Capability,1,1,12,7346.19,USD,Yes
AGS-0083,NorthForge Safety Supply,Singapore,Service,Testing,SRV-083-03,Pressure / Performance Testing,Service Capability,1,1,11,9534.47,USD,Yes
AGS-0083,NorthForge Safety Supply,Singapore,Service,Calibration,SRV-083-04,Instrumentation Calibration,Service Capability,1,1,17,7340.15,USD,Yes
AGS-0083,NorthForge Safety Supply,Singapore,Service,Expediting,SRV-083-05,Supplier Expediting Service,Service Capability,1,1,12,1978.63,USD,Yes
AGS-0084,NorthForge Gearworks,Mexico,Service,Engineering,SRV-084-01,Application Engineering Support,Service Capability,1,1,8,807.78,USD,Yes
AGS-0084,NorthForge Gearworks,Mexico,Service,Repair,SRV-084-02,Pump / Valve Repair Service,Service Capability,1,1,31,11516.92,USD,Yes
AGS-0085,NorthForge Marine Components,Italy,Service,Expediting,SRV-085-01,Supplier Expediting Service,Service Capability,1,1,8,3672.52,USD,Yes
AGS-0085,NorthForge Marine Components,Italy,Service,Fabrication,SRV-085-02,Custom Skid / Bracket Fabrication,Service Capability,1,1,3,7101.71,USD,Yes
AGS-0085,NorthForge Marine Components,Italy,Service,Inspection,SRV-085-03,QA/QC Inspection & Certification,Service Capability,1,1,11,2627.25,USD,Yes
AGS-0085,NorthForge Marine Components,Italy,Service,Engineering,SRV-085-04,Application Engineering Support,Service Capability,1,1,20,2527.73,USD,Yes
AGS-0085,NorthForge Marine Components,Italy,Service,Repair,SRV-085-05,Pump / Valve Repair Service,Service Capability,1,1,22,5083.75,USD,Yes
