Date,Year,Month,Month_Name,Month_Abbr,Quarter,Total_PO,Client_ID,Client,Buyer,PO_Number
2018-01-01,2018,1,January,Jan,Q1,1072442.49,AGC-00170,Arcadia Pipeline Services,Elena Costa,AGX-2018-003789-AGC-00170
2018-01-01,2018,1,January,Jan,Q1,245309.72,AGC-00032,Northstar Industrial Services,Ethan Cole,AGX-2018-003919-AGC-00032
2018-01-02,2018,1,January,Jan,Q1,357860.15,AGC-00136,Meridian Refinery Services,Marcus Reed,AGX-2018-004013-AGC-00136
2018-01-03,2018,1,January,Jan,Q1,927819.25,AGC-00144,Meridian Flow Systems,Owen Rossi,AGX-2018-003477-AGC-00144
2018-01-03,2018,1,January,Jan,Q1,1264570.75,AGC-00027,Northstar Marine Engineering,Owen Rossi,AGX-2018-004048-AGC-00027
2018-01-03,2018,1,January,Jan,Q1,230184.24,AGC-00020,Northstar Industrial Maintenance,Priya Nguyen,AGX-2018-004399-AGC-00020
2018-01-04,2018,1,January,Jan,Q1,190942.13,AGC-00005,Northstar Offshore Engineering,Amara Okafor,AGX-2018-003251-AGC-00005
2018-01-04,2018,1,January,Jan,Q1,97386.03,AGC-00013,Northstar Field Services,Amara Okafor,AGX-2018-003750-AGC-00013
2018-01-04,2018,1,January,Jan,Q1,1677348.52,AGC-00097,Cobalt Rotating Equipment,Lucas Hayes,AGX-2018-004460-AGC-00097
2018-01-05,2018,1,January,Jan,Q1,329683.79,AGC-00032,Northstar Industrial Services,Nina Patel,AGX-2018-003460-AGC-00032
2018-01-09,2018,1,January,Jan,Q1,366432.89,AGC-00174,Arcadia Energy Projects,Lucas Hayes,AGX-2018-003232-AGC-00174
2018-01-10,2018,1,January,Jan,Q1,152818.16,AGC-00098,Cobalt Technical Supply,Owen Rossi,AGX-2018-004265-AGC-00098
2018-01-11,2018,1,January,Jan,Q1,1107756.19,AGC-00052,Helios Power Partners,Lucas Hayes,AGX-2018-003627-AGC-00052
2018-01-11,2018,1,January,Jan,Q1,2198568.57,AGC-00070,Helios Flow Systems,Leila Shah,AGX-2018-004082-AGC-00070
2018-01-12,2018,1,January,Jan,Q1,462122.04,AGC-00075,Cobalt Energy Systems,Isabella Stone,AGX-2018-003531-AGC-00075
2018-01-18,2018,1,January,Jan,Q1,427849.2,AGC-00168,Arcadia Industrial Maintenance,Sofia Laurent,AGX-2018-003176-AGC-00168
2018-01-18,2018,1,January,Jan,Q1,677289.93,AGC-00171,Arcadia Rotating Equipment,Amara Okafor,AGX-2018-003807-AGC-00171
2018-01-18,2018,1,January,Jan,Q1,1336599.38,AGC-00136,Meridian Refinery Services,Leila Shah,AGX-2018-004066-AGC-00136
2018-01-18,2018,1,January,Jan,Q1,472967.75,AGC-00178,Arcadia Offshore Systems,Priya Nguyen,AGX-2018-004370-AGC-00178
2018-01-19,2018,1,January,Jan,Q1,39541.17,AGC-00038,Helios Energy Systems,Jordan Kim,AGX-2018-003482-AGC-00038
2018-01-19,2018,1,January,Jan,Q1,342753.4,AGC-00003,Northstar Industrial Group,Isabella Stone,AGX-2018-003664-AGC-00003
2018-01-23,2018,1,January,Jan,Q1,527477.5,AGC-00027,Northstar Marine Engineering,Leila Shah,AGX-2018-003194-AGC-00027
2018-01-25,2018,1,January,Jan,Q1,171855.64,AGC-00016,Northstar Process Controls,Leila Shah,AGX-2018-004374-AGC-00016
2018-01-26,2018,1,January,Jan,Q1,420543.21,AGC-00111,Cobalt Marine Supply,Leila Shah,AGX-2018-004186-AGC-00111
2018-01-30,2018,1,January,Jan,Q1,707371.09,AGC-00079,Cobalt Offshore Engineering,Samuel Carter,AGX-2018-003412-AGC-00079
2018-01-30,2018,1,January,Jan,Q1,1105210.2,AGC-00033,Northstar Flow Systems,Jordan Kim,AGX-2018-004363-AGC-00033
2018-01-31,2018,1,January,Jan,Q1,2471977.65,AGC-00143,Meridian Industrial Services,Maya Chen,AGX-2018-003743-AGC-00143
2018-01-31,2018,1,January,Jan,Q1,4412.56,AGC-00051,Helios Mechanical,Ethan Cole,AGX-2018-004153-AGC-00051
2018-02-05,2018,2,February,Feb,Q1,87408.06,AGC-00161,Arcadia Field Services,Victor Bennett,AGX-2018-003780-AGC-00161
2018-02-07,2018,2,February,Feb,Q1,521161.66,AGC-00171,Arcadia Rotating Equipment,Elena Costa,AGX-2018-003355-AGC-00171
2018-02-08,2018,2,February,Feb,Q1,656437.46,AGC-00156,Arcadia Petro Systems,Nina Patel,AGX-2018-003730-AGC-00156
2018-02-08,2018,2,February,Feb,Q1,185349.63,AGC-00038,Helios Energy Systems,Isabella Stone,AGX-2018-003852-AGC-00038
2018-02-09,2018,2,February,Feb,Q1,339752.96,AGC-00043,Helios Flow Technologies,Ethan Cole,AGX-2018-003599-AGC-00043
2018-02-13,2018,2,February,Feb,Q1,144948.32,AGC-00033,Northstar Flow Systems,Leila Shah,AGX-2018-003281-AGC-00033
2018-02-13,2018,2,February,Feb,Q1,331941.85,AGC-00037,Northstar Marine Supply,Samuel Carter,AGX-2018-003304-AGC-00037
2018-02-13,2018,2,February,Feb,Q1,679231.16,AGC-00143,Meridian Industrial Services,Chloe Dubois,AGX-2018-003563-AGC-00143
2018-02-14,2018,2,February,Feb,Q1,543960.52,AGC-00089,Cobalt Power Partners,Lucas Hayes,AGX-2018-003939-AGC-00089
2018-02-16,2018,2,February,Feb,Q1,408902.4,AGC-00132,Meridian Resources,Daniel Brooks,AGX-2018-003529-AGC-00132
2018-02-16,2018,2,February,Feb,Q1,366174.97,AGC-00157,Arcadia Mining Services,Samuel Carter,AGX-2018-003659-AGC-00157
2018-02-16,2018,2,February,Feb,Q1,291719.74,AGC-00138,Meridian Marine Engineering,Nathan Meyer,AGX-2018-004478-AGC-00138
2018-02-21,2018,2,February,Feb,Q1,68409.75,AGC-00013,Northstar Field Services,Daniel Brooks,AGX-2018-004049-AGC-00013
2018-02-22,2018,2,February,Feb,Q1,1235803.82,AGC-00141,Meridian Offshore Systems,Leila Shah,AGX-2018-003423-AGC-00141
2018-02-26,2018,2,February,Feb,Q1,239038.46,AGC-00009,Northstar Mining Services,Elena Costa,AGX-2018-003828-AGC-00009
2018-02-27,2018,2,February,Feb,Q1,1396578.42,AGC-00075,Cobalt Energy Systems,Owen Rossi,AGX-2018-004264-AGC-00075
2018-02-28,2018,2,February,Feb,Q1,239846.27,AGC-00025,Northstar Refinery Services,Leila Shah,AGX-2018-004195-AGC-00025
2018-03-02,2018,3,March,Mar,Q1,351758.07,AGC-00170,Arcadia Pipeline Services,Ethan Cole,AGX-2018-003651-AGC-00170
2018-03-02,2018,3,March,Mar,Q1,1171399.21,AGC-00132,Meridian Resources,Isabella Stone,AGX-2018-003914-AGC-00132
2018-03-07,2018,3,March,Mar,Q1,1020640.87,AGC-00172,Arcadia Technical Supply,Nina Patel,AGX-2018-003602-AGC-00172
2018-03-08,2018,3,March,Mar,Q1,696240.94,AGC-00041,Helios Process Solutions,Jordan Kim,AGX-2018-003331-AGC-00041
2018-03-08,2018,3,March,Mar,Q1,425626.24,AGC-00079,Cobalt Offshore Engineering,Daniel Brooks,AGX-2018-003829-AGC-00079
2018-03-09,2018,3,March,Mar,Q1,375499.53,AGC-00167,Arcadia Compression,Chloe Dubois,AGX-2018-003983-AGC-00167
2018-03-16,2018,3,March,Mar,Q1,209329.86,AGC-00045,Helios Petro Systems,Chloe Dubois,AGX-2018-003888-AGC-00045
2018-03-16,2018,3,March,Mar,Q1,27822.8,AGC-00138,Meridian Marine Engineering,Ethan Cole,AGX-2018-004459-AGC-00138
2018-03-19,2018,3,March,Mar,Q1,322913.54,AGC-00077,Cobalt Industrial Group,Samuel Carter,AGX-2018-003773-AGC-00077
2018-03-21,2018,3,March,Mar,Q1,139069.24,AGC-00013,Northstar Field Services,Chloe Dubois,AGX-2018-004445-AGC-00013
2018-03-23,2018,3,March,Mar,Q1,1545276.88,AGC-00026,Northstar Energy Projects,Leila Shah,AGX-2018-004030-AGC-00026
2018-03-26,2018,3,March,Mar,Q1,26534.7,AGC-00143,Meridian Industrial Services,Chloe Dubois,AGX-2018-003616-AGC-00143
2018-03-26,2018,3,March,Mar,Q1,350803.86,AGC-00159,Arcadia Automation,Elena Costa,AGX-2018-003891-AGC-00159
2018-03-29,2018,3,March,Mar,Q1,1012435.7,AGC-00103,Cobalt Controls,Ethan Cole,AGX-2018-003818-AGC-00103
2018-04-02,2018,4,April,Apr,Q2,521293.59,AGC-00132,Meridian Resources,Nina Patel,AGX-2018-003380-AGC-00132
2018-04-02,2018,4,April,Apr,Q2,123437.25,AGC-00169,Arcadia Resources,Isabella Stone,AGX-2018-003675-AGC-00169
2018-04-02,2018,4,April,Apr,Q2,245347.63,AGC-00075,Cobalt Energy Systems,Nina Patel,AGX-2018-004425-AGC-00075
2018-04-04,2018,4,April,Apr,Q2,1693719.74,AGC-00036,Northstar Industrial Solutions,Samuel Carter,AGX-2018-003526-AGC-00036
2018-04-04,2018,4,April,Apr,Q2,2252552.02,AGC-00103,Cobalt Controls,Nathan Meyer,AGX-2018-003623-AGC-00103
2018-04-04,2018,4,April,Apr,Q2,151376.08,AGC-00035,Northstar Technical Services,Jordan Kim,AGX-2018-004477-AGC-00035
2018-04-09,2018,4,April,Apr,Q2,277837.29,AGC-00027,Northstar Marine Engineering,Samuel Carter,AGX-2018-003361-AGC-00027
2018-04-11,2018,4,April,Apr,Q2,437577.13,AGC-00027,Northstar Marine Engineering,Nina Patel,AGX-2018-004076-AGC-00027
2018-04-11,2018,4,April,Apr,Q2,1107211.32,AGC-00133,Meridian Pipeline Services,Marcus Reed,AGX-2018-004334-AGC-00133
2018-04-13,2018,4,April,Apr,Q2,401982.85,AGC-00156,Arcadia Petro Systems,Maya Chen,AGX-2018-003778-AGC-00156
2018-04-16,2018,4,April,Apr,Q2,203865.78,AGC-00076,Cobalt Marine Services,Elena Costa,AGX-2018-003684-AGC-00076
2018-04-19,2018,4,April,Apr,Q2,223152.0,AGC-00003,Northstar Industrial Group,Leila Shah,AGX-2018-003292-AGC-00003
2018-04-19,2018,4,April,Apr,Q2,4276768.35,AGC-00013,Northstar Field Services,Leila Shah,AGX-2018-004096-AGC-00013
2018-04-23,2018,4,April,Apr,Q2,793718.32,AGC-00042,Helios Offshore Engineering,Victor Bennett,AGX-2018-004241-AGC-00042
2018-04-27,2018,4,April,Apr,Q2,58988.02,AGC-00138,Meridian Marine Engineering,Isabella Stone,AGX-2018-003244-AGC-00138
2018-04-27,2018,4,April,Apr,Q2,115822.62,AGC-00035,Northstar Technical Services,Leila Shah,AGX-2018-004421-AGC-00035
2018-04-30,2018,4,April,Apr,Q2,240387.2,AGC-00133,Meridian Pipeline Services,Chloe Dubois,AGX-2018-003271-AGC-00133
2018-04-30,2018,4,April,Apr,Q2,164351.2,AGC-00059,Helios Pipeline Services,Nathan Meyer,AGX-2018-003657-AGC-00059
2018-04-30,2018,4,April,Apr,Q2,58273.95,AGC-00146,Meridian Technical Services,Priya Nguyen,AGX-2018-004047-AGC-00146
2018-05-02,2018,5,May,May,Q2,2916176.78,AGC-00052,Helios Power Partners,Lucas Hayes,AGX-2018-003823-AGC-00052
2018-05-03,2018,5,May,May,Q2,184286.6,AGC-00038,Helios Energy Systems,Maya Chen,AGX-2018-003379-AGC-00038
2018-05-04,2018,5,May,May,Q2,481490.5,AGC-00171,Arcadia Rotating Equipment,Daniel Brooks,AGX-2018-003514-AGC-00171
2018-05-04,2018,5,May,May,Q2,97153.53,AGC-00176,Arcadia Production Services,Ethan Cole,AGX-2018-003614-AGC-00176
2018-05-04,2018,5,May,May,Q2,1801232.55,AGC-00043,Helios Flow Technologies,Lucas Hayes,AGX-2018-004223-AGC-00043
2018-05-04,2018,5,May,May,Q2,1037184.18,AGC-00106,Cobalt Industrial Services,Nina Patel,AGX-2018-004285-AGC-00106
2018-05-07,2018,5,May,May,Q2,718172.74,AGC-00135,Meridian Technical Supply,Lucas Hayes,AGX-2018-003903-AGC-00135
2018-05-08,2018,5,May,May,Q2,1714031.95,AGC-00003,Northstar Industrial Group,Chloe Dubois,AGX-2018-003352-AGC-00003
2018-05-08,2018,5,May,May,Q2,469369.8,AGC-00099,Cobalt Refinery Services,Priya Nguyen,AGX-2018-003571-AGC-00099
2018-05-08,2018,5,May,May,Q2,176382.08,AGC-00136,Meridian Refinery Services,Priya Nguyen,AGX-2018-003617-AGC-00136
2018-05-08,2018,5,May,May,Q2,149.76,AGC-00066,Helios Controls,Maya Chen,AGX-2018-004003-AGC-00066
2018-05-11,2018,5,May,May,Q2,232778.5,AGC-00101,Cobalt Marine Engineering,Sofia Laurent,AGX-2018-003956-AGC-00101
2018-05-17,2018,5,May,May,Q2,648570.08,AGC-00167,Arcadia Compression,Marcus Reed,AGX-2018-004091-AGC-00167
2018-05-22,2018,5,May,May,Q2,1369587.58,AGC-00007,Northstar Infrastructure,Lucas Hayes,AGX-2018-003532-AGC-00007
2018-05-22,2018,5,May,May,Q2,79545.68,AGC-00167,Arcadia Compression,Daniel Brooks,AGX-2018-003873-AGC-00167
2018-05-25,2018,5,May,May,Q2,548521.12,AGC-00062,Helios Refinery Services,Nina Patel,AGX-2018-004441-AGC-00062
2018-05-30,2018,5,May,May,Q2,419911.97,AGC-00132,Meridian Resources,Nina Patel,AGX-2018-003540-AGC-00132
2018-05-31,2018,5,May,May,Q2,2795.86,AGC-00171,Arcadia Rotating Equipment,Leila Shah,AGX-2018-004084-AGC-00171
2018-06-05,2018,6,June,Jun,Q2,751291.3,AGC-00041,Helios Process Solutions,Victor Bennett,AGX-2018-004234-AGC-00041
2018-06-05,2018,6,June,Jun,Q2,1680319.1,AGC-00144,Meridian Flow Systems,Elena Costa,AGX-2018-004375-AGC-00144
2018-06-06,2018,6,June,Jun,Q2,525138.21,AGC-00098,Cobalt Technical Supply,Leila Shah,AGX-2018-003640-AGC-00098
2018-06-06,2018,6,June,Jun,Q2,298749.29,AGC-00141,Meridian Offshore Systems,Elena Costa,AGX-2018-003858-AGC-00141
2018-06-08,2018,6,June,Jun,Q2,30230.1,AGC-00145,Meridian Instrumentation,Victor Bennett,AGX-2018-003160-AGC-00145
2018-06-08,2018,6,June,Jun,Q2,4419459.63,AGC-00156,Arcadia Petro Systems,Isabella Stone,AGX-2018-003608-AGC-00156
2018-06-12,2018,6,June,Jun,Q2,119423.08,AGC-00037,Northstar Marine Supply,Marcus Reed,AGX-2018-003290-AGC-00037
2018-06-13,2018,6,June,Jun,Q2,1464084.43,AGC-00155,Arcadia Infrastructure,Isabella Stone,AGX-2018-003516-AGC-00155
2018-06-14,2018,6,June,Jun,Q2,525322.3,AGC-00005,Northstar Offshore Engineering,Elena Costa,AGX-2018-003180-AGC-00005
2018-06-15,2018,6,June,Jun,Q2,1107799.35,AGC-00059,Helios Pipeline Services,Chloe Dubois,AGX-2018-003177-AGC-00059
2018-06-18,2018,6,June,Jun,Q2,657603.74,AGC-00035,Northstar Technical Services,Nathan Meyer,AGX-2018-004456-AGC-00035
2018-06-19,2018,6,June,Jun,Q2,254221.62,AGC-00156,Arcadia Petro Systems,Jordan Kim,AGX-2018-003467-AGC-00156
2018-06-20,2018,6,June,Jun,Q2,239897.27,AGC-00158,Arcadia Waterworks,Sofia Laurent,AGX-2018-003321-AGC-00158
2018-06-20,2018,6,June,Jun,Q2,1811168.72,AGC-00003,Northstar Industrial Group,Sofia Laurent,AGX-2018-003573-AGC-00003
2018-06-25,2018,6,June,Jun,Q2,299139.96,AGC-00127,Meridian Process Controls,Leila Shah,AGX-2018-003433-AGC-00127
2018-07-04,2018,7,July,Jul,Q3,213984.75,AGC-00170,Arcadia Pipeline Services,Nina Patel,AGX-2018-003736-AGC-00170
2018-07-05,2018,7,July,Jul,Q3,666086.22,AGC-00144,Meridian Flow Systems,Maya Chen,AGX-2018-003761-AGC-00144
2018-07-06,2018,7,July,Jul,Q3,209864.53,AGC-00032,Northstar Industrial Services,Samuel Carter,AGX-2018-003416-AGC-00032
2018-07-06,2018,7,July,Jul,Q3,752771.02,AGC-00178,Arcadia Offshore Systems,Jordan Kim,AGX-2018-004008-AGC-00178
2018-07-12,2018,7,July,Jul,Q3,7651.01,AGC-00159,Arcadia Automation,Maya Chen,AGX-2018-003926-AGC-00159
2018-07-13,2018,7,July,Jul,Q3,352172.52,AGC-00120,Meridian Mining Services,Sofia Laurent,AGX-2018-004476-AGC-00120
2018-07-16,2018,7,July,Jul,Q3,539029.01,AGC-00113,Meridian Marine Services,Sofia Laurent,AGX-2018-003673-AGC-00113
2018-07-17,2018,7,July,Jul,Q3,160978.38,AGC-00159,Arcadia Automation,Priya Nguyen,AGX-2018-003297-AGC-00159
2018-07-17,2018,7,July,Jul,Q3,182987.92,AGC-00010,Northstar Waterworks,Chloe Dubois,AGX-2018-004025-AGC-00010
2018-07-18,2018,7,July,Jul,Q3,903792.14,AGC-00007,Northstar Infrastructure,Leila Shah,AGX-2018-003474-AGC-00007
2018-07-18,2018,7,July,Jul,Q3,946038.71,AGC-00026,Northstar Energy Projects,Ethan Cole,AGX-2018-003706-AGC-00026
2018-07-20,2018,7,July,Jul,Q3,1315565.8,AGC-00106,Cobalt Industrial Services,Victor Bennett,AGX-2018-003948-AGC-00106
2018-07-24,2018,7,July,Jul,Q3,1481618.33,AGC-00113,Meridian Marine Services,Lucas Hayes,AGX-2018-004088-AGC-00113
2018-07-26,2018,7,July,Jul,Q3,288505.57,AGC-00079,Cobalt Offshore Engineering,Marcus Reed,AGX-2018-003221-AGC-00079
2018-07-26,2018,7,July,Jul,Q3,795727.94,AGC-00087,Cobalt Field Services,Elena Costa,AGX-2018-003230-AGC-00087
2018-07-26,2018,7,July,Jul,Q3,714298.17,AGC-00070,Helios Flow Systems,Owen Rossi,AGX-2018-003797-AGC-00070
2018-07-30,2018,7,July,Jul,Q3,535109.55,AGC-00076,Cobalt Marine Services,Sofia Laurent,AGX-2018-003182-AGC-00076
2018-07-30,2018,7,July,Jul,Q3,943522.78,AGC-00077,Cobalt Industrial Group,Lucas Hayes,AGX-2018-003238-AGC-00077
2018-08-07,2018,8,August,Aug,Q3,157864.42,AGC-00009,Northstar Mining Services,Nina Patel,AGX-2018-003929-AGC-00009
2018-08-08,2018,8,August,Aug,Q3,446617.76,AGC-00151,Arcadia Industrial Group,Nina Patel,AGX-2018-003570-AGC-00151
2018-08-08,2018,8,August,Aug,Q3,35140.78,AGC-00171,Arcadia Rotating Equipment,Owen Rossi,AGX-2018-003765-AGC-00171
2018-08-13,2018,8,August,Aug,Q3,356099.29,AGC-00063,Helios Energy Projects,Maya Chen,AGX-2018-003503-AGC-00063
2018-08-13,2018,8,August,Aug,Q3,481954.78,AGC-00045,Helios Petro Systems,Nathan Meyer,AGX-2018-003995-AGC-00045
2018-08-15,2018,8,August,Aug,Q3,3223550.7,AGC-00017,Northstar Engineering,Samuel Carter,AGX-2018-003235-AGC-00017
2018-08-15,2018,8,August,Aug,Q3,22641.09,AGC-00170,Arcadia Pipeline Services,Jordan Kim,AGX-2018-003668-AGC-00170
2018-08-21,2018,8,August,Aug,Q3,62948.04,AGC-00062,Helios Refinery Services,Sofia Laurent,AGX-2018-004118-AGC-00062
2018-08-23,2018,8,August,Aug,Q3,279711.82,AGC-00032,Northstar Industrial Services,Samuel Carter,AGX-2018-003883-AGC-00032
2018-08-23,2018,8,August,Aug,Q3,45005.39,AGC-00179,Arcadia Mechanical Group,Nathan Meyer,AGX-2018-004166-AGC-00179
2018-08-24,2018,8,August,Aug,Q3,615956.5,AGC-00056,Helios Compression,Samuel Carter,AGX-2018-003406-AGC-00056
2018-08-24,2018,8,August,Aug,Q3,953907.18,AGC-00133,Meridian Pipeline Services,Victor Bennett,AGX-2018-004163-AGC-00133
2018-08-29,2018,8,August,Aug,Q3,856709.3,AGC-00112,Meridian Energy Systems,Daniel Brooks,AGX-2018-004262-AGC-00112
2018-08-30,2018,8,August,Aug,Q3,1679807.63,AGC-00096,Cobalt Pipeline Services,Sofia Laurent,AGX-2018-004472-AGC-00096
2018-09-03,2018,9,September,Sep,Q3,587680.95,AGC-00069,Helios Industrial Services,Priya Nguyen,AGX-2018-003227-AGC-00069
2018-09-04,2018,9,September,Sep,Q3,454875.9,AGC-00146,Meridian Technical Services,Chloe Dubois,AGX-2018-003255-AGC-00146
2018-09-04,2018,9,September,Sep,Q3,153046.99,AGC-00135,Meridian Technical Supply,Samuel Carter,AGX-2018-003681-AGC-00135
2018-09-05,2018,9,September,Sep,Q3,1415179.51,AGC-00049,Helios Utilities,Ethan Cole,AGX-2018-003545-AGC-00049
2018-09-05,2018,9,September,Sep,Q3,552523.8,AGC-00141,Meridian Offshore Systems,Victor Bennett,AGX-2018-004070-AGC-00141
2018-09-06,2018,9,September,Sep,Q3,210126.85,AGC-00141,Meridian Offshore Systems,Samuel Carter,AGX-2018-003437-AGC-00141
2018-09-07,2018,9,September,Sep,Q3,1149414.45,AGC-00023,Northstar Rotating Equipment,Jordan Kim,AGX-2018-003381-AGC-00023
2018-09-14,2018,9,September,Sep,Q3,372232.68,AGC-00061,Helios Technical Supply,Victor Bennett,AGX-2018-003769-AGC-00061
2018-09-14,2018,9,September,Sep,Q3,1018901.13,AGC-00024,Northstar Technical Supply,Daniel Brooks,AGX-2018-004205-AGC-00024
2018-09-18,2018,9,September,Sep,Q3,1031722.85,AGC-00026,Northstar Energy Projects,Owen Rossi,AGX-2018-003169-AGC-00026
2018-09-18,2018,9,September,Sep,Q3,416595.0,AGC-00037,Northstar Marine Supply,Nina Patel,AGX-2018-003204-AGC-00037
2018-09-19,2018,9,September,Sep,Q3,513088.31,AGC-00136,Meridian Refinery Services,Samuel Carter,AGX-2018-003330-AGC-00136
2018-09-19,2018,9,September,Sep,Q3,1242051.37,AGC-00176,Arcadia Production Services,Nina Patel,AGX-2018-003907-AGC-00176
2018-09-21,2018,9,September,Sep,Q3,325547.4,AGC-00010,Northstar Waterworks,Nathan Meyer,AGX-2018-004033-AGC-00010
2018-09-21,2018,9,September,Sep,Q3,1498271.51,AGC-00024,Northstar Technical Supply,Victor Bennett,AGX-2018-004147-AGC-00024
2018-09-24,2018,9,September,Sep,Q3,516264.25,AGC-00088,Cobalt Mechanical,Nathan Meyer,AGX-2018-003243-AGC-00088
2018-10-02,2018,10,October,Oct,Q4,3922340.99,AGC-00081,Cobalt Infrastructure,Jordan Kim,AGX-2018-003398-AGC-00081
2018-10-04,2018,10,October,Oct,Q4,281831.31,AGC-00114,Meridian Industrial Group,Leila Shah,AGX-2018-003242-AGC-00114
2018-10-04,2018,10,October,Oct,Q4,43506.79,AGC-00145,Meridian Instrumentation,Ethan Cole,AGX-2018-003677-AGC-00145
2018-10-09,2018,10,October,Oct,Q4,1076024.86,AGC-00172,Arcadia Technical Supply,Marcus Reed,AGX-2018-003722-AGC-00172
2018-10-09,2018,10,October,Oct,Q4,854622.99,AGC-00005,Northstar Offshore Engineering,Elena Costa,AGX-2018-004015-AGC-00005
2018-10-10,2018,10,October,Oct,Q4,144283.33,AGC-00146,Meridian Technical Services,Sofia Laurent,AGX-2018-003417-AGC-00146
2018-10-11,2018,10,October,Oct,Q4,1253670.82,AGC-00067,Helios Offshore Systems,Samuel Carter,AGX-2018-003845-AGC-00067
2018-10-12,2018,10,October,Oct,Q4,348469.07,AGC-00132,Meridian Resources,Isabella Stone,AGX-2018-003223-AGC-00132
2018-10-12,2018,10,October,Oct,Q4,45015.0,AGC-00171,Arcadia Rotating Equipment,Daniel Brooks,AGX-2018-004416-AGC-00171
2018-10-15,2018,10,October,Oct,Q4,423759.25,AGC-00049,Helios Utilities,Priya Nguyen,AGX-2018-003295-AGC-00049
2018-10-16,2018,10,October,Oct,Q4,16565.18,AGC-00043,Helios Flow Technologies,Marcus Reed,AGX-2018-004108-AGC-00043
2018-10-16,2018,10,October,Oct,Q4,51837.3,AGC-00075,Cobalt Energy Systems,Ethan Cole,AGX-2018-004146-AGC-00075
2018-10-16,2018,10,October,Oct,Q4,67859.38,AGC-00155,Arcadia Infrastructure,Leila Shah,AGX-2018-004435-AGC-00155
2018-10-17,2018,10,October,Oct,Q4,534274.32,AGC-00005,Northstar Offshore Engineering,Priya Nguyen,AGX-2018-003161-AGC-00005
2018-10-17,2018,10,October,Oct,Q4,127331.45,AGC-00038,Helios Energy Systems,Owen Rossi,AGX-2018-003408-AGC-00038
2018-10-22,2018,10,October,Oct,Q4,673410.25,AGC-00007,Northstar Infrastructure,Elena Costa,AGX-2018-004027-AGC-00007
2018-10-22,2018,10,October,Oct,Q4,238638.88,AGC-00099,Cobalt Refinery Services,Maya Chen,AGX-2018-004310-AGC-00099
2018-10-24,2018,10,October,Oct,Q4,801188.2,AGC-00168,Arcadia Industrial Maintenance,Amara Okafor,AGX-2018-004123-AGC-00168
2018-10-25,2018,10,October,Oct,Q4,284128.59,AGC-00049,Helios Utilities,Marcus Reed,AGX-2018-003794-AGC-00049
2018-10-26,2018,10,October,Oct,Q4,53777.21,AGC-00141,Meridian Offshore Systems,Jordan Kim,AGX-2018-003469-AGC-00141
2018-10-29,2018,10,October,Oct,Q4,173532.72,AGC-00056,Helios Compression,Nathan Meyer,AGX-2018-003658-AGC-00056
2018-10-29,2018,10,October,Oct,Q4,815445.58,AGC-00067,Helios Offshore Systems,Sofia Laurent,AGX-2018-003798-AGC-00067
2018-10-29,2018,10,October,Oct,Q4,142898.33,AGC-00061,Helios Technical Supply,Nina Patel,AGX-2018-004134-AGC-00061
2018-10-29,2018,10,October,Oct,Q4,49758.89,AGC-00053,Helios Process Controls,Victor Bennett,AGX-2018-004201-AGC-00053
2018-10-30,2018,10,October,Oct,Q4,183725.6,AGC-00093,Cobalt Compression,Ethan Cole,AGX-2018-003470-AGC-00093
2018-10-30,2018,10,October,Oct,Q4,1525784.38,AGC-00010,Northstar Waterworks,Sofia Laurent,AGX-2018-004133-AGC-00010
2018-11-01,2018,11,November,Nov,Q4,73949.44,AGC-00172,Arcadia Technical Supply,Elena Costa,AGX-2018-003916-AGC-00172
2018-11-01,2018,11,November,Nov,Q4,26745.6,AGC-00035,Northstar Technical Services,Owen Rossi,AGX-2018-004216-AGC-00035
2018-11-05,2018,11,November,Nov,Q4,242260.48,AGC-00052,Helios Power Partners,Marcus Reed,AGX-2018-003842-AGC-00052
2018-11-09,2018,11,November,Nov,Q4,245452.02,AGC-00176,Arcadia Production Services,Daniel Brooks,AGX-2018-003901-AGC-00176
2018-11-12,2018,11,November,Nov,Q4,148891.21,AGC-00147,Meridian Industrial Solutions,Sofia Laurent,AGX-2018-003643-AGC-00147
2018-11-14,2018,11,November,Nov,Q4,2023849.0,AGC-00141,Meridian Offshore Systems,Owen Rossi,AGX-2018-003533-AGC-00141
2018-11-16,2018,11,November,Nov,Q4,1809131.21,AGC-00001,Northstar Energy Systems,Nathan Meyer,AGX-2018-003167-AGC-00001
2018-11-19,2018,11,November,Nov,Q4,238658.9,AGC-00036,Northstar Industrial Solutions,Sofia Laurent,AGX-2018-004029-AGC-00036
2018-11-20,2018,11,November,Nov,Q4,280007.33,AGC-00008,Northstar Petro Systems,Leila Shah,AGX-2018-004140-AGC-00008
2018-11-20,2018,11,November,Nov,Q4,744347.63,AGC-00161,Arcadia Field Services,Jordan Kim,AGX-2018-004338-AGC-00161
2018-11-21,2018,11,November,Nov,Q4,3206001.21,AGC-00042,Helios Offshore Engineering,Lucas Hayes,AGX-2018-004052-AGC-00042
2018-11-27,2018,11,November,Nov,Q4,449098.46,AGC-00168,Arcadia Industrial Maintenance,Maya Chen,AGX-2018-003523-AGC-00168
2018-11-27,2018,11,November,Nov,Q4,39131.72,AGC-00042,Helios Offshore Engineering,Ethan Cole,AGX-2018-004045-AGC-00042
2018-11-27,2018,11,November,Nov,Q4,231869.4,AGC-00180,Arcadia Industrial Services,Nina Patel,AGX-2018-004131-AGC-00180
2018-11-27,2018,11,November,Nov,Q4,2824961.05,AGC-00158,Arcadia Waterworks,Sofia Laurent,AGX-2018-004328-AGC-00158
2018-11-28,2018,11,November,Nov,Q4,1183047.42,AGC-00103,Cobalt Controls,Amara Okafor,AGX-2018-003576-AGC-00103
2018-11-30,2018,11,November,Nov,Q4,704626.31,AGC-00171,Arcadia Rotating Equipment,Isabella Stone,AGX-2018-004400-AGC-00171
2018-12-03,2018,12,December,Dec,Q4,3179449.48,AGC-00166,Arcadia Drilling Solutions,Nina Patel,AGX-2018-003703-AGC-00166
2018-12-03,2018,12,December,Dec,Q4,778895.82,AGC-00143,Meridian Industrial Services,Marcus Reed,AGX-2018-003972-AGC-00143
2018-12-04,2018,12,December,Dec,Q4,187555.25,AGC-00106,Cobalt Industrial Services,Amara Okafor,AGX-2018-003229-AGC-00106
2018-12-05,2018,12,December,Dec,Q4,2756897.3,AGC-00168,Arcadia Industrial Maintenance,Victor Bennett,AGX-2018-004332-AGC-00168
2018-12-07,2018,12,December,Dec,Q4,1086890.86,AGC-00003,Northstar Industrial Group,Daniel Brooks,AGX-2018-003249-AGC-00003
2018-12-11,2018,12,December,Dec,Q4,407161.28,AGC-00005,Northstar Offshore Engineering,Chloe Dubois,AGX-2018-004090-AGC-00005
2018-12-11,2018,12,December,Dec,Q4,163444.14,AGC-00043,Helios Flow Technologies,Jordan Kim,AGX-2018-004412-AGC-00043
2018-12-12,2018,12,December,Dec,Q4,884236.56,AGC-00037,Northstar Marine Supply,Nathan Meyer,AGX-2018-003649-AGC-00037
2018-12-12,2018,12,December,Dec,Q4,106751.73,AGC-00008,Northstar Petro Systems,Marcus Reed,AGX-2018-004329-AGC-00008
2018-12-13,2018,12,December,Dec,Q4,1373887.87,AGC-00135,Meridian Technical Supply,Owen Rossi,AGX-2018-003779-AGC-00135
2018-12-14,2018,12,December,Dec,Q4,176909.17,AGC-00113,Meridian Marine Services,Marcus Reed,AGX-2018-003378-AGC-00113
2018-12-17,2018,12,December,Dec,Q4,111169.72,AGC-00141,Meridian Offshore Systems,Marcus Reed,AGX-2018-003511-AGC-00141
2018-12-18,2018,12,December,Dec,Q4,139037.4,AGC-00137,Meridian Energy Projects,Chloe Dubois,AGX-2018-003403-AGC-00137
2018-12-18,2018,12,December,Dec,Q4,622383.94,AGC-00143,Meridian Industrial Services,Nina Patel,AGX-2018-004169-AGC-00143
2018-12-21,2018,12,December,Dec,Q4,449654.61,AGC-00011,Northstar Automation,Victor Bennett,AGX-2018-003603-AGC-00011
2018-12-21,2018,12,December,Dec,Q4,53060.52,AGC-00010,Northstar Waterworks,Jordan Kim,AGX-2018-004075-AGC-00010
2018-12-25,2018,12,December,Dec,Q4,162116.4,AGC-00091,Cobalt Engineering,Chloe Dubois,AGX-2018-003979-AGC-00091
2018-12-25,2018,12,December,Dec,Q4,85439.29,AGC-00009,Northstar Mining Services,Sofia Laurent,AGX-2018-004162-AGC-00009
2018-12-25,2018,12,December,Dec,Q4,233323.8,AGC-00013,Northstar Field Services,Nathan Meyer,AGX-2018-004434-AGC-00013
2018-12-27,2018,12,December,Dec,Q4,50500.84,AGC-00038,Helios Energy Systems,Isabella Stone,AGX-2018-003612-AGC-00038
2018-12-31,2018,12,December,Dec,Q4,91710.9,AGC-00049,Helios Utilities,Leila Shah,AGX-2018-003218-AGC-00049
2018-12-31,2018,12,December,Dec,Q4,720490.35,AGC-00075,Cobalt Energy Systems,Sofia Laurent,AGX-2018-003904-AGC-00075
2018-12-31,2018,12,December,Dec,Q4,1598898.21,AGC-00174,Arcadia Energy Projects,Victor Bennett,AGX-2018-004239-AGC-00174
2019-01-01,2019,1,January,Jan,Q1,310108.58,AGC-00148,Meridian Marine Supply,Isabella Stone,AGX-2019-005402-AGC-00148
2019-01-02,2019,1,January,Jan,Q1,178760.91,AGC-00133,Meridian Pipeline Services,Priya Nguyen,AGX-2019-005398-AGC-00133
2019-01-03,2019,1,January,Jan,Q1,542514.8,AGC-00159,Arcadia Automation,Nathan Meyer,AGX-2019-004723-AGC-00159
2019-01-03,2019,1,January,Jan,Q1,284661.31,AGC-00061,Helios Technical Supply,Leila Shah,AGX-2019-004918-AGC-00061
2019-01-04,2019,1,January,Jan,Q1,443827.93,AGC-00081,Cobalt Infrastructure,Jordan Kim,AGX-2019-005049-AGC-00081
2019-01-08,2019,1,January,Jan,Q1,516530.69,AGC-00003,Northstar Industrial Group,Priya Nguyen,AGX-2019-005128-AGC-00003
2019-01-10,2019,1,January,Jan,Q1,542786.53,AGC-00157,Arcadia Mining Services,Nathan Meyer,AGX-2019-005146-AGC-00157
2019-01-10,2019,1,January,Jan,Q1,55392.93,AGC-00083,Cobalt Mining Services,Leila Shah,AGX-2019-005217-AGC-00083
2019-01-11,2019,1,January,Jan,Q1,419352.75,AGC-00067,Helios Offshore Systems,Jordan Kim,AGX-2019-005460-AGC-00067
2019-01-14,2019,1,January,Jan,Q1,122120.76,AGC-00132,Meridian Resources,Chloe Dubois,AGX-2019-004699-AGC-00132
2019-01-15,2019,1,January,Jan,Q1,149323.45,AGC-00154,Arcadia Flow Technologies,Ethan Cole,AGX-2019-005379-AGC-00154
2019-01-22,2019,1,January,Jan,Q1,136214.4,AGC-00061,Helios Technical Supply,Nina Patel,AGX-2019-005590-AGC-00061
2019-01-23,2019,1,January,Jan,Q1,454194.51,AGC-00137,Meridian Energy Projects,Daniel Brooks,AGX-2019-004707-AGC-00137
2019-01-24,2019,1,January,Jan,Q1,84940.52,AGC-00147,Meridian Industrial Solutions,Nina Patel,AGX-2019-004503-AGC-00147
2019-01-25,2019,1,January,Jan,Q1,575883.16,AGC-00063,Helios Energy Projects,Priya Nguyen,AGX-2019-005316-AGC-00063
2019-01-28,2019,1,January,Jan,Q1,252103.19,AGC-00174,Arcadia Energy Projects,Samuel Carter,AGX-2019-004871-AGC-00174
2019-01-29,2019,1,January,Jan,Q1,262288.51,AGC-00020,Northstar Industrial Maintenance,Jordan Kim,AGX-2019-004507-AGC-00020
2019-01-29,2019,1,January,Jan,Q1,259177.26,AGC-00036,Northstar Industrial Solutions,Samuel Carter,AGX-2019-004834-AGC-00036
2019-01-29,2019,1,January,Jan,Q1,541660.27,AGC-00075,Cobalt Energy Systems,Ethan Cole,AGX-2019-005297-AGC-00075
2019-01-30,2019,1,January,Jan,Q1,655102.08,AGC-00049,Helios Utilities,Samuel Carter,AGX-2019-004897-AGC-00049
2019-01-31,2019,1,January,Jan,Q1,1643671.85,AGC-00059,Helios Pipeline Services,Nina Patel,AGX-2019-005575-AGC-00059
2019-02-01,2019,2,February,Feb,Q1,420741.11,AGC-00075,Cobalt Energy Systems,Amara Okafor,AGX-2019-005143-AGC-00075
2019-02-01,2019,2,February,Feb,Q1,79663.61,AGC-00136,Meridian Refinery Services,Maya Chen,AGX-2019-005962-AGC-00136
2019-02-05,2019,2,February,Feb,Q1,1082519.87,AGC-00114,Meridian Industrial Group,Amara Okafor,AGX-2019-005520-AGC-00114
2019-02-05,2019,2,February,Feb,Q1,387363.74,AGC-00041,Helios Process Solutions,Marcus Reed,AGX-2019-005731-AGC-00041
2019-02-07,2019,2,February,Feb,Q1,53828.59,AGC-00151,Arcadia Industrial Group,Lucas Hayes,AGX-2019-004923-AGC-00151
2019-02-08,2019,2,February,Feb,Q1,2538739.19,AGC-00003,Northstar Industrial Group,Samuel Carter,AGX-2019-005386-AGC-00003
2019-02-11,2019,2,February,Feb,Q1,183511.94,AGC-00136,Meridian Refinery Services,Isabella Stone,AGX-2019-005235-AGC-00136
2019-02-12,2019,2,February,Feb,Q1,655178.71,AGC-00039,Helios Marine Services,Marcus Reed,AGX-2019-005098-AGC-00039
2019-02-12,2019,2,February,Feb,Q1,449468.96,AGC-00168,Arcadia Industrial Maintenance,Daniel Brooks,AGX-2019-005250-AGC-00168
2019-02-12,2019,2,February,Feb,Q1,34991.71,AGC-00133,Meridian Pipeline Services,Priya Nguyen,AGX-2019-005509-AGC-00133
2019-02-13,2019,2,February,Feb,Q1,571075.06,AGC-00098,Cobalt Technical Supply,Maya Chen,AGX-2019-004740-AGC-00098
2019-02-15,2019,2,February,Feb,Q1,216547.03,AGC-00027,Northstar Marine Engineering,Nina Patel,AGX-2019-004508-AGC-00027
2019-02-15,2019,2,February,Feb,Q1,151824.24,AGC-00126,Meridian Power Partners,Elena Costa,AGX-2019-004788-AGC-00126
2019-02-18,2019,2,February,Feb,Q1,97766.97,AGC-00067,Helios Offshore Systems,Sofia Laurent,AGX-2019-005608-AGC-00067
2019-02-19,2019,2,February,Feb,Q1,996194.77,AGC-00140,Meridian Controls,Priya Nguyen,AGX-2019-004621-AGC-00140
2019-02-22,2019,2,February,Feb,Q1,725792.97,AGC-00114,Meridian Industrial Group,Sofia Laurent,AGX-2019-005531-AGC-00114
2019-02-26,2019,2,February,Feb,Q1,2525302.32,AGC-00053,Helios Process Controls,Sofia Laurent,AGX-2019-004900-AGC-00053
2019-02-26,2019,2,February,Feb,Q1,541567.94,AGC-00001,Northstar Energy Systems,Owen Rossi,AGX-2019-005862-AGC-00001
2019-02-27,2019,2,February,Feb,Q1,307681.03,AGC-00049,Helios Utilities,Amara Okafor,AGX-2019-005701-AGC-00049
2019-02-28,2019,2,February,Feb,Q1,410758.33,AGC-00061,Helios Technical Supply,Lucas Hayes,AGX-2019-004910-AGC-00061
2019-02-28,2019,2,February,Feb,Q1,1083685.52,AGC-00033,Northstar Flow Systems,Priya Nguyen,AGX-2019-004978-AGC-00033
2019-02-28,2019,2,February,Feb,Q1,362474.0,AGC-00157,Arcadia Mining Services,Isabella Stone,AGX-2019-005283-AGC-00157
2019-03-01,2019,3,March,Mar,Q1,272676.26,AGC-00143,Meridian Industrial Services,Nathan Meyer,AGX-2019-005849-AGC-00143
2019-03-04,2019,3,March,Mar,Q1,423429.41,AGC-00145,Meridian Instrumentation,Nathan Meyer,AGX-2019-005358-AGC-00145
2019-03-04,2019,3,March,Mar,Q1,15472.2,AGC-00154,Arcadia Flow Technologies,Daniel Brooks,AGX-2019-005795-AGC-00154
2019-03-06,2019,3,March,Mar,Q1,165691.75,AGC-00038,Helios Energy Systems,Isabella Stone,AGX-2019-004689-AGC-00038
2019-03-06,2019,3,March,Mar,Q1,556980.77,AGC-00125,Meridian Mechanical,Lucas Hayes,AGX-2019-005976-AGC-00125
2019-03-07,2019,3,March,Mar,Q1,42095.94,AGC-00002,Northstar Marine Services,Chloe Dubois,AGX-2019-004570-AGC-00002
2019-03-08,2019,3,March,Mar,Q1,383813.64,AGC-00144,Meridian Flow Systems,Chloe Dubois,AGX-2019-005734-AGC-00144
2019-03-12,2019,3,March,Mar,Q1,487378.1,AGC-00045,Helios Petro Systems,Amara Okafor,AGX-2019-004882-AGC-00045
2019-03-14,2019,3,March,Mar,Q1,192610.42,AGC-00005,Northstar Offshore Engineering,Chloe Dubois,AGX-2019-004734-AGC-00005
2019-03-14,2019,3,March,Mar,Q1,20516.23,AGC-00147,Meridian Industrial Solutions,Marcus Reed,AGX-2019-005343-AGC-00147
2019-03-15,2019,3,March,Mar,Q1,248720.0,AGC-00178,Arcadia Offshore Systems,Daniel Brooks,AGX-2019-005068-AGC-00178
2019-03-18,2019,3,March,Mar,Q1,429448.25,AGC-00140,Meridian Controls,Daniel Brooks,AGX-2019-004851-AGC-00140
2019-03-18,2019,3,March,Mar,Q1,175449.32,AGC-00001,Northstar Energy Systems,Priya Nguyen,AGX-2019-005614-AGC-00001
2019-03-19,2019,3,March,Mar,Q1,807756.03,AGC-00053,Helios Process Controls,Leila Shah,AGX-2019-005035-AGC-00053
2019-03-27,2019,3,March,Mar,Q1,21678.89,AGC-00047,Helios Waterworks,Nathan Meyer,AGX-2019-005470-AGC-00047
2019-03-27,2019,3,March,Mar,Q1,389557.0,AGC-00099,Cobalt Refinery Services,Owen Rossi,AGX-2019-005963-AGC-00099
2019-04-01,2019,4,April,Apr,Q2,194368.34,AGC-00009,Northstar Mining Services,Chloe Dubois,AGX-2019-005371-AGC-00009
2019-04-02,2019,4,April,Apr,Q2,105063.28,AGC-00009,Northstar Mining Services,Samuel Carter,AGX-2019-005842-AGC-00009
2019-04-09,2019,4,April,Apr,Q2,105447.77,AGC-00103,Cobalt Controls,Leila Shah,AGX-2019-005978-AGC-00103
2019-04-16,2019,4,April,Apr,Q2,377365.43,AGC-00133,Meridian Pipeline Services,Nathan Meyer,AGX-2019-005841-AGC-00133
2019-04-17,2019,4,April,Apr,Q2,182386.24,AGC-00042,Helios Offshore Engineering,Elena Costa,AGX-2019-005065-AGC-00042
2019-04-17,2019,4,April,Apr,Q2,128936.14,AGC-00003,Northstar Industrial Group,Owen Rossi,AGX-2019-005565-AGC-00003
2019-04-18,2019,4,April,Apr,Q2,348104.35,AGC-00024,Northstar Technical Supply,Amara Okafor,AGX-2019-004904-AGC-00024
2019-04-19,2019,4,April,Apr,Q2,413072.35,AGC-00103,Cobalt Controls,Nina Patel,AGX-2019-004633-AGC-00103
2019-04-19,2019,4,April,Apr,Q2,612114.28,AGC-00179,Arcadia Mechanical Group,Nathan Meyer,AGX-2019-005008-AGC-00179
2019-04-26,2019,4,April,Apr,Q2,2409008.32,AGC-00079,Cobalt Offshore Engineering,Priya Nguyen,AGX-2019-005821-AGC-00079
2019-04-29,2019,4,April,Apr,Q2,186771.58,AGC-00169,Arcadia Resources,Victor Bennett,AGX-2019-005611-AGC-00169
2019-05-01,2019,5,May,May,Q2,598940.5,AGC-00052,Helios Power Partners,Nina Patel,AGX-2019-004623-AGC-00052
2019-05-03,2019,5,May,May,Q2,59188.37,AGC-00152,Arcadia Process Solutions,Nina Patel,AGX-2019-004837-AGC-00152
2019-05-06,2019,5,May,May,Q2,81622.62,AGC-00041,Helios Process Solutions,Maya Chen,AGX-2019-004901-AGC-00041
2019-05-07,2019,5,May,May,Q2,699073.72,AGC-00001,Northstar Energy Systems,Victor Bennett,AGX-2019-004697-AGC-00001
2019-05-07,2019,5,May,May,Q2,776457.77,AGC-00041,Helios Process Solutions,Lucas Hayes,AGX-2019-005583-AGC-00041
2019-05-07,2019,5,May,May,Q2,1024146.64,AGC-00023,Northstar Rotating Equipment,Isabella Stone,AGX-2019-005737-AGC-00023
2019-05-13,2019,5,May,May,Q2,175003.47,AGC-00088,Cobalt Mechanical,Samuel Carter,AGX-2019-004977-AGC-00088
2019-05-14,2019,5,May,May,Q2,599675.23,AGC-00007,Northstar Infrastructure,Samuel Carter,AGX-2019-005825-AGC-00007
2019-05-15,2019,5,May,May,Q2,629527.1,AGC-00115,Meridian Process Solutions,Elena Costa,AGX-2019-005270-AGC-00115
2019-05-16,2019,5,May,May,Q2,34523.29,AGC-00146,Meridian Technical Services,Ethan Cole,AGX-2019-005230-AGC-00146
2019-05-17,2019,5,May,May,Q2,82697.78,AGC-00045,Helios Petro Systems,Victor Bennett,AGX-2019-005232-AGC-00045
2019-05-20,2019,5,May,May,Q2,185414.09,AGC-00056,Helios Compression,Isabella Stone,AGX-2019-004668-AGC-00056
2019-05-21,2019,5,May,May,Q2,2219088.35,AGC-00083,Cobalt Mining Services,Isabella Stone,AGX-2019-004585-AGC-00083
2019-05-21,2019,5,May,May,Q2,545172.9,AGC-00042,Helios Offshore Engineering,Samuel Carter,AGX-2019-004799-AGC-00042
2019-05-22,2019,5,May,May,Q2,397148.04,AGC-00169,Arcadia Resources,Owen Rossi,AGX-2019-005857-AGC-00169
2019-05-23,2019,5,May,May,Q2,299179.86,AGC-00138,Meridian Marine Engineering,Nina Patel,AGX-2019-005937-AGC-00138
2019-05-24,2019,5,May,May,Q2,209881.33,AGC-00166,Arcadia Drilling Solutions,Sofia Laurent,AGX-2019-004690-AGC-00166
2019-05-24,2019,5,May,May,Q2,309724.39,AGC-00113,Meridian Marine Services,Nathan Meyer,AGX-2019-005189-AGC-00113
2019-05-24,2019,5,May,May,Q2,1060558.38,AGC-00093,Cobalt Compression,Priya Nguyen,AGX-2019-005321-AGC-00093
2019-05-27,2019,5,May,May,Q2,271542.1,AGC-00061,Helios Technical Supply,Isabella Stone,AGX-2019-004619-AGC-00061
2019-05-27,2019,5,May,May,Q2,410896.61,AGC-00157,Arcadia Mining Services,Nathan Meyer,AGX-2019-005687-AGC-00157
2019-05-28,2019,5,May,May,Q2,2247861.33,AGC-00093,Cobalt Compression,Owen Rossi,AGX-2019-004985-AGC-00093
2019-05-28,2019,5,May,May,Q2,1834669.0,AGC-00032,Northstar Industrial Services,Maya Chen,AGX-2019-004987-AGC-00032
2019-05-30,2019,5,May,May,Q2,48519.22,AGC-00141,Meridian Offshore Systems,Owen Rossi,AGX-2019-005329-AGC-00141
2019-06-03,2019,6,June,Jun,Q2,1856072.34,AGC-00067,Helios Offshore Systems,Maya Chen,AGX-2019-004651-AGC-00067
2019-06-06,2019,6,June,Jun,Q2,383472.15,AGC-00087,Cobalt Field Services,Ethan Cole,AGX-2019-005174-AGC-00087
2019-06-06,2019,6,June,Jun,Q2,33750.75,AGC-00137,Meridian Energy Projects,Nina Patel,AGX-2019-005238-AGC-00137
2019-06-06,2019,6,June,Jun,Q2,492247.7,AGC-00158,Arcadia Waterworks,Nina Patel,AGX-2019-005577-AGC-00158
2019-06-11,2019,6,June,Jun,Q2,1405934.23,AGC-00125,Meridian Mechanical,Victor Bennett,AGX-2019-004642-AGC-00125
2019-06-12,2019,6,June,Jun,Q2,1168799.3,AGC-00005,Northstar Offshore Engineering,Lucas Hayes,AGX-2019-004510-AGC-00005
2019-06-12,2019,6,June,Jun,Q2,1943782.03,AGC-00061,Helios Technical Supply,Amara Okafor,AGX-2019-005306-AGC-00061
2019-06-12,2019,6,June,Jun,Q2,923703.65,AGC-00156,Arcadia Petro Systems,Chloe Dubois,AGX-2019-005993-AGC-00156
2019-06-13,2019,6,June,Jun,Q2,63854.65,AGC-00175,Arcadia Marine Engineering,Jordan Kim,AGX-2019-005593-AGC-00175
2019-06-14,2019,6,June,Jun,Q2,745898.14,AGC-00032,Northstar Industrial Services,Samuel Carter,AGX-2019-005387-AGC-00032
2019-06-25,2019,6,June,Jun,Q2,1257822.55,AGC-00047,Helios Waterworks,Isabella Stone,AGX-2019-005542-AGC-00047
2019-06-26,2019,6,June,Jun,Q2,120346.35,AGC-00132,Meridian Resources,Owen Rossi,AGX-2019-004548-AGC-00132
2019-06-26,2019,6,June,Jun,Q2,378484.3,AGC-00157,Arcadia Mining Services,Lucas Hayes,AGX-2019-005298-AGC-00157
2019-06-28,2019,6,June,Jun,Q2,329376.28,AGC-00031,Northstar Mechanical Group,Nina Patel,AGX-2019-005265-AGC-00031
2019-07-02,2019,7,July,Jul,Q3,1241574.78,AGC-00008,Northstar Petro Systems,Nina Patel,AGX-2019-005258-AGC-00008
2019-07-02,2019,7,July,Jul,Q3,484410.56,AGC-00156,Arcadia Petro Systems,Owen Rossi,AGX-2019-005733-AGC-00156
2019-07-04,2019,7,July,Jul,Q3,60657.67,AGC-00172,Arcadia Technical Supply,Isabella Stone,AGX-2019-004952-AGC-00172
2019-07-04,2019,7,July,Jul,Q3,745776.63,AGC-00069,Helios Industrial Services,Elena Costa,AGX-2019-005207-AGC-00069
2019-07-04,2019,7,July,Jul,Q3,851736.96,AGC-00132,Meridian Resources,Jordan Kim,AGX-2019-005601-AGC-00132
2019-07-05,2019,7,July,Jul,Q3,222308.04,AGC-00166,Arcadia Drilling Solutions,Sofia Laurent,AGX-2019-004807-AGC-00166
2019-07-08,2019,7,July,Jul,Q3,129030.72,AGC-00154,Arcadia Flow Technologies,Victor Bennett,AGX-2019-005473-AGC-00154
2019-07-09,2019,7,July,Jul,Q3,263390.07,AGC-00158,Arcadia Waterworks,Victor Bennett,AGX-2019-004791-AGC-00158
2019-07-11,2019,7,July,Jul,Q3,329829.05,AGC-00035,Northstar Technical Services,Victor Bennett,AGX-2019-004758-AGC-00035
2019-07-12,2019,7,July,Jul,Q3,338680.31,AGC-00113,Meridian Marine Services,Jordan Kim,AGX-2019-004750-AGC-00113
2019-07-12,2019,7,July,Jul,Q3,158450.5,AGC-00145,Meridian Instrumentation,Marcus Reed,AGX-2019-005372-AGC-00145
2019-07-12,2019,7,July,Jul,Q3,1168397.75,AGC-00035,Northstar Technical Services,Daniel Brooks,AGX-2019-005893-AGC-00035
2019-07-15,2019,7,July,Jul,Q3,30449.66,AGC-00036,Northstar Industrial Solutions,Maya Chen,AGX-2019-004648-AGC-00036
2019-07-17,2019,7,July,Jul,Q3,280391.17,AGC-00167,Arcadia Compression,Isabella Stone,AGX-2019-004930-AGC-00167
2019-07-18,2019,7,July,Jul,Q3,306659.63,AGC-00010,Northstar Waterworks,Isabella Stone,AGX-2019-004996-AGC-00010
2019-07-19,2019,7,July,Jul,Q3,679961.37,AGC-00016,Northstar Process Controls,Chloe Dubois,AGX-2019-004920-AGC-00016
2019-07-23,2019,7,July,Jul,Q3,397680.21,AGC-00025,Northstar Refinery Services,Isabella Stone,AGX-2019-004727-AGC-00025
2019-07-29,2019,7,July,Jul,Q3,126481.29,AGC-00019,Northstar Compression,Victor Bennett,AGX-2019-004733-AGC-00019
2019-07-30,2019,7,July,Jul,Q3,269672.6,AGC-00086,Cobalt Utilities,Leila Shah,AGX-2019-005064-AGC-00086
2019-07-31,2019,7,July,Jul,Q3,431341.62,AGC-00178,Arcadia Offshore Systems,Nathan Meyer,AGX-2019-005393-AGC-00178
2019-08-01,2019,8,August,Aug,Q3,704647.4,AGC-00141,Meridian Offshore Systems,Elena Costa,AGX-2019-004769-AGC-00141
2019-08-05,2019,8,August,Aug,Q3,1929844.91,AGC-00042,Helios Offshore Engineering,Daniel Brooks,AGX-2019-004506-AGC-00042
2019-08-05,2019,8,August,Aug,Q3,1765723.19,AGC-00129,Meridian Drilling Solutions,Elena Costa,AGX-2019-005268-AGC-00129
2019-08-07,2019,8,August,Aug,Q3,587894.65,AGC-00143,Meridian Industrial Services,Amara Okafor,AGX-2019-005317-AGC-00143
2019-08-09,2019,8,August,Aug,Q3,74036.39,AGC-00077,Cobalt Industrial Group,Leila Shah,AGX-2019-004713-AGC-00077
2019-08-09,2019,8,August,Aug,Q3,1334428.47,AGC-00132,Meridian Resources,Chloe Dubois,AGX-2019-004831-AGC-00132
2019-08-09,2019,8,August,Aug,Q3,20480.45,AGC-00161,Arcadia Field Services,Daniel Brooks,AGX-2019-005101-AGC-00161
2019-08-12,2019,8,August,Aug,Q3,12781.2,AGC-00051,Helios Mechanical,Marcus Reed,AGX-2019-005493-AGC-00051
2019-08-14,2019,8,August,Aug,Q3,247809.1,AGC-00115,Meridian Process Solutions,Isabella Stone,AGX-2019-004682-AGC-00115
2019-08-14,2019,8,August,Aug,Q3,224399.4,AGC-00009,Northstar Mining Services,Jordan Kim,AGX-2019-004779-AGC-00009
2019-08-16,2019,8,August,Aug,Q3,201331.24,AGC-00017,Northstar Engineering,Victor Bennett,AGX-2019-004615-AGC-00017
2019-08-16,2019,8,August,Aug,Q3,540218.01,AGC-00171,Arcadia Rotating Equipment,Samuel Carter,AGX-2019-004953-AGC-00171
2019-08-19,2019,8,August,Aug,Q3,732374.16,AGC-00127,Meridian Process Controls,Maya Chen,AGX-2019-004884-AGC-00127
2019-08-19,2019,8,August,Aug,Q3,319450.32,AGC-00030,Northstar Offshore Systems,Sofia Laurent,AGX-2019-005843-AGC-00030
2019-08-26,2019,8,August,Aug,Q3,668349.01,AGC-00038,Helios Energy Systems,Nina Patel,AGX-2019-005756-AGC-00038
2019-08-30,2019,8,August,Aug,Q3,328167.4,AGC-00097,Cobalt Rotating Equipment,Owen Rossi,AGX-2019-004512-AGC-00097
2019-08-30,2019,8,August,Aug,Q3,408470.89,AGC-00138,Meridian Marine Engineering,Amara Okafor,AGX-2019-005906-AGC-00138
2019-09-03,2019,9,September,Sep,Q3,1092142.85,AGC-00147,Meridian Industrial Solutions,Lucas Hayes,AGX-2019-004559-AGC-00147
2019-09-04,2019,9,September,Sep,Q3,2174370.18,AGC-00041,Helios Process Solutions,Elena Costa,AGX-2019-005295-AGC-00041
2019-09-05,2019,9,September,Sep,Q3,452398.47,AGC-00146,Meridian Technical Services,Nina Patel,AGX-2019-004808-AGC-00146
2019-09-05,2019,9,September,Sep,Q3,285269.34,AGC-00098,Cobalt Technical Supply,Isabella Stone,AGX-2019-004907-AGC-00098
2019-09-09,2019,9,September,Sep,Q3,484410.18,AGC-00123,Meridian Utilities,Leila Shah,AGX-2019-004787-AGC-00123
2019-09-09,2019,9,September,Sep,Q3,641694.63,AGC-00051,Helios Mechanical,Samuel Carter,AGX-2019-005652-AGC-00051
2019-09-09,2019,9,September,Sep,Q3,107622.13,AGC-00159,Arcadia Automation,Elena Costa,AGX-2019-005932-AGC-00159
2019-09-10,2019,9,September,Sep,Q3,242521.05,AGC-00037,Northstar Marine Supply,Marcus Reed,AGX-2019-005171-AGC-00037
2019-09-12,2019,9,September,Sep,Q3,20886.18,AGC-00070,Helios Flow Systems,Isabella Stone,AGX-2019-004561-AGC-00070
2019-09-12,2019,9,September,Sep,Q3,2074847.7,AGC-00089,Cobalt Power Partners,Nathan Meyer,AGX-2019-004661-AGC-00089
2019-09-13,2019,9,September,Sep,Q3,257852.65,AGC-00032,Northstar Industrial Services,Nathan Meyer,AGX-2019-005941-AGC-00032
2019-09-17,2019,9,September,Sep,Q3,223575.75,AGC-00141,Meridian Offshore Systems,Jordan Kim,AGX-2019-004721-AGC-00141
2019-09-17,2019,9,September,Sep,Q3,326540.27,AGC-00160,Arcadia Utilities,Elena Costa,AGX-2019-005845-AGC-00160
2019-09-17,2019,9,September,Sep,Q3,34420.43,AGC-00132,Meridian Resources,Chloe Dubois,AGX-2019-005888-AGC-00132
2019-09-18,2019,9,September,Sep,Q3,361137.73,AGC-00170,Arcadia Pipeline Services,Isabella Stone,AGX-2019-004968-AGC-00170
2019-09-19,2019,9,September,Sep,Q3,17751.5,AGC-00113,Meridian Marine Services,Chloe Dubois,AGX-2019-004793-AGC-00113
2019-09-19,2019,9,September,Sep,Q3,1989325.95,AGC-00128,Meridian Engineering,Samuel Carter,AGX-2019-005753-AGC-00128
2019-09-23,2019,9,September,Sep,Q3,100076.08,AGC-00051,Helios Mechanical,Victor Bennett,AGX-2019-005363-AGC-00051
2019-09-23,2019,9,September,Sep,Q3,112066.22,AGC-00047,Helios Waterworks,Elena Costa,AGX-2019-005391-AGC-00047
2019-09-25,2019,9,September,Sep,Q3,507184.29,AGC-00155,Arcadia Infrastructure,Marcus Reed,AGX-2019-005395-AGC-00155
2019-09-26,2019,9,September,Sep,Q3,1877053.85,AGC-00114,Meridian Industrial Group,Nathan Meyer,AGX-2019-004660-AGC-00114
2019-09-26,2019,9,September,Sep,Q3,479876.2,AGC-00032,Northstar Industrial Services,Samuel Carter,AGX-2019-005699-AGC-00032
2019-09-27,2019,9,September,Sep,Q3,288499.81,AGC-00049,Helios Utilities,Daniel Brooks,AGX-2019-004551-AGC-00049
2019-09-27,2019,9,September,Sep,Q3,279937.37,AGC-00038,Helios Energy Systems,Chloe Dubois,AGX-2019-004565-AGC-00038
2019-09-27,2019,9,September,Sep,Q3,161875.88,AGC-00176,Arcadia Production Services,Jordan Kim,AGX-2019-005248-AGC-00176
2019-09-30,2019,9,September,Sep,Q3,1104252.4,AGC-00069,Helios Industrial Services,Ethan Cole,AGX-2019-004586-AGC-00069
2019-09-30,2019,9,September,Sep,Q3,233208.96,AGC-00138,Meridian Marine Engineering,Daniel Brooks,AGX-2019-005312-AGC-00138
2019-10-02,2019,10,October,Oct,Q4,1052038.73,AGC-00024,Northstar Technical Supply,Priya Nguyen,AGX-2019-005588-AGC-00024
2019-10-14,2019,10,October,Oct,Q4,164568.7,AGC-00157,Arcadia Mining Services,Amara Okafor,AGX-2019-005339-AGC-00157
2019-10-14,2019,10,October,Oct,Q4,6776.08,AGC-00180,Arcadia Industrial Services,Isabella Stone,AGX-2019-005914-AGC-00180
2019-10-15,2019,10,October,Oct,Q4,19150.79,AGC-00143,Meridian Industrial Services,Samuel Carter,AGX-2019-004583-AGC-00143
2019-10-16,2019,10,October,Oct,Q4,197608.86,AGC-00175,Arcadia Marine Engineering,Chloe Dubois,AGX-2019-004881-AGC-00175
2019-10-16,2019,10,October,Oct,Q4,1026031.25,AGC-00062,Helios Refinery Services,Isabella Stone,AGX-2019-005554-AGC-00062
2019-10-17,2019,10,October,Oct,Q4,869035.25,AGC-00035,Northstar Technical Services,Nathan Meyer,AGX-2019-004663-AGC-00035
2019-10-22,2019,10,October,Oct,Q4,155419.37,AGC-00133,Meridian Pipeline Services,Priya Nguyen,AGX-2019-005927-AGC-00133
2019-10-23,2019,10,October,Oct,Q4,213197.46,AGC-00081,Cobalt Infrastructure,Priya Nguyen,AGX-2019-005822-AGC-00081
2019-10-24,2019,10,October,Oct,Q4,73629.12,AGC-00180,Arcadia Industrial Services,Maya Chen,AGX-2019-004691-AGC-00180
2019-10-28,2019,10,October,Oct,Q4,406512.41,AGC-00111,Cobalt Marine Supply,Owen Rossi,AGX-2019-005858-AGC-00111
2019-10-29,2019,10,October,Oct,Q4,562998.32,AGC-00106,Cobalt Industrial Services,Amara Okafor,AGX-2019-005811-AGC-00106
2019-10-30,2019,10,October,Oct,Q4,208953.9,AGC-00126,Meridian Power Partners,Chloe Dubois,AGX-2019-005273-AGC-00126
2019-11-06,2019,11,November,Nov,Q4,86992.58,AGC-00020,Northstar Industrial Maintenance,Maya Chen,AGX-2019-005789-AGC-00020
2019-11-07,2019,11,November,Nov,Q4,955594.11,AGC-00132,Meridian Resources,Leila Shah,AGX-2019-004673-AGC-00132
2019-11-07,2019,11,November,Nov,Q4,89612.7,AGC-00143,Meridian Industrial Services,Victor Bennett,AGX-2019-004891-AGC-00143
2019-11-07,2019,11,November,Nov,Q4,194003.35,AGC-00007,Northstar Infrastructure,Marcus Reed,AGX-2019-005861-AGC-00007
2019-11-08,2019,11,November,Nov,Q4,700212.88,AGC-00026,Northstar Energy Projects,Sofia Laurent,AGX-2019-004553-AGC-00026
2019-11-08,2019,11,November,Nov,Q4,203092.76,AGC-00140,Meridian Controls,Chloe Dubois,AGX-2019-004933-AGC-00140
2019-11-11,2019,11,November,Nov,Q4,398227.71,AGC-00096,Cobalt Pipeline Services,Daniel Brooks,AGX-2019-005708-AGC-00096
2019-11-12,2019,11,November,Nov,Q4,914500.21,AGC-00030,Northstar Offshore Systems,Leila Shah,AGX-2019-005945-AGC-00030
2019-11-14,2019,11,November,Nov,Q4,200788.54,AGC-00179,Arcadia Mechanical Group,Isabella Stone,AGX-2019-004566-AGC-00179
2019-11-14,2019,11,November,Nov,Q4,1965678.98,AGC-00011,Northstar Automation,Chloe Dubois,AGX-2019-005361-AGC-00011
2019-11-14,2019,11,November,Nov,Q4,653319.42,AGC-00135,Meridian Technical Supply,Nina Patel,AGX-2019-005759-AGC-00135
2019-11-15,2019,11,November,Nov,Q4,567075.29,AGC-00076,Cobalt Marine Services,Nathan Meyer,AGX-2019-005011-AGC-00076
2019-11-15,2019,11,November,Nov,Q4,1195540.84,AGC-00066,Helios Controls,Nathan Meyer,AGX-2019-005617-AGC-00066
2019-11-26,2019,11,November,Nov,Q4,559470.86,AGC-00101,Cobalt Marine Engineering,Lucas Hayes,AGX-2019-005526-AGC-00101
2019-11-27,2019,11,November,Nov,Q4,2049311.68,AGC-00147,Meridian Industrial Solutions,Elena Costa,AGX-2019-005001-AGC-00147
2019-11-27,2019,11,November,Nov,Q4,279387.94,AGC-00070,Helios Flow Systems,Isabella Stone,AGX-2019-005365-AGC-00070
2019-11-27,2019,11,November,Nov,Q4,370141.26,AGC-00161,Arcadia Field Services,Priya Nguyen,AGX-2019-005545-AGC-00161
2019-11-29,2019,11,November,Nov,Q4,1100419.35,AGC-00112,Meridian Energy Systems,Maya Chen,AGX-2019-005586-AGC-00112
2019-12-03,2019,12,December,Dec,Q4,139338.36,AGC-00172,Arcadia Technical Supply,Isabella Stone,AGX-2019-004820-AGC-00172
2019-12-03,2019,12,December,Dec,Q4,1161540.71,AGC-00035,Northstar Technical Services,Nathan Meyer,AGX-2019-005834-AGC-00035
2019-12-09,2019,12,December,Dec,Q4,361366.57,AGC-00083,Cobalt Mining Services,Lucas Hayes,AGX-2019-004940-AGC-00083
2019-12-09,2019,12,December,Dec,Q4,379245.4,AGC-00101,Cobalt Marine Engineering,Victor Bennett,AGX-2019-005449-AGC-00101
2019-12-10,2019,12,December,Dec,Q4,327182.31,AGC-00040,Helios Industrial Group,Marcus Reed,AGX-2019-004984-AGC-00040
2019-12-12,2019,12,December,Dec,Q4,137054.94,AGC-00120,Meridian Mining Services,Victor Bennett,AGX-2019-005671-AGC-00120
2019-12-13,2019,12,December,Dec,Q4,1665931.16,AGC-00103,Cobalt Controls,Nathan Meyer,AGX-2019-005668-AGC-00103
2019-12-17,2019,12,December,Dec,Q4,421379.0,AGC-00147,Meridian Industrial Solutions,Elena Costa,AGX-2019-005323-AGC-00147
2019-12-17,2019,12,December,Dec,Q4,1744754.21,AGC-00039,Helios Marine Services,Marcus Reed,AGX-2019-005793-AGC-00039
2019-12-19,2019,12,December,Dec,Q4,805463.26,AGC-00049,Helios Utilities,Sofia Laurent,AGX-2019-005324-AGC-00049
2019-12-19,2019,12,December,Dec,Q4,1620160.1,AGC-00043,Helios Flow Technologies,Samuel Carter,AGX-2019-005915-AGC-00043
2019-12-23,2019,12,December,Dec,Q4,166575.46,AGC-00032,Northstar Industrial Services,Nina Patel,AGX-2019-005066-AGC-00032
2019-12-25,2019,12,December,Dec,Q4,429578.92,AGC-00045,Helios Petro Systems,Samuel Carter,AGX-2019-005626-AGC-00045
2019-12-25,2019,12,December,Dec,Q4,83980.06,AGC-00091,Cobalt Engineering,Marcus Reed,AGX-2019-005942-AGC-00091
2019-12-26,2019,12,December,Dec,Q4,227684.23,AGC-00151,Arcadia Industrial Group,Priya Nguyen,AGX-2019-004544-AGC-00151
2019-12-26,2019,12,December,Dec,Q4,382990.98,AGC-00031,Northstar Mechanical Group,Samuel Carter,AGX-2019-005084-AGC-00031
2019-12-26,2019,12,December,Dec,Q4,206408.54,AGC-00168,Arcadia Industrial Maintenance,Amara Okafor,AGX-2019-005202-AGC-00168
2019-12-27,2019,12,December,Dec,Q4,3347221.24,AGC-00005,Northstar Offshore Engineering,Maya Chen,AGX-2019-005716-AGC-00005
2019-12-30,2019,12,December,Dec,Q4,170251.54,AGC-00009,Northstar Mining Services,Marcus Reed,AGX-2019-004757-AGC-00009
2019-12-30,2019,12,December,Dec,Q4,267584.28,AGC-00013,Northstar Field Services,Nathan Meyer,AGX-2019-005315-AGC-00013
2019-12-31,2019,12,December,Dec,Q4,223239.39,AGC-00170,Arcadia Pipeline Services,Isabella Stone,AGX-2019-004764-AGC-00170
2019-12-31,2019,12,December,Dec,Q4,586164.4,AGC-00178,Arcadia Offshore Systems,Owen Rossi,AGX-2019-004922-AGC-00178
2020-01-02,2020,1,January,Jan,Q1,105780.85,AGC-00089,Cobalt Power Partners,Samuel Carter,AGX-2020-007023-AGC-00089
2020-01-03,2020,1,January,Jan,Q1,61271.45,AGC-00109,Cobalt Technical Services,Priya Nguyen,AGX-2020-006977-AGC-00109
2020-01-06,2020,1,January,Jan,Q1,246141.62,AGC-00132,Meridian Resources,Leila Shah,AGX-2020-006925-AGC-00132
2020-01-07,2020,1,January,Jan,Q1,427652.97,AGC-00088,Cobalt Mechanical,Samuel Carter,AGX-2020-006339-AGC-00088
2020-01-07,2020,1,January,Jan,Q1,292599.82,AGC-00016,Northstar Process Controls,Jordan Kim,AGX-2020-006848-AGC-00016
2020-01-09,2020,1,January,Jan,Q1,69876.31,AGC-00020,Northstar Industrial Maintenance,Leila Shah,AGX-2020-006024-AGC-00020
2020-01-09,2020,1,January,Jan,Q1,870244.6,AGC-00060,Helios Rotating Equipment,Ethan Cole,AGX-2020-007204-AGC-00060
2020-01-10,2020,1,January,Jan,Q1,181489.22,AGC-00165,Arcadia Engineering,Nathan Meyer,AGX-2020-006432-AGC-00165
2020-01-10,2020,1,January,Jan,Q1,794451.21,AGC-00032,Northstar Industrial Services,Owen Rossi,AGX-2020-006858-AGC-00032
2020-01-10,2020,1,January,Jan,Q1,59697.0,AGC-00042,Helios Offshore Engineering,Victor Bennett,AGX-2020-006956-AGC-00042
2020-01-13,2020,1,January,Jan,Q1,74247.36,AGC-00165,Arcadia Engineering,Maya Chen,AGX-2020-006623-AGC-00165
2020-01-20,2020,1,January,Jan,Q1,297717.41,AGC-00026,Northstar Energy Projects,Lucas Hayes,AGX-2020-006393-AGC-00026
2020-01-20,2020,1,January,Jan,Q1,369287.3,AGC-00125,Meridian Mechanical,Sofia Laurent,AGX-2020-006683-AGC-00125
2020-01-21,2020,1,January,Jan,Q1,439023.89,AGC-00083,Cobalt Mining Services,Marcus Reed,AGX-2020-006121-AGC-00083
2020-01-21,2020,1,January,Jan,Q1,138648.92,AGC-00087,Cobalt Field Services,Daniel Brooks,AGX-2020-006640-AGC-00087
2020-01-22,2020,1,January,Jan,Q1,259300.84,AGC-00120,Meridian Mining Services,Ethan Cole,AGX-2020-006701-AGC-00120
2020-01-23,2020,1,January,Jan,Q1,61054.93,AGC-00161,Arcadia Field Services,Nina Patel,AGX-2020-006197-AGC-00161
2020-01-27,2020,1,January,Jan,Q1,171557.68,AGC-00099,Cobalt Refinery Services,Samuel Carter,AGX-2020-006981-AGC-00099
2020-01-29,2020,1,January,Jan,Q1,151334.6,AGC-00148,Meridian Marine Supply,Jordan Kim,AGX-2020-006370-AGC-00148
2020-01-29,2020,1,January,Jan,Q1,537335.41,AGC-00038,Helios Energy Systems,Amara Okafor,AGX-2020-006681-AGC-00038
2020-02-05,2020,2,February,Feb,Q1,254195.42,AGC-00086,Cobalt Utilities,Priya Nguyen,AGX-2020-006407-AGC-00086
2020-02-05,2020,2,February,Feb,Q1,460885.43,AGC-00133,Meridian Pipeline Services,Lucas Hayes,AGX-2020-007206-AGC-00133
2020-02-06,2020,2,February,Feb,Q1,178466.23,AGC-00064,Helios Marine Engineering,Leila Shah,AGX-2020-006211-AGC-00064
2020-02-12,2020,2,February,Feb,Q1,831170.0,AGC-00017,Northstar Engineering,Amara Okafor,AGX-2020-006818-AGC-00017
2020-02-12,2020,2,February,Feb,Q1,883091.16,AGC-00167,Arcadia Compression,Chloe Dubois,AGX-2020-007086-AGC-00167
2020-02-13,2020,2,February,Feb,Q1,65036.49,AGC-00041,Helios Process Solutions,Lucas Hayes,AGX-2020-006888-AGC-00041
2020-02-14,2020,2,February,Feb,Q1,2733108.66,AGC-00075,Cobalt Energy Systems,Elena Costa,AGX-2020-007006-AGC-00075
2020-02-14,2020,2,February,Feb,Q1,5917.82,AGC-00030,Northstar Offshore Systems,Ethan Cole,AGX-2020-007105-AGC-00030
2020-02-17,2020,2,February,Feb,Q1,70840.26,AGC-00060,Helios Rotating Equipment,Nina Patel,AGX-2020-006494-AGC-00060
2020-02-18,2020,2,February,Feb,Q1,469726.71,AGC-00033,Northstar Flow Systems,Jordan Kim,AGX-2020-006803-AGC-00033
2020-02-19,2020,2,February,Feb,Q1,46026.6,AGC-00126,Meridian Power Partners,Amara Okafor,AGX-2020-006890-AGC-00126
2020-02-24,2020,2,February,Feb,Q1,386312.93,AGC-00066,Helios Controls,Nina Patel,AGX-2020-006210-AGC-00066
2020-02-26,2020,2,February,Feb,Q1,30698.44,AGC-00140,Meridian Controls,Victor Bennett,AGX-2020-006151-AGC-00140
2020-02-26,2020,2,February,Feb,Q1,497483.88,AGC-00127,Meridian Process Controls,Lucas Hayes,AGX-2020-006240-AGC-00127
2020-02-26,2020,2,February,Feb,Q1,2991199.64,AGC-00151,Arcadia Industrial Group,Isabella Stone,AGX-2020-006613-AGC-00151
2020-02-27,2020,2,February,Feb,Q1,123987.33,AGC-00103,Cobalt Controls,Samuel Carter,AGX-2020-007104-AGC-00103
2020-03-03,2020,3,March,Mar,Q1,15272.13,AGC-00008,Northstar Petro Systems,Leila Shah,AGX-2020-006103-AGC-00008
2020-03-04,2020,3,March,Mar,Q1,658735.17,AGC-00039,Helios Marine Services,Lucas Hayes,AGX-2020-006194-AGC-00039
2020-03-05,2020,3,March,Mar,Q1,877381.52,AGC-00180,Arcadia Industrial Services,Samuel Carter,AGX-2020-006057-AGC-00180
2020-03-09,2020,3,March,Mar,Q1,163419.28,AGC-00010,Northstar Waterworks,Ethan Cole,AGX-2020-006669-AGC-00010
2020-03-09,2020,3,March,Mar,Q1,159079.87,AGC-00168,Arcadia Industrial Maintenance,Marcus Reed,AGX-2020-007076-AGC-00168
2020-03-10,2020,3,March,Mar,Q1,171470.06,AGC-00175,Arcadia Marine Engineering,Nathan Meyer,AGX-2020-006426-AGC-00175
2020-03-10,2020,3,March,Mar,Q1,104033.28,AGC-00160,Arcadia Utilities,Priya Nguyen,AGX-2020-006985-AGC-00160
2020-03-11,2020,3,March,Mar,Q1,88768.98,AGC-00066,Helios Controls,Sofia Laurent,AGX-2020-006032-AGC-00066
2020-03-11,2020,3,March,Mar,Q1,878251.47,AGC-00029,Northstar Controls,Lucas Hayes,AGX-2020-006628-AGC-00029
2020-03-12,2020,3,March,Mar,Q1,10025.32,AGC-00056,Helios Compression,Chloe Dubois,AGX-2020-007203-AGC-00056
2020-03-16,2020,3,March,Mar,Q1,378249.38,AGC-00063,Helios Energy Projects,Isabella Stone,AGX-2020-006905-AGC-00063
2020-03-17,2020,3,March,Mar,Q1,270012.36,AGC-00053,Helios Process Controls,Ethan Cole,AGX-2020-006186-AGC-00053
2020-03-17,2020,3,March,Mar,Q1,685986.97,AGC-00111,Cobalt Marine Supply,Nathan Meyer,AGX-2020-006283-AGC-00111
2020-03-18,2020,3,March,Mar,Q1,580350.75,AGC-00049,Helios Utilities,Lucas Hayes,AGX-2020-006431-AGC-00049
2020-03-18,2020,3,March,Mar,Q1,88944.43,AGC-00051,Helios Mechanical,Owen Rossi,AGX-2020-006847-AGC-00051
2020-03-19,2020,3,March,Mar,Q1,131475.34,AGC-00180,Arcadia Industrial Services,Amara Okafor,AGX-2020-006192-AGC-00180
2020-03-19,2020,3,March,Mar,Q1,848989.75,AGC-00175,Arcadia Marine Engineering,Samuel Carter,AGX-2020-006292-AGC-00175
2020-03-19,2020,3,March,Mar,Q1,228131.78,AGC-00024,Northstar Technical Supply,Marcus Reed,AGX-2020-006624-AGC-00024
2020-03-20,2020,3,March,Mar,Q1,624169.39,AGC-00148,Meridian Marine Supply,Owen Rossi,AGX-2020-006747-AGC-00148
2020-03-23,2020,3,March,Mar,Q1,3441.6,AGC-00166,Arcadia Drilling Solutions,Sofia Laurent,AGX-2020-006297-AGC-00166
2020-03-23,2020,3,March,Mar,Q1,49407.71,AGC-00148,Meridian Marine Supply,Daniel Brooks,AGX-2020-006852-AGC-00148
2020-03-23,2020,3,March,Mar,Q1,172482.05,AGC-00043,Helios Flow Technologies,Victor Bennett,AGX-2020-006935-AGC-00043
2020-03-26,2020,3,March,Mar,Q1,472327.15,AGC-00017,Northstar Engineering,Isabella Stone,AGX-2020-007026-AGC-00017
2020-03-26,2020,3,March,Mar,Q1,288225.53,AGC-00023,Northstar Rotating Equipment,Maya Chen,AGX-2020-007057-AGC-00023
2020-03-27,2020,3,March,Mar,Q1,1373258.57,AGC-00064,Helios Marine Engineering,Lucas Hayes,AGX-2020-007159-AGC-00064
2020-03-31,2020,3,March,Mar,Q1,62521.05,AGC-00045,Helios Petro Systems,Marcus Reed,AGX-2020-006129-AGC-00045
2020-03-31,2020,3,March,Mar,Q1,151742.41,AGC-00155,Arcadia Infrastructure,Maya Chen,AGX-2020-006815-AGC-00155
2020-04-01,2020,4,April,Apr,Q2,222998.08,AGC-00176,Arcadia Production Services,Chloe Dubois,AGX-2020-006752-AGC-00176
2020-04-03,2020,4,April,Apr,Q2,426294.69,AGC-00031,Northstar Mechanical Group,Samuel Carter,AGX-2020-006520-AGC-00031
2020-04-06,2020,4,April,Apr,Q2,11403.0,AGC-00093,Cobalt Compression,Nathan Meyer,AGX-2020-006218-AGC-00093
2020-04-06,2020,4,April,Apr,Q2,256914.0,AGC-00049,Helios Utilities,Sofia Laurent,AGX-2020-006800-AGC-00049
2020-04-07,2020,4,April,Apr,Q2,519777.5,AGC-00074,Helios Marine Supply,Leila Shah,AGX-2020-006128-AGC-00074
2020-04-13,2020,4,April,Apr,Q2,237574.92,AGC-00038,Helios Energy Systems,Chloe Dubois,AGX-2020-006673-AGC-00038
2020-04-15,2020,4,April,Apr,Q2,20875.35,AGC-00174,Arcadia Energy Projects,Owen Rossi,AGX-2020-006420-AGC-00174
2020-04-16,2020,4,April,Apr,Q2,261219.88,AGC-00127,Meridian Process Controls,Marcus Reed,AGX-2020-006249-AGC-00127
2020-04-16,2020,4,April,Apr,Q2,583432.81,AGC-00144,Meridian Flow Systems,Nina Patel,AGX-2020-006384-AGC-00144
2020-04-16,2020,4,April,Apr,Q2,678424.31,AGC-00013,Northstar Field Services,Nina Patel,AGX-2020-006614-AGC-00013
2020-04-16,2020,4,April,Apr,Q2,124300.28,AGC-00052,Helios Power Partners,Nathan Meyer,AGX-2020-006644-AGC-00052
2020-04-17,2020,4,April,Apr,Q2,108826.04,AGC-00075,Cobalt Energy Systems,Samuel Carter,AGX-2020-007118-AGC-00075
2020-04-17,2020,4,April,Apr,Q2,37016.45,AGC-00172,Arcadia Technical Supply,Samuel Carter,AGX-2020-007218-AGC-00172
2020-04-20,2020,4,April,Apr,Q2,864938.83,AGC-00172,Arcadia Technical Supply,Isabella Stone,AGX-2020-006122-AGC-00172
2020-04-20,2020,4,April,Apr,Q2,3611942.82,AGC-00023,Northstar Rotating Equipment,Owen Rossi,AGX-2020-007099-AGC-00023
2020-04-22,2020,4,April,Apr,Q2,693422.84,AGC-00031,Northstar Mechanical Group,Nathan Meyer,AGX-2020-006379-AGC-00031
2020-04-22,2020,4,April,Apr,Q2,447805.25,AGC-00089,Cobalt Power Partners,Sofia Laurent,AGX-2020-006734-AGC-00089
2020-04-24,2020,4,April,Apr,Q2,89846.14,AGC-00031,Northstar Mechanical Group,Samuel Carter,AGX-2020-006654-AGC-00031
2020-04-27,2020,4,April,Apr,Q2,203303.91,AGC-00141,Meridian Offshore Systems,Nathan Meyer,AGX-2020-006665-AGC-00141
2020-04-28,2020,4,April,Apr,Q2,175322.88,AGC-00099,Cobalt Refinery Services,Ethan Cole,AGX-2020-006831-AGC-00099
2020-04-29,2020,4,April,Apr,Q2,491902.51,AGC-00158,Arcadia Waterworks,Priya Nguyen,AGX-2020-006319-AGC-00158
2020-05-01,2020,5,May,May,Q2,263303.49,AGC-00092,Cobalt Drilling Solutions,Nina Patel,AGX-2020-006396-AGC-00092
2020-05-04,2020,5,May,May,Q2,558743.75,AGC-00129,Meridian Drilling Solutions,Jordan Kim,AGX-2020-007109-AGC-00129
2020-05-07,2020,5,May,May,Q2,762878.67,AGC-00076,Cobalt Marine Services,Owen Rossi,AGX-2020-007161-AGC-00076
2020-05-08,2020,5,May,May,Q2,178318.9,AGC-00042,Helios Offshore Engineering,Jordan Kim,AGX-2020-006914-AGC-00042
2020-05-13,2020,5,May,May,Q2,539521.4,AGC-00019,Northstar Compression,Sofia Laurent,AGX-2020-006195-AGC-00019
2020-05-14,2020,5,May,May,Q2,825500.24,AGC-00009,Northstar Mining Services,Sofia Laurent,AGX-2020-006735-AGC-00009
2020-05-15,2020,5,May,May,Q2,350543.74,AGC-00145,Meridian Instrumentation,Priya Nguyen,AGX-2020-006328-AGC-00145
2020-05-15,2020,5,May,May,Q2,395390.4,AGC-00029,Northstar Controls,Daniel Brooks,AGX-2020-006806-AGC-00029
2020-05-18,2020,5,May,May,Q2,261720.14,AGC-00013,Northstar Field Services,Jordan Kim,AGX-2020-006270-AGC-00013
2020-05-25,2020,5,May,May,Q2,54306.08,AGC-00179,Arcadia Mechanical Group,Leila Shah,AGX-2020-006882-AGC-00179
2020-05-26,2020,5,May,May,Q2,232000.21,AGC-00128,Meridian Engineering,Daniel Brooks,AGX-2020-006026-AGC-00128
2020-05-27,2020,5,May,May,Q2,258732.22,AGC-00120,Meridian Mining Services,Jordan Kim,AGX-2020-006713-AGC-00120
2020-05-27,2020,5,May,May,Q2,3732622.53,AGC-00030,Northstar Offshore Systems,Lucas Hayes,AGX-2020-007002-AGC-00030
2020-05-29,2020,5,May,May,Q2,145202.84,AGC-00148,Meridian Marine Supply,Nina Patel,AGX-2020-006232-AGC-00148
2020-05-29,2020,5,May,May,Q2,147186.14,AGC-00159,Arcadia Automation,Ethan Cole,AGX-2020-007140-AGC-00159
2020-06-01,2020,6,June,Jun,Q2,69191.56,AGC-00071,Helios Instrumentation,Nina Patel,AGX-2020-006372-AGC-00071
2020-06-01,2020,6,June,Jun,Q2,384475.36,AGC-00011,Northstar Automation,Nathan Meyer,AGX-2020-007120-AGC-00011
2020-06-03,2020,6,June,Jun,Q2,731840.96,AGC-00019,Northstar Compression,Marcus Reed,AGX-2020-006595-AGC-00019
2020-06-03,2020,6,June,Jun,Q2,276607.53,AGC-00156,Arcadia Petro Systems,Ethan Cole,AGX-2020-007144-AGC-00156
2020-06-04,2020,6,June,Jun,Q2,73238.14,AGC-00038,Helios Energy Systems,Jordan Kim,AGX-2020-006258-AGC-00038
2020-06-04,2020,6,June,Jun,Q2,60674.72,AGC-00093,Cobalt Compression,Amara Okafor,AGX-2020-006801-AGC-00093
2020-06-04,2020,6,June,Jun,Q2,318143.53,AGC-00058,Helios Resources,Sofia Laurent,AGX-2020-007142-AGC-00058
2020-06-12,2020,6,June,Jun,Q2,446175.46,AGC-00051,Helios Mechanical,Daniel Brooks,AGX-2020-006099-AGC-00051
2020-06-12,2020,6,June,Jun,Q2,1079295.43,AGC-00145,Meridian Instrumentation,Priya Nguyen,AGX-2020-006947-AGC-00145
2020-06-15,2020,6,June,Jun,Q2,1179446.91,AGC-00081,Cobalt Infrastructure,Amara Okafor,AGX-2020-006508-AGC-00081
2020-06-15,2020,6,June,Jun,Q2,30260.59,AGC-00144,Meridian Flow Systems,Marcus Reed,AGX-2020-007231-AGC-00144
2020-06-16,2020,6,June,Jun,Q2,478555.86,AGC-00041,Helios Process Solutions,Nina Patel,AGX-2020-006237-AGC-00041
2020-06-17,2020,6,June,Jun,Q2,205245.98,AGC-00141,Meridian Offshore Systems,Nathan Meyer,AGX-2020-006767-AGC-00141
2020-06-25,2020,6,June,Jun,Q2,109238.91,AGC-00051,Helios Mechanical,Priya Nguyen,AGX-2020-006188-AGC-00051
2020-06-25,2020,6,June,Jun,Q2,236831.8,AGC-00166,Arcadia Drilling Solutions,Daniel Brooks,AGX-2020-006535-AGC-00166
2020-06-25,2020,6,June,Jun,Q2,1387075.28,AGC-00077,Cobalt Industrial Group,Daniel Brooks,AGX-2020-006578-AGC-00077
2020-06-25,2020,6,June,Jun,Q2,800531.42,AGC-00076,Cobalt Marine Services,Amara Okafor,AGX-2020-007000-AGC-00076
2020-06-26,2020,6,June,Jun,Q2,164451.02,AGC-00026,Northstar Energy Projects,Nina Patel,AGX-2020-006464-AGC-00026
2020-06-26,2020,6,June,Jun,Q2,171058.49,AGC-00102,Cobalt Production Services,Elena Costa,AGX-2020-006587-AGC-00102
2020-06-29,2020,6,June,Jun,Q2,470050.8,AGC-00005,Northstar Offshore Engineering,Priya Nguyen,AGX-2020-006234-AGC-00005
2020-06-30,2020,6,June,Jun,Q2,392031.48,AGC-00135,Meridian Technical Supply,Victor Bennett,AGX-2020-006028-AGC-00135
2020-06-30,2020,6,June,Jun,Q2,720187.41,AGC-00031,Northstar Mechanical Group,Victor Bennett,AGX-2020-006401-AGC-00031
2020-06-30,2020,6,June,Jun,Q2,818063.05,AGC-00152,Arcadia Process Solutions,Chloe Dubois,AGX-2020-006447-AGC-00152
2020-07-01,2020,7,July,Jul,Q3,206481.68,AGC-00070,Helios Flow Systems,Elena Costa,AGX-2020-006930-AGC-00070
2020-07-03,2020,7,July,Jul,Q3,1242483.62,AGC-00137,Meridian Energy Projects,Nina Patel,AGX-2020-006035-AGC-00137
2020-07-03,2020,7,July,Jul,Q3,878975.62,AGC-00159,Arcadia Automation,Elena Costa,AGX-2020-006527-AGC-00159
2020-07-06,2020,7,July,Jul,Q3,406954.63,AGC-00146,Meridian Technical Services,Owen Rossi,AGX-2020-006696-AGC-00146
2020-07-08,2020,7,July,Jul,Q3,305866.95,AGC-00013,Northstar Field Services,Maya Chen,AGX-2020-007061-AGC-00013
2020-07-09,2020,7,July,Jul,Q3,275315.05,AGC-00124,Meridian Field Services,Nathan Meyer,AGX-2020-006519-AGC-00124
2020-07-09,2020,7,July,Jul,Q3,120432.4,AGC-00051,Helios Mechanical,Owen Rossi,AGX-2020-006568-AGC-00051
2020-07-14,2020,7,July,Jul,Q3,744210.17,AGC-00098,Cobalt Technical Supply,Elena Costa,AGX-2020-006606-AGC-00098
2020-07-16,2020,7,July,Jul,Q3,2864563.27,AGC-00157,Arcadia Mining Services,Owen Rossi,AGX-2020-006983-AGC-00157
2020-07-22,2020,7,July,Jul,Q3,115367.69,AGC-00145,Meridian Instrumentation,Marcus Reed,AGX-2020-006287-AGC-00145
2020-07-23,2020,7,July,Jul,Q3,214634.09,AGC-00035,Northstar Technical Services,Samuel Carter,AGX-2020-006895-AGC-00035
2020-07-29,2020,7,July,Jul,Q3,262656.08,AGC-00089,Cobalt Power Partners,Daniel Brooks,AGX-2020-006422-AGC-00089
2020-08-04,2020,8,August,Aug,Q3,456618.93,AGC-00032,Northstar Industrial Services,Marcus Reed,AGX-2020-006774-AGC-00032
2020-08-04,2020,8,August,Aug,Q3,157270.35,AGC-00147,Meridian Industrial Solutions,Jordan Kim,AGX-2020-006865-AGC-00147
2020-08-06,2020,8,August,Aug,Q3,609333.91,AGC-00030,Northstar Offshore Systems,Nina Patel,AGX-2020-006027-AGC-00030
2020-08-07,2020,8,August,Aug,Q3,1510573.92,AGC-00143,Meridian Industrial Services,Amara Okafor,AGX-2020-006675-AGC-00143
2020-08-07,2020,8,August,Aug,Q3,531601.45,AGC-00049,Helios Utilities,Owen Rossi,AGX-2020-007089-AGC-00049
2020-08-07,2020,8,August,Aug,Q3,678979.99,AGC-00037,Northstar Marine Supply,Elena Costa,AGX-2020-007125-AGC-00037
2020-08-11,2020,8,August,Aug,Q3,144354.72,AGC-00168,Arcadia Industrial Maintenance,Marcus Reed,AGX-2020-007010-AGC-00168
2020-08-13,2020,8,August,Aug,Q3,1270917.09,AGC-00053,Helios Process Controls,Chloe Dubois,AGX-2020-006042-AGC-00053
2020-08-14,2020,8,August,Aug,Q3,617336.37,AGC-00067,Helios Offshore Systems,Elena Costa,AGX-2020-006646-AGC-00067
2020-08-17,2020,8,August,Aug,Q3,879284.4,AGC-00003,Northstar Industrial Group,Victor Bennett,AGX-2020-006045-AGC-00003
2020-08-17,2020,8,August,Aug,Q3,138638.4,AGC-00037,Northstar Marine Supply,Lucas Hayes,AGX-2020-006381-AGC-00037
2020-08-18,2020,8,August,Aug,Q3,177798.18,AGC-00075,Cobalt Energy Systems,Isabella Stone,AGX-2020-006658-AGC-00075
2020-08-19,2020,8,August,Aug,Q3,94829.0,AGC-00171,Arcadia Rotating Equipment,Ethan Cole,AGX-2020-007103-AGC-00171
2020-08-20,2020,8,August,Aug,Q3,114517.9,AGC-00044,Helios Infrastructure,Samuel Carter,AGX-2020-006058-AGC-00044
2020-08-20,2020,8,August,Aug,Q3,190265.9,AGC-00035,Northstar Technical Services,Lucas Hayes,AGX-2020-006112-AGC-00035
2020-08-21,2020,8,August,Aug,Q3,354774.08,AGC-00002,Northstar Marine Services,Marcus Reed,AGX-2020-006686-AGC-00002
2020-08-25,2020,8,August,Aug,Q3,4148474.45,AGC-00002,Northstar Marine Services,Elena Costa,AGX-2020-006141-AGC-00002
2020-08-25,2020,8,August,Aug,Q3,297427.01,AGC-00101,Cobalt Marine Engineering,Sofia Laurent,AGX-2020-006378-AGC-00101
2020-08-25,2020,8,August,Aug,Q3,304500.88,AGC-00062,Helios Refinery Services,Priya Nguyen,AGX-2020-007207-AGC-00062
2020-08-26,2020,8,August,Aug,Q3,195063.91,AGC-00007,Northstar Infrastructure,Lucas Hayes,AGX-2020-006175-AGC-00007
2020-08-27,2020,8,August,Aug,Q3,457481.09,AGC-00178,Arcadia Offshore Systems,Amara Okafor,AGX-2020-006081-AGC-00178
2020-08-28,2020,8,August,Aug,Q3,51905.21,AGC-00097,Cobalt Rotating Equipment,Elena Costa,AGX-2020-006387-AGC-00097
2020-08-28,2020,8,August,Aug,Q3,291367.9,AGC-00140,Meridian Controls,Chloe Dubois,AGX-2020-007037-AGC-00140
2020-09-02,2020,9,September,Sep,Q3,4313.62,AGC-00092,Cobalt Drilling Solutions,Elena Costa,AGX-2020-006514-AGC-00092
2020-09-03,2020,9,September,Sep,Q3,316619.3,AGC-00170,Arcadia Pipeline Services,Priya Nguyen,AGX-2020-006824-AGC-00170
2020-09-09,2020,9,September,Sep,Q3,3196311.58,AGC-00016,Northstar Process Controls,Elena Costa,AGX-2020-006198-AGC-00016
2020-09-09,2020,9,September,Sep,Q3,1927621.8,AGC-00157,Arcadia Mining Services,Maya Chen,AGX-2020-007130-AGC-00157
2020-09-11,2020,9,September,Sep,Q3,80393.7,AGC-00079,Cobalt Offshore Engineering,Ethan Cole,AGX-2020-006087-AGC-00079
2020-09-14,2020,9,September,Sep,Q3,503220.85,AGC-00011,Northstar Automation,Sofia Laurent,AGX-2020-006788-AGC-00011
2020-09-15,2020,9,September,Sep,Q3,453563.4,AGC-00027,Northstar Marine Engineering,Chloe Dubois,AGX-2020-006255-AGC-00027
2020-09-15,2020,9,September,Sep,Q3,265983.49,AGC-00023,Northstar Rotating Equipment,Nathan Meyer,AGX-2020-007232-AGC-00023
2020-09-16,2020,9,September,Sep,Q3,477379.63,AGC-00041,Helios Process Solutions,Daniel Brooks,AGX-2020-006158-AGC-00041
2020-09-16,2020,9,September,Sep,Q3,35753.91,AGC-00077,Cobalt Industrial Group,Nathan Meyer,AGX-2020-006242-AGC-00077
2020-09-17,2020,9,September,Sep,Q3,236440.13,AGC-00112,Meridian Energy Systems,Elena Costa,AGX-2020-006049-AGC-00112
2020-09-17,2020,9,September,Sep,Q3,1733295.49,AGC-00091,Cobalt Engineering,Leila Shah,AGX-2020-006116-AGC-00091
2020-09-17,2020,9,September,Sep,Q3,400306.08,AGC-00120,Meridian Mining Services,Nina Patel,AGX-2020-006277-AGC-00120
2020-09-17,2020,9,September,Sep,Q3,789843.68,AGC-00147,Meridian Industrial Solutions,Jordan Kim,AGX-2020-006749-AGC-00147
2020-09-17,2020,9,September,Sep,Q3,420161.26,AGC-00090,Cobalt Process Controls,Maya Chen,AGX-2020-006864-AGC-00090
2020-09-24,2020,9,September,Sep,Q3,60599.04,AGC-00052,Helios Power Partners,Samuel Carter,AGX-2020-006202-AGC-00052
2020-09-25,2020,9,September,Sep,Q3,1321916.77,AGC-00090,Cobalt Process Controls,Maya Chen,AGX-2020-006866-AGC-00090
2020-09-28,2020,9,September,Sep,Q3,101618.58,AGC-00027,Northstar Marine Engineering,Jordan Kim,AGX-2020-006764-AGC-00027
2020-09-29,2020,9,September,Sep,Q3,2004934.81,AGC-00063,Helios Energy Projects,Chloe Dubois,AGX-2020-006344-AGC-00063
2020-09-30,2020,9,September,Sep,Q3,40185.2,AGC-00143,Meridian Industrial Services,Ethan Cole,AGX-2020-006083-AGC-00143
2020-09-30,2020,9,September,Sep,Q3,25140.42,AGC-00171,Arcadia Rotating Equipment,Ethan Cole,AGX-2020-006461-AGC-00171
2020-10-01,2020,10,October,Oct,Q4,32726.48,AGC-00154,Arcadia Flow Technologies,Amara Okafor,AGX-2020-006602-AGC-00154
2020-10-07,2020,10,October,Oct,Q4,224764.6,AGC-00114,Meridian Industrial Group,Isabella Stone,AGX-2020-006325-AGC-00114
2020-10-08,2020,10,October,Oct,Q4,1253930.7,AGC-00168,Arcadia Industrial Maintenance,Priya Nguyen,AGX-2020-006069-AGC-00168
2020-10-08,2020,10,October,Oct,Q4,439442.2,AGC-00047,Helios Waterworks,Nathan Meyer,AGX-2020-006939-AGC-00047
2020-10-09,2020,10,October,Oct,Q4,83336.04,AGC-00169,Arcadia Resources,Chloe Dubois,AGX-2020-006576-AGC-00169
2020-10-09,2020,10,October,Oct,Q4,77850.38,AGC-00144,Meridian Flow Systems,Leila Shah,AGX-2020-006585-AGC-00144
2020-10-09,2020,10,October,Oct,Q4,277135.52,AGC-00005,Northstar Offshore Engineering,Victor Bennett,AGX-2020-006712-AGC-00005
2020-10-09,2020,10,October,Oct,Q4,183488.62,AGC-00040,Helios Industrial Group,Elena Costa,AGX-2020-006880-AGC-00040
2020-10-13,2020,10,October,Oct,Q4,47434.81,AGC-00069,Helios Industrial Services,Nina Patel,AGX-2020-007183-AGC-00069
2020-10-19,2020,10,October,Oct,Q4,1205543.81,AGC-00136,Meridian Refinery Services,Nathan Meyer,AGX-2020-006954-AGC-00136
2020-10-20,2020,10,October,Oct,Q4,89498.84,AGC-00113,Meridian Marine Services,Ethan Cole,AGX-2020-006450-AGC-00113
2020-10-20,2020,10,October,Oct,Q4,547694.41,AGC-00039,Helios Marine Services,Daniel Brooks,AGX-2020-006579-AGC-00039
2020-10-21,2020,10,October,Oct,Q4,2416394.32,AGC-00071,Helios Instrumentation,Nathan Meyer,AGX-2020-006278-AGC-00071
2020-10-23,2020,10,October,Oct,Q4,942606.63,AGC-00106,Cobalt Industrial Services,Marcus Reed,AGX-2020-006843-AGC-00106
2020-10-23,2020,10,October,Oct,Q4,174566.46,AGC-00005,Northstar Offshore Engineering,Amara Okafor,AGX-2020-006991-AGC-00005
2020-10-26,2020,10,October,Oct,Q4,145385.63,AGC-00096,Cobalt Pipeline Services,Isabella Stone,AGX-2020-006360-AGC-00096
2020-10-30,2020,10,October,Oct,Q4,574510.81,AGC-00138,Meridian Marine Engineering,Leila Shah,AGX-2020-007111-AGC-00138
2020-11-02,2020,11,November,Nov,Q4,2206608.84,AGC-00123,Meridian Utilities,Owen Rossi,AGX-2020-006574-AGC-00123
2020-11-05,2020,11,November,Nov,Q4,437137.17,AGC-00092,Cobalt Drilling Solutions,Victor Bennett,AGX-2020-006814-AGC-00092
2020-11-06,2020,11,November,Nov,Q4,175865.2,AGC-00114,Meridian Industrial Group,Ethan Cole,AGX-2020-006413-AGC-00114
2020-11-09,2020,11,November,Nov,Q4,17648.0,AGC-00003,Northstar Industrial Group,Owen Rossi,AGX-2020-006334-AGC-00003
2020-11-10,2020,11,November,Nov,Q4,478042.81,AGC-00137,Meridian Energy Projects,Leila Shah,AGX-2020-006484-AGC-00137
2020-11-12,2020,11,November,Nov,Q4,2331396.19,AGC-00176,Arcadia Production Services,Priya Nguyen,AGX-2020-006469-AGC-00176
2020-11-13,2020,11,November,Nov,Q4,1198743.25,AGC-00067,Helios Offshore Systems,Nathan Meyer,AGX-2020-006295-AGC-00067
2020-11-13,2020,11,November,Nov,Q4,172098.09,AGC-00019,Northstar Compression,Leila Shah,AGX-2020-006359-AGC-00019
2020-11-16,2020,11,November,Nov,Q4,358908.99,AGC-00025,Northstar Refinery Services,Lucas Hayes,AGX-2020-006790-AGC-00025
2020-11-16,2020,11,November,Nov,Q4,470200.78,AGC-00049,Helios Utilities,Isabella Stone,AGX-2020-006921-AGC-00049
2020-11-17,2020,11,November,Nov,Q4,391913.65,AGC-00076,Cobalt Marine Services,Owen Rossi,AGX-2020-006239-AGC-00076
2020-11-17,2020,11,November,Nov,Q4,2163698.76,AGC-00115,Meridian Process Solutions,Victor Bennett,AGX-2020-006412-AGC-00115
2020-11-19,2020,11,November,Nov,Q4,770569.99,AGC-00043,Helios Flow Technologies,Lucas Hayes,AGX-2020-006392-AGC-00043
2020-11-20,2020,11,November,Nov,Q4,333189.32,AGC-00124,Meridian Field Services,Isabella Stone,AGX-2020-006366-AGC-00124
2020-11-24,2020,11,November,Nov,Q4,222056.67,AGC-00023,Northstar Rotating Equipment,Isabella Stone,AGX-2020-007063-AGC-00023
2020-11-27,2020,11,November,Nov,Q4,386889.3,AGC-00115,Meridian Process Solutions,Maya Chen,AGX-2020-006833-AGC-00115
2020-11-27,2020,11,November,Nov,Q4,64475.0,AGC-00133,Meridian Pipeline Services,Chloe Dubois,AGX-2020-007132-AGC-00133
2020-12-04,2020,12,December,Dec,Q4,345904.53,AGC-00001,Northstar Energy Systems,Ethan Cole,AGX-2020-006451-AGC-00001
2020-12-07,2020,12,December,Dec,Q4,152447.14,AGC-00168,Arcadia Industrial Maintenance,Sofia Laurent,AGX-2020-006443-AGC-00168
2020-12-09,2020,12,December,Dec,Q4,624512.32,AGC-00083,Cobalt Mining Services,Ethan Cole,AGX-2020-006533-AGC-00083
2020-12-09,2020,12,December,Dec,Q4,575516.82,AGC-00061,Helios Technical Supply,Nina Patel,AGX-2020-007199-AGC-00061
2020-12-10,2020,12,December,Dec,Q4,102348.92,AGC-00098,Cobalt Technical Supply,Victor Bennett,AGX-2020-006452-AGC-00098
2020-12-11,2020,12,December,Dec,Q4,608900.43,AGC-00172,Arcadia Technical Supply,Priya Nguyen,AGX-2020-006304-AGC-00172
2020-12-11,2020,12,December,Dec,Q4,130274.68,AGC-00129,Meridian Drilling Solutions,Nina Patel,AGX-2020-006776-AGC-00129
2020-12-16,2020,12,December,Dec,Q4,546417.15,AGC-00075,Cobalt Energy Systems,Lucas Hayes,AGX-2020-006900-AGC-00075
2020-12-16,2020,12,December,Dec,Q4,232370.41,AGC-00121,Meridian Waterworks,Maya Chen,AGX-2020-007011-AGC-00121
2020-12-17,2020,12,December,Dec,Q4,21629.93,AGC-00036,Northstar Industrial Solutions,Maya Chen,AGX-2020-006154-AGC-00036
2020-12-24,2020,12,December,Dec,Q4,377674.78,AGC-00061,Helios Technical Supply,Daniel Brooks,AGX-2020-006722-AGC-00061
2020-12-24,2020,12,December,Dec,Q4,657987.19,AGC-00092,Cobalt Drilling Solutions,Marcus Reed,AGX-2020-006827-AGC-00092
2020-12-29,2020,12,December,Dec,Q4,64023.2,AGC-00064,Helios Marine Engineering,Amara Okafor,AGX-2020-006532-AGC-00064
2021-01-05,2021,1,January,Jan,Q1,221564.3,AGC-00114,Meridian Industrial Group,Leila Shah,AGX-2021-008612-AGC-00114
2021-01-11,2021,1,January,Jan,Q1,399852.95,AGC-00161,Arcadia Field Services,Sofia Laurent,AGX-2021-007643-AGC-00161
2021-01-14,2021,1,January,Jan,Q1,421368.67,AGC-00165,Arcadia Engineering,Ethan Cole,AGX-2021-007418-AGC-00165
2021-01-14,2021,1,January,Jan,Q1,583784.96,AGC-00179,Arcadia Mechanical Group,Samuel Carter,AGX-2021-008323-AGC-00179
2021-01-19,2021,1,January,Jan,Q1,138829.95,AGC-00103,Cobalt Controls,Owen Rossi,AGX-2021-007411-AGC-00103
2021-01-19,2021,1,January,Jan,Q1,947896.32,AGC-00125,Meridian Mechanical,Elena Costa,AGX-2021-008708-AGC-00125
2021-01-20,2021,1,January,Jan,Q1,148741.23,AGC-00144,Meridian Flow Systems,Isabella Stone,AGX-2021-008304-AGC-00144
2021-01-20,2021,1,January,Jan,Q1,91557.56,AGC-00133,Meridian Pipeline Services,Priya Nguyen,AGX-2021-008645-AGC-00133
2021-01-20,2021,1,January,Jan,Q1,302599.04,AGC-00132,Meridian Resources,Victor Bennett,AGX-2021-008845-AGC-00132
2021-01-21,2021,1,January,Jan,Q1,1323353.36,AGC-00176,Arcadia Production Services,Chloe Dubois,AGX-2021-007542-AGC-00176
2021-01-25,2021,1,January,Jan,Q1,449747.51,AGC-00146,Meridian Technical Services,Sofia Laurent,AGX-2021-008239-AGC-00146
2021-01-26,2021,1,January,Jan,Q1,517397.75,AGC-00172,Arcadia Technical Supply,Chloe Dubois,AGX-2021-008522-AGC-00172
2021-01-27,2021,1,January,Jan,Q1,298600.27,AGC-00180,Arcadia Industrial Services,Marcus Reed,AGX-2021-007849-AGC-00180
2021-01-27,2021,1,January,Jan,Q1,221401.29,AGC-00112,Meridian Energy Systems,Leila Shah,AGX-2021-008107-AGC-00112
2021-01-29,2021,1,January,Jan,Q1,609410.42,AGC-00074,Helios Marine Supply,Maya Chen,AGX-2021-008394-AGC-00074
2021-02-01,2021,2,February,Feb,Q1,299996.22,AGC-00024,Northstar Technical Supply,Jordan Kim,AGX-2021-008202-AGC-00024
2021-02-01,2021,2,February,Feb,Q1,99454.69,AGC-00010,Northstar Waterworks,Marcus Reed,AGX-2021-008670-AGC-00010
2021-02-02,2021,2,February,Feb,Q1,674284.62,AGC-00081,Cobalt Infrastructure,Sofia Laurent,AGX-2021-008346-AGC-00081
2021-02-03,2021,2,February,Feb,Q1,72341.62,AGC-00063,Helios Energy Projects,Chloe Dubois,AGX-2021-007477-AGC-00063
2021-02-04,2021,2,February,Feb,Q1,234520.47,AGC-00011,Northstar Automation,Nina Patel,AGX-2021-008130-AGC-00011
2021-02-04,2021,2,February,Feb,Q1,231158.4,AGC-00047,Helios Waterworks,Jordan Kim,AGX-2021-008535-AGC-00047
2021-02-04,2021,2,February,Feb,Q1,762728.46,AGC-00136,Meridian Refinery Services,Lucas Hayes,AGX-2021-008541-AGC-00136
2021-02-05,2021,2,February,Feb,Q1,4323.2,AGC-00099,Cobalt Refinery Services,Maya Chen,AGX-2021-008349-AGC-00099
2021-02-09,2021,2,February,Feb,Q1,756948.7,AGC-00092,Cobalt Drilling Solutions,Samuel Carter,AGX-2021-008148-AGC-00092
2021-02-16,2021,2,February,Feb,Q1,643706.24,AGC-00081,Cobalt Infrastructure,Jordan Kim,AGX-2021-008796-AGC-00081
2021-02-17,2021,2,February,Feb,Q1,101467.08,AGC-00179,Arcadia Mechanical Group,Daniel Brooks,AGX-2021-007519-AGC-00179
2021-02-18,2021,2,February,Feb,Q1,601324.37,AGC-00023,Northstar Rotating Equipment,Jordan Kim,AGX-2021-007675-AGC-00023
2021-02-18,2021,2,February,Feb,Q1,53401.15,AGC-00122,Meridian Automation,Jordan Kim,AGX-2021-007685-AGC-00122
2021-02-19,2021,2,February,Feb,Q1,521497.83,AGC-00143,Meridian Industrial Services,Chloe Dubois,AGX-2021-007318-AGC-00143
2021-02-19,2021,2,February,Feb,Q1,794221.09,AGC-00075,Cobalt Energy Systems,Marcus Reed,AGX-2021-008225-AGC-00075
2021-02-22,2021,2,February,Feb,Q1,547636.14,AGC-00109,Cobalt Technical Services,Jordan Kim,AGX-2021-007268-AGC-00109
2021-02-22,2021,2,February,Feb,Q1,111303.44,AGC-00044,Helios Infrastructure,Nina Patel,AGX-2021-008101-AGC-00044
2021-02-23,2021,2,February,Feb,Q1,333344.99,AGC-00113,Meridian Marine Services,Priya Nguyen,AGX-2021-007880-AGC-00113
2021-02-24,2021,2,February,Feb,Q1,479109.8,AGC-00030,Northstar Offshore Systems,Nathan Meyer,AGX-2021-007750-AGC-00030
2021-02-24,2021,2,February,Feb,Q1,1311798.97,AGC-00035,Northstar Technical Services,Priya Nguyen,AGX-2021-007917-AGC-00035
2021-02-24,2021,2,February,Feb,Q1,461511.47,AGC-00023,Northstar Rotating Equipment,Jordan Kim,AGX-2021-008090-AGC-00023
2021-03-03,2021,3,March,Mar,Q1,1871180.78,AGC-00037,Northstar Marine Supply,Amara Okafor,AGX-2021-007363-AGC-00037
2021-03-08,2021,3,March,Mar,Q1,2330025.89,AGC-00090,Cobalt Process Controls,Amara Okafor,AGX-2021-007493-AGC-00090
2021-03-11,2021,3,March,Mar,Q1,169007.19,AGC-00061,Helios Technical Supply,Maya Chen,AGX-2021-007515-AGC-00061
2021-03-11,2021,3,March,Mar,Q1,1085466.45,AGC-00002,Northstar Marine Services,Nina Patel,AGX-2021-007861-AGC-00002
2021-03-12,2021,3,March,Mar,Q1,81210.4,AGC-00141,Meridian Offshore Systems,Samuel Carter,AGX-2021-008245-AGC-00141
2021-03-12,2021,3,March,Mar,Q1,827014.37,AGC-00066,Helios Controls,Nathan Meyer,AGX-2021-008258-AGC-00066
2021-03-19,2021,3,March,Mar,Q1,970204.64,AGC-00178,Arcadia Offshore Systems,Sofia Laurent,AGX-2021-008376-AGC-00178
2021-03-24,2021,3,March,Mar,Q1,782722.3,AGC-00016,Northstar Process Controls,Chloe Dubois,AGX-2021-008260-AGC-00016
2021-03-25,2021,3,March,Mar,Q1,524229.21,AGC-00114,Meridian Industrial Group,Jordan Kim,AGX-2021-007886-AGC-00114
2021-03-25,2021,3,March,Mar,Q1,261475.2,AGC-00107,Cobalt Flow Systems,Chloe Dubois,AGX-2021-007913-AGC-00107
2021-03-25,2021,3,March,Mar,Q1,484476.72,AGC-00042,Helios Offshore Engineering,Owen Rossi,AGX-2021-008449-AGC-00042
2021-03-25,2021,3,March,Mar,Q1,593053.34,AGC-00042,Helios Offshore Engineering,Isabella Stone,AGX-2021-008551-AGC-00042
2021-03-26,2021,3,March,Mar,Q1,120871.69,AGC-00027,Northstar Marine Engineering,Daniel Brooks,AGX-2021-007541-AGC-00027
2021-03-29,2021,3,March,Mar,Q1,138603.13,AGC-00074,Helios Marine Supply,Elena Costa,AGX-2021-007475-AGC-00074
2021-03-29,2021,3,March,Mar,Q1,177158.61,AGC-00156,Arcadia Petro Systems,Maya Chen,AGX-2021-008803-AGC-00156
2021-03-30,2021,3,March,Mar,Q1,408680.65,AGC-00156,Arcadia Petro Systems,Elena Costa,AGX-2021-008741-AGC-00156
2021-03-31,2021,3,March,Mar,Q1,103492.46,AGC-00058,Helios Resources,Daniel Brooks,AGX-2021-007644-AGC-00058
2021-03-31,2021,3,March,Mar,Q1,566363.52,AGC-00152,Arcadia Process Solutions,Ethan Cole,AGX-2021-007769-AGC-00152
2021-03-31,2021,3,March,Mar,Q1,76910.64,AGC-00009,Northstar Mining Services,Marcus Reed,AGX-2021-008519-AGC-00009
2021-04-02,2021,4,April,Apr,Q2,55596.93,AGC-00042,Helios Offshore Engineering,Priya Nguyen,AGX-2021-008024-AGC-00042
2021-04-05,2021,4,April,Apr,Q2,98846.86,AGC-00135,Meridian Technical Supply,Maya Chen,AGX-2021-008327-AGC-00135
2021-04-09,2021,4,April,Apr,Q2,234105.34,AGC-00033,Northstar Flow Systems,Nathan Meyer,AGX-2021-007829-AGC-00033
2021-04-09,2021,4,April,Apr,Q2,1808968.76,AGC-00021,Northstar Resources,Owen Rossi,AGX-2021-008044-AGC-00021
2021-04-09,2021,4,April,Apr,Q2,88156.99,AGC-00141,Meridian Offshore Systems,Victor Bennett,AGX-2021-008564-AGC-00141
2021-04-12,2021,4,April,Apr,Q2,1232498.23,AGC-00035,Northstar Technical Services,Daniel Brooks,AGX-2021-008176-AGC-00035
2021-04-12,2021,4,April,Apr,Q2,2318686.98,AGC-00008,Northstar Petro Systems,Nina Patel,AGX-2021-008439-AGC-00008
2021-04-20,2021,4,April,Apr,Q2,291234.87,AGC-00038,Helios Energy Systems,Amara Okafor,AGX-2021-007893-AGC-00038
2021-04-20,2021,4,April,Apr,Q2,191113.4,AGC-00115,Meridian Process Solutions,Owen Rossi,AGX-2021-008355-AGC-00115
2021-04-23,2021,4,April,Apr,Q2,612144.72,AGC-00108,Cobalt Instrumentation,Lucas Hayes,AGX-2021-007833-AGC-00108
2021-04-27,2021,4,April,Apr,Q2,1163759.91,AGC-00102,Cobalt Production Services,Elena Costa,AGX-2021-007354-AGC-00102
2021-04-27,2021,4,April,Apr,Q2,275023.84,AGC-00112,Meridian Energy Systems,Victor Bennett,AGX-2021-007671-AGC-00112
2021-04-27,2021,4,April,Apr,Q2,693152.9,AGC-00138,Meridian Marine Engineering,Lucas Hayes,AGX-2021-008143-AGC-00138
2021-05-10,2021,5,May,May,Q2,465088.2,AGC-00159,Arcadia Automation,Isabella Stone,AGX-2021-007628-AGC-00159
2021-05-11,2021,5,May,May,Q2,4327.24,AGC-00076,Cobalt Marine Services,Jordan Kim,AGX-2021-008220-AGC-00076
2021-05-12,2021,5,May,May,Q2,528277.24,AGC-00160,Arcadia Utilities,Maya Chen,AGX-2021-007867-AGC-00160
2021-05-14,2021,5,May,May,Q2,180905.97,AGC-00137,Meridian Energy Projects,Jordan Kim,AGX-2021-007912-AGC-00137
2021-05-17,2021,5,May,May,Q2,128722.36,AGC-00113,Meridian Marine Services,Jordan Kim,AGX-2021-008240-AGC-00113
2021-05-18,2021,5,May,May,Q2,991242.72,AGC-00013,Northstar Field Services,Daniel Brooks,AGX-2021-007358-AGC-00013
2021-05-18,2021,5,May,May,Q2,463804.13,AGC-00171,Arcadia Rotating Equipment,Jordan Kim,AGX-2021-008850-AGC-00171
2021-05-19,2021,5,May,May,Q2,43145.88,AGC-00111,Cobalt Marine Supply,Nathan Meyer,AGX-2021-008186-AGC-00111
2021-05-20,2021,5,May,May,Q2,279592.28,AGC-00087,Cobalt Field Services,Owen Rossi,AGX-2021-007412-AGC-00087
2021-05-20,2021,5,May,May,Q2,2464621.17,AGC-00059,Helios Pipeline Services,Amara Okafor,AGX-2021-008002-AGC-00059
2021-05-24,2021,5,May,May,Q2,127255.04,AGC-00064,Helios Marine Engineering,Lucas Hayes,AGX-2021-008135-AGC-00064
2021-05-27,2021,5,May,May,Q2,243716.74,AGC-00101,Cobalt Marine Engineering,Ethan Cole,AGX-2021-008217-AGC-00101
2021-06-01,2021,6,June,Jun,Q2,194050.35,AGC-00124,Meridian Field Services,Sofia Laurent,AGX-2021-007987-AGC-00124
2021-06-04,2021,6,June,Jun,Q2,786588.11,AGC-00026,Northstar Energy Projects,Marcus Reed,AGX-2021-008106-AGC-00026
2021-06-07,2021,6,June,Jun,Q2,1014624.48,AGC-00169,Arcadia Resources,Isabella Stone,AGX-2021-007553-AGC-00169
2021-06-08,2021,6,June,Jun,Q2,180107.01,AGC-00145,Meridian Instrumentation,Nina Patel,AGX-2021-008054-AGC-00145
2021-06-11,2021,6,June,Jun,Q2,439840.44,AGC-00086,Cobalt Utilities,Victor Bennett,AGX-2021-007534-AGC-00086
2021-06-11,2021,6,June,Jun,Q2,88379.9,AGC-00089,Cobalt Power Partners,Nathan Meyer,AGX-2021-008084-AGC-00089
2021-06-11,2021,6,June,Jun,Q2,482468.44,AGC-00004,Northstar Process Solutions,Marcus Reed,AGX-2021-008575-AGC-00004
2021-06-15,2021,6,June,Jun,Q2,582893.01,AGC-00037,Northstar Marine Supply,Priya Nguyen,AGX-2021-007372-AGC-00037
2021-06-16,2021,6,June,Jun,Q2,71755.5,AGC-00059,Helios Pipeline Services,Ethan Cole,AGX-2021-008048-AGC-00059
2021-06-16,2021,6,June,Jun,Q2,121698.99,AGC-00020,Northstar Industrial Maintenance,Sofia Laurent,AGX-2021-008387-AGC-00020
2021-06-17,2021,6,June,Jun,Q2,170376.29,AGC-00013,Northstar Field Services,Jordan Kim,AGX-2021-008465-AGC-00013
2021-06-18,2021,6,June,Jun,Q2,92823.25,AGC-00133,Meridian Pipeline Services,Victor Bennett,AGX-2021-007335-AGC-00133
2021-06-18,2021,6,June,Jun,Q2,6442570.97,AGC-00170,Arcadia Pipeline Services,Sofia Laurent,AGX-2021-008712-AGC-00170
2021-06-23,2021,6,June,Jun,Q2,248189.6,AGC-00123,Meridian Utilities,Isabella Stone,AGX-2021-007453-AGC-00123
2021-06-30,2021,6,June,Jun,Q2,235477.62,AGC-00158,Arcadia Waterworks,Priya Nguyen,AGX-2021-007413-AGC-00158
2021-07-02,2021,7,July,Jul,Q3,16391.8,AGC-00074,Helios Marine Supply,Nathan Meyer,AGX-2021-007932-AGC-00074
2021-07-02,2021,7,July,Jul,Q3,943517.75,AGC-00091,Cobalt Engineering,Sofia Laurent,AGX-2021-008247-AGC-00091
2021-07-02,2021,7,July,Jul,Q3,171901.27,AGC-00137,Meridian Energy Projects,Daniel Brooks,AGX-2021-008361-AGC-00137
2021-07-05,2021,7,July,Jul,Q3,307378.26,AGC-00166,Arcadia Drilling Solutions,Lucas Hayes,AGX-2021-007399-AGC-00166
2021-07-07,2021,7,July,Jul,Q3,784262.39,AGC-00144,Meridian Flow Systems,Isabella Stone,AGX-2021-007595-AGC-00144
2021-07-07,2021,7,July,Jul,Q3,423652.02,AGC-00041,Helios Process Solutions,Nina Patel,AGX-2021-007625-AGC-00041
2021-07-07,2021,7,July,Jul,Q3,2564411.02,AGC-00032,Northstar Industrial Services,Samuel Carter,AGX-2021-007689-AGC-00032
2021-07-07,2021,7,July,Jul,Q3,782185.52,AGC-00143,Meridian Industrial Services,Nina Patel,AGX-2021-008199-AGC-00143
2021-07-08,2021,7,July,Jul,Q3,511455.2,AGC-00040,Helios Industrial Group,Jordan Kim,AGX-2021-007396-AGC-00040
2021-07-08,2021,7,July,Jul,Q3,78086.01,AGC-00110,Cobalt Industrial Solutions,Lucas Hayes,AGX-2021-007653-AGC-00110
2021-07-08,2021,7,July,Jul,Q3,292260.24,AGC-00148,Meridian Marine Supply,Isabella Stone,AGX-2021-007887-AGC-00148
2021-07-09,2021,7,July,Jul,Q3,744954.05,AGC-00092,Cobalt Drilling Solutions,Chloe Dubois,AGX-2021-007257-AGC-00092
2021-07-12,2021,7,July,Jul,Q3,371620.33,AGC-00027,Northstar Marine Engineering,Daniel Brooks,AGX-2021-007605-AGC-00027
2021-07-19,2021,7,July,Jul,Q3,254935.36,AGC-00079,Cobalt Offshore Engineering,Lucas Hayes,AGX-2021-007316-AGC-00079
2021-07-19,2021,7,July,Jul,Q3,9652.21,AGC-00025,Northstar Refinery Services,Marcus Reed,AGX-2021-007997-AGC-00025
2021-07-21,2021,7,July,Jul,Q3,534392.82,AGC-00147,Meridian Industrial Solutions,Owen Rossi,AGX-2021-008088-AGC-00147
2021-07-21,2021,7,July,Jul,Q3,605611.53,AGC-00167,Arcadia Compression,Leila Shah,AGX-2021-008455-AGC-00167
2021-07-22,2021,7,July,Jul,Q3,120382.62,AGC-00093,Cobalt Compression,Victor Bennett,AGX-2021-007431-AGC-00093
2021-07-22,2021,7,July,Jul,Q3,321138.45,AGC-00060,Helios Rotating Equipment,Maya Chen,AGX-2021-008540-AGC-00060
2021-07-23,2021,7,July,Jul,Q3,69616.25,AGC-00052,Helios Power Partners,Elena Costa,AGX-2021-007295-AGC-00052
2021-07-27,2021,7,July,Jul,Q3,394823.95,AGC-00131,Meridian Industrial Maintenance,Ethan Cole,AGX-2021-007943-AGC-00131
2021-07-28,2021,7,July,Jul,Q3,53341.5,AGC-00121,Meridian Waterworks,Lucas Hayes,AGX-2021-008296-AGC-00121
2021-07-29,2021,7,July,Jul,Q3,239745.43,AGC-00017,Northstar Engineering,Lucas Hayes,AGX-2021-007560-AGC-00017
2021-07-29,2021,7,July,Jul,Q3,2115031.55,AGC-00141,Meridian Offshore Systems,Samuel Carter,AGX-2021-008134-AGC-00141
2021-08-02,2021,8,August,Aug,Q3,180451.22,AGC-00039,Helios Marine Services,Elena Costa,AGX-2021-007587-AGC-00039
2021-08-02,2021,8,August,Aug,Q3,99272.24,AGC-00107,Cobalt Flow Systems,Victor Bennett,AGX-2021-007876-AGC-00107
2021-08-04,2021,8,August,Aug,Q3,968860.1,AGC-00034,Northstar Instrumentation,Sofia Laurent,AGX-2021-008056-AGC-00034
2021-08-05,2021,8,August,Aug,Q3,215158.24,AGC-00083,Cobalt Mining Services,Amara Okafor,AGX-2021-007333-AGC-00083
2021-08-06,2021,8,August,Aug,Q3,101276.31,AGC-00180,Arcadia Industrial Services,Maya Chen,AGX-2021-008095-AGC-00180
2021-08-09,2021,8,August,Aug,Q3,128203.54,AGC-00053,Helios Process Controls,Daniel Brooks,AGX-2021-008649-AGC-00053
2021-08-10,2021,8,August,Aug,Q3,520732.61,AGC-00074,Helios Marine Supply,Jordan Kim,AGX-2021-007895-AGC-00074
2021-08-11,2021,8,August,Aug,Q3,2166207.74,AGC-00092,Cobalt Drilling Solutions,Chloe Dubois,AGX-2021-007957-AGC-00092
2021-08-12,2021,8,August,Aug,Q3,465996.34,AGC-00077,Cobalt Industrial Group,Amara Okafor,AGX-2021-007821-AGC-00077
2021-08-23,2021,8,August,Aug,Q3,652285.07,AGC-00003,Northstar Industrial Group,Victor Bennett,AGX-2021-007303-AGC-00003
2021-08-26,2021,8,August,Aug,Q3,152057.42,AGC-00059,Helios Pipeline Services,Priya Nguyen,AGX-2021-007608-AGC-00059
2021-08-27,2021,8,August,Aug,Q3,1607196.68,AGC-00153,Arcadia Offshore Engineering,Samuel Carter,AGX-2021-007532-AGC-00153
2021-08-27,2021,8,August,Aug,Q3,171362.42,AGC-00036,Northstar Industrial Solutions,Leila Shah,AGX-2021-007885-AGC-00036
2021-08-31,2021,8,August,Aug,Q3,197304.38,AGC-00171,Arcadia Rotating Equipment,Jordan Kim,AGX-2021-008078-AGC-00171
2021-08-31,2021,8,August,Aug,Q3,25334.1,AGC-00049,Helios Utilities,Nathan Meyer,AGX-2021-008752-AGC-00049
2021-09-02,2021,9,September,Sep,Q3,443286.34,AGC-00121,Meridian Waterworks,Leila Shah,AGX-2021-008091-AGC-00121
2021-09-06,2021,9,September,Sep,Q3,32429.65,AGC-00051,Helios Mechanical,Nathan Meyer,AGX-2021-007606-AGC-00051
2021-09-06,2021,9,September,Sep,Q3,47113.2,AGC-00077,Cobalt Industrial Group,Jordan Kim,AGX-2021-008178-AGC-00077
2021-09-06,2021,9,September,Sep,Q3,598326.25,AGC-00108,Cobalt Instrumentation,Isabella Stone,AGX-2021-008180-AGC-00108
2021-09-09,2021,9,September,Sep,Q3,970122.19,AGC-00099,Cobalt Refinery Services,Elena Costa,AGX-2021-008576-AGC-00099
2021-09-09,2021,9,September,Sep,Q3,69340.65,AGC-00061,Helios Technical Supply,Lucas Hayes,AGX-2021-008717-AGC-00061
2021-09-10,2021,9,September,Sep,Q3,582665.95,AGC-00156,Arcadia Petro Systems,Leila Shah,AGX-2021-007708-AGC-00156
2021-09-10,2021,9,September,Sep,Q3,286642.92,AGC-00069,Helios Industrial Services,Ethan Cole,AGX-2021-008448-AGC-00069
2021-09-13,2021,9,September,Sep,Q3,249740.7,AGC-00042,Helios Offshore Engineering,Daniel Brooks,AGX-2021-007613-AGC-00042
2021-09-13,2021,9,September,Sep,Q3,2322023.87,AGC-00145,Meridian Instrumentation,Jordan Kim,AGX-2021-007794-AGC-00145
2021-09-13,2021,9,September,Sep,Q3,80612.85,AGC-00017,Northstar Engineering,Isabella Stone,AGX-2021-008218-AGC-00017
2021-09-13,2021,9,September,Sep,Q3,12609.5,AGC-00174,Arcadia Energy Projects,Isabella Stone,AGX-2021-008746-AGC-00174
2021-09-14,2021,9,September,Sep,Q3,393715.53,AGC-00005,Northstar Offshore Engineering,Lucas Hayes,AGX-2021-007743-AGC-00005
2021-09-14,2021,9,September,Sep,Q3,166697.4,AGC-00033,Northstar Flow Systems,Sofia Laurent,AGX-2021-007970-AGC-00033
2021-09-17,2021,9,September,Sep,Q3,701406.88,AGC-00180,Arcadia Industrial Services,Nathan Meyer,AGX-2021-007520-AGC-00180
2021-09-17,2021,9,September,Sep,Q3,2366277.97,AGC-00062,Helios Refinery Services,Nina Patel,AGX-2021-008563-AGC-00062
2021-09-17,2021,9,September,Sep,Q3,96242.41,AGC-00005,Northstar Offshore Engineering,Elena Costa,AGX-2021-008683-AGC-00005
2021-09-21,2021,9,September,Sep,Q3,237305.64,AGC-00157,Arcadia Mining Services,Owen Rossi,AGX-2021-008776-AGC-00157
2021-09-22,2021,9,September,Sep,Q3,228434.79,AGC-00154,Arcadia Flow Technologies,Marcus Reed,AGX-2021-007652-AGC-00154
2021-09-22,2021,9,September,Sep,Q3,53698.83,AGC-00051,Helios Mechanical,Nina Patel,AGX-2021-008066-AGC-00051
2021-09-23,2021,9,September,Sep,Q3,91258.51,AGC-00128,Meridian Engineering,Nathan Meyer,AGX-2021-008339-AGC-00128
2021-09-24,2021,9,September,Sep,Q3,1207856.21,AGC-00111,Cobalt Marine Supply,Jordan Kim,AGX-2021-007548-AGC-00111
2021-09-27,2021,9,September,Sep,Q3,438201.54,AGC-00120,Meridian Mining Services,Elena Costa,AGX-2021-007611-AGC-00120
2021-09-27,2021,9,September,Sep,Q3,672534.32,AGC-00047,Helios Waterworks,Jordan Kim,AGX-2021-008451-AGC-00047
2021-09-27,2021,9,September,Sep,Q3,679152.13,AGC-00166,Arcadia Drilling Solutions,Samuel Carter,AGX-2021-008696-AGC-00166
2021-09-29,2021,9,September,Sep,Q3,880262.53,AGC-00088,Cobalt Mechanical,Elena Costa,AGX-2021-008076-AGC-00088
2021-09-29,2021,9,September,Sep,Q3,173949.3,AGC-00003,Northstar Industrial Group,Lucas Hayes,AGX-2021-008347-AGC-00003
2021-09-30,2021,9,September,Sep,Q3,853701.69,AGC-00019,Northstar Compression,Ethan Cole,AGX-2021-008175-AGC-00019
2021-10-07,2021,10,October,Oct,Q4,196609.57,AGC-00067,Helios Offshore Systems,Isabella Stone,AGX-2021-007966-AGC-00067
2021-10-08,2021,10,October,Oct,Q4,184648.69,AGC-00002,Northstar Marine Services,Jordan Kim,AGX-2021-008406-AGC-00002
2021-10-13,2021,10,October,Oct,Q4,1142320.04,AGC-00086,Cobalt Utilities,Marcus Reed,AGX-2021-008254-AGC-00086
2021-10-14,2021,10,October,Oct,Q4,372594.04,AGC-00019,Northstar Compression,Victor Bennett,AGX-2021-007294-AGC-00019
2021-10-18,2021,10,October,Oct,Q4,186773.97,AGC-00168,Arcadia Industrial Maintenance,Leila Shah,AGX-2021-007277-AGC-00168
2021-10-20,2021,10,October,Oct,Q4,559512.61,AGC-00005,Northstar Offshore Engineering,Elena Costa,AGX-2021-007640-AGC-00005
2021-10-21,2021,10,October,Oct,Q4,871686.37,AGC-00001,Northstar Energy Systems,Daniel Brooks,AGX-2021-007332-AGC-00001
2021-10-21,2021,10,October,Oct,Q4,805151.81,AGC-00056,Helios Compression,Jordan Kim,AGX-2021-007574-AGC-00056
2021-10-22,2021,10,October,Oct,Q4,543069.54,AGC-00169,Arcadia Resources,Victor Bennett,AGX-2021-007397-AGC-00169
2021-10-22,2021,10,October,Oct,Q4,274953.52,AGC-00107,Cobalt Flow Systems,Nathan Meyer,AGX-2021-007710-AGC-00107
2021-10-22,2021,10,October,Oct,Q4,249032.05,AGC-00041,Helios Process Solutions,Lucas Hayes,AGX-2021-008196-AGC-00041
2021-10-25,2021,10,October,Oct,Q4,64045.38,AGC-00151,Arcadia Industrial Group,Maya Chen,AGX-2021-008839-AGC-00151
2021-10-26,2021,10,October,Oct,Q4,630673.55,AGC-00072,Helios Technical Services,Nathan Meyer,AGX-2021-007370-AGC-00072
2021-10-26,2021,10,October,Oct,Q4,3238652.41,AGC-00061,Helios Technical Supply,Owen Rossi,AGX-2021-007709-AGC-00061
2021-10-27,2021,10,October,Oct,Q4,1714.93,AGC-00129,Meridian Drilling Solutions,Chloe Dubois,AGX-2021-007491-AGC-00129
2021-10-27,2021,10,October,Oct,Q4,390091.5,AGC-00031,Northstar Mechanical Group,Daniel Brooks,AGX-2021-008057-AGC-00031
2021-10-29,2021,10,October,Oct,Q4,549008.66,AGC-00166,Arcadia Drilling Solutions,Leila Shah,AGX-2021-007626-AGC-00166
2021-10-29,2021,10,October,Oct,Q4,213510.79,AGC-00172,Arcadia Technical Supply,Marcus Reed,AGX-2021-008357-AGC-00172
2021-11-01,2021,11,November,Nov,Q4,430338.55,AGC-00165,Arcadia Engineering,Nathan Meyer,AGX-2021-008436-AGC-00165
2021-11-03,2021,11,November,Nov,Q4,270673.97,AGC-00093,Cobalt Compression,Chloe Dubois,AGX-2021-008434-AGC-00093
2021-11-04,2021,11,November,Nov,Q4,30604.05,AGC-00097,Cobalt Rotating Equipment,Maya Chen,AGX-2021-007278-AGC-00097
2021-11-04,2021,11,November,Nov,Q4,635305.1,AGC-00096,Cobalt Pipeline Services,Isabella Stone,AGX-2021-008403-AGC-00096
2021-11-08,2021,11,November,Nov,Q4,661936.01,AGC-00166,Arcadia Drilling Solutions,Leila Shah,AGX-2021-007670-AGC-00166
2021-11-09,2021,11,November,Nov,Q4,250570.3,AGC-00039,Helios Marine Services,Sofia Laurent,AGX-2021-008224-AGC-00039
2021-11-10,2021,11,November,Nov,Q4,609730.84,AGC-00043,Helios Flow Technologies,Chloe Dubois,AGX-2021-008111-AGC-00043
2021-11-10,2021,11,November,Nov,Q4,396010.02,AGC-00103,Cobalt Controls,Elena Costa,AGX-2021-008377-AGC-00103
2021-11-11,2021,11,November,Nov,Q4,351208.88,AGC-00070,Helios Flow Systems,Elena Costa,AGX-2021-007780-AGC-00070
2021-11-11,2021,11,November,Nov,Q4,840824.43,AGC-00013,Northstar Field Services,Chloe Dubois,AGX-2021-008671-AGC-00013
2021-11-11,2021,11,November,Nov,Q4,378457.76,AGC-00061,Helios Technical Supply,Daniel Brooks,AGX-2021-008729-AGC-00061
2021-11-16,2021,11,November,Nov,Q4,353594.79,AGC-00086,Cobalt Utilities,Ethan Cole,AGX-2021-007727-AGC-00086
2021-11-16,2021,11,November,Nov,Q4,174309.33,AGC-00029,Northstar Controls,Nathan Meyer,AGX-2021-007946-AGC-00029
2021-11-16,2021,11,November,Nov,Q4,71699.85,AGC-00126,Meridian Power Partners,Lucas Hayes,AGX-2021-008502-AGC-00126
2021-11-18,2021,11,November,Nov,Q4,222058.64,AGC-00034,Northstar Instrumentation,Victor Bennett,AGX-2021-008408-AGC-00034
2021-11-19,2021,11,November,Nov,Q4,1126066.42,AGC-00111,Cobalt Marine Supply,Maya Chen,AGX-2021-007447-AGC-00111
2021-11-22,2021,11,November,Nov,Q4,429059.52,AGC-00038,Helios Energy Systems,Victor Bennett,AGX-2021-008791-AGC-00038
2021-11-23,2021,11,November,Nov,Q4,103587.13,AGC-00127,Meridian Process Controls,Daniel Brooks,AGX-2021-008534-AGC-00127
2021-11-24,2021,11,November,Nov,Q4,1124017.35,AGC-00135,Meridian Technical Supply,Ethan Cole,AGX-2021-007444-AGC-00135
2021-11-25,2021,11,November,Nov,Q4,63572.22,AGC-00045,Helios Petro Systems,Nathan Meyer,AGX-2021-007324-AGC-00045
2021-11-25,2021,11,November,Nov,Q4,89010.36,AGC-00047,Helios Waterworks,Nathan Meyer,AGX-2021-007349-AGC-00047
2021-11-25,2021,11,November,Nov,Q4,824569.94,AGC-00166,Arcadia Drilling Solutions,Leila Shah,AGX-2021-008510-AGC-00166
2021-11-29,2021,11,November,Nov,Q4,82782.48,AGC-00045,Helios Petro Systems,Lucas Hayes,AGX-2021-007273-AGC-00045
2021-11-29,2021,11,November,Nov,Q4,267511.32,AGC-00009,Northstar Mining Services,Victor Bennett,AGX-2021-008611-AGC-00009
2021-11-30,2021,11,November,Nov,Q4,164335.54,AGC-00023,Northstar Rotating Equipment,Jordan Kim,AGX-2021-007903-AGC-00023
2021-11-30,2021,11,November,Nov,Q4,204631.27,AGC-00157,Arcadia Mining Services,Samuel Carter,AGX-2021-008123-AGC-00157
2021-12-02,2021,12,December,Dec,Q4,889516.0,AGC-00155,Arcadia Infrastructure,Amara Okafor,AGX-2021-007367-AGC-00155
2021-12-06,2021,12,December,Dec,Q4,125415.38,AGC-00049,Helios Utilities,Amara Okafor,AGX-2021-007848-AGC-00049
2021-12-06,2021,12,December,Dec,Q4,613663.96,AGC-00106,Cobalt Industrial Services,Amara Okafor,AGX-2021-008230-AGC-00106
2021-12-07,2021,12,December,Dec,Q4,347735.62,AGC-00179,Arcadia Mechanical Group,Nathan Meyer,AGX-2021-007737-AGC-00179
2021-12-07,2021,12,December,Dec,Q4,140666.52,AGC-00175,Arcadia Marine Engineering,Samuel Carter,AGX-2021-008163-AGC-00175
2021-12-10,2021,12,December,Dec,Q4,218128.44,AGC-00129,Meridian Drilling Solutions,Nina Patel,AGX-2021-008666-AGC-00129
2021-12-13,2021,12,December,Dec,Q4,114802.82,AGC-00007,Northstar Infrastructure,Marcus Reed,AGX-2021-007877-AGC-00007
2021-12-14,2021,12,December,Dec,Q4,492158.99,AGC-00026,Northstar Energy Projects,Sofia Laurent,AGX-2021-008375-AGC-00026
2021-12-15,2021,12,December,Dec,Q4,890682.82,AGC-00001,Northstar Energy Systems,Daniel Brooks,AGX-2021-008162-AGC-00001
2021-12-17,2021,12,December,Dec,Q4,196480.98,AGC-00140,Meridian Controls,Maya Chen,AGX-2021-008450-AGC-00140
2021-12-20,2021,12,December,Dec,Q4,2809226.72,AGC-00098,Cobalt Technical Supply,Nina Patel,AGX-2021-008231-AGC-00098
2021-12-21,2021,12,December,Dec,Q4,108079.49,AGC-00129,Meridian Drilling Solutions,Chloe Dubois,AGX-2021-007965-AGC-00129
2021-12-23,2021,12,December,Dec,Q4,408530.48,AGC-00010,Northstar Waterworks,Marcus Reed,AGX-2021-007385-AGC-00010
2021-12-23,2021,12,December,Dec,Q4,1271930.44,AGC-00103,Cobalt Controls,Maya Chen,AGX-2021-008288-AGC-00103
2021-12-24,2021,12,December,Dec,Q4,183442.95,AGC-00030,Northstar Offshore Systems,Elena Costa,AGX-2021-007551-AGC-00030
2021-12-27,2021,12,December,Dec,Q4,58919.84,AGC-00060,Helios Rotating Equipment,Leila Shah,AGX-2021-008279-AGC-00060
2021-12-29,2021,12,December,Dec,Q4,168428.46,AGC-00071,Helios Instrumentation,Jordan Kim,AGX-2021-008478-AGC-00071
2021-12-30,2021,12,December,Dec,Q4,110098.9,AGC-00108,Cobalt Instrumentation,Lucas Hayes,AGX-2021-007954-AGC-00108
2021-12-31,2021,12,December,Dec,Q4,2321503.04,AGC-00043,Helios Flow Technologies,Ethan Cole,AGX-2021-008706-AGC-00043
2022-01-03,2022,1,January,Jan,Q1,857819.3,AGC-00096,Cobalt Pipeline Services,Daniel Brooks,AGX-2022-009857-AGC-00096
2022-01-03,2022,1,January,Jan,Q1,171973.66,AGC-00179,Arcadia Mechanical Group,Nathan Meyer,AGX-2022-010623-AGC-00179
2022-01-05,2022,1,January,Jan,Q1,501510.14,AGC-00001,Northstar Energy Systems,Chloe Dubois,AGX-2022-009760-AGC-00001
2022-01-06,2022,1,January,Jan,Q1,26673.78,AGC-00155,Arcadia Infrastructure,Chloe Dubois,AGX-2022-009578-AGC-00155
2022-01-13,2022,1,January,Jan,Q1,94978.04,AGC-00017,Northstar Engineering,Marcus Reed,AGX-2022-008932-AGC-00017
2022-01-18,2022,1,January,Jan,Q1,3055931.56,AGC-00017,Northstar Engineering,Nina Patel,AGX-2022-009780-AGC-00017
2022-01-19,2022,1,January,Jan,Q1,377510.82,AGC-00152,Arcadia Process Solutions,Chloe Dubois,AGX-2022-010003-AGC-00152
2022-01-19,2022,1,January,Jan,Q1,569446.98,AGC-00110,Cobalt Industrial Solutions,Nina Patel,AGX-2022-010409-AGC-00110
2022-01-21,2022,1,January,Jan,Q1,51737.72,AGC-00079,Cobalt Offshore Engineering,Jordan Kim,AGX-2022-010075-AGC-00079
2022-01-21,2022,1,January,Jan,Q1,251246.62,AGC-00076,Cobalt Marine Services,Ethan Cole,AGX-2022-010383-AGC-00076
2022-01-21,2022,1,January,Jan,Q1,71514.23,AGC-00143,Meridian Industrial Services,Amara Okafor,AGX-2022-010432-AGC-00143
2022-01-24,2022,1,January,Jan,Q1,197203.65,AGC-00072,Helios Technical Services,Victor Bennett,AGX-2022-009332-AGC-00072
2022-01-27,2022,1,January,Jan,Q1,657894.08,AGC-00111,Cobalt Marine Supply,Daniel Brooks,AGX-2022-010598-AGC-00111
2022-01-31,2022,1,January,Jan,Q1,224481.85,AGC-00122,Meridian Automation,Priya Nguyen,AGX-2022-009484-AGC-00122
2022-02-01,2022,2,February,Feb,Q1,1776791.37,AGC-00154,Arcadia Flow Technologies,Chloe Dubois,AGX-2022-010269-AGC-00154
2022-02-03,2022,2,February,Feb,Q1,1128809.63,AGC-00178,Arcadia Offshore Systems,Marcus Reed,AGX-2022-009264-AGC-00178
2022-02-03,2022,2,February,Feb,Q1,78810.93,AGC-00123,Meridian Utilities,Chloe Dubois,AGX-2022-010466-AGC-00123
2022-02-07,2022,2,February,Feb,Q1,58206.35,AGC-00030,Northstar Offshore Systems,Chloe Dubois,AGX-2022-008918-AGC-00030
2022-02-07,2022,2,February,Feb,Q1,228535.04,AGC-00146,Meridian Technical Services,Leila Shah,AGX-2022-010416-AGC-00146
2022-02-08,2022,2,February,Feb,Q1,673686.93,AGC-00051,Helios Mechanical,Ethan Cole,AGX-2022-008973-AGC-00051
2022-02-10,2022,2,February,Feb,Q1,481112.94,AGC-00075,Cobalt Energy Systems,Sofia Laurent,AGX-2022-010390-AGC-00075
2022-02-14,2022,2,February,Feb,Q1,697260.23,AGC-00114,Meridian Industrial Group,Elena Costa,AGX-2022-009162-AGC-00114
2022-02-16,2022,2,February,Feb,Q1,230905.11,AGC-00174,Arcadia Energy Projects,Elena Costa,AGX-2022-009886-AGC-00174
2022-02-22,2022,2,February,Feb,Q1,22552.0,AGC-00033,Northstar Flow Systems,Nathan Meyer,AGX-2022-009207-AGC-00033
2022-02-23,2022,2,February,Feb,Q1,408457.5,AGC-00084,Cobalt Waterworks,Jordan Kim,AGX-2022-009247-AGC-00084
2022-02-24,2022,2,February,Feb,Q1,971115.37,AGC-00011,Northstar Automation,Jordan Kim,AGX-2022-009243-AGC-00011
2022-02-25,2022,2,February,Feb,Q1,209277.04,AGC-00174,Arcadia Energy Projects,Ethan Cole,AGX-2022-009076-AGC-00174
2022-02-25,2022,2,February,Feb,Q1,3408.0,AGC-00168,Arcadia Industrial Maintenance,Ethan Cole,AGX-2022-009131-AGC-00168
2022-02-28,2022,2,February,Feb,Q1,600348.56,AGC-00175,Arcadia Marine Engineering,Isabella Stone,AGX-2022-010012-AGC-00175
2022-03-08,2022,3,March,Mar,Q1,521913.18,AGC-00049,Helios Utilities,Leila Shah,AGX-2022-009384-AGC-00049
2022-03-08,2022,3,March,Mar,Q1,460209.64,AGC-00016,Northstar Process Controls,Amara Okafor,AGX-2022-009705-AGC-00016
2022-03-08,2022,3,March,Mar,Q1,536368.45,AGC-00002,Northstar Marine Services,Lucas Hayes,AGX-2022-010609-AGC-00002
2022-03-09,2022,3,March,Mar,Q1,199788.81,AGC-00104,Cobalt Offshore Systems,Priya Nguyen,AGX-2022-009391-AGC-00104
2022-03-11,2022,3,March,Mar,Q1,830076.15,AGC-00164,Arcadia Process Controls,Marcus Reed,AGX-2022-010551-AGC-00164
2022-03-15,2022,3,March,Mar,Q1,92285.01,AGC-00018,Northstar Drilling Solutions,Ethan Cole,AGX-2022-010200-AGC-00018
2022-03-17,2022,3,March,Mar,Q1,706919.37,AGC-00128,Meridian Engineering,Amara Okafor,AGX-2022-009203-AGC-00128
2022-03-17,2022,3,March,Mar,Q1,38546.11,AGC-00003,Northstar Industrial Group,Maya Chen,AGX-2022-009519-AGC-00003
2022-03-17,2022,3,March,Mar,Q1,355468.14,AGC-00124,Meridian Field Services,Samuel Carter,AGX-2022-009961-AGC-00124
2022-03-18,2022,3,March,Mar,Q1,468959.53,AGC-00032,Northstar Industrial Services,Isabella Stone,AGX-2022-010298-AGC-00032
2022-03-18,2022,3,March,Mar,Q1,121142.77,AGC-00067,Helios Offshore Systems,Nina Patel,AGX-2022-010373-AGC-00067
2022-03-21,2022,3,March,Mar,Q1,668458.85,AGC-00131,Meridian Industrial Maintenance,Daniel Brooks,AGX-2022-009492-AGC-00131
2022-03-21,2022,3,March,Mar,Q1,28833.3,AGC-00005,Northstar Offshore Engineering,Marcus Reed,AGX-2022-009909-AGC-00005
2022-03-23,2022,3,March,Mar,Q1,1669355.04,AGC-00102,Cobalt Production Services,Jordan Kim,AGX-2022-009508-AGC-00102
2022-03-24,2022,3,March,Mar,Q1,653656.19,AGC-00036,Northstar Industrial Solutions,Jordan Kim,AGX-2022-009037-AGC-00036
2022-03-29,2022,3,March,Mar,Q1,1668705.08,AGC-00112,Meridian Energy Systems,Owen Rossi,AGX-2022-008911-AGC-00112
2022-03-30,2022,3,March,Mar,Q1,68969.18,AGC-00153,Arcadia Offshore Engineering,Samuel Carter,AGX-2022-010189-AGC-00153
2022-03-31,2022,3,March,Mar,Q1,249855.96,AGC-00101,Cobalt Marine Engineering,Nathan Meyer,AGX-2022-009560-AGC-00101
2022-03-31,2022,3,March,Mar,Q1,939238.78,AGC-00094,Cobalt Industrial Maintenance,Amara Okafor,AGX-2022-009650-AGC-00094
2022-04-06,2022,4,April,Apr,Q2,63301.2,AGC-00113,Meridian Marine Services,Ethan Cole,AGX-2022-010590-AGC-00113
2022-04-07,2022,4,April,Apr,Q2,1088979.14,AGC-00012,Northstar Utilities,Elena Costa,AGX-2022-009982-AGC-00012
2022-04-08,2022,4,April,Apr,Q2,180640.17,AGC-00166,Arcadia Drilling Solutions,Priya Nguyen,AGX-2022-010557-AGC-00166
2022-04-14,2022,4,April,Apr,Q2,316143.37,AGC-00155,Arcadia Infrastructure,Amara Okafor,AGX-2022-008878-AGC-00155
2022-04-20,2022,4,April,Apr,Q2,574914.56,AGC-00091,Cobalt Engineering,Nina Patel,AGX-2022-009992-AGC-00091
2022-04-20,2022,4,April,Apr,Q2,226685.95,AGC-00008,Northstar Petro Systems,Lucas Hayes,AGX-2022-010222-AGC-00008
2022-04-21,2022,4,April,Apr,Q2,528358.64,AGC-00071,Helios Instrumentation,Priya Nguyen,AGX-2022-009149-AGC-00071
2022-04-22,2022,4,April,Apr,Q2,330945.13,AGC-00021,Northstar Resources,Priya Nguyen,AGX-2022-009674-AGC-00021
2022-04-26,2022,4,April,Apr,Q2,102145.21,AGC-00035,Northstar Technical Services,Nathan Meyer,AGX-2022-008934-AGC-00035
2022-04-26,2022,4,April,Apr,Q2,777193.46,AGC-00154,Arcadia Flow Technologies,Owen Rossi,AGX-2022-010084-AGC-00154
2022-04-27,2022,4,April,Apr,Q2,4219673.25,AGC-00172,Arcadia Technical Supply,Isabella Stone,AGX-2022-010566-AGC-00172
2022-04-28,2022,4,April,Apr,Q2,842599.5,AGC-00009,Northstar Mining Services,Isabella Stone,AGX-2022-009630-AGC-00009
2022-04-28,2022,4,April,Apr,Q2,463666.33,AGC-00106,Cobalt Industrial Services,Maya Chen,AGX-2022-010225-AGC-00106
2022-04-28,2022,4,April,Apr,Q2,176782.02,AGC-00138,Meridian Marine Engineering,Priya Nguyen,AGX-2022-010371-AGC-00138
2022-05-03,2022,5,May,May,Q2,245717.54,AGC-00055,Helios Drilling Solutions,Marcus Reed,AGX-2022-010014-AGC-00055
2022-05-04,2022,5,May,May,Q2,3778685.3,AGC-00064,Helios Marine Engineering,Owen Rossi,AGX-2022-009666-AGC-00064
2022-05-04,2022,5,May,May,Q2,150495.65,AGC-00087,Cobalt Field Services,Jordan Kim,AGX-2022-010035-AGC-00087
2022-05-06,2022,5,May,May,Q2,255662.36,AGC-00059,Helios Pipeline Services,Jordan Kim,AGX-2022-009418-AGC-00059
2022-05-12,2022,5,May,May,Q2,210363.26,AGC-00061,Helios Technical Supply,Chloe Dubois,AGX-2022-010448-AGC-00061
2022-05-16,2022,5,May,May,Q2,153904.36,AGC-00161,Arcadia Field Services,Owen Rossi,AGX-2022-009832-AGC-00161
2022-05-18,2022,5,May,May,Q2,184368.66,AGC-00055,Helios Drilling Solutions,Maya Chen,AGX-2022-009588-AGC-00055
2022-05-18,2022,5,May,May,Q2,639633.03,AGC-00035,Northstar Technical Services,Chloe Dubois,AGX-2022-009989-AGC-00035
2022-05-19,2022,5,May,May,Q2,192305.0,AGC-00016,Northstar Process Controls,Leila Shah,AGX-2022-010147-AGC-00016
2022-05-23,2022,5,May,May,Q2,238759.53,AGC-00029,Northstar Controls,Samuel Carter,AGX-2022-009535-AGC-00029
2022-05-24,2022,5,May,May,Q2,1030814.48,AGC-00140,Meridian Controls,Samuel Carter,AGX-2022-008983-AGC-00140
2022-05-24,2022,5,May,May,Q2,271821.64,AGC-00120,Meridian Mining Services,Daniel Brooks,AGX-2022-009100-AGC-00120
2022-05-24,2022,5,May,May,Q2,226353.49,AGC-00153,Arcadia Offshore Engineering,Elena Costa,AGX-2022-009981-AGC-00153
2022-06-01,2022,6,June,Jun,Q2,200993.78,AGC-00028,Northstar Production Services,Daniel Brooks,AGX-2022-010031-AGC-00028
2022-06-02,2022,6,June,Jun,Q2,1792540.9,AGC-00177,Arcadia Controls,Maya Chen,AGX-2022-009135-AGC-00177
2022-06-02,2022,6,June,Jun,Q2,119686.81,AGC-00136,Meridian Refinery Services,Nina Patel,AGX-2022-009864-AGC-00136
2022-06-03,2022,6,June,Jun,Q2,409617.6,AGC-00005,Northstar Offshore Engineering,Amara Okafor,AGX-2022-009904-AGC-00005
2022-06-03,2022,6,June,Jun,Q2,340552.36,AGC-00092,Cobalt Drilling Solutions,Nina Patel,AGX-2022-010479-AGC-00092
2022-06-06,2022,6,June,Jun,Q2,89984.77,AGC-00150,Arcadia Marine Services,Nina Patel,AGX-2022-009217-AGC-00150
2022-06-07,2022,6,June,Jun,Q2,24261.94,AGC-00010,Northstar Waterworks,Nathan Meyer,AGX-2022-009913-AGC-00010
2022-06-10,2022,6,June,Jun,Q2,345442.21,AGC-00112,Meridian Energy Systems,Chloe Dubois,AGX-2022-010394-AGC-00112
2022-06-13,2022,6,June,Jun,Q2,52133.04,AGC-00095,Cobalt Resources,Nathan Meyer,AGX-2022-010361-AGC-00095
2022-06-15,2022,6,June,Jun,Q2,6740.48,AGC-00064,Helios Marine Engineering,Elena Costa,AGX-2022-009255-AGC-00064
2022-06-15,2022,6,June,Jun,Q2,456378.66,AGC-00161,Arcadia Field Services,Jordan Kim,AGX-2022-009569-AGC-00161
2022-06-20,2022,6,June,Jun,Q2,288119.98,AGC-00075,Cobalt Energy Systems,Sofia Laurent,AGX-2022-009545-AGC-00075
2022-06-20,2022,6,June,Jun,Q2,837028.24,AGC-00160,Arcadia Utilities,Jordan Kim,AGX-2022-009797-AGC-00160
2022-06-21,2022,6,June,Jun,Q2,475663.05,AGC-00158,Arcadia Waterworks,Lucas Hayes,AGX-2022-009906-AGC-00158
2022-06-21,2022,6,June,Jun,Q2,202154.72,AGC-00038,Helios Energy Systems,Owen Rossi,AGX-2022-010069-AGC-00038
2022-06-21,2022,6,June,Jun,Q2,4354814.18,AGC-00031,Northstar Mechanical Group,Elena Costa,AGX-2022-010610-AGC-00031
2022-06-23,2022,6,June,Jun,Q2,283217.44,AGC-00020,Northstar Industrial Maintenance,Marcus Reed,AGX-2022-010097-AGC-00020
2022-07-04,2022,7,July,Jul,Q3,251822.29,AGC-00075,Cobalt Energy Systems,Chloe Dubois,AGX-2022-009289-AGC-00075
2022-07-05,2022,7,July,Jul,Q3,1577916.8,AGC-00044,Helios Infrastructure,Marcus Reed,AGX-2022-008898-AGC-00044
2022-07-06,2022,7,July,Jul,Q3,234031.14,AGC-00026,Northstar Energy Projects,Leila Shah,AGX-2022-009248-AGC-00026
2022-07-07,2022,7,July,Jul,Q3,1079625.89,AGC-00023,Northstar Rotating Equipment,Jordan Kim,AGX-2022-009988-AGC-00023
2022-07-08,2022,7,July,Jul,Q3,548129.28,AGC-00018,Northstar Drilling Solutions,Maya Chen,AGX-2022-009009-AGC-00018
2022-07-08,2022,7,July,Jul,Q3,80269.09,AGC-00060,Helios Rotating Equipment,Priya Nguyen,AGX-2022-009611-AGC-00060
2022-07-08,2022,7,July,Jul,Q3,298406.75,AGC-00093,Cobalt Compression,Elena Costa,AGX-2022-010638-AGC-00093
2022-07-12,2022,7,July,Jul,Q3,59429.43,AGC-00171,Arcadia Rotating Equipment,Amara Okafor,AGX-2022-010059-AGC-00171
2022-07-12,2022,7,July,Jul,Q3,173757.6,AGC-00052,Helios Power Partners,Sofia Laurent,AGX-2022-010486-AGC-00052
2022-07-14,2022,7,July,Jul,Q3,3189188.07,AGC-00053,Helios Process Controls,Nina Patel,AGX-2022-009386-AGC-00053
2022-07-14,2022,7,July,Jul,Q3,112948.36,AGC-00094,Cobalt Industrial Maintenance,Victor Bennett,AGX-2022-009599-AGC-00094
2022-07-15,2022,7,July,Jul,Q3,1171759.91,AGC-00119,Meridian Petro Systems,Maya Chen,AGX-2022-009196-AGC-00119
2022-07-15,2022,7,July,Jul,Q3,4864481.25,AGC-00020,Northstar Industrial Maintenance,Victor Bennett,AGX-2022-009235-AGC-00020
2022-07-18,2022,7,July,Jul,Q3,147328.08,AGC-00133,Meridian Pipeline Services,Marcus Reed,AGX-2022-009702-AGC-00133
2022-07-18,2022,7,July,Jul,Q3,1022575.8,AGC-00051,Helios Mechanical,Marcus Reed,AGX-2022-010636-AGC-00051
2022-07-22,2022,7,July,Jul,Q3,511013.05,AGC-00064,Helios Marine Engineering,Isabella Stone,AGX-2022-008949-AGC-00064
2022-07-22,2022,7,July,Jul,Q3,4009039.1,AGC-00103,Cobalt Controls,Priya Nguyen,AGX-2022-008977-AGC-00103
2022-07-22,2022,7,July,Jul,Q3,49445.56,AGC-00151,Arcadia Industrial Group,Lucas Hayes,AGX-2022-010040-AGC-00151
2022-07-22,2022,7,July,Jul,Q3,253563.9,AGC-00065,Helios Production Services,Elena Costa,AGX-2022-010330-AGC-00065
2022-07-22,2022,7,July,Jul,Q3,374608.46,AGC-00057,Helios Industrial Maintenance,Daniel Brooks,AGX-2022-010385-AGC-00057
2022-07-26,2022,7,July,Jul,Q3,336663.94,AGC-00132,Meridian Resources,Samuel Carter,AGX-2022-010452-AGC-00132
2022-07-27,2022,7,July,Jul,Q3,1435810.37,AGC-00107,Cobalt Flow Systems,Maya Chen,AGX-2022-010171-AGC-00107
2022-07-29,2022,7,July,Jul,Q3,159125.07,AGC-00060,Helios Rotating Equipment,Priya Nguyen,AGX-2022-009490-AGC-00060
2022-08-01,2022,8,August,Aug,Q3,134204.95,AGC-00132,Meridian Resources,Marcus Reed,AGX-2022-010564-AGC-00132
2022-08-02,2022,8,August,Aug,Q3,326734.21,AGC-00154,Arcadia Flow Technologies,Owen Rossi,AGX-2022-008941-AGC-00154
2022-08-02,2022,8,August,Aug,Q3,153912.25,AGC-00125,Meridian Mechanical,Marcus Reed,AGX-2022-009954-AGC-00125
2022-08-04,2022,8,August,Aug,Q3,1326813.26,AGC-00030,Northstar Offshore Systems,Amara Okafor,AGX-2022-010584-AGC-00030
2022-08-09,2022,8,August,Aug,Q3,858350.56,AGC-00147,Meridian Industrial Solutions,Owen Rossi,AGX-2022-009141-AGC-00147
2022-08-09,2022,8,August,Aug,Q3,898767.74,AGC-00116,Meridian Offshore Engineering,Elena Costa,AGX-2022-009745-AGC-00116
2022-08-09,2022,8,August,Aug,Q3,200381.85,AGC-00145,Meridian Instrumentation,Amara Okafor,AGX-2022-010228-AGC-00145
2022-08-09,2022,8,August,Aug,Q3,71475.53,AGC-00013,Northstar Field Services,Owen Rossi,AGX-2022-010264-AGC-00013
2022-08-10,2022,8,August,Aug,Q3,379486.47,AGC-00058,Helios Resources,Chloe Dubois,AGX-2022-009805-AGC-00058
2022-08-11,2022,8,August,Aug,Q3,158815.6,AGC-00043,Helios Flow Technologies,Elena Costa,AGX-2022-009421-AGC-00043
2022-08-11,2022,8,August,Aug,Q3,595310.46,AGC-00079,Cobalt Offshore Engineering,Elena Costa,AGX-2022-010505-AGC-00079
2022-08-15,2022,8,August,Aug,Q3,626993.59,AGC-00099,Cobalt Refinery Services,Samuel Carter,AGX-2022-010244-AGC-00099
2022-08-16,2022,8,August,Aug,Q3,346898.39,AGC-00061,Helios Technical Supply,Chloe Dubois,AGX-2022-009376-AGC-00061
2022-08-16,2022,8,August,Aug,Q3,288825.68,AGC-00114,Meridian Industrial Group,Marcus Reed,AGX-2022-009807-AGC-00114
2022-08-17,2022,8,August,Aug,Q3,2936441.42,AGC-00007,Northstar Infrastructure,Jordan Kim,AGX-2022-009518-AGC-00007
2022-08-17,2022,8,August,Aug,Q3,96987.04,AGC-00113,Meridian Marine Services,Priya Nguyen,AGX-2022-009841-AGC-00113
2022-08-17,2022,8,August,Aug,Q3,170958.75,AGC-00037,Northstar Marine Supply,Leila Shah,AGX-2022-010586-AGC-00037
2022-08-19,2022,8,August,Aug,Q3,325407.11,AGC-00047,Helios Waterworks,Nathan Meyer,AGX-2022-009921-AGC-00047
2022-08-19,2022,8,August,Aug,Q3,456767.5,AGC-00155,Arcadia Infrastructure,Daniel Brooks,AGX-2022-009957-AGC-00155
2022-08-19,2022,8,August,Aug,Q3,1683372.48,AGC-00166,Arcadia Drilling Solutions,Priya Nguyen,AGX-2022-010210-AGC-00166
2022-08-26,2022,8,August,Aug,Q3,90343.76,AGC-00137,Meridian Energy Projects,Jordan Kim,AGX-2022-009627-AGC-00137
2022-08-29,2022,8,August,Aug,Q3,2259479.9,AGC-00130,Meridian Compression,Leila Shah,AGX-2022-010047-AGC-00130
2022-08-31,2022,8,August,Aug,Q3,33412.84,AGC-00081,Cobalt Infrastructure,Isabella Stone,AGX-2022-009965-AGC-00081
2022-09-01,2022,9,September,Sep,Q3,681770.22,AGC-00113,Meridian Marine Services,Elena Costa,AGX-2022-010135-AGC-00113
2022-09-02,2022,9,September,Sep,Q3,1848214.99,AGC-00129,Meridian Drilling Solutions,Samuel Carter,AGX-2022-008896-AGC-00129
2022-09-02,2022,9,September,Sep,Q3,1300039.65,AGC-00034,Northstar Instrumentation,Nathan Meyer,AGX-2022-009636-AGC-00034
2022-09-02,2022,9,September,Sep,Q3,1743650.05,AGC-00167,Arcadia Compression,Elena Costa,AGX-2022-009798-AGC-00167
2022-09-06,2022,9,September,Sep,Q3,288264.77,AGC-00056,Helios Compression,Jordan Kim,AGX-2022-009389-AGC-00056
2022-09-07,2022,9,September,Sep,Q3,128546.47,AGC-00092,Cobalt Drilling Solutions,Daniel Brooks,AGX-2022-009990-AGC-00092
2022-09-07,2022,9,September,Sep,Q3,236135.65,AGC-00062,Helios Refinery Services,Nathan Meyer,AGX-2022-010190-AGC-00062
2022-09-08,2022,9,September,Sep,Q3,598651.93,AGC-00130,Meridian Compression,Daniel Brooks,AGX-2022-009594-AGC-00130
2022-09-09,2022,9,September,Sep,Q3,2737.28,AGC-00112,Meridian Energy Systems,Amara Okafor,AGX-2022-008925-AGC-00112
2022-09-12,2022,9,September,Sep,Q3,409593.38,AGC-00070,Helios Flow Systems,Chloe Dubois,AGX-2022-009305-AGC-00070
2022-09-13,2022,9,September,Sep,Q3,1008132.06,AGC-00052,Helios Power Partners,Samuel Carter,AGX-2022-008854-AGC-00052
2022-09-15,2022,9,September,Sep,Q3,464087.54,AGC-00165,Arcadia Engineering,Ethan Cole,AGX-2022-010593-AGC-00165
2022-09-20,2022,9,September,Sep,Q3,487302.64,AGC-00041,Helios Process Solutions,Jordan Kim,AGX-2022-009716-AGC-00041
2022-09-20,2022,9,September,Sep,Q3,121728.1,AGC-00135,Meridian Technical Supply,Lucas Hayes,AGX-2022-010563-AGC-00135
2022-09-21,2022,9,September,Sep,Q3,448303.69,AGC-00074,Helios Marine Supply,Leila Shah,AGX-2022-009736-AGC-00074
2022-09-21,2022,9,September,Sep,Q3,508491.3,AGC-00127,Meridian Process Controls,Maya Chen,AGX-2022-010132-AGC-00127
2022-09-23,2022,9,September,Sep,Q3,35832.77,AGC-00124,Meridian Field Services,Marcus Reed,AGX-2022-009656-AGC-00124
2022-09-26,2022,9,September,Sep,Q3,270289.9,AGC-00157,Arcadia Mining Services,Isabella Stone,AGX-2022-009672-AGC-00157
2022-09-27,2022,9,September,Sep,Q3,1026170.53,AGC-00089,Cobalt Power Partners,Maya Chen,AGX-2022-010354-AGC-00089
2022-09-27,2022,9,September,Sep,Q3,422151.79,AGC-00148,Meridian Marine Supply,Elena Costa,AGX-2022-010637-AGC-00148
2022-09-28,2022,9,September,Sep,Q3,11570.26,AGC-00141,Meridian Offshore Systems,Maya Chen,AGX-2022-009234-AGC-00141
2022-09-29,2022,9,September,Sep,Q3,550242.4,AGC-00109,Cobalt Technical Services,Nathan Meyer,AGX-2022-009125-AGC-00109
2022-09-30,2022,9,September,Sep,Q3,462790.02,AGC-00133,Meridian Pipeline Services,Sofia Laurent,AGX-2022-009200-AGC-00133
2022-09-30,2022,9,September,Sep,Q3,3124426.98,AGC-00120,Meridian Mining Services,Nina Patel,AGX-2022-010079-AGC-00120
2022-10-04,2022,10,October,Oct,Q4,551891.47,AGC-00169,Arcadia Resources,Amara Okafor,AGX-2022-009105-AGC-00169
2022-10-04,2022,10,October,Oct,Q4,1228627.16,AGC-00098,Cobalt Technical Supply,Ethan Cole,AGX-2022-009223-AGC-00098
2022-10-04,2022,10,October,Oct,Q4,707622.67,AGC-00077,Cobalt Industrial Group,Isabella Stone,AGX-2022-009566-AGC-00077
2022-10-05,2022,10,October,Oct,Q4,198781.71,AGC-00108,Cobalt Instrumentation,Marcus Reed,AGX-2022-009166-AGC-00108
2022-10-05,2022,10,October,Oct,Q4,33249.87,AGC-00144,Meridian Flow Systems,Victor Bennett,AGX-2022-010148-AGC-00144
2022-10-10,2022,10,October,Oct,Q4,1186031.6,AGC-00170,Arcadia Pipeline Services,Chloe Dubois,AGX-2022-010001-AGC-00170
2022-10-11,2022,10,October,Oct,Q4,4258980.08,AGC-00095,Cobalt Resources,Amara Okafor,AGX-2022-009571-AGC-00095
2022-10-13,2022,10,October,Oct,Q4,559410.1,AGC-00125,Meridian Mechanical,Nathan Meyer,AGX-2022-009548-AGC-00125
2022-10-17,2022,10,October,Oct,Q4,3704207.76,AGC-00027,Northstar Marine Engineering,Daniel Brooks,AGX-2022-010193-AGC-00027
2022-10-18,2022,10,October,Oct,Q4,120227.83,AGC-00177,Arcadia Controls,Owen Rossi,AGX-2022-009759-AGC-00177
2022-10-19,2022,10,October,Oct,Q4,1493256.99,AGC-00172,Arcadia Technical Supply,Isabella Stone,AGX-2022-010501-AGC-00172
2022-10-21,2022,10,October,Oct,Q4,239524.52,AGC-00156,Arcadia Petro Systems,Lucas Hayes,AGX-2022-009462-AGC-00156
2022-10-21,2022,10,October,Oct,Q4,1000673.62,AGC-00025,Northstar Refinery Services,Elena Costa,AGX-2022-010252-AGC-00025
2022-10-25,2022,10,October,Oct,Q4,374995.8,AGC-00013,Northstar Field Services,Maya Chen,AGX-2022-009250-AGC-00013
2022-10-26,2022,10,October,Oct,Q4,93008.45,AGC-00004,Northstar Process Solutions,Sofia Laurent,AGX-2022-009360-AGC-00004
2022-10-26,2022,10,October,Oct,Q4,1090097.49,AGC-00155,Arcadia Infrastructure,Daniel Brooks,AGX-2022-010396-AGC-00155
2022-10-27,2022,10,October,Oct,Q4,238891.32,AGC-00116,Meridian Offshore Engineering,Samuel Carter,AGX-2022-009132-AGC-00116
2022-10-28,2022,10,October,Oct,Q4,22888.48,AGC-00135,Meridian Technical Supply,Isabella Stone,AGX-2022-009265-AGC-00135
2022-10-28,2022,10,October,Oct,Q4,1095890.61,AGC-00059,Helios Pipeline Services,Lucas Hayes,AGX-2022-010343-AGC-00059
2022-10-31,2022,10,October,Oct,Q4,16523.93,AGC-00134,Meridian Rotating Equipment,Daniel Brooks,AGX-2022-009070-AGC-00134
2022-11-01,2022,11,November,Nov,Q4,419147.31,AGC-00019,Northstar Compression,Elena Costa,AGX-2022-009222-AGC-00019
2022-11-02,2022,11,November,Nov,Q4,207623.53,AGC-00088,Cobalt Mechanical,Jordan Kim,AGX-2022-009058-AGC-00088
2022-11-04,2022,11,November,Nov,Q4,432196.16,AGC-00086,Cobalt Utilities,Chloe Dubois,AGX-2022-009501-AGC-00086
2022-11-08,2022,11,November,Nov,Q4,791278.77,AGC-00042,Helios Offshore Engineering,Daniel Brooks,AGX-2022-009035-AGC-00042
2022-11-08,2022,11,November,Nov,Q4,31006.04,AGC-00176,Arcadia Production Services,Leila Shah,AGX-2022-010401-AGC-00176
2022-11-09,2022,11,November,Nov,Q4,62325.73,AGC-00039,Helios Marine Services,Nina Patel,AGX-2022-009919-AGC-00039
2022-11-10,2022,11,November,Nov,Q4,53117.4,AGC-00063,Helios Energy Projects,Maya Chen,AGX-2022-009278-AGC-00063
2022-11-11,2022,11,November,Nov,Q4,176175.93,AGC-00058,Helios Resources,Nina Patel,AGX-2022-010331-AGC-00058
2022-11-14,2022,11,November,Nov,Q4,1309555.05,AGC-00168,Arcadia Industrial Maintenance,Marcus Reed,AGX-2022-009156-AGC-00168
2022-11-15,2022,11,November,Nov,Q4,76294.27,AGC-00069,Helios Industrial Services,Lucas Hayes,AGX-2022-009121-AGC-00069
2022-11-15,2022,11,November,Nov,Q4,165737.41,AGC-00175,Arcadia Marine Engineering,Leila Shah,AGX-2022-009794-AGC-00175
2022-11-15,2022,11,November,Nov,Q4,15551.3,AGC-00040,Helios Industrial Group,Victor Bennett,AGX-2022-010342-AGC-00040
2022-11-16,2022,11,November,Nov,Q4,226601.95,AGC-00180,Arcadia Industrial Services,Ethan Cole,AGX-2022-010206-AGC-00180
2022-11-17,2022,11,November,Nov,Q4,567920.71,AGC-00092,Cobalt Drilling Solutions,Isabella Stone,AGX-2022-009758-AGC-00092
2022-11-18,2022,11,November,Nov,Q4,98695.23,AGC-00055,Helios Drilling Solutions,Chloe Dubois,AGX-2022-009472-AGC-00055
2022-11-18,2022,11,November,Nov,Q4,1350287.59,AGC-00146,Meridian Technical Services,Maya Chen,AGX-2022-009676-AGC-00146
2022-11-18,2022,11,November,Nov,Q4,127411.76,AGC-00118,Meridian Infrastructure,Lucas Hayes,AGX-2022-009868-AGC-00118
2022-11-18,2022,11,November,Nov,Q4,300021.74,AGC-00090,Cobalt Process Controls,Maya Chen,AGX-2022-010369-AGC-00090
2022-11-22,2022,11,November,Nov,Q4,521714.84,AGC-00092,Cobalt Drilling Solutions,Marcus Reed,AGX-2022-009503-AGC-00092
2022-11-23,2022,11,November,Nov,Q4,181222.99,AGC-00159,Arcadia Automation,Amara Okafor,AGX-2022-009525-AGC-00159
2022-11-23,2022,11,November,Nov,Q4,224406.03,AGC-00097,Cobalt Rotating Equipment,Priya Nguyen,AGX-2022-010531-AGC-00097
2022-11-24,2022,11,November,Nov,Q4,125843.51,AGC-00126,Meridian Power Partners,Elena Costa,AGX-2022-009764-AGC-00126
2022-11-25,2022,11,November,Nov,Q4,648290.07,AGC-00150,Arcadia Marine Services,Owen Rossi,AGX-2022-009447-AGC-00150
2022-11-25,2022,11,November,Nov,Q4,280214.45,AGC-00083,Cobalt Mining Services,Lucas Hayes,AGX-2022-010013-AGC-00083
2022-11-28,2022,11,November,Nov,Q4,135931.18,AGC-00024,Northstar Technical Supply,Leila Shah,AGX-2022-009515-AGC-00024
2022-11-28,2022,11,November,Nov,Q4,1938472.16,AGC-00125,Meridian Mechanical,Elena Costa,AGX-2022-009542-AGC-00125
2022-11-29,2022,11,November,Nov,Q4,326435.16,AGC-00147,Meridian Industrial Solutions,Ethan Cole,AGX-2022-009937-AGC-00147
2022-12-01,2022,12,December,Dec,Q4,1765109.6,AGC-00012,Northstar Utilities,Elena Costa,AGX-2022-008864-AGC-00012
2022-12-02,2022,12,December,Dec,Q4,359387.84,AGC-00115,Meridian Process Solutions,Elena Costa,AGX-2022-008965-AGC-00115
2022-12-02,2022,12,December,Dec,Q4,55534.94,AGC-00147,Meridian Industrial Solutions,Priya Nguyen,AGX-2022-009320-AGC-00147
2022-12-07,2022,12,December,Dec,Q4,667172.57,AGC-00068,Helios Mechanical Group,Nina Patel,AGX-2022-010472-AGC-00068
2022-12-09,2022,12,December,Dec,Q4,1157410.48,AGC-00047,Helios Waterworks,Sofia Laurent,AGX-2022-009410-AGC-00047
2022-12-09,2022,12,December,Dec,Q4,349700.36,AGC-00024,Northstar Technical Supply,Sofia Laurent,AGX-2022-010006-AGC-00024
2022-12-09,2022,12,December,Dec,Q4,229253.48,AGC-00050,Helios Field Services,Leila Shah,AGX-2022-010025-AGC-00050
2022-12-12,2022,12,December,Dec,Q4,1142465.22,AGC-00085,Cobalt Automation,Ethan Cole,AGX-2022-008905-AGC-00085
2022-12-14,2022,12,December,Dec,Q4,317317.22,AGC-00066,Helios Controls,Maya Chen,AGX-2022-009504-AGC-00066
2022-12-15,2022,12,December,Dec,Q4,173531.18,AGC-00115,Meridian Process Solutions,Leila Shah,AGX-2022-009172-AGC-00115
2022-12-19,2022,12,December,Dec,Q4,480200.03,AGC-00121,Meridian Waterworks,Isabella Stone,AGX-2022-010526-AGC-00121
2022-12-22,2022,12,December,Dec,Q4,65987.94,AGC-00023,Northstar Rotating Equipment,Jordan Kim,AGX-2022-009871-AGC-00023
2022-12-22,2022,12,December,Dec,Q4,389336.56,AGC-00045,Helios Petro Systems,Chloe Dubois,AGX-2022-009967-AGC-00045
2022-12-22,2022,12,December,Dec,Q4,453375.08,AGC-00163,Arcadia Power Partners,Jordan Kim,AGX-2022-010500-AGC-00163
2022-12-27,2022,12,December,Dec,Q4,246395.87,AGC-00031,Northstar Mechanical Group,Samuel Carter,AGX-2022-009002-AGC-00031
2022-12-27,2022,12,December,Dec,Q4,312864.8,AGC-00005,Northstar Offshore Engineering,Priya Nguyen,AGX-2022-009092-AGC-00005
2023-01-02,2023,1,January,Jan,Q1,214735.12,AGC-00147,Meridian Industrial Solutions,Owen Rossi,AGX-2023-012596-AGC-00147
2023-01-03,2023,1,January,Jan,Q1,324838.51,AGC-00009,Northstar Mining Services,Sofia Laurent,AGX-2023-011062-AGC-00009
2023-01-04,2023,1,January,Jan,Q1,1261790.75,AGC-00007,Northstar Infrastructure,Nathan Meyer,AGX-2023-010895-AGC-00007
2023-01-05,2023,1,January,Jan,Q1,1048228.7,AGC-00045,Helios Petro Systems,Daniel Brooks,AGX-2023-011678-AGC-00045
2023-01-05,2023,1,January,Jan,Q1,445753.32,AGC-00018,Northstar Drilling Solutions,Nina Patel,AGX-2023-012224-AGC-00018
2023-01-09,2023,1,January,Jan,Q1,2264603.65,AGC-00106,Cobalt Industrial Services,Nathan Meyer,AGX-2023-011625-AGC-00106
2023-01-11,2023,1,January,Jan,Q1,55805.49,AGC-00083,Cobalt Mining Services,Nina Patel,AGX-2023-011208-AGC-00083
2023-01-12,2023,1,January,Jan,Q1,177409.24,AGC-00068,Helios Mechanical Group,Jordan Kim,AGX-2023-011508-AGC-00068
2023-01-12,2023,1,January,Jan,Q1,114854.7,AGC-00042,Helios Offshore Engineering,Daniel Brooks,AGX-2023-011666-AGC-00042
2023-01-16,2023,1,January,Jan,Q1,243684.37,AGC-00051,Helios Mechanical,Nina Patel,AGX-2023-011036-AGC-00051
2023-01-17,2023,1,January,Jan,Q1,46421.46,AGC-00129,Meridian Drilling Solutions,Owen Rossi,AGX-2023-011276-AGC-00129
2023-01-19,2023,1,January,Jan,Q1,439612.93,AGC-00043,Helios Flow Technologies,Owen Rossi,AGX-2023-011032-AGC-00043
2023-01-20,2023,1,January,Jan,Q1,22759.71,AGC-00011,Northstar Automation,Amara Okafor,AGX-2023-012265-AGC-00011
2023-01-23,2023,1,January,Jan,Q1,614364.13,AGC-00120,Meridian Mining Services,Elena Costa,AGX-2023-012592-AGC-00120
2023-01-24,2023,1,January,Jan,Q1,687051.22,AGC-00014,Northstar Mechanical,Lucas Hayes,AGX-2023-010768-AGC-00014
2023-01-26,2023,1,January,Jan,Q1,2568372.61,AGC-00121,Meridian Waterworks,Nathan Meyer,AGX-2023-011014-AGC-00121
2023-01-30,2023,1,January,Jan,Q1,496031.36,AGC-00167,Arcadia Compression,Nina Patel,AGX-2023-012244-AGC-00167
2023-01-31,2023,1,January,Jan,Q1,358263.6,AGC-00135,Meridian Technical Supply,Victor Bennett,AGX-2023-012185-AGC-00135
2023-01-31,2023,1,January,Jan,Q1,313761.56,AGC-00051,Helios Mechanical,Ethan Cole,AGX-2023-012652-AGC-00051
2023-02-02,2023,2,February,Feb,Q1,516469.43,AGC-00092,Cobalt Drilling Solutions,Nathan Meyer,AGX-2023-012320-AGC-00092
2023-02-08,2023,2,February,Feb,Q1,233242.22,AGC-00148,Meridian Marine Supply,Marcus Reed,AGX-2023-010758-AGC-00148
2023-02-14,2023,2,February,Feb,Q1,194143.01,AGC-00088,Cobalt Mechanical,Owen Rossi,AGX-2023-010958-AGC-00088
2023-02-16,2023,2,February,Feb,Q1,1652889.51,AGC-00076,Cobalt Marine Services,Isabella Stone,AGX-2023-011229-AGC-00076
2023-02-17,2023,2,February,Feb,Q1,373255.97,AGC-00023,Northstar Rotating Equipment,Leila Shah,AGX-2023-012640-AGC-00023
2023-02-20,2023,2,February,Feb,Q1,284219.02,AGC-00087,Cobalt Field Services,Lucas Hayes,AGX-2023-010696-AGC-00087
2023-02-21,2023,2,February,Feb,Q1,190544.54,AGC-00123,Meridian Utilities,Nathan Meyer,AGX-2023-010834-AGC-00123
2023-02-22,2023,2,February,Feb,Q1,820579.16,AGC-00131,Meridian Industrial Maintenance,Amara Okafor,AGX-2023-011085-AGC-00131
2023-02-23,2023,2,February,Feb,Q1,133007.7,AGC-00126,Meridian Power Partners,Samuel Carter,AGX-2023-011432-AGC-00126
2023-02-23,2023,2,February,Feb,Q1,258681.76,AGC-00163,Arcadia Power Partners,Leila Shah,AGX-2023-011994-AGC-00163
2023-02-23,2023,2,February,Feb,Q1,468639.15,AGC-00035,Northstar Technical Services,Ethan Cole,AGX-2023-012625-AGC-00035
2023-02-27,2023,2,February,Feb,Q1,178626.56,AGC-00111,Cobalt Marine Supply,Samuel Carter,AGX-2023-010971-AGC-00111
2023-02-27,2023,2,February,Feb,Q1,1840351.54,AGC-00177,Arcadia Controls,Lucas Hayes,AGX-2023-012080-AGC-00177
2023-02-27,2023,2,February,Feb,Q1,71383.84,AGC-00012,Northstar Utilities,Nathan Meyer,AGX-2023-012192-AGC-00012
2023-02-28,2023,2,February,Feb,Q1,133770.93,AGC-00170,Arcadia Pipeline Services,Ethan Cole,AGX-2023-010892-AGC-00170
2023-03-01,2023,3,March,Mar,Q1,696290.39,AGC-00113,Meridian Marine Services,Chloe Dubois,AGX-2023-011618-AGC-00113
2023-03-01,2023,3,March,Mar,Q1,265228.75,AGC-00164,Arcadia Process Controls,Ethan Cole,AGX-2023-012526-AGC-00164
2023-03-02,2023,3,March,Mar,Q1,83731.22,AGC-00124,Meridian Field Services,Amara Okafor,AGX-2023-011355-AGC-00124
2023-03-02,2023,3,March,Mar,Q1,1466633.91,AGC-00176,Arcadia Production Services,Leila Shah,AGX-2023-012689-AGC-00176
2023-03-03,2023,3,March,Mar,Q1,164382.44,AGC-00009,Northstar Mining Services,Maya Chen,AGX-2023-011983-AGC-00009
2023-03-03,2023,3,March,Mar,Q1,1349872.4,AGC-00138,Meridian Marine Engineering,Chloe Dubois,AGX-2023-012473-AGC-00138
2023-03-06,2023,3,March,Mar,Q1,2465736.75,AGC-00010,Northstar Waterworks,Elena Costa,AGX-2023-010685-AGC-00010
2023-03-06,2023,3,March,Mar,Q1,174504.43,AGC-00012,Northstar Utilities,Priya Nguyen,AGX-2023-010764-AGC-00012
2023-03-07,2023,3,March,Mar,Q1,583445.85,AGC-00034,Northstar Instrumentation,Nathan Meyer,AGX-2023-010993-AGC-00034
2023-03-09,2023,3,March,Mar,Q1,344358.54,AGC-00125,Meridian Mechanical,Chloe Dubois,AGX-2023-010743-AGC-00125
2023-03-09,2023,3,March,Mar,Q1,277125.55,AGC-00079,Cobalt Offshore Engineering,Victor Bennett,AGX-2023-011260-AGC-00079
2023-03-10,2023,3,March,Mar,Q1,311697.68,AGC-00026,Northstar Energy Projects,Marcus Reed,AGX-2023-010847-AGC-00026
2023-03-14,2023,3,March,Mar,Q1,198873.91,AGC-00084,Cobalt Waterworks,Elena Costa,AGX-2023-012523-AGC-00084
2023-03-16,2023,3,March,Mar,Q1,606108.01,AGC-00075,Cobalt Energy Systems,Lucas Hayes,AGX-2023-011319-AGC-00075
2023-03-16,2023,3,March,Mar,Q1,2020780.23,AGC-00070,Helios Flow Systems,Victor Bennett,AGX-2023-011422-AGC-00070
2023-03-20,2023,3,March,Mar,Q1,186837.43,AGC-00053,Helios Process Controls,Victor Bennett,AGX-2023-011743-AGC-00053
2023-03-24,2023,3,March,Mar,Q1,132266.8,AGC-00083,Cobalt Mining Services,Daniel Brooks,AGX-2023-011539-AGC-00083
2023-03-24,2023,3,March,Mar,Q1,564748.44,AGC-00119,Meridian Petro Systems,Owen Rossi,AGX-2023-012132-AGC-00119
2023-03-27,2023,3,March,Mar,Q1,331644.36,AGC-00140,Meridian Controls,Samuel Carter,AGX-2023-010905-AGC-00140
2023-03-27,2023,3,March,Mar,Q1,21135.33,AGC-00110,Cobalt Industrial Solutions,Isabella Stone,AGX-2023-011178-AGC-00110
2023-03-29,2023,3,March,Mar,Q1,265081.0,AGC-00178,Arcadia Offshore Systems,Isabella Stone,AGX-2023-011632-AGC-00178
2023-03-29,2023,3,March,Mar,Q1,54152.91,AGC-00047,Helios Waterworks,Samuel Carter,AGX-2023-011784-AGC-00047
2023-03-31,2023,3,March,Mar,Q1,537992.63,AGC-00109,Cobalt Technical Services,Samuel Carter,AGX-2023-011413-AGC-00109
2023-03-31,2023,3,March,Mar,Q1,431584.68,AGC-00101,Cobalt Marine Engineering,Lucas Hayes,AGX-2023-012252-AGC-00101
2023-04-04,2023,4,April,Apr,Q2,296352.97,AGC-00059,Helios Pipeline Services,Jordan Kim,AGX-2023-011324-AGC-00059
2023-04-04,2023,4,April,Apr,Q2,349235.38,AGC-00131,Meridian Industrial Maintenance,Lucas Hayes,AGX-2023-011381-AGC-00131
2023-04-05,2023,4,April,Apr,Q2,721082.72,AGC-00147,Meridian Industrial Solutions,Samuel Carter,AGX-2023-011967-AGC-00147
2023-04-05,2023,4,April,Apr,Q2,1788981.9,AGC-00002,Northstar Marine Services,Priya Nguyen,AGX-2023-012428-AGC-00002
2023-04-06,2023,4,April,Apr,Q2,580274.25,AGC-00154,Arcadia Flow Technologies,Isabella Stone,AGX-2023-011733-AGC-00154
2023-04-07,2023,4,April,Apr,Q2,521961.48,AGC-00017,Northstar Engineering,Daniel Brooks,AGX-2023-011556-AGC-00017
2023-04-10,2023,4,April,Apr,Q2,564056.52,AGC-00055,Helios Drilling Solutions,Samuel Carter,AGX-2023-011673-AGC-00055
2023-04-11,2023,4,April,Apr,Q2,782529.12,AGC-00122,Meridian Automation,Marcus Reed,AGX-2023-011054-AGC-00122
2023-04-12,2023,4,April,Apr,Q2,596196.67,AGC-00127,Meridian Process Controls,Marcus Reed,AGX-2023-011104-AGC-00127
2023-04-14,2023,4,April,Apr,Q2,27893.4,AGC-00066,Helios Controls,Leila Shah,AGX-2023-011436-AGC-00066
2023-04-18,2023,4,April,Apr,Q2,7155.52,AGC-00160,Arcadia Utilities,Sofia Laurent,AGX-2023-011201-AGC-00160
2023-04-18,2023,4,April,Apr,Q2,134623.88,AGC-00173,Arcadia Refinery Services,Amara Okafor,AGX-2023-011353-AGC-00173
2023-04-18,2023,4,April,Apr,Q2,286296.7,AGC-00157,Arcadia Mining Services,Nina Patel,AGX-2023-012058-AGC-00157
2023-04-20,2023,4,April,Apr,Q2,1038585.82,AGC-00109,Cobalt Technical Services,Chloe Dubois,AGX-2023-012615-AGC-00109
2023-04-21,2023,4,April,Apr,Q2,348524.87,AGC-00103,Cobalt Controls,Samuel Carter,AGX-2023-011053-AGC-00103
2023-04-21,2023,4,April,Apr,Q2,207556.23,AGC-00174,Arcadia Energy Projects,Sofia Laurent,AGX-2023-012175-AGC-00174
2023-04-24,2023,4,April,Apr,Q2,82088.16,AGC-00090,Cobalt Process Controls,Maya Chen,AGX-2023-010703-AGC-00090
2023-04-26,2023,4,April,Apr,Q2,312458.19,AGC-00112,Meridian Energy Systems,Ethan Cole,AGX-2023-011274-AGC-00112
2023-04-26,2023,4,April,Apr,Q2,401064.38,AGC-00155,Arcadia Infrastructure,Lucas Hayes,AGX-2023-011300-AGC-00155
2023-04-26,2023,4,April,Apr,Q2,192516.04,AGC-00098,Cobalt Technical Supply,Victor Bennett,AGX-2023-012083-AGC-00098
2023-04-26,2023,4,April,Apr,Q2,1585538.71,AGC-00134,Meridian Rotating Equipment,Victor Bennett,AGX-2023-012442-AGC-00134
2023-05-02,2023,5,May,May,Q2,348828.72,AGC-00165,Arcadia Engineering,Victor Bennett,AGX-2023-011286-AGC-00165
2023-05-04,2023,5,May,May,Q2,571448.03,AGC-00051,Helios Mechanical,Nathan Meyer,AGX-2023-012543-AGC-00051
2023-05-05,2023,5,May,May,Q2,2486207.94,AGC-00001,Northstar Energy Systems,Isabella Stone,AGX-2023-011574-AGC-00001
2023-05-08,2023,5,May,May,Q2,1324736.02,AGC-00099,Cobalt Refinery Services,Jordan Kim,AGX-2023-012170-AGC-00099
2023-05-09,2023,5,May,May,Q2,117935.79,AGC-00069,Helios Industrial Services,Priya Nguyen,AGX-2023-010683-AGC-00069
2023-05-09,2023,5,May,May,Q2,1086351.8,AGC-00161,Arcadia Field Services,Victor Bennett,AGX-2023-011947-AGC-00161
2023-05-10,2023,5,May,May,Q2,590389.25,AGC-00095,Cobalt Resources,Amara Okafor,AGX-2023-011158-AGC-00095
2023-05-12,2023,5,May,May,Q2,146079.36,AGC-00176,Arcadia Production Services,Priya Nguyen,AGX-2023-010837-AGC-00176
2023-05-12,2023,5,May,May,Q2,396446.0,AGC-00116,Meridian Offshore Engineering,Jordan Kim,AGX-2023-011182-AGC-00116
2023-05-16,2023,5,May,May,Q2,50502.96,AGC-00180,Arcadia Industrial Services,Marcus Reed,AGX-2023-011427-AGC-00180
2023-05-17,2023,5,May,May,Q2,456951.11,AGC-00173,Arcadia Refinery Services,Daniel Brooks,AGX-2023-010714-AGC-00173
2023-05-19,2023,5,May,May,Q2,52136.52,AGC-00146,Meridian Technical Services,Elena Costa,AGX-2023-011271-AGC-00146
2023-05-19,2023,5,May,May,Q2,1322048.11,AGC-00134,Meridian Rotating Equipment,Nathan Meyer,AGX-2023-012588-AGC-00134
2023-05-26,2023,5,May,May,Q2,87137.08,AGC-00041,Helios Process Solutions,Priya Nguyen,AGX-2023-011245-AGC-00041
2023-05-26,2023,5,May,May,Q2,533390.81,AGC-00089,Cobalt Power Partners,Nina Patel,AGX-2023-011429-AGC-00089
2023-05-26,2023,5,May,May,Q2,678837.62,AGC-00088,Cobalt Mechanical,Jordan Kim,AGX-2023-012693-AGC-00088
2023-05-29,2023,5,May,May,Q2,329406.99,AGC-00085,Cobalt Automation,Samuel Carter,AGX-2023-012467-AGC-00085
2023-05-30,2023,5,May,May,Q2,45725.89,AGC-00143,Meridian Industrial Services,Leila Shah,AGX-2023-011037-AGC-00143
2023-05-30,2023,5,May,May,Q2,312169.23,AGC-00044,Helios Infrastructure,Maya Chen,AGX-2023-011059-AGC-00044
2023-06-01,2023,6,June,Jun,Q2,49109.22,AGC-00140,Meridian Controls,Lucas Hayes,AGX-2023-011012-AGC-00140
2023-06-05,2023,6,June,Jun,Q2,1661984.69,AGC-00169,Arcadia Resources,Elena Costa,AGX-2023-011647-AGC-00169
2023-06-06,2023,6,June,Jun,Q2,236851.76,AGC-00064,Helios Marine Engineering,Nina Patel,AGX-2023-010851-AGC-00064
2023-06-06,2023,6,June,Jun,Q2,1212622.89,AGC-00105,Cobalt Mechanical Group,Amara Okafor,AGX-2023-011558-AGC-00105
2023-06-08,2023,6,June,Jun,Q2,209220.02,AGC-00156,Arcadia Petro Systems,Owen Rossi,AGX-2023-011108-AGC-00156
2023-06-12,2023,6,June,Jun,Q2,208878.21,AGC-00158,Arcadia Waterworks,Chloe Dubois,AGX-2023-011908-AGC-00158
2023-06-13,2023,6,June,Jun,Q2,222259.07,AGC-00047,Helios Waterworks,Victor Bennett,AGX-2023-012661-AGC-00047
2023-06-15,2023,6,June,Jun,Q2,270203.6,AGC-00077,Cobalt Industrial Group,Daniel Brooks,AGX-2023-010896-AGC-00077
2023-06-16,2023,6,June,Jun,Q2,1046013.0,AGC-00104,Cobalt Offshore Systems,Leila Shah,AGX-2023-010853-AGC-00104
2023-06-16,2023,6,June,Jun,Q2,693412.46,AGC-00005,Northstar Offshore Engineering,Isabella Stone,AGX-2023-011375-AGC-00005
2023-06-19,2023,6,June,Jun,Q2,35191.58,AGC-00081,Cobalt Infrastructure,Priya Nguyen,AGX-2023-011680-AGC-00081
2023-06-20,2023,6,June,Jun,Q2,6347577.44,AGC-00037,Northstar Marine Supply,Daniel Brooks,AGX-2023-012694-AGC-00037
2023-06-22,2023,6,June,Jun,Q2,1680013.71,AGC-00132,Meridian Resources,Victor Bennett,AGX-2023-011754-AGC-00132
2023-06-22,2023,6,June,Jun,Q2,444995.74,AGC-00064,Helios Marine Engineering,Jordan Kim,AGX-2023-012564-AGC-00064
2023-06-23,2023,6,June,Jun,Q2,126202.4,AGC-00153,Arcadia Offshore Engineering,Leila Shah,AGX-2023-011148-AGC-00153
2023-06-26,2023,6,June,Jun,Q2,1023139.93,AGC-00145,Meridian Instrumentation,Priya Nguyen,AGX-2023-011365-AGC-00145
2023-06-26,2023,6,June,Jun,Q2,911105.08,AGC-00165,Arcadia Engineering,Jordan Kim,AGX-2023-012201-AGC-00165
2023-06-28,2023,6,June,Jun,Q2,1326184.47,AGC-00137,Meridian Energy Projects,Nathan Meyer,AGX-2023-012127-AGC-00137
2023-06-29,2023,6,June,Jun,Q2,716772.95,AGC-00056,Helios Compression,Marcus Reed,AGX-2023-011500-AGC-00056
2023-07-03,2023,7,July,Jul,Q3,18398.0,AGC-00021,Northstar Resources,Chloe Dubois,AGX-2023-011307-AGC-00021
2023-07-03,2023,7,July,Jul,Q3,388180.77,AGC-00111,Cobalt Marine Supply,Amara Okafor,AGX-2023-011606-AGC-00111
2023-07-04,2023,7,July,Jul,Q3,544718.75,AGC-00009,Northstar Mining Services,Leila Shah,AGX-2023-011119-AGC-00009
2023-07-13,2023,7,July,Jul,Q3,314309.19,AGC-00101,Cobalt Marine Engineering,Owen Rossi,AGX-2023-011340-AGC-00101
2023-07-13,2023,7,July,Jul,Q3,766717.45,AGC-00084,Cobalt Waterworks,Marcus Reed,AGX-2023-012233-AGC-00084
2023-07-13,2023,7,July,Jul,Q3,699525.58,AGC-00157,Arcadia Mining Services,Maya Chen,AGX-2023-012435-AGC-00157
2023-07-14,2023,7,July,Jul,Q3,213145.07,AGC-00086,Cobalt Utilities,Chloe Dubois,AGX-2023-011516-AGC-00086
2023-07-14,2023,7,July,Jul,Q3,333309.7,AGC-00005,Northstar Offshore Engineering,Nathan Meyer,AGX-2023-012550-AGC-00005
2023-07-17,2023,7,July,Jul,Q3,15857.28,AGC-00093,Cobalt Compression,Leila Shah,AGX-2023-012133-AGC-00093
2023-07-18,2023,7,July,Jul,Q3,160594.57,AGC-00139,Meridian Production Services,Nina Patel,AGX-2023-012011-AGC-00139
2023-07-24,2023,7,July,Jul,Q3,964621.47,AGC-00158,Arcadia Waterworks,Ethan Cole,AGX-2023-011608-AGC-00158
2023-07-25,2023,7,July,Jul,Q3,138194.81,AGC-00095,Cobalt Resources,Samuel Carter,AGX-2023-012149-AGC-00095
2023-07-27,2023,7,July,Jul,Q3,420372.44,AGC-00128,Meridian Engineering,Nathan Meyer,AGX-2023-011496-AGC-00128
2023-07-31,2023,7,July,Jul,Q3,135362.32,AGC-00141,Meridian Offshore Systems,Samuel Carter,AGX-2023-011026-AGC-00141
2023-08-01,2023,8,August,Aug,Q3,663804.43,AGC-00115,Meridian Process Solutions,Priya Nguyen,AGX-2023-011936-AGC-00115
2023-08-03,2023,8,August,Aug,Q3,47311.08,AGC-00123,Meridian Utilities,Amara Okafor,AGX-2023-012242-AGC-00123
2023-08-04,2023,8,August,Aug,Q3,315789.02,AGC-00149,Arcadia Energy Systems,Samuel Carter,AGX-2023-012396-AGC-00149
2023-08-07,2023,8,August,Aug,Q3,118036.6,AGC-00024,Northstar Technical Supply,Ethan Cole,AGX-2023-011142-AGC-00024
2023-08-07,2023,8,August,Aug,Q3,273590.56,AGC-00061,Helios Technical Supply,Lucas Hayes,AGX-2023-011557-AGC-00061
2023-08-14,2023,8,August,Aug,Q3,1414483.21,AGC-00108,Cobalt Instrumentation,Amara Okafor,AGX-2023-011024-AGC-00108
2023-08-14,2023,8,August,Aug,Q3,27703.9,AGC-00042,Helios Offshore Engineering,Leila Shah,AGX-2023-011163-AGC-00042
2023-08-14,2023,8,August,Aug,Q3,938816.73,AGC-00033,Northstar Flow Systems,Marcus Reed,AGX-2023-012329-AGC-00033
2023-08-16,2023,8,August,Aug,Q3,498058.42,AGC-00152,Arcadia Process Solutions,Lucas Hayes,AGX-2023-012226-AGC-00152
2023-08-16,2023,8,August,Aug,Q3,296418.39,AGC-00144,Meridian Flow Systems,Isabella Stone,AGX-2023-012359-AGC-00144
2023-08-18,2023,8,August,Aug,Q3,354043.2,AGC-00027,Northstar Marine Engineering,Chloe Dubois,AGX-2023-012514-AGC-00027
2023-08-21,2023,8,August,Aug,Q3,156587.45,AGC-00159,Arcadia Automation,Elena Costa,AGX-2023-011331-AGC-00159
2023-08-21,2023,8,August,Aug,Q3,37631.72,AGC-00008,Northstar Petro Systems,Jordan Kim,AGX-2023-012690-AGC-00008
2023-08-22,2023,8,August,Aug,Q3,84925.21,AGC-00162,Arcadia Mechanical,Victor Bennett,AGX-2023-011866-AGC-00162
2023-08-23,2023,8,August,Aug,Q3,298742.22,AGC-00037,Northstar Marine Supply,Elena Costa,AGX-2023-011209-AGC-00037
2023-08-23,2023,8,August,Aug,Q3,87465.98,AGC-00063,Helios Energy Projects,Amara Okafor,AGX-2023-011634-AGC-00063
2023-08-24,2023,8,August,Aug,Q3,919232.01,AGC-00107,Cobalt Flow Systems,Marcus Reed,AGX-2023-012447-AGC-00107
2023-08-25,2023,8,August,Aug,Q3,1697974.92,AGC-00050,Helios Field Services,Nathan Meyer,AGX-2023-010783-AGC-00050
2023-08-28,2023,8,August,Aug,Q3,42130.02,AGC-00038,Helios Energy Systems,Ethan Cole,AGX-2023-011626-AGC-00038
2023-08-28,2023,8,August,Aug,Q3,169012.8,AGC-00118,Meridian Infrastructure,Sofia Laurent,AGX-2023-012663-AGC-00118
2023-08-30,2023,8,August,Aug,Q3,364171.44,AGC-00115,Meridian Process Solutions,Owen Rossi,AGX-2023-012004-AGC-00115
2023-09-01,2023,9,September,Sep,Q3,128348.87,AGC-00004,Northstar Process Solutions,Elena Costa,AGX-2023-011926-AGC-00004
2023-09-04,2023,9,September,Sep,Q3,1910451.58,AGC-00175,Arcadia Marine Engineering,Chloe Dubois,AGX-2023-011322-AGC-00175
2023-09-06,2023,9,September,Sep,Q3,84437.56,AGC-00034,Northstar Instrumentation,Maya Chen,AGX-2023-010913-AGC-00034
2023-09-06,2023,9,September,Sep,Q3,245257.13,AGC-00142,Meridian Mechanical Group,Nathan Meyer,AGX-2023-011045-AGC-00142
2023-09-06,2023,9,September,Sep,Q3,347850.81,AGC-00062,Helios Refinery Services,Amara Okafor,AGX-2023-011242-AGC-00062
2023-09-06,2023,9,September,Sep,Q3,808451.83,AGC-00154,Arcadia Flow Technologies,Isabella Stone,AGX-2023-012506-AGC-00154
2023-09-12,2023,9,September,Sep,Q3,169271.7,AGC-00134,Meridian Rotating Equipment,Lucas Hayes,AGX-2023-012413-AGC-00134
2023-09-13,2023,9,September,Sep,Q3,43105.3,AGC-00080,Cobalt Flow Technologies,Maya Chen,AGX-2023-011822-AGC-00080
2023-09-14,2023,9,September,Sep,Q3,99354.3,AGC-00105,Cobalt Mechanical Group,Jordan Kim,AGX-2023-010701-AGC-00105
2023-09-14,2023,9,September,Sep,Q3,56174.22,AGC-00081,Cobalt Infrastructure,Isabella Stone,AGX-2023-011840-AGC-00081
2023-09-15,2023,9,September,Sep,Q3,164497.35,AGC-00177,Arcadia Controls,Jordan Kim,AGX-2023-010832-AGC-00177
2023-09-18,2023,9,September,Sep,Q3,588837.4,AGC-00025,Northstar Refinery Services,Leila Shah,AGX-2023-010877-AGC-00025
2023-09-18,2023,9,September,Sep,Q3,444901.42,AGC-00032,Northstar Industrial Services,Elena Costa,AGX-2023-010977-AGC-00032
2023-09-18,2023,9,September,Sep,Q3,219498.59,AGC-00094,Cobalt Industrial Maintenance,Victor Bennett,AGX-2023-012091-AGC-00094
2023-09-18,2023,9,September,Sep,Q3,42887.88,AGC-00150,Arcadia Marine Services,Lucas Hayes,AGX-2023-012586-AGC-00150
2023-09-19,2023,9,September,Sep,Q3,991220.16,AGC-00029,Northstar Controls,Chloe Dubois,AGX-2023-012538-AGC-00029
2023-09-20,2023,9,September,Sep,Q3,110189.3,AGC-00130,Meridian Compression,Isabella Stone,AGX-2023-011411-AGC-00130
2023-09-28,2023,9,September,Sep,Q3,9055.05,AGC-00120,Meridian Mining Services,Leila Shah,AGX-2023-010679-AGC-00120
2023-09-29,2023,9,September,Sep,Q3,111855.34,AGC-00167,Arcadia Compression,Owen Rossi,AGX-2023-010693-AGC-00167
2023-09-29,2023,9,September,Sep,Q3,252511.56,AGC-00028,Northstar Production Services,Nathan Meyer,AGX-2023-012529-AGC-00028
2023-10-02,2023,10,October,Oct,Q4,558876.53,AGC-00074,Helios Marine Supply,Isabella Stone,AGX-2023-012163-AGC-00074
2023-10-02,2023,10,October,Oct,Q4,1339134.55,AGC-00050,Helios Field Services,Marcus Reed,AGX-2023-012515-AGC-00050
2023-10-03,2023,10,October,Oct,Q4,279855.0,AGC-00019,Northstar Compression,Lucas Hayes,AGX-2023-010860-AGC-00019
2023-10-04,2023,10,October,Oct,Q4,369649.97,AGC-00003,Northstar Industrial Group,Owen Rossi,AGX-2023-010917-AGC-00003
2023-10-09,2023,10,October,Oct,Q4,668913.87,AGC-00049,Helios Utilities,Elena Costa,AGX-2023-011671-AGC-00049
2023-10-11,2023,10,October,Oct,Q4,290660.76,AGC-00058,Helios Resources,Lucas Hayes,AGX-2023-011013-AGC-00058
2023-10-12,2023,10,October,Oct,Q4,514160.0,AGC-00060,Helios Rotating Equipment,Isabella Stone,AGX-2023-010965-AGC-00060
2023-10-12,2023,10,October,Oct,Q4,374416.14,AGC-00034,Northstar Instrumentation,Sofia Laurent,AGX-2023-012303-AGC-00034
2023-10-13,2023,10,October,Oct,Q4,586773.38,AGC-00052,Helios Power Partners,Victor Bennett,AGX-2023-012235-AGC-00052
2023-10-19,2023,10,October,Oct,Q4,131898.56,AGC-00091,Cobalt Engineering,Leila Shah,AGX-2023-011218-AGC-00091
2023-10-19,2023,10,October,Oct,Q4,115188.51,AGC-00016,Northstar Process Controls,Nathan Meyer,AGX-2023-012672-AGC-00016
2023-10-20,2023,10,October,Oct,Q4,238144.36,AGC-00036,Northstar Industrial Solutions,Maya Chen,AGX-2023-012144-AGC-00036
2023-10-20,2023,10,October,Oct,Q4,507977.12,AGC-00065,Helios Production Services,Marcus Reed,AGX-2023-012361-AGC-00065
2023-10-25,2023,10,October,Oct,Q4,448959.78,AGC-00105,Cobalt Mechanical Group,Leila Shah,AGX-2023-010668-AGC-00105
2023-10-25,2023,10,October,Oct,Q4,226093.2,AGC-00106,Cobalt Industrial Services,Priya Nguyen,AGX-2023-010835-AGC-00106
2023-10-25,2023,10,October,Oct,Q4,87220.86,AGC-00168,Arcadia Industrial Maintenance,Leila Shah,AGX-2023-012597-AGC-00168
2023-10-26,2023,10,October,Oct,Q4,128542.61,AGC-00170,Arcadia Pipeline Services,Owen Rossi,AGX-2023-012005-AGC-00170
2023-10-30,2023,10,October,Oct,Q4,169164.75,AGC-00020,Northstar Industrial Maintenance,Daniel Brooks,AGX-2023-011145-AGC-00020
2023-10-31,2023,10,October,Oct,Q4,178737.51,AGC-00030,Northstar Offshore Systems,Chloe Dubois,AGX-2023-010688-AGC-00030
2023-10-31,2023,10,October,Oct,Q4,652073.29,AGC-00133,Meridian Pipeline Services,Nina Patel,AGX-2023-011713-AGC-00133
2023-11-06,2023,11,November,Nov,Q4,527347.5,AGC-00011,Northstar Automation,Nina Patel,AGX-2023-010745-AGC-00011
2023-11-06,2023,11,November,Nov,Q4,792093.25,AGC-00031,Northstar Mechanical Group,Maya Chen,AGX-2023-012513-AGC-00031
2023-11-09,2023,11,November,Nov,Q4,968448.31,AGC-00067,Helios Offshore Systems,Jordan Kim,AGX-2023-011997-AGC-00067
2023-11-09,2023,11,November,Nov,Q4,153744.22,AGC-00053,Helios Process Controls,Nathan Meyer,AGX-2023-012302-AGC-00053
2023-11-10,2023,11,November,Nov,Q4,1877692.91,AGC-00030,Northstar Offshore Systems,Victor Bennett,AGX-2023-011826-AGC-00030
2023-11-13,2023,11,November,Nov,Q4,246687.56,AGC-00048,Helios Automation,Elena Costa,AGX-2023-012131-AGC-00048
2023-11-15,2023,11,November,Nov,Q4,133060.62,AGC-00013,Northstar Field Services,Ethan Cole,AGX-2023-012423-AGC-00013
2023-11-17,2023,11,November,Nov,Q4,518771.82,AGC-00078,Cobalt Process Solutions,Elena Costa,AGX-2023-011735-AGC-00078
2023-11-17,2023,11,November,Nov,Q4,1612603.25,AGC-00048,Helios Automation,Elena Costa,AGX-2023-012342-AGC-00048
2023-11-20,2023,11,November,Nov,Q4,547111.26,AGC-00032,Northstar Industrial Services,Owen Rossi,AGX-2023-011398-AGC-00032
2023-11-20,2023,11,November,Nov,Q4,97690.41,AGC-00170,Arcadia Pipeline Services,Sofia Laurent,AGX-2023-011808-AGC-00170
2023-11-21,2023,11,November,Nov,Q4,327911.2,AGC-00085,Cobalt Automation,Lucas Hayes,AGX-2023-010774-AGC-00085
2023-11-22,2023,11,November,Nov,Q4,484126.79,AGC-00071,Helios Instrumentation,Maya Chen,AGX-2023-011294-AGC-00071
2023-11-22,2023,11,November,Nov,Q4,383574.26,AGC-00102,Cobalt Production Services,Nina Patel,AGX-2023-011785-AGC-00102
2023-11-23,2023,11,November,Nov,Q4,607041.27,AGC-00136,Meridian Refinery Services,Nathan Meyer,AGX-2023-012286-AGC-00136
2023-11-24,2023,11,November,Nov,Q4,323459.19,AGC-00084,Cobalt Waterworks,Chloe Dubois,AGX-2023-010948-AGC-00084
2023-11-24,2023,11,November,Nov,Q4,144292.5,AGC-00096,Cobalt Pipeline Services,Samuel Carter,AGX-2023-010949-AGC-00096
2023-11-30,2023,11,November,Nov,Q4,242332.73,AGC-00072,Helios Technical Services,Priya Nguyen,AGX-2023-010731-AGC-00072
2023-11-30,2023,11,November,Nov,Q4,78009.34,AGC-00114,Meridian Industrial Group,Leila Shah,AGX-2023-011327-AGC-00114
2023-12-01,2023,12,December,Dec,Q4,424196.35,AGC-00116,Meridian Offshore Engineering,Elena Costa,AGX-2023-011255-AGC-00116
2023-12-01,2023,12,December,Dec,Q4,1872633.75,AGC-00166,Arcadia Drilling Solutions,Ethan Cole,AGX-2023-012293-AGC-00166
2023-12-04,2023,12,December,Dec,Q4,569893.26,AGC-00175,Arcadia Marine Engineering,Chloe Dubois,AGX-2023-011115-AGC-00175
2023-12-06,2023,12,December,Dec,Q4,586167.68,AGC-00097,Cobalt Rotating Equipment,Lucas Hayes,AGX-2023-011689-AGC-00097
2023-12-08,2023,12,December,Dec,Q4,470915.44,AGC-00151,Arcadia Industrial Group,Maya Chen,AGX-2023-012029-AGC-00151
2023-12-12,2023,12,December,Dec,Q4,1926175.46,AGC-00172,Arcadia Technical Supply,Leila Shah,AGX-2023-010968-AGC-00172
2023-12-13,2023,12,December,Dec,Q4,934582.09,AGC-00013,Northstar Field Services,Isabella Stone,AGX-2023-012634-AGC-00013
2023-12-14,2023,12,December,Dec,Q4,554463.28,AGC-00057,Helios Industrial Maintenance,Owen Rossi,AGX-2023-011494-AGC-00057
2023-12-18,2023,12,December,Dec,Q4,84501.54,AGC-00093,Cobalt Compression,Victor Bennett,AGX-2023-011566-AGC-00093
2023-12-20,2023,12,December,Dec,Q4,15126.68,AGC-00179,Arcadia Mechanical Group,Elena Costa,AGX-2023-011729-AGC-00179
2023-12-21,2023,12,December,Dec,Q4,1111237.11,AGC-00040,Helios Industrial Group,Sofia Laurent,AGX-2023-010813-AGC-00040
2023-12-26,2023,12,December,Dec,Q4,1289292.25,AGC-00031,Northstar Mechanical Group,Nina Patel,AGX-2023-012544-AGC-00031
2023-12-26,2023,12,December,Dec,Q4,660315.42,AGC-00039,Helios Marine Services,Isabella Stone,AGX-2023-012616-AGC-00039
2023-12-27,2023,12,December,Dec,Q4,573489.7,AGC-00171,Arcadia Rotating Equipment,Victor Bennett,AGX-2023-011402-AGC-00171
2024-01-03,2024,1,January,Jan,Q1,4780192.0,AGC-00044,Helios Infrastructure,Nathan Meyer,AGX-2024-013189-AGC-00044
2024-01-03,2024,1,January,Jan,Q1,83173.05,AGC-00114,Meridian Industrial Group,Isabella Stone,AGX-2024-014124-AGC-00114
2024-01-03,2024,1,January,Jan,Q1,137415.01,AGC-00035,Northstar Technical Services,Lucas Hayes,AGX-2024-014713-AGC-00035
2024-01-10,2024,1,January,Jan,Q1,240092.92,AGC-00028,Northstar Production Services,Samuel Carter,AGX-2024-014139-AGC-00028
2024-01-11,2024,1,January,Jan,Q1,306611.94,AGC-00068,Helios Mechanical Group,Sofia Laurent,AGX-2024-013408-AGC-00068
2024-01-12,2024,1,January,Jan,Q1,350208.85,AGC-00113,Meridian Marine Services,Amara Okafor,AGX-2024-013309-AGC-00113
2024-01-12,2024,1,January,Jan,Q1,895321.4,AGC-00168,Arcadia Industrial Maintenance,Jordan Kim,AGX-2024-013497-AGC-00168
2024-01-12,2024,1,January,Jan,Q1,193790.68,AGC-00147,Meridian Industrial Solutions,Chloe Dubois,AGX-2024-014413-AGC-00147
2024-01-15,2024,1,January,Jan,Q1,733956.46,AGC-00180,Arcadia Industrial Services,Owen Rossi,AGX-2024-014587-AGC-00180
2024-01-15,2024,1,January,Jan,Q1,133137.7,AGC-00012,Northstar Utilities,Priya Nguyen,AGX-2024-014754-AGC-00012
2024-01-16,2024,1,January,Jan,Q1,1390137.15,AGC-00064,Helios Marine Engineering,Ethan Cole,AGX-2024-012866-AGC-00064
2024-01-16,2024,1,January,Jan,Q1,237892.27,AGC-00102,Cobalt Production Services,Elena Costa,AGX-2024-013158-AGC-00102
2024-01-16,2024,1,January,Jan,Q1,556887.85,AGC-00091,Cobalt Engineering,Sofia Laurent,AGX-2024-014289-AGC-00091
2024-01-18,2024,1,January,Jan,Q1,768773.71,AGC-00141,Meridian Offshore Systems,Nathan Meyer,AGX-2024-012876-AGC-00141
2024-01-18,2024,1,January,Jan,Q1,508947.08,AGC-00001,Northstar Energy Systems,Daniel Brooks,AGX-2024-013722-AGC-00001
2024-01-19,2024,1,January,Jan,Q1,75706.31,AGC-00118,Meridian Infrastructure,Priya Nguyen,AGX-2024-012847-AGC-00118
2024-01-22,2024,1,January,Jan,Q1,209331.1,AGC-00081,Cobalt Infrastructure,Owen Rossi,AGX-2024-012911-AGC-00081
2024-01-22,2024,1,January,Jan,Q1,223998.78,AGC-00011,Northstar Automation,Chloe Dubois,AGX-2024-014049-AGC-00011
2024-01-23,2024,1,January,Jan,Q1,1398569.94,AGC-00022,Northstar Pipeline Services,Nina Patel,AGX-2024-013180-AGC-00022
2024-01-30,2024,1,January,Jan,Q1,219780.5,AGC-00129,Meridian Drilling Solutions,Isabella Stone,AGX-2024-012762-AGC-00129
2024-01-30,2024,1,January,Jan,Q1,333774.6,AGC-00013,Northstar Field Services,Isabella Stone,AGX-2024-013225-AGC-00013
2024-02-01,2024,2,February,Feb,Q1,145678.71,AGC-00018,Northstar Drilling Solutions,Maya Chen,AGX-2024-014774-AGC-00018
2024-02-02,2024,2,February,Feb,Q1,2730224.5,AGC-00067,Helios Offshore Systems,Leila Shah,AGX-2024-013331-AGC-00067
2024-02-02,2024,2,February,Feb,Q1,647650.53,AGC-00072,Helios Technical Services,Maya Chen,AGX-2024-013543-AGC-00072
2024-02-02,2024,2,February,Feb,Q1,197609.11,AGC-00020,Northstar Industrial Maintenance,Nina Patel,AGX-2024-014612-AGC-00020
2024-02-06,2024,2,February,Feb,Q1,656931.44,AGC-00052,Helios Power Partners,Priya Nguyen,AGX-2024-014117-AGC-00052
2024-02-07,2024,2,February,Feb,Q1,386983.36,AGC-00075,Cobalt Energy Systems,Owen Rossi,AGX-2024-014165-AGC-00075
2024-02-09,2024,2,February,Feb,Q1,84226.21,AGC-00067,Helios Offshore Systems,Lucas Hayes,AGX-2024-014745-AGC-00067
2024-02-09,2024,2,February,Feb,Q1,146913.66,AGC-00071,Helios Instrumentation,Ethan Cole,AGX-2024-014802-AGC-00071
2024-02-12,2024,2,February,Feb,Q1,14851.54,AGC-00091,Cobalt Engineering,Ethan Cole,AGX-2024-013863-AGC-00091
2024-02-12,2024,2,February,Feb,Q1,61269.2,AGC-00031,Northstar Mechanical Group,Nathan Meyer,AGX-2024-014707-AGC-00031
2024-02-12,2024,2,February,Feb,Q1,153665.2,AGC-00109,Cobalt Technical Services,Nathan Meyer,AGX-2024-014813-AGC-00109
2024-02-13,2024,2,February,Feb,Q1,394012.84,AGC-00150,Arcadia Marine Services,Maya Chen,AGX-2024-013623-AGC-00150
2024-02-14,2024,2,February,Feb,Q1,224450.16,AGC-00089,Cobalt Power Partners,Victor Bennett,AGX-2024-013340-AGC-00089
2024-02-14,2024,2,February,Feb,Q1,25808.72,AGC-00093,Cobalt Compression,Marcus Reed,AGX-2024-014912-AGC-00093
2024-02-15,2024,2,February,Feb,Q1,321235.1,AGC-00034,Northstar Instrumentation,Samuel Carter,AGX-2024-014619-AGC-00034
2024-02-19,2024,2,February,Feb,Q1,404826.37,AGC-00017,Northstar Engineering,Samuel Carter,AGX-2024-013704-AGC-00017
2024-02-21,2024,2,February,Feb,Q1,416826.86,AGC-00085,Cobalt Automation,Nina Patel,AGX-2024-013728-AGC-00085
2024-02-27,2024,2,February,Feb,Q1,979157.36,AGC-00112,Meridian Energy Systems,Ethan Cole,AGX-2024-013112-AGC-00112
2024-02-28,2024,2,February,Feb,Q1,34887.26,AGC-00073,Helios Industrial Solutions,Elena Costa,AGX-2024-014385-AGC-00073
2024-02-29,2024,2,February,Feb,Q1,177536.13,AGC-00085,Cobalt Automation,Priya Nguyen,AGX-2024-013141-AGC-00085
2024-02-29,2024,2,February,Feb,Q1,561705.67,AGC-00132,Meridian Resources,Leila Shah,AGX-2024-014282-AGC-00132
2024-03-01,2024,3,March,Mar,Q1,879813.93,AGC-00157,Arcadia Mining Services,Jordan Kim,AGX-2024-013370-AGC-00157
2024-03-04,2024,3,March,Mar,Q1,5956599.45,AGC-00177,Arcadia Controls,Chloe Dubois,AGX-2024-013448-AGC-00177
2024-03-05,2024,3,March,Mar,Q1,497922.39,AGC-00175,Arcadia Marine Engineering,Chloe Dubois,AGX-2024-013455-AGC-00175
2024-03-06,2024,3,March,Mar,Q1,378128.93,AGC-00159,Arcadia Automation,Daniel Brooks,AGX-2024-012987-AGC-00159
2024-03-06,2024,3,March,Mar,Q1,29580.44,AGC-00006,Northstar Flow Technologies,Amara Okafor,AGX-2024-013221-AGC-00006
2024-03-06,2024,3,March,Mar,Q1,37617.16,AGC-00098,Cobalt Technical Supply,Ethan Cole,AGX-2024-013683-AGC-00098
2024-03-06,2024,3,March,Mar,Q1,10393.45,AGC-00123,Meridian Utilities,Jordan Kim,AGX-2024-014528-AGC-00123
2024-03-07,2024,3,March,Mar,Q1,671129.65,AGC-00117,Meridian Flow Technologies,Lucas Hayes,AGX-2024-012763-AGC-00117
2024-03-07,2024,3,March,Mar,Q1,153130.77,AGC-00173,Arcadia Refinery Services,Daniel Brooks,AGX-2024-013464-AGC-00173
2024-03-12,2024,3,March,Mar,Q1,46293.88,AGC-00176,Arcadia Production Services,Owen Rossi,AGX-2024-013879-AGC-00176
2024-03-15,2024,3,March,Mar,Q1,384330.62,AGC-00051,Helios Mechanical,Priya Nguyen,AGX-2024-012942-AGC-00051
2024-03-15,2024,3,March,Mar,Q1,184004.82,AGC-00136,Meridian Refinery Services,Maya Chen,AGX-2024-013611-AGC-00136
2024-03-18,2024,3,March,Mar,Q1,56280.03,AGC-00059,Helios Pipeline Services,Jordan Kim,AGX-2024-014575-AGC-00059
2024-03-20,2024,3,March,Mar,Q1,420624.18,AGC-00047,Helios Waterworks,Victor Bennett,AGX-2024-013105-AGC-00047
2024-03-20,2024,3,March,Mar,Q1,43848.12,AGC-00138,Meridian Marine Engineering,Jordan Kim,AGX-2024-014636-AGC-00138
2024-03-21,2024,3,March,Mar,Q1,229686.48,AGC-00113,Meridian Marine Services,Lucas Hayes,AGX-2024-012867-AGC-00113
2024-03-21,2024,3,March,Mar,Q1,417913.16,AGC-00167,Arcadia Compression,Victor Bennett,AGX-2024-014721-AGC-00167
2024-03-22,2024,3,March,Mar,Q1,570667.53,AGC-00053,Helios Process Controls,Samuel Carter,AGX-2024-014232-AGC-00053
2024-03-26,2024,3,March,Mar,Q1,481535.97,AGC-00026,Northstar Energy Projects,Isabella Stone,AGX-2024-013589-AGC-00026
2024-03-26,2024,3,March,Mar,Q1,785005.11,AGC-00135,Meridian Technical Supply,Daniel Brooks,AGX-2024-014768-AGC-00135
2024-03-27,2024,3,March,Mar,Q1,211758.27,AGC-00151,Arcadia Industrial Group,Ethan Cole,AGX-2024-014949-AGC-00151
2024-03-28,2024,3,March,Mar,Q1,355701.03,AGC-00058,Helios Resources,Marcus Reed,AGX-2024-014735-AGC-00058
2024-04-03,2024,4,April,Apr,Q2,121298.6,AGC-00037,Northstar Marine Supply,Samuel Carter,AGX-2024-013044-AGC-00037
2024-04-05,2024,4,April,Apr,Q2,85159.34,AGC-00077,Cobalt Industrial Group,Chloe Dubois,AGX-2024-013845-AGC-00077
2024-04-05,2024,4,April,Apr,Q2,74198.75,AGC-00055,Helios Drilling Solutions,Nathan Meyer,AGX-2024-014518-AGC-00055
2024-04-10,2024,4,April,Apr,Q2,519990.82,AGC-00106,Cobalt Industrial Services,Victor Bennett,AGX-2024-013857-AGC-00106
2024-04-11,2024,4,April,Apr,Q2,6559166.65,AGC-00107,Cobalt Flow Systems,Amara Okafor,AGX-2024-012882-AGC-00107
2024-04-15,2024,4,April,Apr,Q2,749786.32,AGC-00133,Meridian Pipeline Services,Jordan Kim,AGX-2024-014622-AGC-00133
2024-04-16,2024,4,April,Apr,Q2,91546.52,AGC-00033,Northstar Flow Systems,Samuel Carter,AGX-2024-014929-AGC-00033
2024-04-17,2024,4,April,Apr,Q2,299938.16,AGC-00017,Northstar Engineering,Ethan Cole,AGX-2024-013322-AGC-00017
2024-04-22,2024,4,April,Apr,Q2,42737.39,AGC-00019,Northstar Compression,Nina Patel,AGX-2024-012777-AGC-00019
2024-04-22,2024,4,April,Apr,Q2,685320.62,AGC-00014,Northstar Mechanical,Ethan Cole,AGX-2024-013751-AGC-00014
2024-04-24,2024,4,April,Apr,Q2,1351363.06,AGC-00126,Meridian Power Partners,Priya Nguyen,AGX-2024-013687-AGC-00126
2024-04-24,2024,4,April,Apr,Q2,340555.14,AGC-00162,Arcadia Mechanical,Maya Chen,AGX-2024-014248-AGC-00162
2024-04-24,2024,4,April,Apr,Q2,205348.2,AGC-00007,Northstar Infrastructure,Ethan Cole,AGX-2024-014783-AGC-00007
2024-04-26,2024,4,April,Apr,Q2,2224074.65,AGC-00161,Arcadia Field Services,Jordan Kim,AGX-2024-012757-AGC-00161
2024-04-26,2024,4,April,Apr,Q2,316950.31,AGC-00030,Northstar Offshore Systems,Chloe Dubois,AGX-2024-013395-AGC-00030
2024-04-29,2024,4,April,Apr,Q2,437094.12,AGC-00125,Meridian Mechanical,Nina Patel,AGX-2024-014320-AGC-00125
2024-04-30,2024,4,April,Apr,Q2,319437.29,AGC-00012,Northstar Utilities,Chloe Dubois,AGX-2024-014526-AGC-00012
2024-05-02,2024,5,May,May,Q2,366600.85,AGC-00002,Northstar Marine Services,Marcus Reed,AGX-2024-014892-AGC-00002
2024-05-07,2024,5,May,May,Q2,2412773.97,AGC-00005,Northstar Offshore Engineering,Isabella Stone,AGX-2024-013006-AGC-00005
2024-05-07,2024,5,May,May,Q2,2242720.04,AGC-00116,Meridian Offshore Engineering,Lucas Hayes,AGX-2024-013939-AGC-00116
2024-05-08,2024,5,May,May,Q2,88619.18,AGC-00041,Helios Process Solutions,Marcus Reed,AGX-2024-014184-AGC-00041
2024-05-09,2024,5,May,May,Q2,610142.48,AGC-00128,Meridian Engineering,Chloe Dubois,AGX-2024-014613-AGC-00128
2024-05-10,2024,5,May,May,Q2,433440.72,AGC-00032,Northstar Industrial Services,Lucas Hayes,AGX-2024-013316-AGC-00032
2024-05-14,2024,5,May,May,Q2,587158.79,AGC-00169,Arcadia Resources,Ethan Cole,AGX-2024-012971-AGC-00169
2024-05-14,2024,5,May,May,Q2,927519.48,AGC-00165,Arcadia Engineering,Daniel Brooks,AGX-2024-013264-AGC-00165
2024-05-14,2024,5,May,May,Q2,259947.18,AGC-00029,Northstar Controls,Nina Patel,AGX-2024-013633-AGC-00029
2024-05-17,2024,5,May,May,Q2,128077.36,AGC-00002,Northstar Marine Services,Chloe Dubois,AGX-2024-012800-AGC-00002
2024-05-20,2024,5,May,May,Q2,527413.58,AGC-00138,Meridian Marine Engineering,Elena Costa,AGX-2024-014009-AGC-00138
2024-05-21,2024,5,May,May,Q2,41736.62,AGC-00100,Cobalt Energy Projects,Amara Okafor,AGX-2024-013354-AGC-00100
2024-05-21,2024,5,May,May,Q2,320680.0,AGC-00153,Arcadia Offshore Engineering,Nina Patel,AGX-2024-013361-AGC-00153
2024-05-21,2024,5,May,May,Q2,582719.75,AGC-00142,Meridian Mechanical Group,Owen Rossi,AGX-2024-013452-AGC-00142
2024-05-22,2024,5,May,May,Q2,35578.1,AGC-00078,Cobalt Process Solutions,Sofia Laurent,AGX-2024-013580-AGC-00078
2024-05-23,2024,5,May,May,Q2,176453.04,AGC-00069,Helios Industrial Services,Lucas Hayes,AGX-2024-012874-AGC-00069
2024-05-23,2024,5,May,May,Q2,646599.76,AGC-00166,Arcadia Drilling Solutions,Victor Bennett,AGX-2024-014342-AGC-00166
2024-05-24,2024,5,May,May,Q2,560250.5,AGC-00124,Meridian Field Services,Sofia Laurent,AGX-2024-013718-AGC-00124
2024-05-24,2024,5,May,May,Q2,4094574.43,AGC-00146,Meridian Technical Services,Ethan Cole,AGX-2024-014394-AGC-00146
2024-05-27,2024,5,May,May,Q2,316538.96,AGC-00138,Meridian Marine Engineering,Priya Nguyen,AGX-2024-013203-AGC-00138
2024-05-28,2024,5,May,May,Q2,632132.24,AGC-00129,Meridian Drilling Solutions,Victor Bennett,AGX-2024-014538-AGC-00129
2024-05-29,2024,5,May,May,Q2,137451.24,AGC-00084,Cobalt Waterworks,Leila Shah,AGX-2024-013579-AGC-00084
2024-05-29,2024,5,May,May,Q2,38017.53,AGC-00155,Arcadia Infrastructure,Priya Nguyen,AGX-2024-013871-AGC-00155
2024-05-30,2024,5,May,May,Q2,99463.68,AGC-00062,Helios Refinery Services,Ethan Cole,AGX-2024-013974-AGC-00062
2024-05-31,2024,5,May,May,Q2,608235.81,AGC-00144,Meridian Flow Systems,Jordan Kim,AGX-2024-014326-AGC-00144
2024-05-31,2024,5,May,May,Q2,304362.47,AGC-00008,Northstar Petro Systems,Victor Bennett,AGX-2024-014891-AGC-00008
2024-06-03,2024,6,June,Jun,Q2,611696.7,AGC-00120,Meridian Mining Services,Lucas Hayes,AGX-2024-012801-AGC-00120
2024-06-03,2024,6,June,Jun,Q2,454581.25,AGC-00049,Helios Utilities,Owen Rossi,AGX-2024-013837-AGC-00049
2024-06-05,2024,6,June,Jun,Q2,948239.16,AGC-00050,Helios Field Services,Priya Nguyen,AGX-2024-014217-AGC-00050
2024-06-07,2024,6,June,Jun,Q2,857200.88,AGC-00134,Meridian Rotating Equipment,Isabella Stone,AGX-2024-013010-AGC-00134
2024-06-07,2024,6,June,Jun,Q2,1132730.76,AGC-00049,Helios Utilities,Victor Bennett,AGX-2024-013186-AGC-00049
2024-06-07,2024,6,June,Jun,Q2,426464.25,AGC-00107,Cobalt Flow Systems,Owen Rossi,AGX-2024-014319-AGC-00107
2024-06-10,2024,6,June,Jun,Q2,216340.08,AGC-00015,Northstar Power Partners,Nathan Meyer,AGX-2024-013357-AGC-00015
2024-06-11,2024,6,June,Jun,Q2,32444.65,AGC-00140,Meridian Controls,Ethan Cole,AGX-2024-014295-AGC-00140
2024-06-12,2024,6,June,Jun,Q2,414094.72,AGC-00148,Meridian Marine Supply,Samuel Carter,AGX-2024-014926-AGC-00148
2024-06-13,2024,6,June,Jun,Q2,248366.54,AGC-00004,Northstar Process Solutions,Owen Rossi,AGX-2024-013110-AGC-00004
2024-06-14,2024,6,June,Jun,Q2,193788.66,AGC-00180,Arcadia Industrial Services,Elena Costa,AGX-2024-014424-AGC-00180
2024-06-18,2024,6,June,Jun,Q2,545010.4,AGC-00045,Helios Petro Systems,Amara Okafor,AGX-2024-014786-AGC-00045
2024-06-19,2024,6,June,Jun,Q2,833760.8,AGC-00092,Cobalt Drilling Solutions,Victor Bennett,AGX-2024-012844-AGC-00092
2024-06-19,2024,6,June,Jun,Q2,819538.95,AGC-00111,Cobalt Marine Supply,Nathan Meyer,AGX-2024-013928-AGC-00111
2024-06-20,2024,6,June,Jun,Q2,1163233.05,AGC-00170,Arcadia Pipeline Services,Priya Nguyen,AGX-2024-014493-AGC-00170
2024-06-21,2024,6,June,Jun,Q2,368579.38,AGC-00143,Meridian Industrial Services,Owen Rossi,AGX-2024-013367-AGC-00143
2024-06-21,2024,6,June,Jun,Q2,726713.5,AGC-00095,Cobalt Resources,Lucas Hayes,AGX-2024-014741-AGC-00095
2024-06-25,2024,6,June,Jun,Q2,663458.98,AGC-00152,Arcadia Process Solutions,Nina Patel,AGX-2024-013040-AGC-00152
2024-06-26,2024,6,June,Jun,Q2,135958.18,AGC-00137,Meridian Energy Projects,Jordan Kim,AGX-2024-012992-AGC-00137
2024-06-26,2024,6,June,Jun,Q2,68044.25,AGC-00036,Northstar Industrial Solutions,Jordan Kim,AGX-2024-014866-AGC-00036
2024-07-03,2024,7,July,Jul,Q3,3120940.67,AGC-00070,Helios Flow Systems,Elena Costa,AGX-2024-014039-AGC-00070
2024-07-05,2024,7,July,Jul,Q3,1918137.27,AGC-00178,Arcadia Offshore Systems,Amara Okafor,AGX-2024-014779-AGC-00178
2024-07-10,2024,7,July,Jul,Q3,582163.63,AGC-00145,Meridian Instrumentation,Lucas Hayes,AGX-2024-014032-AGC-00145
2024-07-12,2024,7,July,Jul,Q3,1037319.17,AGC-00016,Northstar Process Controls,Owen Rossi,AGX-2024-013345-AGC-00016
2024-07-16,2024,7,July,Jul,Q3,577045.4,AGC-00049,Helios Utilities,Sofia Laurent,AGX-2024-014189-AGC-00049
2024-07-17,2024,7,July,Jul,Q3,118358.16,AGC-00108,Cobalt Instrumentation,Daniel Brooks,AGX-2024-014415-AGC-00108
2024-07-18,2024,7,July,Jul,Q3,1432066.53,AGC-00154,Arcadia Flow Technologies,Chloe Dubois,AGX-2024-014024-AGC-00154
2024-07-22,2024,7,July,Jul,Q3,182500.55,AGC-00160,Arcadia Utilities,Amara Okafor,AGX-2024-012920-AGC-00160
2024-07-22,2024,7,July,Jul,Q3,173162.79,AGC-00042,Helios Offshore Engineering,Priya Nguyen,AGX-2024-013779-AGC-00042
2024-07-23,2024,7,July,Jul,Q3,366696.56,AGC-00171,Arcadia Rotating Equipment,Victor Bennett,AGX-2024-014040-AGC-00171
2024-07-29,2024,7,July,Jul,Q3,39166.47,AGC-00034,Northstar Instrumentation,Daniel Brooks,AGX-2024-014901-AGC-00034
2024-07-31,2024,7,July,Jul,Q3,2249445.38,AGC-00127,Meridian Process Controls,Ethan Cole,AGX-2024-014598-AGC-00127
2024-08-07,2024,8,August,Aug,Q3,1009867.2,AGC-00110,Cobalt Industrial Solutions,Owen Rossi,AGX-2024-014948-AGC-00110
2024-08-09,2024,8,August,Aug,Q3,311587.4,AGC-00060,Helios Rotating Equipment,Ethan Cole,AGX-2024-013859-AGC-00060
2024-08-14,2024,8,August,Aug,Q3,595885.1,AGC-00025,Northstar Refinery Services,Lucas Hayes,AGX-2024-014507-AGC-00025
2024-08-15,2024,8,August,Aug,Q3,49513.7,AGC-00105,Cobalt Mechanical Group,Chloe Dubois,AGX-2024-013304-AGC-00105
2024-08-15,2024,8,August,Aug,Q3,284343.82,AGC-00162,Arcadia Mechanical,Leila Shah,AGX-2024-014428-AGC-00162
2024-08-16,2024,8,August,Aug,Q3,277761.84,AGC-00057,Helios Industrial Maintenance,Jordan Kim,AGX-2024-013861-AGC-00057
2024-08-19,2024,8,August,Aug,Q3,2023166.79,AGC-00080,Cobalt Flow Technologies,Owen Rossi,AGX-2024-012791-AGC-00080
2024-08-19,2024,8,August,Aug,Q3,560948.92,AGC-00164,Arcadia Process Controls,Nathan Meyer,AGX-2024-013888-AGC-00164
2024-08-19,2024,8,August,Aug,Q3,207377.85,AGC-00097,Cobalt Rotating Equipment,Victor Bennett,AGX-2024-014226-AGC-00097
2024-08-19,2024,8,August,Aug,Q3,277274.94,AGC-00115,Meridian Process Solutions,Lucas Hayes,AGX-2024-014675-AGC-00115
2024-08-23,2024,8,August,Aug,Q3,351178.44,AGC-00008,Northstar Petro Systems,Sofia Laurent,AGX-2024-014107-AGC-00008
2024-08-27,2024,8,August,Aug,Q3,379064.57,AGC-00066,Helios Controls,Victor Bennett,AGX-2024-013656-AGC-00066
2024-08-28,2024,8,August,Aug,Q3,2967751.22,AGC-00075,Cobalt Energy Systems,Owen Rossi,AGX-2024-013868-AGC-00075
2024-08-28,2024,8,August,Aug,Q3,348995.36,AGC-00039,Helios Marine Services,Marcus Reed,AGX-2024-014919-AGC-00039
2024-08-29,2024,8,August,Aug,Q3,553437.52,AGC-00127,Meridian Process Controls,Ethan Cole,AGX-2024-013346-AGC-00127
2024-08-29,2024,8,August,Aug,Q3,564871.57,AGC-00172,Arcadia Technical Supply,Victor Bennett,AGX-2024-013545-AGC-00172
2024-08-29,2024,8,August,Aug,Q3,121882.87,AGC-00027,Northstar Marine Engineering,Chloe Dubois,AGX-2024-014547-AGC-00027
2024-08-29,2024,8,August,Aug,Q3,156110.73,AGC-00122,Meridian Automation,Owen Rossi,AGX-2024-014681-AGC-00122
2024-08-30,2024,8,August,Aug,Q3,37569.82,AGC-00025,Northstar Refinery Services,Marcus Reed,AGX-2024-013424-AGC-00025
2024-09-02,2024,9,September,Sep,Q3,1957439.8,AGC-00065,Helios Production Services,Priya Nguyen,AGX-2024-013061-AGC-00065
2024-09-05,2024,9,September,Sep,Q3,1058130.16,AGC-00174,Arcadia Energy Projects,Sofia Laurent,AGX-2024-013489-AGC-00174
2024-09-05,2024,9,September,Sep,Q3,1718791.54,AGC-00021,Northstar Resources,Lucas Hayes,AGX-2024-013913-AGC-00021
2024-09-09,2024,9,September,Sep,Q3,1104870.61,AGC-00082,Cobalt Petro Systems,Priya Nguyen,AGX-2024-013150-AGC-00082
2024-09-09,2024,9,September,Sep,Q3,863251.81,AGC-00041,Helios Process Solutions,Chloe Dubois,AGX-2024-014050-AGC-00041
2024-09-10,2024,9,September,Sep,Q3,1684987.21,AGC-00104,Cobalt Offshore Systems,Nina Patel,AGX-2024-013206-AGC-00104
2024-09-10,2024,9,September,Sep,Q3,1237974.9,AGC-00101,Cobalt Marine Engineering,Daniel Brooks,AGX-2024-014529-AGC-00101
2024-09-12,2024,9,September,Sep,Q3,786700.85,AGC-00099,Cobalt Refinery Services,Ethan Cole,AGX-2024-014993-AGC-00099
2024-09-19,2024,9,September,Sep,Q3,1101262.58,AGC-00082,Cobalt Petro Systems,Isabella Stone,AGX-2024-012983-AGC-00082
2024-09-19,2024,9,September,Sep,Q3,265200.21,AGC-00103,Cobalt Controls,Nathan Meyer,AGX-2024-013731-AGC-00103
2024-09-19,2024,9,September,Sep,Q3,469383.45,AGC-00157,Arcadia Mining Services,Daniel Brooks,AGX-2024-014569-AGC-00157
2024-09-23,2024,9,September,Sep,Q3,332802.73,AGC-00146,Meridian Technical Services,Priya Nguyen,AGX-2024-012848-AGC-00146
2024-09-26,2024,9,September,Sep,Q3,34492.11,AGC-00038,Helios Energy Systems,Samuel Carter,AGX-2024-013613-AGC-00038
2024-09-30,2024,9,September,Sep,Q3,428262.12,AGC-00048,Helios Automation,Marcus Reed,AGX-2024-014915-AGC-00048
2024-10-03,2024,10,October,Oct,Q4,275409.54,AGC-00051,Helios Mechanical,Nathan Meyer,AGX-2024-014092-AGC-00051
2024-10-03,2024,10,October,Oct,Q4,32082.85,AGC-00126,Meridian Power Partners,Isabella Stone,AGX-2024-014440-AGC-00126
2024-10-07,2024,10,October,Oct,Q4,510143.97,AGC-00009,Northstar Mining Services,Sofia Laurent,AGX-2024-014591-AGC-00009
2024-10-10,2024,10,October,Oct,Q4,503359.39,AGC-00071,Helios Instrumentation,Jordan Kim,AGX-2024-013533-AGC-00071
2024-10-11,2024,10,October,Oct,Q4,2622570.52,AGC-00023,Northstar Rotating Equipment,Leila Shah,AGX-2024-013192-AGC-00023
2024-10-11,2024,10,October,Oct,Q4,874321.41,AGC-00053,Helios Process Controls,Sofia Laurent,AGX-2024-014831-AGC-00053
2024-10-14,2024,10,October,Oct,Q4,481231.77,AGC-00167,Arcadia Compression,Maya Chen,AGX-2024-013598-AGC-00167
2024-10-15,2024,10,October,Oct,Q4,154186.45,AGC-00076,Cobalt Marine Services,Owen Rossi,AGX-2024-012832-AGC-00076
2024-10-15,2024,10,October,Oct,Q4,232106.2,AGC-00149,Arcadia Energy Systems,Sofia Laurent,AGX-2024-014907-AGC-00149
2024-10-16,2024,10,October,Oct,Q4,392069.63,AGC-00043,Helios Flow Technologies,Owen Rossi,AGX-2024-014211-AGC-00043
2024-10-16,2024,10,October,Oct,Q4,311728.65,AGC-00093,Cobalt Compression,Leila Shah,AGX-2024-014755-AGC-00093
2024-10-16,2024,10,October,Oct,Q4,263540.78,AGC-00056,Helios Compression,Marcus Reed,AGX-2024-014811-AGC-00056
2024-10-18,2024,10,October,Oct,Q4,41447.58,AGC-00027,Northstar Marine Engineering,Priya Nguyen,AGX-2024-012811-AGC-00027
2024-10-21,2024,10,October,Oct,Q4,829644.09,AGC-00077,Cobalt Industrial Group,Lucas Hayes,AGX-2024-012704-AGC-00077
2024-10-21,2024,10,October,Oct,Q4,40684.52,AGC-00087,Cobalt Field Services,Ethan Cole,AGX-2024-012716-AGC-00087
2024-10-23,2024,10,October,Oct,Q4,301488.44,AGC-00123,Meridian Utilities,Owen Rossi,AGX-2024-013583-AGC-00123
2024-10-24,2024,10,October,Oct,Q4,557721.66,AGC-00146,Meridian Technical Services,Chloe Dubois,AGX-2024-013065-AGC-00146
2024-10-24,2024,10,October,Oct,Q4,1046219.04,AGC-00065,Helios Production Services,Owen Rossi,AGX-2024-014506-AGC-00065
2024-10-24,2024,10,October,Oct,Q4,490555.9,AGC-00054,Helios Engineering,Ethan Cole,AGX-2024-014896-AGC-00054
2024-10-28,2024,10,October,Oct,Q4,84621.9,AGC-00037,Northstar Marine Supply,Owen Rossi,AGX-2024-013491-AGC-00037
2024-10-29,2024,10,October,Oct,Q4,108185.59,AGC-00083,Cobalt Mining Services,Priya Nguyen,AGX-2024-013460-AGC-00083
2024-10-29,2024,10,October,Oct,Q4,998875.21,AGC-00102,Cobalt Production Services,Ethan Cole,AGX-2024-014757-AGC-00102
2024-11-07,2024,11,November,Nov,Q4,142511.17,AGC-00040,Helios Industrial Group,Sofia Laurent,AGX-2024-012960-AGC-00040
2024-11-08,2024,11,November,Nov,Q4,414650.65,AGC-00158,Arcadia Waterworks,Marcus Reed,AGX-2024-013922-AGC-00158
2024-11-11,2024,11,November,Nov,Q4,300847.28,AGC-00096,Cobalt Pipeline Services,Chloe Dubois,AGX-2024-013535-AGC-00096
2024-11-12,2024,11,November,Nov,Q4,573935.76,AGC-00121,Meridian Waterworks,Samuel Carter,AGX-2024-014572-AGC-00121
2024-11-13,2024,11,November,Nov,Q4,129207.91,AGC-00131,Meridian Industrial Maintenance,Samuel Carter,AGX-2024-014037-AGC-00131
2024-11-15,2024,11,November,Nov,Q4,655474.38,AGC-00088,Cobalt Mechanical,Victor Bennett,AGX-2024-014664-AGC-00088
2024-11-26,2024,11,November,Nov,Q4,1035444.85,AGC-00179,Arcadia Mechanical Group,Samuel Carter,AGX-2024-013525-AGC-00179
2024-11-27,2024,11,November,Nov,Q4,313871.66,AGC-00094,Cobalt Industrial Maintenance,Lucas Hayes,AGX-2024-012839-AGC-00094
2024-11-27,2024,11,November,Nov,Q4,1367674.77,AGC-00130,Meridian Compression,Sofia Laurent,AGX-2024-013414-AGC-00130
2024-11-27,2024,11,November,Nov,Q4,199352.24,AGC-00116,Meridian Offshore Engineering,Isabella Stone,AGX-2024-013985-AGC-00116
2024-11-28,2024,11,November,Nov,Q4,468104.2,AGC-00003,Northstar Industrial Group,Owen Rossi,AGX-2024-013478-AGC-00003
2024-11-28,2024,11,November,Nov,Q4,750234.61,AGC-00079,Cobalt Offshore Engineering,Leila Shah,AGX-2024-014019-AGC-00079
2024-11-29,2024,11,November,Nov,Q4,142993.76,AGC-00021,Northstar Resources,Sofia Laurent,AGX-2024-012887-AGC-00021
2024-12-02,2024,12,December,Dec,Q4,132012.8,AGC-00088,Cobalt Mechanical,Jordan Kim,AGX-2024-014764-AGC-00088
2024-12-04,2024,12,December,Dec,Q4,4096.89,AGC-00063,Helios Energy Projects,Owen Rossi,AGX-2024-013612-AGC-00063
2024-12-05,2024,12,December,Dec,Q4,726037.86,AGC-00017,Northstar Engineering,Jordan Kim,AGX-2024-013906-AGC-00017
2024-12-06,2024,12,December,Dec,Q4,66062.33,AGC-00156,Arcadia Petro Systems,Marcus Reed,AGX-2024-013183-AGC-00156
2024-12-06,2024,12,December,Dec,Q4,693649.11,AGC-00012,Northstar Utilities,Maya Chen,AGX-2024-014984-AGC-00012
2024-12-09,2024,12,December,Dec,Q4,774923.01,AGC-00090,Cobalt Process Controls,Victor Bennett,AGX-2024-013436-AGC-00090
2024-12-10,2024,12,December,Dec,Q4,795422.35,AGC-00119,Meridian Petro Systems,Ethan Cole,AGX-2024-013352-AGC-00119
2024-12-10,2024,12,December,Dec,Q4,459980.22,AGC-00139,Meridian Production Services,Maya Chen,AGX-2024-013399-AGC-00139
2024-12-13,2024,12,December,Dec,Q4,759680.93,AGC-00145,Meridian Instrumentation,Maya Chen,AGX-2024-012746-AGC-00145
2024-12-13,2024,12,December,Dec,Q4,824265.45,AGC-00074,Helios Marine Supply,Ethan Cole,AGX-2024-013202-AGC-00074
2024-12-13,2024,12,December,Dec,Q4,225576.96,AGC-00010,Northstar Waterworks,Isabella Stone,AGX-2024-013840-AGC-00010
2024-12-16,2024,12,December,Dec,Q4,244817.52,AGC-00024,Northstar Technical Supply,Amara Okafor,AGX-2024-013681-AGC-00024
2024-12-17,2024,12,December,Dec,Q4,260549.45,AGC-00160,Arcadia Utilities,Daniel Brooks,AGX-2024-012964-AGC-00160
2024-12-17,2024,12,December,Dec,Q4,398408.2,AGC-00163,Arcadia Power Partners,Sofia Laurent,AGX-2024-014339-AGC-00163
2024-12-23,2024,12,December,Dec,Q4,1044595.96,AGC-00046,Helios Mining Services,Nathan Meyer,AGX-2024-013171-AGC-00046
2024-12-25,2024,12,December,Dec,Q4,190421.82,AGC-00061,Helios Technical Supply,Lucas Hayes,AGX-2024-013642-AGC-00061
2024-12-30,2024,12,December,Dec,Q4,984181.22,AGC-00144,Meridian Flow Systems,Ethan Cole,AGX-2024-013697-AGC-00144
2024-12-31,2024,12,December,Dec,Q4,988259.26,AGC-00086,Cobalt Utilities,Chloe Dubois,AGX-2024-012893-AGC-00086
2025-01-01,2025,1,January,Jan,Q1,1202728.59,AGC-00029,Northstar Controls,Nathan Meyer,AGX-2025-015246-AGC-00029
2025-01-01,2025,1,January,Jan,Q1,14053.8,AGC-00066,Helios Controls,Marcus Reed,AGX-2025-015256-AGC-00066
2025-01-01,2025,1,January,Jan,Q1,1397075.09,AGC-00170,Arcadia Pipeline Services,Nathan Meyer,AGX-2025-015508-AGC-00170
2025-01-03,2025,1,January,Jan,Q1,343031.3,AGC-00057,Helios Industrial Maintenance,Amara Okafor,AGX-2025-016592-AGC-00057
2025-01-08,2025,1,January,Jan,Q1,614036.43,AGC-00001,Northstar Energy Systems,Nathan Meyer,AGX-2025-016541-AGC-00001
2025-01-08,2025,1,January,Jan,Q1,208152.28,AGC-00076,Cobalt Marine Services,Amara Okafor,AGX-2025-017010-AGC-00076
2025-01-09,2025,1,January,Jan,Q1,4276913.93,AGC-00015,Northstar Power Partners,Victor Bennett,AGX-2025-016342-AGC-00015
2025-01-10,2025,1,January,Jan,Q1,2809854.19,AGC-00055,Helios Drilling Solutions,Ethan Cole,AGX-2025-015453-AGC-00055
2025-01-17,2025,1,January,Jan,Q1,4241945.49,AGC-00065,Helios Production Services,Leila Shah,AGX-2025-016283-AGC-00065
2025-01-20,2025,1,January,Jan,Q1,758529.76,AGC-00104,Cobalt Offshore Systems,Ethan Cole,AGX-2025-016665-AGC-00104
2025-01-22,2025,1,January,Jan,Q1,269795.97,AGC-00030,Northstar Offshore Systems,Nina Patel,AGX-2025-016011-AGC-00030
2025-01-22,2025,1,January,Jan,Q1,879347.01,AGC-00040,Helios Industrial Group,Maya Chen,AGX-2025-016548-AGC-00040
2025-01-23,2025,1,January,Jan,Q1,401515.7,AGC-00099,Cobalt Refinery Services,Daniel Brooks,AGX-2025-016764-AGC-00099
2025-01-24,2025,1,January,Jan,Q1,125290.8,AGC-00118,Meridian Infrastructure,Elena Costa,AGX-2025-016017-AGC-00118
2025-01-24,2025,1,January,Jan,Q1,51245.56,AGC-00140,Meridian Controls,Sofia Laurent,AGX-2025-017358-AGC-00140
2025-01-28,2025,1,January,Jan,Q1,908986.15,AGC-00082,Cobalt Petro Systems,Isabella Stone,AGX-2025-015442-AGC-00082
2025-01-28,2025,1,January,Jan,Q1,492442.24,AGC-00006,Northstar Flow Technologies,Nathan Meyer,AGX-2025-015721-AGC-00006
2025-01-28,2025,1,January,Jan,Q1,322258.98,AGC-00137,Meridian Energy Projects,Jordan Kim,AGX-2025-017524-AGC-00137
2025-01-30,2025,1,January,Jan,Q1,191796.67,AGC-00109,Cobalt Technical Services,Maya Chen,AGX-2025-017405-AGC-00109
2025-01-31,2025,1,January,Jan,Q1,62357.6,AGC-00022,Northstar Pipeline Services,Chloe Dubois,AGX-2025-017264-AGC-00022
2025-02-03,2025,2,February,Feb,Q1,3337618.52,AGC-00025,Northstar Refinery Services,Marcus Reed,AGX-2025-017143-AGC-00025
2025-02-04,2025,2,February,Feb,Q1,401877.54,AGC-00155,Arcadia Infrastructure,Elena Costa,AGX-2025-016566-AGC-00155
2025-02-07,2025,2,February,Feb,Q1,3868142.21,AGC-00036,Northstar Industrial Solutions,Ethan Cole,AGX-2025-015224-AGC-00036
2025-02-07,2025,2,February,Feb,Q1,22874.43,AGC-00119,Meridian Petro Systems,Elena Costa,AGX-2025-016839-AGC-00119
2025-02-11,2025,2,February,Feb,Q1,2034.07,AGC-00058,Helios Resources,Chloe Dubois,AGX-2025-017314-AGC-00058
2025-02-12,2025,2,February,Feb,Q1,506094.58,AGC-00116,Meridian Offshore Engineering,Victor Bennett,AGX-2025-016188-AGC-00116
2025-02-13,2025,2,February,Feb,Q1,483751.03,AGC-00100,Cobalt Energy Projects,Isabella Stone,AGX-2025-015933-AGC-00100
2025-02-14,2025,2,February,Feb,Q1,708681.3,AGC-00034,Northstar Instrumentation,Elena Costa,AGX-2025-016362-AGC-00034
2025-02-20,2025,2,February,Feb,Q1,167004.9,AGC-00045,Helios Petro Systems,Maya Chen,AGX-2025-016357-AGC-00045
2025-02-20,2025,2,February,Feb,Q1,906116.49,AGC-00069,Helios Industrial Services,Sofia Laurent,AGX-2025-017076-AGC-00069
2025-02-21,2025,2,February,Feb,Q1,290017.08,AGC-00096,Cobalt Pipeline Services,Priya Nguyen,AGX-2025-015758-AGC-00096
2025-02-24,2025,2,February,Feb,Q1,226197.9,AGC-00019,Northstar Compression,Sofia Laurent,AGX-2025-016838-AGC-00019
2025-02-25,2025,2,February,Feb,Q1,879048.88,AGC-00012,Northstar Utilities,Sofia Laurent,AGX-2025-015106-AGC-00012
2025-02-26,2025,2,February,Feb,Q1,849078.9,AGC-00039,Helios Marine Services,Leila Shah,AGX-2025-015311-AGC-00039
2025-02-27,2025,2,February,Feb,Q1,110706.12,AGC-00032,Northstar Industrial Services,Elena Costa,AGX-2025-015373-AGC-00032
2025-02-28,2025,2,February,Feb,Q1,2997075.9,AGC-00016,Northstar Process Controls,Lucas Hayes,AGX-2025-017343-AGC-00016
2025-03-03,2025,3,March,Mar,Q1,215308.9,AGC-00101,Cobalt Marine Engineering,Daniel Brooks,AGX-2025-015527-AGC-00101
2025-03-03,2025,3,March,Mar,Q1,53613.24,AGC-00058,Helios Resources,Marcus Reed,AGX-2025-015546-AGC-00058
2025-03-05,2025,3,March,Mar,Q1,14267.8,AGC-00117,Meridian Flow Technologies,Daniel Brooks,AGX-2025-015315-AGC-00117
2025-03-05,2025,3,March,Mar,Q1,257379.94,AGC-00070,Helios Flow Systems,Ethan Cole,AGX-2025-017303-AGC-00070
2025-03-06,2025,3,March,Mar,Q1,132181.98,AGC-00176,Arcadia Production Services,Marcus Reed,AGX-2025-017498-AGC-00176
2025-03-12,2025,3,March,Mar,Q1,671605.36,AGC-00094,Cobalt Industrial Maintenance,Sofia Laurent,AGX-2025-015463-AGC-00094
2025-03-12,2025,3,March,Mar,Q1,122390.4,AGC-00126,Meridian Power Partners,Marcus Reed,AGX-2025-015509-AGC-00126
2025-03-14,2025,3,March,Mar,Q1,103727.29,AGC-00003,Northstar Industrial Group,Owen Rossi,AGX-2025-015037-AGC-00003
2025-03-17,2025,3,March,Mar,Q1,1265733.77,AGC-00023,Northstar Rotating Equipment,Nina Patel,AGX-2025-015085-AGC-00023
2025-03-21,2025,3,March,Mar,Q1,21275.54,AGC-00056,Helios Compression,Ethan Cole,AGX-2025-015116-AGC-00056
2025-03-21,2025,3,March,Mar,Q1,1401876.93,AGC-00047,Helios Waterworks,Nathan Meyer,AGX-2025-015312-AGC-00047
2025-03-25,2025,3,March,Mar,Q1,287968.23,AGC-00132,Meridian Resources,Sofia Laurent,AGX-2025-015998-AGC-00132
2025-03-26,2025,3,March,Mar,Q1,1735587.41,AGC-00167,Arcadia Compression,Amara Okafor,AGX-2025-016386-AGC-00167
2025-03-26,2025,3,March,Mar,Q1,654802.7,AGC-00151,Arcadia Industrial Group,Nina Patel,AGX-2025-016404-AGC-00151
2025-04-02,2025,4,April,Apr,Q2,250962.83,AGC-00180,Arcadia Industrial Services,Maya Chen,AGX-2025-015288-AGC-00180
2025-04-02,2025,4,April,Apr,Q2,59318.91,AGC-00127,Meridian Process Controls,Nathan Meyer,AGX-2025-015522-AGC-00127
2025-04-02,2025,4,April,Apr,Q2,45888.3,AGC-00007,Northstar Infrastructure,Maya Chen,AGX-2025-015679-AGC-00007
2025-04-03,2025,4,April,Apr,Q2,254051.12,AGC-00166,Arcadia Drilling Solutions,Elena Costa,AGX-2025-016266-AGC-00166
2025-04-07,2025,4,April,Apr,Q2,1947592.51,AGC-00114,Meridian Industrial Group,Amara Okafor,AGX-2025-015225-AGC-00114
2025-04-07,2025,4,April,Apr,Q2,49481.45,AGC-00144,Meridian Flow Systems,Owen Rossi,AGX-2025-016412-AGC-00144
2025-04-10,2025,4,April,Apr,Q2,345056.64,AGC-00167,Arcadia Compression,Isabella Stone,AGX-2025-016104-AGC-00167
2025-04-10,2025,4,April,Apr,Q2,210775.44,AGC-00125,Meridian Mechanical,Priya Nguyen,AGX-2025-016308-AGC-00125
2025-04-14,2025,4,April,Apr,Q2,885008.73,AGC-00130,Meridian Compression,Samuel Carter,AGX-2025-016398-AGC-00130
2025-04-15,2025,4,April,Apr,Q2,563327.02,AGC-00102,Cobalt Production Services,Leila Shah,AGX-2025-015459-AGC-00102
2025-04-15,2025,4,April,Apr,Q2,387070.44,AGC-00046,Helios Mining Services,Nina Patel,AGX-2025-017461-AGC-00046
2025-04-16,2025,4,April,Apr,Q2,149149.32,AGC-00108,Cobalt Instrumentation,Samuel Carter,AGX-2025-015115-AGC-00108
2025-04-16,2025,4,April,Apr,Q2,455946.62,AGC-00043,Helios Flow Technologies,Victor Bennett,AGX-2025-016228-AGC-00043
2025-04-16,2025,4,April,Apr,Q2,222111.78,AGC-00168,Arcadia Industrial Maintenance,Leila Shah,AGX-2025-016415-AGC-00168
2025-04-16,2025,4,April,Apr,Q2,104774.2,AGC-00080,Cobalt Flow Technologies,Maya Chen,AGX-2025-016854-AGC-00080
2025-04-16,2025,4,April,Apr,Q2,671305.62,AGC-00072,Helios Technical Services,Lucas Hayes,AGX-2025-017317-AGC-00072
2025-04-23,2025,4,April,Apr,Q2,880997.23,AGC-00092,Cobalt Drilling Solutions,Chloe Dubois,AGX-2025-015542-AGC-00092
2025-04-29,2025,4,April,Apr,Q2,1284048.64,AGC-00054,Helios Engineering,Maya Chen,AGX-2025-015513-AGC-00054
2025-05-01,2025,5,May,May,Q2,322285.06,AGC-00079,Cobalt Offshore Engineering,Victor Bennett,AGX-2025-015446-AGC-00079
2025-05-02,2025,5,May,May,Q2,199796.8,AGC-00064,Helios Marine Engineering,Ethan Cole,AGX-2025-015154-AGC-00064
2025-05-02,2025,5,May,May,Q2,469710.26,AGC-00067,Helios Offshore Systems,Jordan Kim,AGX-2025-016074-AGC-00067
2025-05-05,2025,5,May,May,Q2,782512.43,AGC-00172,Arcadia Technical Supply,Owen Rossi,AGX-2025-016233-AGC-00172
2025-05-06,2025,5,May,May,Q2,290215.39,AGC-00146,Meridian Technical Services,Owen Rossi,AGX-2025-017178-AGC-00146
2025-05-07,2025,5,May,May,Q2,1633613.18,AGC-00107,Cobalt Flow Systems,Daniel Brooks,AGX-2025-015493-AGC-00107
2025-05-08,2025,5,May,May,Q2,999718.66,AGC-00106,Cobalt Industrial Services,Victor Bennett,AGX-2025-015803-AGC-00106
2025-05-09,2025,5,May,May,Q2,194247.12,AGC-00041,Helios Process Solutions,Nina Patel,AGX-2025-016055-AGC-00041
2025-05-09,2025,5,May,May,Q2,301021.16,AGC-00174,Arcadia Energy Projects,Victor Bennett,AGX-2025-017048-AGC-00174
2025-05-12,2025,5,May,May,Q2,728945.45,AGC-00031,Northstar Mechanical Group,Lucas Hayes,AGX-2025-015826-AGC-00031
2025-05-12,2025,5,May,May,Q2,1130033.13,AGC-00073,Helios Industrial Solutions,Lucas Hayes,AGX-2025-016234-AGC-00073
2025-05-12,2025,5,May,May,Q2,923356.99,AGC-00055,Helios Drilling Solutions,Marcus Reed,AGX-2025-017096-AGC-00055
2025-05-14,2025,5,May,May,Q2,345945.88,AGC-00018,Northstar Drilling Solutions,Isabella Stone,AGX-2025-015147-AGC-00018
2025-05-14,2025,5,May,May,Q2,169209.91,AGC-00112,Meridian Energy Systems,Owen Rossi,AGX-2025-016635-AGC-00112
2025-05-15,2025,5,May,May,Q2,395006.14,AGC-00164,Arcadia Process Controls,Jordan Kim,AGX-2025-015839-AGC-00164
2025-05-15,2025,5,May,May,Q2,5815802.25,AGC-00111,Cobalt Marine Supply,Priya Nguyen,AGX-2025-016856-AGC-00111
2025-05-16,2025,5,May,May,Q2,1765888.12,AGC-00065,Helios Production Services,Nathan Meyer,AGX-2025-015774-AGC-00065
2025-05-19,2025,5,May,May,Q2,277748.8,AGC-00026,Northstar Energy Projects,Marcus Reed,AGX-2025-017282-AGC-00026
2025-05-20,2025,5,May,May,Q2,523229.5,AGC-00083,Cobalt Mining Services,Leila Shah,AGX-2025-015962-AGC-00083
2025-05-22,2025,5,May,May,Q2,89398.54,AGC-00157,Arcadia Mining Services,Samuel Carter,AGX-2025-016946-AGC-00157
2025-05-23,2025,5,May,May,Q2,194267.96,AGC-00091,Cobalt Engineering,Victor Bennett,AGX-2025-015878-AGC-00091
2025-05-23,2025,5,May,May,Q2,780184.46,AGC-00074,Helios Marine Supply,Marcus Reed,AGX-2025-016886-AGC-00074
2025-05-27,2025,5,May,May,Q2,1888195.35,AGC-00086,Cobalt Utilities,Priya Nguyen,AGX-2025-015507-AGC-00086
2025-05-28,2025,5,May,May,Q2,291972.84,AGC-00021,Northstar Resources,Sofia Laurent,AGX-2025-015330-AGC-00021
2025-05-28,2025,5,May,May,Q2,114086.28,AGC-00175,Arcadia Marine Engineering,Nathan Meyer,AGX-2025-015390-AGC-00175
2025-05-30,2025,5,May,May,Q2,125834.38,AGC-00171,Arcadia Rotating Equipment,Leila Shah,AGX-2025-017424-AGC-00171
2025-06-09,2025,6,June,Jun,Q2,6326.18,AGC-00121,Meridian Waterworks,Sofia Laurent,AGX-2025-016205-AGC-00121
2025-06-10,2025,6,June,Jun,Q2,5165.28,AGC-00143,Meridian Industrial Services,Marcus Reed,AGX-2025-017123-AGC-00143
2025-06-10,2025,6,June,Jun,Q2,2358113.88,AGC-00145,Meridian Instrumentation,Isabella Stone,AGX-2025-017133-AGC-00145
2025-06-11,2025,6,June,Jun,Q2,202592.16,AGC-00098,Cobalt Technical Supply,Nina Patel,AGX-2025-016218-AGC-00098
2025-06-12,2025,6,June,Jun,Q2,770599.4,AGC-00104,Cobalt Offshore Systems,Priya Nguyen,AGX-2025-015430-AGC-00104
2025-06-13,2025,6,June,Jun,Q2,95964.21,AGC-00105,Cobalt Mechanical Group,Amara Okafor,AGX-2025-017473-AGC-00105
2025-06-16,2025,6,June,Jun,Q2,3876714.27,AGC-00138,Meridian Marine Engineering,Chloe Dubois,AGX-2025-016605-AGC-00138
2025-06-16,2025,6,June,Jun,Q2,975854.92,AGC-00002,Northstar Marine Services,Amara Okafor,AGX-2025-016686-AGC-00002
2025-06-18,2025,6,June,Jun,Q2,446219.23,AGC-00021,Northstar Resources,Ethan Cole,AGX-2025-015281-AGC-00021
2025-06-19,2025,6,June,Jun,Q2,487740.13,AGC-00041,Helios Process Solutions,Owen Rossi,AGX-2025-015773-AGC-00041
2025-06-19,2025,6,June,Jun,Q2,6952.04,AGC-00044,Helios Infrastructure,Owen Rossi,AGX-2025-017090-AGC-00044
2025-06-20,2025,6,June,Jun,Q2,451493.79,AGC-00023,Northstar Rotating Equipment,Nina Patel,AGX-2025-015550-AGC-00023
2025-06-23,2025,6,June,Jun,Q2,54062.92,AGC-00044,Helios Infrastructure,Daniel Brooks,AGX-2025-016407-AGC-00044
2025-06-26,2025,6,June,Jun,Q2,1995866.13,AGC-00092,Cobalt Drilling Solutions,Priya Nguyen,AGX-2025-016171-AGC-00092
2025-06-27,2025,6,June,Jun,Q2,4062759.07,AGC-00071,Helios Instrumentation,Marcus Reed,AGX-2025-015188-AGC-00071
2025-06-30,2025,6,June,Jun,Q2,20757.27,AGC-00173,Arcadia Refinery Services,Samuel Carter,AGX-2025-016105-AGC-00173
2025-06-30,2025,6,June,Jun,Q2,197348.88,AGC-00024,Northstar Technical Supply,Lucas Hayes,AGX-2025-016702-AGC-00024
2025-07-01,2025,7,July,Jul,Q3,43896.82,AGC-00041,Helios Process Solutions,Samuel Carter,AGX-2025-016087-AGC-00041
2025-07-02,2025,7,July,Jul,Q3,515617.58,AGC-00027,Northstar Marine Engineering,Lucas Hayes,AGX-2025-017250-AGC-00027
2025-07-03,2025,7,July,Jul,Q3,284959.2,AGC-00009,Northstar Mining Services,Victor Bennett,AGX-2025-015480-AGC-00009
2025-07-03,2025,7,July,Jul,Q3,351455.96,AGC-00047,Helios Waterworks,Nina Patel,AGX-2025-017037-AGC-00047
2025-07-04,2025,7,July,Jul,Q3,190042.84,AGC-00050,Helios Field Services,Priya Nguyen,AGX-2025-016318-AGC-00050
2025-07-08,2025,7,July,Jul,Q3,529168.04,AGC-00108,Cobalt Instrumentation,Elena Costa,AGX-2025-015210-AGC-00108
2025-07-09,2025,7,July,Jul,Q3,162421.32,AGC-00141,Meridian Offshore Systems,Priya Nguyen,AGX-2025-016115-AGC-00141
2025-07-09,2025,7,July,Jul,Q3,148896.88,AGC-00041,Helios Process Solutions,Jordan Kim,AGX-2025-016465-AGC-00041
2025-07-10,2025,7,July,Jul,Q3,1540959.38,AGC-00129,Meridian Drilling Solutions,Owen Rossi,AGX-2025-017247-AGC-00129
2025-07-11,2025,7,July,Jul,Q3,52182.46,AGC-00165,Arcadia Engineering,Owen Rossi,AGX-2025-017124-AGC-00165
2025-07-14,2025,7,July,Jul,Q3,263254.43,AGC-00167,Arcadia Compression,Nathan Meyer,AGX-2025-015809-AGC-00167
2025-07-14,2025,7,July,Jul,Q3,141057.49,AGC-00090,Cobalt Process Controls,Maya Chen,AGX-2025-015850-AGC-00090
2025-07-15,2025,7,July,Jul,Q3,620136.56,AGC-00153,Arcadia Offshore Engineering,Lucas Hayes,AGX-2025-015326-AGC-00153
2025-07-15,2025,7,July,Jul,Q3,2177395.35,AGC-00110,Cobalt Industrial Solutions,Lucas Hayes,AGX-2025-015930-AGC-00110
2025-07-15,2025,7,July,Jul,Q3,190122.46,AGC-00013,Northstar Field Services,Nathan Meyer,AGX-2025-017102-AGC-00013
2025-07-16,2025,7,July,Jul,Q3,6329445.52,AGC-00135,Meridian Technical Supply,Priya Nguyen,AGX-2025-015372-AGC-00135
2025-07-16,2025,7,July,Jul,Q3,277243.17,AGC-00035,Northstar Technical Services,Chloe Dubois,AGX-2025-017388-AGC-00035
2025-07-17,2025,7,July,Jul,Q3,966061.86,AGC-00075,Cobalt Energy Systems,Sofia Laurent,AGX-2025-015935-AGC-00075
2025-07-17,2025,7,July,Jul,Q3,302122.16,AGC-00037,Northstar Marine Supply,Jordan Kim,AGX-2025-016247-AGC-00037
2025-07-21,2025,7,July,Jul,Q3,465687.0,AGC-00059,Helios Pipeline Services,Lucas Hayes,AGX-2025-015631-AGC-00059
2025-07-21,2025,7,July,Jul,Q3,388685.38,AGC-00136,Meridian Refinery Services,Sofia Laurent,AGX-2025-016140-AGC-00136
2025-07-23,2025,7,July,Jul,Q3,44111.0,AGC-00131,Meridian Industrial Maintenance,Elena Costa,AGX-2025-015942-AGC-00131
2025-07-23,2025,7,July,Jul,Q3,2236.01,AGC-00017,Northstar Engineering,Chloe Dubois,AGX-2025-016343-AGC-00017
2025-08-06,2025,8,August,Aug,Q3,181377.02,AGC-00042,Helios Offshore Engineering,Marcus Reed,AGX-2025-015448-AGC-00042
2025-08-06,2025,8,August,Aug,Q3,1497293.47,AGC-00063,Helios Energy Projects,Chloe Dubois,AGX-2025-015647-AGC-00063
2025-08-07,2025,8,August,Aug,Q3,58884.64,AGC-00177,Arcadia Controls,Owen Rossi,AGX-2025-015600-AGC-00177
2025-08-07,2025,8,August,Aug,Q3,161107.02,AGC-00048,Helios Automation,Amara Okafor,AGX-2025-015819-AGC-00048
2025-08-11,2025,8,August,Aug,Q3,416501.14,AGC-00033,Northstar Flow Systems,Isabella Stone,AGX-2025-017044-AGC-00033
2025-08-15,2025,8,August,Aug,Q3,919498.1,AGC-00140,Meridian Controls,Amara Okafor,AGX-2025-015635-AGC-00140
2025-08-15,2025,8,August,Aug,Q3,558186.65,AGC-00088,Cobalt Mechanical,Nathan Meyer,AGX-2025-016402-AGC-00088
2025-08-18,2025,8,August,Aug,Q3,5927.79,AGC-00011,Northstar Automation,Victor Bennett,AGX-2025-017457-AGC-00011
2025-08-22,2025,8,August,Aug,Q3,353666.86,AGC-00075,Cobalt Energy Systems,Chloe Dubois,AGX-2025-016313-AGC-00075
2025-08-25,2025,8,August,Aug,Q3,971787.5,AGC-00110,Cobalt Industrial Solutions,Priya Nguyen,AGX-2025-015887-AGC-00110
2025-08-25,2025,8,August,Aug,Q3,641258.76,AGC-00165,Arcadia Engineering,Chloe Dubois,AGX-2025-016600-AGC-00165
2025-08-25,2025,8,August,Aug,Q3,1261705.06,AGC-00148,Meridian Marine Supply,Victor Bennett,AGX-2025-017284-AGC-00148
2025-08-26,2025,8,August,Aug,Q3,62058.88,AGC-00166,Arcadia Drilling Solutions,Ethan Cole,AGX-2025-016203-AGC-00166
2025-08-26,2025,8,August,Aug,Q3,522039.47,AGC-00163,Arcadia Power Partners,Nina Patel,AGX-2025-016819-AGC-00163
2025-08-28,2025,8,August,Aug,Q3,357416.3,AGC-00130,Meridian Compression,Nathan Meyer,AGX-2025-016449-AGC-00130
2025-08-29,2025,8,August,Aug,Q3,227143.58,AGC-00115,Meridian Process Solutions,Ethan Cole,AGX-2025-015775-AGC-00115
2025-09-02,2025,9,September,Sep,Q3,168759.45,AGC-00023,Northstar Rotating Equipment,Lucas Hayes,AGX-2025-015364-AGC-00023
2025-09-03,2025,9,September,Sep,Q3,937015.75,AGC-00156,Arcadia Petro Systems,Elena Costa,AGX-2025-015047-AGC-00156
2025-09-03,2025,9,September,Sep,Q3,1544266.61,AGC-00178,Arcadia Offshore Systems,Owen Rossi,AGX-2025-016450-AGC-00178
2025-09-03,2025,9,September,Sep,Q3,371409.56,AGC-00161,Arcadia Field Services,Daniel Brooks,AGX-2025-016999-AGC-00161
2025-09-04,2025,9,September,Sep,Q3,925333.92,AGC-00032,Northstar Industrial Services,Owen Rossi,AGX-2025-016709-AGC-00032
2025-09-05,2025,9,September,Sep,Q3,557407.32,AGC-00095,Cobalt Resources,Daniel Brooks,AGX-2025-016269-AGC-00095
2025-09-09,2025,9,September,Sep,Q3,272229.15,AGC-00124,Meridian Field Services,Ethan Cole,AGX-2025-015460-AGC-00124
2025-09-09,2025,9,September,Sep,Q3,418364.32,AGC-00012,Northstar Utilities,Daniel Brooks,AGX-2025-016001-AGC-00012
2025-09-09,2025,9,September,Sep,Q3,100830.53,AGC-00102,Cobalt Production Services,Daniel Brooks,AGX-2025-016275-AGC-00102
2025-09-12,2025,9,September,Sep,Q3,28474.47,AGC-00093,Cobalt Compression,Marcus Reed,AGX-2025-015033-AGC-00093
2025-09-12,2025,9,September,Sep,Q3,226477.64,AGC-00084,Cobalt Waterworks,Elena Costa,AGX-2025-015209-AGC-00084
2025-09-15,2025,9,September,Sep,Q3,211744.78,AGC-00149,Arcadia Energy Systems,Lucas Hayes,AGX-2025-015327-AGC-00149
2025-09-16,2025,9,September,Sep,Q3,896452.0,AGC-00115,Meridian Process Solutions,Ethan Cole,AGX-2025-016570-AGC-00115
2025-09-22,2025,9,September,Sep,Q3,66439.55,AGC-00097,Cobalt Rotating Equipment,Sofia Laurent,AGX-2025-015189-AGC-00097
2025-09-22,2025,9,September,Sep,Q3,5725492.0,AGC-00113,Meridian Marine Services,Isabella Stone,AGX-2025-015228-AGC-00113
2025-09-22,2025,9,September,Sep,Q3,33431.73,AGC-00010,Northstar Waterworks,Nathan Meyer,AGX-2025-016245-AGC-00010
2025-09-24,2025,9,September,Sep,Q3,2261253.68,AGC-00147,Meridian Industrial Solutions,Nathan Meyer,AGX-2025-017368-AGC-00147
2025-09-25,2025,9,September,Sep,Q3,926593.48,AGC-00103,Cobalt Controls,Ethan Cole,AGX-2025-016663-AGC-00103
2025-09-25,2025,9,September,Sep,Q3,84584.64,AGC-00159,Arcadia Automation,Amara Okafor,AGX-2025-016668-AGC-00159
2025-09-26,2025,9,September,Sep,Q3,346190.04,AGC-00064,Helios Marine Engineering,Isabella Stone,AGX-2025-017255-AGC-00064
2025-09-26,2025,9,September,Sep,Q3,52405.78,AGC-00123,Meridian Utilities,Isabella Stone,AGX-2025-017492-AGC-00123
2025-09-30,2025,9,September,Sep,Q3,1542449.35,AGC-00028,Northstar Production Services,Leila Shah,AGX-2025-015461-AGC-00028
2025-10-02,2025,10,October,Oct,Q4,1095587.43,AGC-00060,Helios Rotating Equipment,Nina Patel,AGX-2025-016643-AGC-00060
2025-10-03,2025,10,October,Oct,Q4,66557.7,AGC-00004,Northstar Process Solutions,Lucas Hayes,AGX-2025-016622-AGC-00004
2025-10-06,2025,10,October,Oct,Q4,116151.42,AGC-00077,Cobalt Industrial Group,Daniel Brooks,AGX-2025-016769-AGC-00077
2025-10-07,2025,10,October,Oct,Q4,630720.56,AGC-00089,Cobalt Power Partners,Victor Bennett,AGX-2025-015030-AGC-00089
2025-10-07,2025,10,October,Oct,Q4,725005.06,AGC-00081,Cobalt Infrastructure,Sofia Laurent,AGX-2025-015995-AGC-00081
2025-10-08,2025,10,October,Oct,Q4,588877.22,AGC-00152,Arcadia Process Solutions,Nathan Meyer,AGX-2025-016850-AGC-00152
2025-10-09,2025,10,October,Oct,Q4,128834.97,AGC-00133,Meridian Pipeline Services,Owen Rossi,AGX-2025-015528-AGC-00133
2025-10-09,2025,10,October,Oct,Q4,648261.92,AGC-00012,Northstar Utilities,Isabella Stone,AGX-2025-015923-AGC-00012
2025-10-10,2025,10,October,Oct,Q4,254806.77,AGC-00158,Arcadia Waterworks,Chloe Dubois,AGX-2025-016822-AGC-00158
2025-10-14,2025,10,October,Oct,Q4,1507081.95,AGC-00052,Helios Power Partners,Ethan Cole,AGX-2025-015094-AGC-00052
2025-10-14,2025,10,October,Oct,Q4,442943.98,AGC-00150,Arcadia Marine Services,Daniel Brooks,AGX-2025-016172-AGC-00150
2025-10-17,2025,10,October,Oct,Q4,276787.66,AGC-00152,Arcadia Process Solutions,Elena Costa,AGX-2025-016467-AGC-00152
2025-10-17,2025,10,October,Oct,Q4,179501.96,AGC-00169,Arcadia Resources,Victor Bennett,AGX-2025-016667-AGC-00169
2025-10-22,2025,10,October,Oct,Q4,171309.79,AGC-00179,Arcadia Mechanical Group,Marcus Reed,AGX-2025-015617-AGC-00179
2025-10-22,2025,10,October,Oct,Q4,249743.13,AGC-00142,Meridian Mechanical Group,Owen Rossi,AGX-2025-015986-AGC-00142
2025-10-23,2025,10,October,Oct,Q4,100225.38,AGC-00180,Arcadia Industrial Services,Chloe Dubois,AGX-2025-015982-AGC-00180
2025-10-24,2025,10,October,Oct,Q4,705635.16,AGC-00001,Northstar Energy Systems,Amara Okafor,AGX-2025-016889-AGC-00001
2025-10-28,2025,10,October,Oct,Q4,269487.0,AGC-00132,Meridian Resources,Leila Shah,AGX-2025-016379-AGC-00132
2025-10-29,2025,10,October,Oct,Q4,1766428.16,AGC-00014,Northstar Mechanical,Owen Rossi,AGX-2025-016644-AGC-00014
2025-10-31,2025,10,October,Oct,Q4,3705134.9,AGC-00161,Arcadia Field Services,Marcus Reed,AGX-2025-017156-AGC-00161
2025-11-03,2025,11,November,Nov,Q4,90856.18,AGC-00133,Meridian Pipeline Services,Maya Chen,AGX-2025-016979-AGC-00133
2025-11-06,2025,11,November,Nov,Q4,136590.3,AGC-00041,Helios Process Solutions,Nina Patel,AGX-2025-016144-AGC-00041
2025-11-06,2025,11,November,Nov,Q4,314116.79,AGC-00085,Cobalt Automation,Lucas Hayes,AGX-2025-017393-AGC-00085
2025-11-07,2025,11,November,Nov,Q4,339826.73,AGC-00087,Cobalt Field Services,Ethan Cole,AGX-2025-015208-AGC-00087
2025-11-07,2025,11,November,Nov,Q4,1598096.65,AGC-00061,Helios Technical Supply,Sofia Laurent,AGX-2025-015331-AGC-00061
2025-11-07,2025,11,November,Nov,Q4,368652.64,AGC-00154,Arcadia Flow Technologies,Isabella Stone,AGX-2025-017512-AGC-00154
2025-11-11,2025,11,November,Nov,Q4,233672.56,AGC-00049,Helios Utilities,Daniel Brooks,AGX-2025-016262-AGC-00049
2025-11-17,2025,11,November,Nov,Q4,1113882.56,AGC-00120,Meridian Mining Services,Daniel Brooks,AGX-2025-015133-AGC-00120
2025-11-18,2025,11,November,Nov,Q4,323925.48,AGC-00128,Meridian Engineering,Marcus Reed,AGX-2025-016743-AGC-00128
2025-11-19,2025,11,November,Nov,Q4,247205.38,AGC-00038,Helios Energy Systems,Chloe Dubois,AGX-2025-016261-AGC-00038
2025-11-19,2025,11,November,Nov,Q4,2063993.5,AGC-00078,Cobalt Process Solutions,Maya Chen,AGX-2025-017065-AGC-00078
2025-11-27,2025,11,November,Nov,Q4,2221859.44,AGC-00134,Meridian Rotating Equipment,Chloe Dubois,AGX-2025-015418-AGC-00134
2025-11-28,2025,11,November,Nov,Q4,1001738.84,AGC-00068,Helios Mechanical Group,Elena Costa,AGX-2025-016814-AGC-00068
2025-12-01,2025,12,December,Dec,Q4,392265.97,AGC-00051,Helios Mechanical,Elena Costa,AGX-2025-015698-AGC-00051
2025-12-03,2025,12,December,Dec,Q4,966875.24,AGC-00028,Northstar Production Services,Victor Bennett,AGX-2025-016773-AGC-00028
2025-12-04,2025,12,December,Dec,Q4,94520.8,AGC-00008,Northstar Petro Systems,Jordan Kim,AGX-2025-016097-AGC-00008
2025-12-04,2025,12,December,Dec,Q4,865936.75,AGC-00162,Arcadia Mechanical,Nina Patel,AGX-2025-016336-AGC-00162
2025-12-04,2025,12,December,Dec,Q4,1321623.98,AGC-00165,Arcadia Engineering,Leila Shah,AGX-2025-017207-AGC-00165
2025-12-05,2025,12,December,Dec,Q4,578768.48,AGC-00160,Arcadia Utilities,Daniel Brooks,AGX-2025-015272-AGC-00160
2025-12-12,2025,12,December,Dec,Q4,3727066.02,AGC-00162,Arcadia Mechanical,Maya Chen,AGX-2025-016048-AGC-00162
2025-12-16,2025,12,December,Dec,Q4,603943.4,AGC-00005,Northstar Offshore Engineering,Victor Bennett,AGX-2025-016591-AGC-00005
2025-12-16,2025,12,December,Dec,Q4,196313.22,AGC-00107,Cobalt Flow Systems,Victor Bennett,AGX-2025-017364-AGC-00107
2025-12-16,2025,12,December,Dec,Q4,546937.11,AGC-00053,Helios Process Controls,Owen Rossi,AGX-2025-017550-AGC-00053
2025-12-18,2025,12,December,Dec,Q4,2931275.4,AGC-00154,Arcadia Flow Technologies,Lucas Hayes,AGX-2025-015222-AGC-00154
2025-12-19,2025,12,December,Dec,Q4,206520.6,AGC-00037,Northstar Marine Supply,Lucas Hayes,AGX-2025-015954-AGC-00037
2025-12-22,2025,12,December,Dec,Q4,607380.41,AGC-00122,Meridian Automation,Leila Shah,AGX-2025-016057-AGC-00122
2025-12-23,2025,12,December,Dec,Q4,659423.53,AGC-00034,Northstar Instrumentation,Victor Bennett,AGX-2025-015167-AGC-00034
2025-12-24,2025,12,December,Dec,Q4,71682.45,AGC-00139,Meridian Production Services,Amara Okafor,AGX-2025-015606-AGC-00139
2025-12-24,2025,12,December,Dec,Q4,155586.04,AGC-00020,Northstar Industrial Maintenance,Leila Shah,AGX-2025-015838-AGC-00020
2025-12-25,2025,12,December,Dec,Q4,485391.97,AGC-00051,Helios Mechanical,Ethan Cole,AGX-2025-016150-AGC-00051
2025-12-25,2025,12,December,Dec,Q4,1730173.6,AGC-00062,Helios Refinery Services,Marcus Reed,AGX-2025-016256-AGC-00062
2025-12-29,2025,12,December,Dec,Q4,17259.34,AGC-00069,Helios Industrial Services,Priya Nguyen,AGX-2025-017078-AGC-00069
2025-12-30,2025,12,December,Dec,Q4,327525.11,AGC-00103,Cobalt Controls,Maya Chen,AGX-2025-015681-AGC-00103
2026-01-02,2026,1,January,Jan,Q1,135303.0,AGC-00165,Arcadia Engineering,Samuel Carter,AGX-2026-017575-AGC-00165
2026-01-05,2026,1,January,Jan,Q1,973329.61,AGC-00087,Cobalt Field Services,Elena Costa,AGX-2026-018579-AGC-00087
2026-01-07,2026,1,January,Jan,Q1,200325.8,AGC-00093,Cobalt Compression,Samuel Carter,AGX-2026-018521-AGC-00093
2026-01-07,2026,1,January,Jan,Q1,908950.56,AGC-00065,Helios Production Services,Priya Nguyen,AGX-2026-018947-AGC-00065
2026-01-08,2026,1,January,Jan,Q1,357180.75,AGC-00004,Northstar Process Solutions,Marcus Reed,AGX-2026-017580-AGC-00004
2026-01-08,2026,1,January,Jan,Q1,561063.92,AGC-00030,Northstar Offshore Systems,Isabella Stone,AGX-2026-018531-AGC-00030
2026-01-09,2026,1,January,Jan,Q1,772757.66,AGC-00016,Northstar Process Controls,Amara Okafor,AGX-2026-019088-AGC-00016
2026-01-13,2026,1,January,Jan,Q1,647274.87,AGC-00096,Cobalt Pipeline Services,Chloe Dubois,AGX-2026-018798-AGC-00096
2026-01-13,2026,1,January,Jan,Q1,359732.04,AGC-00050,Helios Field Services,Ethan Cole,AGX-2026-018839-AGC-00050
2026-01-14,2026,1,January,Jan,Q1,1821010.43,AGC-00031,Northstar Mechanical Group,Chloe Dubois,AGX-2026-018671-AGC-00031
2026-01-16,2026,1,January,Jan,Q1,1423472.16,AGC-00134,Meridian Rotating Equipment,Lucas Hayes,AGX-2026-017693-AGC-00134
2026-01-16,2026,1,January,Jan,Q1,969839.08,AGC-00175,Arcadia Marine Engineering,Lucas Hayes,AGX-2026-018595-AGC-00175
2026-01-19,2026,1,January,Jan,Q1,524293.99,AGC-00045,Helios Petro Systems,Victor Bennett,AGX-2026-018098-AGC-00045
2026-01-19,2026,1,January,Jan,Q1,497294.91,AGC-00123,Meridian Utilities,Amara Okafor,AGX-2026-018680-AGC-00123
2026-01-19,2026,1,January,Jan,Q1,171530.79,AGC-00023,Northstar Rotating Equipment,Owen Rossi,AGX-2026-018924-AGC-00023
2026-01-21,2026,1,January,Jan,Q1,197799.5,AGC-00073,Helios Industrial Solutions,Jordan Kim,AGX-2026-017906-AGC-00073
2026-01-21,2026,1,January,Jan,Q1,305857.59,AGC-00111,Cobalt Marine Supply,Nina Patel,AGX-2026-018137-AGC-00111
2026-01-22,2026,1,January,Jan,Q1,493851.15,AGC-00067,Helios Offshore Systems,Amara Okafor,AGX-2026-018238-AGC-00067
2026-01-23,2026,1,January,Jan,Q1,13808.64,AGC-00091,Cobalt Engineering,Lucas Hayes,AGX-2026-018645-AGC-00091
2026-01-26,2026,1,January,Jan,Q1,3434025.59,AGC-00025,Northstar Refinery Services,Owen Rossi,AGX-2026-018134-AGC-00025
2026-01-26,2026,1,January,Jan,Q1,1942984.43,AGC-00071,Helios Instrumentation,Nina Patel,AGX-2026-018636-AGC-00071
2026-01-26,2026,1,January,Jan,Q1,262054.09,AGC-00089,Cobalt Power Partners,Nathan Meyer,AGX-2026-018797-AGC-00089
2026-01-26,2026,1,January,Jan,Q1,759421.26,AGC-00138,Meridian Marine Engineering,Priya Nguyen,AGX-2026-018958-AGC-00138
2026-01-26,2026,1,January,Jan,Q1,945656.39,AGC-00174,Arcadia Energy Projects,Chloe Dubois,AGX-2026-019186-AGC-00174
2026-01-28,2026,1,January,Jan,Q1,2023996.08,AGC-00163,Arcadia Power Partners,Nathan Meyer,AGX-2026-018034-AGC-00163
2026-01-28,2026,1,January,Jan,Q1,697597.25,AGC-00132,Meridian Resources,Elena Costa,AGX-2026-018406-AGC-00132
2026-01-29,2026,1,January,Jan,Q1,583406.59,AGC-00046,Helios Mining Services,Isabella Stone,AGX-2026-018788-AGC-00046
2026-01-30,2026,1,January,Jan,Q1,833458.98,AGC-00050,Helios Field Services,Samuel Carter,AGX-2026-018802-AGC-00050
2026-02-05,2026,2,February,Feb,Q1,209400.29,AGC-00038,Helios Energy Systems,Nina Patel,AGX-2026-019094-AGC-00038
2026-02-06,2026,2,February,Feb,Q1,3690943.34,AGC-00015,Northstar Power Partners,Victor Bennett,AGX-2026-018025-AGC-00015
2026-02-06,2026,2,February,Feb,Q1,1556483.13,AGC-00018,Northstar Drilling Solutions,Sofia Laurent,AGX-2026-019059-AGC-00018
2026-02-09,2026,2,February,Feb,Q1,71156.82,AGC-00024,Northstar Technical Supply,Nathan Meyer,AGX-2026-018499-AGC-00024
2026-02-11,2026,2,February,Feb,Q1,158134.16,AGC-00109,Cobalt Technical Services,Isabella Stone,AGX-2026-019004-AGC-00109
2026-02-12,2026,2,February,Feb,Q1,295285.06,AGC-00093,Cobalt Compression,Jordan Kim,AGX-2026-018813-AGC-00093
2026-02-13,2026,2,February,Feb,Q1,165974.71,AGC-00154,Arcadia Flow Technologies,Samuel Carter,AGX-2026-017845-AGC-00154
2026-02-13,2026,2,February,Feb,Q1,764116.97,AGC-00141,Meridian Offshore Systems,Owen Rossi,AGX-2026-019178-AGC-00141
2026-02-17,2026,2,February,Feb,Q1,309071.73,AGC-00013,Northstar Field Services,Nina Patel,AGX-2026-019020-AGC-00013
2026-02-18,2026,2,February,Feb,Q1,154809.53,AGC-00119,Meridian Petro Systems,Marcus Reed,AGX-2026-018212-AGC-00119
2026-02-18,2026,2,February,Feb,Q1,46824.56,AGC-00078,Cobalt Process Solutions,Samuel Carter,AGX-2026-018492-AGC-00078
2026-02-18,2026,2,February,Feb,Q1,394705.39,AGC-00031,Northstar Mechanical Group,Isabella Stone,AGX-2026-018888-AGC-00031
2026-02-18,2026,2,February,Feb,Q1,290420.28,AGC-00129,Meridian Drilling Solutions,Jordan Kim,AGX-2026-019065-AGC-00129
2026-02-19,2026,2,February,Feb,Q1,373064.13,AGC-00089,Cobalt Power Partners,Owen Rossi,AGX-2026-017957-AGC-00089
2026-02-23,2026,2,February,Feb,Q1,861933.71,AGC-00110,Cobalt Industrial Solutions,Marcus Reed,AGX-2026-018030-AGC-00110
2026-02-23,2026,2,February,Feb,Q1,219242.58,AGC-00029,Northstar Controls,Victor Bennett,AGX-2026-018693-AGC-00029
2026-02-24,2026,2,February,Feb,Q1,77521.94,AGC-00013,Northstar Field Services,Maya Chen,AGX-2026-017748-AGC-00013
2026-02-24,2026,2,February,Feb,Q1,405268.8,AGC-00003,Northstar Industrial Group,Jordan Kim,AGX-2026-018926-AGC-00003
2026-02-25,2026,2,February,Feb,Q1,421799.6,AGC-00166,Arcadia Drilling Solutions,Victor Bennett,AGX-2026-018477-AGC-00166
2026-02-25,2026,2,February,Feb,Q1,230852.62,AGC-00022,Northstar Pipeline Services,Sofia Laurent,AGX-2026-018557-AGC-00022
2026-02-27,2026,2,February,Feb,Q1,1357744.36,AGC-00057,Helios Industrial Maintenance,Jordan Kim,AGX-2026-017560-AGC-00057
2026-03-02,2026,3,March,Mar,Q1,2179440.64,AGC-00117,Meridian Flow Technologies,Nina Patel,AGX-2026-017671-AGC-00117
2026-03-02,2026,3,March,Mar,Q1,988753.3,AGC-00017,Northstar Engineering,Nathan Meyer,AGX-2026-017754-AGC-00017
2026-03-02,2026,3,March,Mar,Q1,263222.6,AGC-00068,Helios Mechanical Group,Isabella Stone,AGX-2026-019141-AGC-00068
2026-03-04,2026,3,March,Mar,Q1,5824.87,AGC-00144,Meridian Flow Systems,Owen Rossi,AGX-2026-018211-AGC-00144
2026-03-04,2026,3,March,Mar,Q1,702611.76,AGC-00176,Arcadia Production Services,Elena Costa,AGX-2026-018254-AGC-00176
2026-03-05,2026,3,March,Mar,Q1,1193141.13,AGC-00028,Northstar Production Services,Elena Costa,AGX-2026-018760-AGC-00028
2026-03-06,2026,3,March,Mar,Q1,322617.73,AGC-00143,Meridian Industrial Services,Chloe Dubois,AGX-2026-017771-AGC-00143
2026-03-06,2026,3,March,Mar,Q1,137235.44,AGC-00167,Arcadia Compression,Victor Bennett,AGX-2026-018789-AGC-00167
2026-03-10,2026,3,March,Mar,Q1,245600.23,AGC-00059,Helios Pipeline Services,Priya Nguyen,AGX-2026-018158-AGC-00059
2026-03-10,2026,3,March,Mar,Q1,208514.14,AGC-00057,Helios Industrial Maintenance,Nathan Meyer,AGX-2026-018634-AGC-00057
2026-03-11,2026,3,March,Mar,Q1,484164.44,AGC-00137,Meridian Energy Projects,Daniel Brooks,AGX-2026-017631-AGC-00137
2026-03-11,2026,3,March,Mar,Q1,1547559.33,AGC-00150,Arcadia Marine Services,Elena Costa,AGX-2026-018029-AGC-00150
2026-03-12,2026,3,March,Mar,Q1,1298614.47,AGC-00100,Cobalt Energy Projects,Leila Shah,AGX-2026-017932-AGC-00100
2026-03-12,2026,3,March,Mar,Q1,75601.88,AGC-00110,Cobalt Industrial Solutions,Chloe Dubois,AGX-2026-018601-AGC-00110
2026-03-12,2026,3,March,Mar,Q1,552151.0,AGC-00083,Cobalt Mining Services,Leila Shah,AGX-2026-019128-AGC-00083
2026-03-13,2026,3,March,Mar,Q1,1483766.93,AGC-00146,Meridian Technical Services,Victor Bennett,AGX-2026-018421-AGC-00146
2026-03-13,2026,3,March,Mar,Q1,520239.6,AGC-00020,Northstar Industrial Maintenance,Daniel Brooks,AGX-2026-019105-AGC-00020
2026-03-16,2026,3,March,Mar,Q1,286489.18,AGC-00142,Meridian Mechanical Group,Nathan Meyer,AGX-2026-017782-AGC-00142
2026-03-16,2026,3,March,Mar,Q1,335683.16,AGC-00097,Cobalt Rotating Equipment,Nina Patel,AGX-2026-018513-AGC-00097
2026-03-17,2026,3,March,Mar,Q1,107479.5,AGC-00079,Cobalt Offshore Engineering,Priya Nguyen,AGX-2026-018904-AGC-00079
2026-03-17,2026,3,March,Mar,Q1,156188.57,AGC-00048,Helios Automation,Sofia Laurent,AGX-2026-019250-AGC-00048
2026-03-18,2026,3,March,Mar,Q1,801749.13,AGC-00044,Helios Infrastructure,Nina Patel,AGX-2026-017808-AGC-00044
2026-03-19,2026,3,March,Mar,Q1,740063.82,AGC-00073,Helios Industrial Solutions,Ethan Cole,AGX-2026-018808-AGC-00073
2026-03-20,2026,3,March,Mar,Q1,76058.26,AGC-00051,Helios Mechanical,Maya Chen,AGX-2026-017615-AGC-00051
2026-03-24,2026,3,March,Mar,Q1,1508741.5,AGC-00019,Northstar Compression,Victor Bennett,AGX-2026-018178-AGC-00019
2026-03-25,2026,3,March,Mar,Q1,560272.55,AGC-00132,Meridian Resources,Leila Shah,AGX-2026-018564-AGC-00132
2026-03-25,2026,3,March,Mar,Q1,41789.62,AGC-00101,Cobalt Marine Engineering,Samuel Carter,AGX-2026-018937-AGC-00101
2026-03-26,2026,3,March,Mar,Q1,315481.5,AGC-00029,Northstar Controls,Elena Costa,AGX-2026-017648-AGC-00029
2026-03-26,2026,3,March,Mar,Q1,13735.94,AGC-00152,Arcadia Process Solutions,Elena Costa,AGX-2026-018052-AGC-00152
2026-03-26,2026,3,March,Mar,Q1,351079.72,AGC-00099,Cobalt Refinery Services,Marcus Reed,AGX-2026-018309-AGC-00099
2026-03-26,2026,3,March,Mar,Q1,676899.31,AGC-00160,Arcadia Utilities,Maya Chen,AGX-2026-018320-AGC-00160
2026-03-27,2026,3,March,Mar,Q1,251808.25,AGC-00042,Helios Offshore Engineering,Samuel Carter,AGX-2026-018463-AGC-00042
2026-03-30,2026,3,March,Mar,Q1,508797.3,AGC-00085,Cobalt Automation,Marcus Reed,AGX-2026-017695-AGC-00085
2026-03-30,2026,3,March,Mar,Q1,900984.53,AGC-00173,Arcadia Refinery Services,Sofia Laurent,AGX-2026-017719-AGC-00173
2026-03-31,2026,3,March,Mar,Q1,348302.87,AGC-00076,Cobalt Marine Services,Priya Nguyen,AGX-2026-018136-AGC-00076
2026-04-01,2026,4,April,Apr,Q2,378163.43,AGC-00127,Meridian Process Controls,Sofia Laurent,AGX-2026-018994-AGC-00127
2026-04-02,2026,4,April,Apr,Q2,216966.26,AGC-00041,Helios Process Solutions,Leila Shah,AGX-2026-018114-AGC-00041
2026-04-02,2026,4,April,Apr,Q2,194789.7,AGC-00128,Meridian Engineering,Marcus Reed,AGX-2026-019260-AGC-00128
2026-04-06,2026,4,April,Apr,Q2,93932.21,AGC-00115,Meridian Process Solutions,Elena Costa,AGX-2026-018800-AGC-00115
2026-04-06,2026,4,April,Apr,Q2,115082.24,AGC-00060,Helios Rotating Equipment,Nathan Meyer,AGX-2026-019224-AGC-00060
2026-04-07,2026,4,April,Apr,Q2,428890.63,AGC-00073,Helios Industrial Solutions,Amara Okafor,AGX-2026-018184-AGC-00073
2026-04-07,2026,4,April,Apr,Q2,194811.37,AGC-00012,Northstar Utilities,Marcus Reed,AGX-2026-018657-AGC-00012
2026-04-08,2026,4,April,Apr,Q2,87379.55,AGC-00151,Arcadia Industrial Group,Nathan Meyer,AGX-2026-017929-AGC-00151
2026-04-08,2026,4,April,Apr,Q2,487194.8,AGC-00063,Helios Energy Projects,Samuel Carter,AGX-2026-018467-AGC-00063
2026-04-08,2026,4,April,Apr,Q2,242883.03,AGC-00158,Arcadia Waterworks,Priya Nguyen,AGX-2026-019220-AGC-00158
2026-04-09,2026,4,April,Apr,Q2,278028.14,AGC-00135,Meridian Technical Supply,Samuel Carter,AGX-2026-017646-AGC-00135
2026-04-09,2026,4,April,Apr,Q2,22307.04,AGC-00168,Arcadia Industrial Maintenance,Leila Shah,AGX-2026-017844-AGC-00168
2026-04-09,2026,4,April,Apr,Q2,414434.56,AGC-00033,Northstar Flow Systems,Elena Costa,AGX-2026-018108-AGC-00033
2026-04-09,2026,4,April,Apr,Q2,22877.78,AGC-00116,Meridian Offshore Engineering,Leila Shah,AGX-2026-018145-AGC-00116
2026-04-09,2026,4,April,Apr,Q2,1111809.8,AGC-00133,Meridian Pipeline Services,Sofia Laurent,AGX-2026-018825-AGC-00133
2026-04-13,2026,4,April,Apr,Q2,552731.49,AGC-00072,Helios Technical Services,Sofia Laurent,AGX-2026-018892-AGC-00072
2026-04-14,2026,4,April,Apr,Q2,13119.9,AGC-00126,Meridian Power Partners,Nina Patel,AGX-2026-017858-AGC-00126
2026-04-14,2026,4,April,Apr,Q2,70269.3,AGC-00058,Helios Resources,Maya Chen,AGX-2026-018221-AGC-00058
2026-04-14,2026,4,April,Apr,Q2,64179.17,AGC-00021,Northstar Resources,Amara Okafor,AGX-2026-018654-AGC-00021
2026-04-14,2026,4,April,Apr,Q2,393527.32,AGC-00114,Meridian Industrial Group,Chloe Dubois,AGX-2026-018727-AGC-00114
2026-04-14,2026,4,April,Apr,Q2,2698924.81,AGC-00180,Arcadia Industrial Services,Daniel Brooks,AGX-2026-018794-AGC-00180
2026-04-15,2026,4,April,Apr,Q2,252009.14,AGC-00142,Meridian Mechanical Group,Ethan Cole,AGX-2026-018092-AGC-00142
2026-04-16,2026,4,April,Apr,Q2,1398470.8,AGC-00075,Cobalt Energy Systems,Owen Rossi,AGX-2026-018407-AGC-00075
2026-04-16,2026,4,April,Apr,Q2,1481934.59,AGC-00088,Cobalt Mechanical,Amara Okafor,AGX-2026-018548-AGC-00088
2026-04-16,2026,4,April,Apr,Q2,1654523.21,AGC-00059,Helios Pipeline Services,Sofia Laurent,AGX-2026-018694-AGC-00059
2026-04-17,2026,4,April,Apr,Q2,142954.35,AGC-00036,Northstar Industrial Solutions,Nina Patel,AGX-2026-018662-AGC-00036
2026-04-17,2026,4,April,Apr,Q2,524733.37,AGC-00069,Helios Industrial Services,Amara Okafor,AGX-2026-018778-AGC-00069
2026-04-20,2026,4,April,Apr,Q2,291841.7,AGC-00139,Meridian Production Services,Amara Okafor,AGX-2026-018855-AGC-00139
2026-04-21,2026,4,April,Apr,Q2,679139.64,AGC-00039,Helios Marine Services,Isabella Stone,AGX-2026-018582-AGC-00039
2026-04-24,2026,4,April,Apr,Q2,95834.6,AGC-00118,Meridian Infrastructure,Daniel Brooks,AGX-2026-017763-AGC-00118
2026-04-24,2026,4,April,Apr,Q2,297815.3,AGC-00090,Cobalt Process Controls,Chloe Dubois,AGX-2026-018055-AGC-00090
2026-04-27,2026,4,April,Apr,Q2,773191.69,AGC-00158,Arcadia Waterworks,Amara Okafor,AGX-2026-017634-AGC-00158
2026-04-27,2026,4,April,Apr,Q2,836084.15,AGC-00052,Helios Power Partners,Isabella Stone,AGX-2026-018580-AGC-00052
2026-04-28,2026,4,April,Apr,Q2,142937.1,AGC-00034,Northstar Instrumentation,Leila Shah,AGX-2026-018709-AGC-00034
2026-04-28,2026,4,April,Apr,Q2,649174.13,AGC-00170,Arcadia Pipeline Services,Jordan Kim,AGX-2026-018873-AGC-00170
2026-04-29,2026,4,April,Apr,Q2,4161047.23,AGC-00103,Cobalt Controls,Maya Chen,AGX-2026-019206-AGC-00103
2026-04-30,2026,4,April,Apr,Q2,738604.4,AGC-00081,Cobalt Infrastructure,Elena Costa,AGX-2026-017888-AGC-00081
2026-04-30,2026,4,April,Apr,Q2,288742.32,AGC-00145,Meridian Instrumentation,Nina Patel,AGX-2026-018464-AGC-00145
2026-04-30,2026,4,April,Apr,Q2,319102.16,AGC-00102,Cobalt Production Services,Maya Chen,AGX-2026-018821-AGC-00102
2026-05-01,2026,5,May,May,Q2,180427.31,AGC-00169,Arcadia Resources,Lucas Hayes,AGX-2026-017873-AGC-00169
2026-05-01,2026,5,May,May,Q2,1477250.6,AGC-00112,Meridian Energy Systems,Daniel Brooks,AGX-2026-019227-AGC-00112
2026-05-05,2026,5,May,May,Q2,552676.08,AGC-00173,Arcadia Refinery Services,Isabella Stone,AGX-2026-018379-AGC-00173
2026-05-05,2026,5,May,May,Q2,1548063.77,AGC-00008,Northstar Petro Systems,Chloe Dubois,AGX-2026-018515-AGC-00008
2026-05-06,2026,5,May,May,Q2,104789.76,AGC-00010,Northstar Waterworks,Daniel Brooks,AGX-2026-018550-AGC-00010
2026-05-07,2026,5,May,May,Q2,161552.55,AGC-00113,Meridian Marine Services,Marcus Reed,AGX-2026-017636-AGC-00113
2026-05-08,2026,5,May,May,Q2,550877.1,AGC-00092,Cobalt Drilling Solutions,Lucas Hayes,AGX-2026-017909-AGC-00092
2026-05-08,2026,5,May,May,Q2,62844.4,AGC-00159,Arcadia Automation,Marcus Reed,AGX-2026-018214-AGC-00159
2026-05-08,2026,5,May,May,Q2,3719.62,AGC-00175,Arcadia Marine Engineering,Ethan Cole,AGX-2026-018354-AGC-00175
2026-05-11,2026,5,May,May,Q2,204729.15,AGC-00137,Meridian Energy Projects,Chloe Dubois,AGX-2026-018284-AGC-00137
2026-05-12,2026,5,May,May,Q2,4145293.62,AGC-00084,Cobalt Waterworks,Maya Chen,AGX-2026-018242-AGC-00084
2026-05-13,2026,5,May,May,Q2,3672280.34,AGC-00147,Meridian Industrial Solutions,Nina Patel,AGX-2026-017559-AGC-00147
2026-05-13,2026,5,May,May,Q2,832598.38,AGC-00035,Northstar Technical Services,Lucas Hayes,AGX-2026-018112-AGC-00035
2026-05-15,2026,5,May,May,Q2,718429.88,AGC-00147,Meridian Industrial Solutions,Samuel Carter,AGX-2026-019238-AGC-00147
2026-05-18,2026,5,May,May,Q2,373628.09,AGC-00040,Helios Industrial Group,Leila Shah,AGX-2026-017978-AGC-00040
2026-05-20,2026,5,May,May,Q2,213749.39,AGC-00177,Arcadia Controls,Leila Shah,AGX-2026-018318-AGC-00177
2026-05-21,2026,5,May,May,Q2,700964.72,AGC-00049,Helios Utilities,Amara Okafor,AGX-2026-017658-AGC-00049
2026-05-21,2026,5,May,May,Q2,2988247.58,AGC-00115,Meridian Process Solutions,Sofia Laurent,AGX-2026-017692-AGC-00115
2026-05-21,2026,5,May,May,Q2,18322.06,AGC-00130,Meridian Compression,Daniel Brooks,AGX-2026-018202-AGC-00130
2026-05-21,2026,5,May,May,Q2,655240.82,AGC-00032,Northstar Industrial Services,Marcus Reed,AGX-2026-018757-AGC-00032
2026-05-22,2026,5,May,May,Q2,1074613.31,AGC-00106,Cobalt Industrial Services,Nathan Meyer,AGX-2026-019187-AGC-00106
2026-05-25,2026,5,May,May,Q2,497902.0,AGC-00155,Arcadia Infrastructure,Chloe Dubois,AGX-2026-018426-AGC-00155
2026-05-25,2026,5,May,May,Q2,390505.96,AGC-00080,Cobalt Flow Technologies,Ethan Cole,AGX-2026-018777-AGC-00080
2026-05-25,2026,5,May,May,Q2,480334.09,AGC-00009,Northstar Mining Services,Victor Bennett,AGX-2026-019014-AGC-00009
2026-05-25,2026,5,May,May,Q2,41366.65,AGC-00030,Northstar Offshore Systems,Lucas Hayes,AGX-2026-019189-AGC-00030
2026-05-27,2026,5,May,May,Q2,215214.56,AGC-00083,Cobalt Mining Services,Victor Bennett,AGX-2026-019055-AGC-00083
2026-05-28,2026,5,May,May,Q2,173194.2,AGC-00047,Helios Waterworks,Nathan Meyer,AGX-2026-017964-AGC-00047
2026-05-28,2026,5,May,May,Q2,609353.13,AGC-00124,Meridian Field Services,Chloe Dubois,AGX-2026-018632-AGC-00124
2026-06-01,2026,6,June,Jun,Q2,239103.86,AGC-00033,Northstar Flow Systems,Maya Chen,AGX-2026-018767-AGC-00033
2026-06-02,2026,6,June,Jun,Q2,80696.6,AGC-00104,Cobalt Offshore Systems,Jordan Kim,AGX-2026-018642-AGC-00104
2026-06-03,2026,6,June,Jun,Q2,43169.78,AGC-00148,Meridian Marine Supply,Leila Shah,AGX-2026-017752-AGC-00148
2026-06-04,2026,6,June,Jun,Q2,275112.36,AGC-00056,Helios Compression,Lucas Hayes,AGX-2026-017960-AGC-00056
2026-06-04,2026,6,June,Jun,Q2,129040.21,AGC-00064,Helios Marine Engineering,Amara Okafor,AGX-2026-019076-AGC-00064
2026-06-05,2026,6,June,Jun,Q2,3579608.79,AGC-00086,Cobalt Utilities,Victor Bennett,AGX-2026-018968-AGC-00086
2026-06-08,2026,6,June,Jun,Q2,836552.81,AGC-00095,Cobalt Resources,Elena Costa,AGX-2026-017730-AGC-00095
2026-06-08,2026,6,June,Jun,Q2,58543.06,AGC-00052,Helios Power Partners,Nina Patel,AGX-2026-018413-AGC-00052
2026-06-08,2026,6,June,Jun,Q2,4225250.9,AGC-00070,Helios Flow Systems,Samuel Carter,AGX-2026-018868-AGC-00070
2026-06-08,2026,6,June,Jun,Q2,798711.09,AGC-00062,Helios Refinery Services,Amara Okafor,AGX-2026-018869-AGC-00062
2026-06-09,2026,6,June,Jun,Q2,256583.19,AGC-00162,Arcadia Mechanical,Amara Okafor,AGX-2026-017902-AGC-00162
2026-06-09,2026,6,June,Jun,Q2,181371.82,AGC-00157,Arcadia Mining Services,Nina Patel,AGX-2026-018574-AGC-00157
2026-06-10,2026,6,June,Jun,Q2,2295218.93,AGC-00002,Northstar Marine Services,Victor Bennett,AGX-2026-017833-AGC-00002
2026-06-10,2026,6,June,Jun,Q2,107687.62,AGC-00066,Helios Controls,Amara Okafor,AGX-2026-018422-AGC-00066
2026-06-10,2026,6,June,Jun,Q2,408541.56,AGC-00080,Cobalt Flow Technologies,Ethan Cole,AGX-2026-018815-AGC-00080
2026-06-10,2026,6,June,Jun,Q2,17082.2,AGC-00140,Meridian Controls,Amara Okafor,AGX-2026-018865-AGC-00140
2026-06-11,2026,6,June,Jun,Q2,239650.9,AGC-00174,Arcadia Energy Projects,Lucas Hayes,AGX-2026-019193-AGC-00174
2026-06-12,2026,6,June,Jun,Q2,494095.16,AGC-00120,Meridian Mining Services,Samuel Carter,AGX-2026-019102-AGC-00120
2026-06-15,2026,6,June,Jun,Q2,126495.54,AGC-00107,Cobalt Flow Systems,Nathan Meyer,AGX-2026-018107-AGC-00107
2026-06-16,2026,6,June,Jun,Q2,568164.53,AGC-00140,Meridian Controls,Jordan Kim,AGX-2026-018555-AGC-00140
2026-06-16,2026,6,June,Jun,Q2,441673.29,AGC-00094,Cobalt Industrial Maintenance,Ethan Cole,AGX-2026-018903-AGC-00094
2026-06-17,2026,6,June,Jun,Q2,407937.28,AGC-00085,Cobalt Automation,Jordan Kim,AGX-2026-018010-AGC-00085
2026-06-17,2026,6,June,Jun,Q2,12733.58,AGC-00099,Cobalt Refinery Services,Chloe Dubois,AGX-2026-018470-AGC-00099
2026-06-18,2026,6,June,Jun,Q2,440153.75,AGC-00022,Northstar Pipeline Services,Isabella Stone,AGX-2026-017971-AGC-00022
2026-06-19,2026,6,June,Jun,Q2,111050.0,AGC-00122,Meridian Automation,Samuel Carter,AGX-2026-018758-AGC-00122
2026-06-19,2026,6,June,Jun,Q2,43876.8,AGC-00026,Northstar Energy Projects,Amara Okafor,AGX-2026-018883-AGC-00026
2026-06-22,2026,6,June,Jun,Q2,53211.69,AGC-00120,Meridian Mining Services,Owen Rossi,AGX-2026-018225-AGC-00120
2026-06-22,2026,6,June,Jun,Q2,115212.74,AGC-00001,Northstar Energy Systems,Nathan Meyer,AGX-2026-019153-AGC-00001
2026-06-23,2026,6,June,Jun,Q2,567872.34,AGC-00161,Arcadia Field Services,Leila Shah,AGX-2026-018704-AGC-00161
2026-06-25,2026,6,June,Jun,Q2,999827.95,AGC-00055,Helios Drilling Solutions,Leila Shah,AGX-2026-017653-AGC-00055
2026-06-26,2026,6,June,Jun,Q2,72776.4,AGC-00082,Cobalt Petro Systems,Lucas Hayes,AGX-2026-017985-AGC-00082
2026-06-26,2026,6,June,Jun,Q2,44584.38,AGC-00179,Arcadia Mechanical Group,Elena Costa,AGX-2026-018094-AGC-00179
2026-06-26,2026,6,June,Jun,Q2,1712510.81,AGC-00005,Northstar Offshore Engineering,Lucas Hayes,AGX-2026-018363-AGC-00005
2026-06-26,2026,6,June,Jun,Q2,787051.63,AGC-00136,Meridian Refinery Services,Samuel Carter,AGX-2026-018500-AGC-00136
2026-06-29,2026,6,June,Jun,Q2,113346.83,AGC-00006,Northstar Flow Technologies,Chloe Dubois,AGX-2026-017739-AGC-00006
2026-06-29,2026,6,June,Jun,Q2,360262.47,AGC-00061,Helios Technical Supply,Nathan Meyer,AGX-2026-018589-AGC-00061
2026-06-30,2026,6,June,Jun,Q2,162514.04,AGC-00125,Meridian Mechanical,Jordan Kim,AGX-2026-018269-AGC-00125
2026-07-01,2026,7,July,Jul,Q3,808068.54,AGC-00014,Northstar Mechanical,Nathan Meyer,AGX-2026-018155-AGC-00014
2026-07-01,2026,7,July,Jul,Q3,144794.24,AGC-00077,Cobalt Industrial Group,Amara Okafor,AGX-2026-018194-AGC-00077
2026-07-01,2026,7,July,Jul,Q3,358832.11,AGC-00138,Meridian Marine Engineering,Owen Rossi,AGX-2026-018452-AGC-00138
2026-07-01,2026,7,July,Jul,Q3,564345.3,AGC-00043,Helios Flow Technologies,Nathan Meyer,AGX-2026-019085-AGC-00043
2026-07-02,2026,7,July,Jul,Q3,4718706.0,AGC-00018,Northstar Drilling Solutions,Amara Okafor,AGX-2026-017774-AGC-00018
2026-07-02,2026,7,July,Jul,Q3,83135.06,AGC-00037,Northstar Marine Supply,Nina Patel,AGX-2026-018682-AGC-00037
2026-07-03,2026,7,July,Jul,Q3,183692.2,AGC-00011,Northstar Automation,Priya Nguyen,AGX-2026-018329-AGC-00011
2026-07-03,2026,7,July,Jul,Q3,111381.65,AGC-00006,Northstar Flow Technologies,Sofia Laurent,AGX-2026-018543-AGC-00006
2026-07-03,2026,7,July,Jul,Q3,212496.38,AGC-00164,Arcadia Process Controls,Leila Shah,AGX-2026-018599-AGC-00164
2026-07-06,2026,7,July,Jul,Q3,1783544.91,AGC-00031,Northstar Mechanical Group,Victor Bennett,AGX-2026-017855-AGC-00031
2026-07-06,2026,7,July,Jul,Q3,764630.4,AGC-00066,Helios Controls,Daniel Brooks,AGX-2026-017992-AGC-00066
2026-07-06,2026,7,July,Jul,Q3,1637378.12,AGC-00159,Arcadia Automation,Sofia Laurent,AGX-2026-019001-AGC-00159
2026-07-06,2026,7,July,Jul,Q3,22417.7,AGC-00105,Cobalt Mechanical Group,Priya Nguyen,AGX-2026-019276-AGC-00105
2026-07-08,2026,7,July,Jul,Q3,387674.09,AGC-00171,Arcadia Rotating Equipment,Owen Rossi,AGX-2026-018666-AGC-00171
2026-07-10,2026,7,July,Jul,Q3,127952.96,AGC-00153,Arcadia Offshore Engineering,Lucas Hayes,AGX-2026-019012-AGC-00153
2026-07-14,2026,7,July,Jul,Q3,240778.73,AGC-00174,Arcadia Energy Projects,Chloe Dubois,AGX-2026-019133-AGC-00174
2026-07-16,2026,7,July,Jul,Q3,77747.78,AGC-00104,Cobalt Offshore Systems,Victor Bennett,AGX-2026-018195-AGC-00104
2026-07-20,2026,7,July,Jul,Q3,365309.4,AGC-00027,Northstar Marine Engineering,Amara Okafor,AGX-2026-018581-AGC-00027
2026-07-21,2026,7,July,Jul,Q3,171520.8,AGC-00131,Meridian Industrial Maintenance,Samuel Carter,AGX-2026-017981-AGC-00131
2026-07-21,2026,7,July,Jul,Q3,246668.23,AGC-00178,Arcadia Offshore Systems,Amara Okafor,AGX-2026-019298-AGC-00178
2026-07-22,2026,7,July,Jul,Q3,888261.42,AGC-00108,Cobalt Instrumentation,Maya Chen,AGX-2026-019147-AGC-00108
2026-07-23,2026,7,July,Jul,Q3,367969.28,AGC-00011,Northstar Automation,Lucas Hayes,AGX-2026-018062-AGC-00011
2026-07-29,2026,7,July,Jul,Q3,31282.83,AGC-00032,Northstar Industrial Services,Ethan Cole,AGX-2026-018541-AGC-00032
2026-07-29,2026,7,July,Jul,Q3,16212.28,AGC-00121,Meridian Waterworks,Chloe Dubois,AGX-2026-019167-AGC-00121
2026-07-30,2026,7,July,Jul,Q3,87139.73,AGC-00007,Northstar Infrastructure,Maya Chen,AGX-2026-017587-AGC-00007
2026-07-31,2026,7,July,Jul,Q3,143680.8,AGC-00021,Northstar Resources,Marcus Reed,AGX-2026-018007-AGC-00021
2026-08-04,2026,8,August,Aug,Q3,708257.22,AGC-00132,Meridian Resources,Leila Shah,AGX-2026-017849-AGC-00132
2026-08-04,2026,8,August,Aug,Q3,81402.26,AGC-00054,Helios Engineering,Sofia Laurent,AGX-2026-019103-AGC-00054
2026-08-05,2026,8,August,Aug,Q3,883276.44,AGC-00172,Arcadia Technical Supply,Daniel Brooks,AGX-2026-018370-AGC-00172
2026-08-05,2026,8,August,Aug,Q3,996505.55,AGC-00037,Northstar Marine Supply,Isabella Stone,AGX-2026-018667-AGC-00037
2026-08-05,2026,8,August,Aug,Q3,411218.66,AGC-00074,Helios Marine Supply,Jordan Kim,AGX-2026-019093-AGC-00074
2026-08-06,2026,8,August,Aug,Q3,8766.15,AGC-00117,Meridian Flow Technologies,Victor Bennett,AGX-2026-017773-AGC-00117
2026-08-06,2026,8,August,Aug,Q3,538328.56,AGC-00175,Arcadia Marine Engineering,Samuel Carter,AGX-2026-018501-AGC-00175
2026-08-06,2026,8,August,Aug,Q3,351516.51,AGC-00098,Cobalt Technical Supply,Leila Shah,AGX-2026-019209-AGC-00098
2026-08-10,2026,8,August,Aug,Q3,179271.91,AGC-00149,Arcadia Energy Systems,Maya Chen,AGX-2026-017735-AGC-00149
2026-08-11,2026,8,August,Aug,Q3,8766.44,AGC-00156,Arcadia Petro Systems,Maya Chen,AGX-2026-018377-AGC-00156
2026-08-12,2026,8,August,Aug,Q3,191768.81,AGC-00053,Helios Process Controls,Lucas Hayes,AGX-2026-017912-AGC-00053
