Contact_Type,Entity,Country,Function,Department,Position,Contact_Name,AURELIS_Rep,Email,Phone,Address,Directory_Source
Customer,Northstar Energy Systems,Norway,Sourcing,Procurement,Procurement Manager,Alex Walker,Noah Keller,alexwalker@northstarenergysyste.example,+1-555-100-0000,"100 Enterprise Parkway, Norway",Synthetic CRM Directory
Customer,Northstar Energy Systems,Norway,Operations,Operations,Maintenance / Operations Coordinator,Morgan Coleman,Noah Keller,morgancoleman@northstarenergysyste.example,+1-555-100-0173,"100 Enterprise Parkway, Norway",Synthetic CRM Directory
Customer,Northstar Energy Systems,Norway,Finance,Finance,Accounts Payable Lead,Taylor Price,Noah Keller,taylorprice@northstarenergysyste.example,+1-555-100-0346,"100 Enterprise Parkway, Norway",Synthetic CRM Directory
Customer,Northstar Marine Services,Oman,Sourcing,Procurement,Procurement Manager,Skyler Hayes,Adrian Walker,skylerhayes@northstarmarineservi.example,+1-555-101-0031,"107 Enterprise Parkway, Oman",Synthetic CRM Directory
Customer,Northstar Marine Services,Oman,Operations,Operations,Maintenance / Operations Coordinator,Robin Foster,Adrian Walker,robinfoster@northstarmarineservi.example,+1-555-101-0204,"107 Enterprise Parkway, Oman",Synthetic CRM Directory
Customer,Northstar Marine Services,Oman,Finance,Finance,Accounts Payable Lead,Parker Martin,Adrian Walker,parkermartin@northstarmarineservi.example,+1-555-101-0377,"107 Enterprise Parkway, Oman",Synthetic CRM Directory
Customer,Northstar Industrial Group,Malaysia,Sourcing,Procurement,Procurement Manager,Casey Wilson,Zara Grant,caseywilson@northstarindustrialg.example,+1-555-102-0062,"114 Enterprise Parkway, Malaysia",Synthetic CRM Directory
Customer,Northstar Industrial Group,Malaysia,Operations,Operations,Maintenance / Operations Coordinator,Riley Perry,Zara Grant,rileyperry@northstarindustrialg.example,+1-555-102-0235,"114 Enterprise Parkway, Malaysia",Synthetic CRM Directory
Customer,Northstar Industrial Group,Malaysia,Finance,Finance,Accounts Payable Lead,Jamie Diaz,Zara Grant,jamiediaz@northstarindustrialg.example,+1-555-102-0408,"114 Enterprise Parkway, Malaysia",Synthetic CRM Directory
Customer,Northstar Process Solutions,Vietnam,Sourcing,Procurement,Procurement Manager,Emerson Miller,Theo Price,emersonmiller@northstarprocesssolu.example,+1-555-103-0093,"121 Enterprise Parkway, Vietnam",Synthetic CRM Directory
Customer,Northstar Process Solutions,Vietnam,Operations,Operations,Maintenance / Operations Coordinator,Dylan Lewis,Theo Price,dylanlewis@northstarprocesssolu.example,+1-555-103-0266,"121 Enterprise Parkway, Vietnam",Synthetic CRM Directory
Customer,Northstar Process Solutions,Vietnam,Finance,Finance,Accounts Payable Lead,Harper Grant,Theo Price,harpergrant@northstarprocesssolu.example,+1-555-103-0439,"121 Enterprise Parkway, Vietnam",Synthetic CRM Directory
Customer,Northstar Offshore Engineering,Argentina,Sourcing,Procurement,Procurement Manager,Cameron Rossi,Lucas Hayes,cameronrossi@northstaroffshoreeng.example,+1-555-104-0124,"128 Enterprise Parkway, Argentina",Synthetic CRM Directory
Customer,Northstar Offshore Engineering,Argentina,Operations,Operations,Maintenance / Operations Coordinator,Drew Morgan,Lucas Hayes,drewmorgan@northstaroffshoreeng.example,+1-555-104-0297,"128 Enterprise Parkway, Argentina",Synthetic CRM Directory
Customer,Northstar Offshore Engineering,Argentina,Finance,Finance,Accounts Payable Lead,Ari Howard,Lucas Hayes,arihoward@northstaroffshoreeng.example,+1-555-104-0470,"128 Enterprise Parkway, Argentina",Synthetic CRM Directory
Customer,Northstar Offshore Engineering,Argentina,Technical,Engineering,Reliability Engineer,Reese Nguyen,Lucas Hayes,reesenguyen@northstaroffshoreeng.example,+1-555-104-0643,"128 Enterprise Parkway, Argentina",Synthetic CRM Directory
Customer,Northstar Flow Technologies,Italy,Sourcing,Procurement,Procurement Manager,Logan Keller,Avery Morgan,logankeller@northstarflowtechnol.example,+1-555-105-0155,"135 Enterprise Parkway, Italy",Synthetic CRM Directory
Customer,Northstar Flow Technologies,Italy,Operations,Operations,Maintenance / Operations Coordinator,Kendall Clark,Avery Morgan,kendallclark@northstarflowtechnol.example,+1-555-105-0328,"135 Enterprise Parkway, Italy",Synthetic CRM Directory
Customer,Northstar Flow Technologies,Italy,Finance,Finance,Accounts Payable Lead,Alex Walker,Avery Morgan,alexwalker@northstarflowtechnol.example,+1-555-105-0501,"135 Enterprise Parkway, Italy",Synthetic CRM Directory
Customer,Northstar Infrastructure,Ghana,Sourcing,Procurement,Procurement Manager,Reese Nguyen,Grace Perry,reesenguyen@northstarinfrastruct.example,+1-555-106-0186,"142 Enterprise Parkway, Ghana",Synthetic CRM Directory
Customer,Northstar Infrastructure,Ghana,Operations,Operations,Maintenance / Operations Coordinator,Quinn Santos,Grace Perry,quinnsantos@northstarinfrastruct.example,+1-555-106-0359,"142 Enterprise Parkway, Ghana",Synthetic CRM Directory
Customer,Northstar Infrastructure,Ghana,Finance,Finance,Accounts Payable Lead,Skyler Hayes,Grace Perry,skylerhayes@northstarinfrastruct.example,+1-555-106-0532,"142 Enterprise Parkway, Ghana",Synthetic CRM Directory
Customer,Northstar Petro Systems,Australia,Sourcing,Procurement,Procurement Manager,Morgan Coleman,Julian Howard,morgancoleman@northstarpetrosystem.example,+1-555-107-0217,"149 Enterprise Parkway, Australia",Synthetic CRM Directory
Customer,Northstar Petro Systems,Australia,Operations,Operations,Maintenance / Operations Coordinator,Taylor Price,Julian Howard,taylorprice@northstarpetrosystem.example,+1-555-107-0390,"149 Enterprise Parkway, Australia",Synthetic CRM Directory
Customer,Northstar Petro Systems,Australia,Finance,Finance,Accounts Payable Lead,Casey Wilson,Julian Howard,caseywilson@northstarpetrosystem.example,+1-555-107-0563,"149 Enterprise Parkway, Australia",Synthetic CRM Directory
Customer,Northstar Petro Systems,Australia,Technical,Engineering,Reliability Engineer,Riley Perry,Julian Howard,rileyperry@northstarpetrosystem.example,+1-555-107-0736,"149 Enterprise Parkway, Australia",Synthetic CRM Directory
Customer,Northstar Mining Services,Canada,Sourcing,Procurement,Procurement Manager,Robin Foster,Lina Sato,robinfoster@northstarminingservi.example,+1-555-108-0248,"156 Enterprise Parkway, Canada",Synthetic CRM Directory
Customer,Northstar Mining Services,Canada,Operations,Operations,Maintenance / Operations Coordinator,Parker Martin,Lina Sato,parkermartin@northstarminingservi.example,+1-555-108-0421,"156 Enterprise Parkway, Canada",Synthetic CRM Directory
Customer,Northstar Mining Services,Canada,Finance,Finance,Accounts Payable Lead,Emerson Miller,Lina Sato,emersonmiller@northstarminingservi.example,+1-555-108-0594,"156 Enterprise Parkway, Canada",Synthetic CRM Directory
Customer,Northstar Mining Services,Canada,Technical,Engineering,Reliability Engineer,Dylan Lewis,Lina Sato,dylanlewis@northstarminingservi.example,+1-555-108-0767,"156 Enterprise Parkway, Canada",Synthetic CRM Directory
Customer,Northstar Waterworks,France,Sourcing,Procurement,Procurement Manager,Riley Perry,Camille Martin,rileyperry@northstarwaterworks.example,+1-555-109-0279,"163 Enterprise Parkway, France",Synthetic CRM Directory
Customer,Northstar Waterworks,France,Operations,Operations,Maintenance / Operations Coordinator,Jamie Diaz,Camille Martin,jamiediaz@northstarwaterworks.example,+1-555-109-0452,"163 Enterprise Parkway, France",Synthetic CRM Directory
Customer,Northstar Waterworks,France,Finance,Finance,Accounts Payable Lead,Cameron Rossi,Camille Martin,cameronrossi@northstarwaterworks.example,+1-555-109-0625,"163 Enterprise Parkway, France",Synthetic CRM Directory
Customer,Northstar Automation,United Arab Emirates,Sourcing,Procurement,Procurement Manager,Dylan Lewis,Mila Diaz,dylanlewis@northstarautomation.example,+1-555-110-0310,"170 Enterprise Parkway, United Arab Emirates",Synthetic CRM Directory
Customer,Northstar Automation,United Arab Emirates,Operations,Operations,Maintenance / Operations Coordinator,Harper Grant,Mila Diaz,harpergrant@northstarautomation.example,+1-555-110-0483,"170 Enterprise Parkway, United Arab Emirates",Synthetic CRM Directory
Customer,Northstar Automation,United Arab Emirates,Finance,Finance,Accounts Payable Lead,Logan Keller,Mila Diaz,logankeller@northstarautomation.example,+1-555-110-0656,"170 Enterprise Parkway, United Arab Emirates",Synthetic CRM Directory
Customer,Northstar Utilities,Kenya,Sourcing,Procurement,Procurement Manager,Drew Morgan,Leo Foster,drewmorgan@northstarutilities.example,+1-555-111-0341,"177 Enterprise Parkway, Kenya",Synthetic CRM Directory
Customer,Northstar Utilities,Kenya,Operations,Operations,Maintenance / Operations Coordinator,Ari Howard,Leo Foster,arihoward@northstarutilities.example,+1-555-111-0514,"177 Enterprise Parkway, Kenya",Synthetic CRM Directory
Customer,Northstar Utilities,Kenya,Finance,Finance,Accounts Payable Lead,Reese Nguyen,Leo Foster,reesenguyen@northstarutilities.example,+1-555-111-0687,"177 Enterprise Parkway, Kenya",Synthetic CRM Directory
Customer,Northstar Utilities,Kenya,Technical,Engineering,Reliability Engineer,Quinn Santos,Leo Foster,quinnsantos@northstarutilities.example,+1-555-111-0860,"177 Enterprise Parkway, Kenya",Synthetic CRM Directory
Customer,Northstar Field Services,South Korea,Sourcing,Procurement,Procurement Manager,Kendall Clark,Eva Lewis,kendallclark@northstarfieldservic.example,+1-555-112-0372,"184 Enterprise Parkway, South Korea",Synthetic CRM Directory
Customer,Northstar Field Services,South Korea,Operations,Operations,Maintenance / Operations Coordinator,Alex Walker,Eva Lewis,alexwalker@northstarfieldservic.example,+1-555-112-0545,"184 Enterprise Parkway, South Korea",Synthetic CRM Directory
Customer,Northstar Field Services,South Korea,Finance,Finance,Accounts Payable Lead,Morgan Coleman,Eva Lewis,morgancoleman@northstarfieldservic.example,+1-555-112-0718,"184 Enterprise Parkway, South Korea",Synthetic CRM Directory
Customer,Northstar Field Services,South Korea,Technical,Engineering,Reliability Engineer,Taylor Price,Eva Lewis,taylorprice@northstarfieldservic.example,+1-555-112-0891,"184 Enterprise Parkway, South Korea",Synthetic CRM Directory
Customer,Northstar Mechanical,Brazil,Sourcing,Procurement,Procurement Manager,Quinn Santos,Priya Nguyen,quinnsantos@northstarmechanical.example,+1-555-113-0403,"191 Enterprise Parkway, Brazil",Synthetic CRM Directory
Customer,Northstar Mechanical,Brazil,Operations,Operations,Maintenance / Operations Coordinator,Skyler Hayes,Priya Nguyen,skylerhayes@northstarmechanical.example,+1-555-113-0576,"191 Enterprise Parkway, Brazil",Synthetic CRM Directory
Customer,Northstar Mechanical,Brazil,Finance,Finance,Accounts Payable Lead,Robin Foster,Priya Nguyen,robinfoster@northstarmechanical.example,+1-555-113-0749,"191 Enterprise Parkway, Brazil",Synthetic CRM Directory
Customer,Northstar Power Partners,Netherlands,Sourcing,Procurement,Procurement Manager,Taylor Price,Noah Keller,taylorprice@northstarpowerpartne.example,+1-555-114-0434,"198 Enterprise Parkway, Netherlands",Synthetic CRM Directory
Customer,Northstar Power Partners,Netherlands,Operations,Operations,Maintenance / Operations Coordinator,Casey Wilson,Noah Keller,caseywilson@northstarpowerpartne.example,+1-555-114-0607,"198 Enterprise Parkway, Netherlands",Synthetic CRM Directory
Customer,Northstar Power Partners,Netherlands,Finance,Finance,Accounts Payable Lead,Riley Perry,Noah Keller,rileyperry@northstarpowerpartne.example,+1-555-114-0780,"198 Enterprise Parkway, Netherlands",Synthetic CRM Directory
Customer,Northstar Process Controls,Qatar,Sourcing,Procurement,Procurement Manager,Parker Martin,Adrian Walker,parkermartin@northstarprocesscont.example,+1-555-115-0465,"205 Enterprise Parkway, Qatar",Synthetic CRM Directory
Customer,Northstar Process Controls,Qatar,Operations,Operations,Maintenance / Operations Coordinator,Emerson Miller,Adrian Walker,emersonmiller@northstarprocesscont.example,+1-555-115-0638,"205 Enterprise Parkway, Qatar",Synthetic CRM Directory
Customer,Northstar Process Controls,Qatar,Finance,Finance,Accounts Payable Lead,Dylan Lewis,Adrian Walker,dylanlewis@northstarprocesscont.example,+1-555-115-0811,"205 Enterprise Parkway, Qatar",Synthetic CRM Directory
Customer,Northstar Engineering,Singapore,Sourcing,Procurement,Procurement Manager,Jamie Diaz,Zara Grant,jamiediaz@northstarengineering.example,+1-555-116-0496,"212 Enterprise Parkway, Singapore",Synthetic CRM Directory
Customer,Northstar Engineering,Singapore,Operations,Operations,Maintenance / Operations Coordinator,Cameron Rossi,Zara Grant,cameronrossi@northstarengineering.example,+1-555-116-0669,"212 Enterprise Parkway, Singapore",Synthetic CRM Directory
Customer,Northstar Engineering,Singapore,Finance,Finance,Accounts Payable Lead,Drew Morgan,Zara Grant,drewmorgan@northstarengineering.example,+1-555-116-0842,"212 Enterprise Parkway, Singapore",Synthetic CRM Directory
Customer,Northstar Drilling Solutions,Thailand,Sourcing,Procurement,Procurement Manager,Harper Grant,Theo Price,harpergrant@northstardrillingsol.example,+1-555-117-0527,"219 Enterprise Parkway, Thailand",Synthetic CRM Directory
Customer,Northstar Drilling Solutions,Thailand,Operations,Operations,Maintenance / Operations Coordinator,Logan Keller,Theo Price,logankeller@northstardrillingsol.example,+1-555-117-0700,"219 Enterprise Parkway, Thailand",Synthetic CRM Directory
Customer,Northstar Drilling Solutions,Thailand,Finance,Finance,Accounts Payable Lead,Kendall Clark,Theo Price,kendallclark@northstardrillingsol.example,+1-555-117-0873,"219 Enterprise Parkway, Thailand",Synthetic CRM Directory
Customer,Northstar Drilling Solutions,Thailand,Technical,Engineering,Reliability Engineer,Alex Walker,Theo Price,alexwalker@northstardrillingsol.example,+1-555-117-1046,"219 Enterprise Parkway, Thailand",Synthetic CRM Directory
Customer,Northstar Compression,Chile,Sourcing,Procurement,Procurement Manager,Ari Howard,Lucas Hayes,arihoward@northstarcompression.example,+1-555-118-0558,"226 Enterprise Parkway, Chile",Synthetic CRM Directory
Customer,Northstar Compression,Chile,Operations,Operations,Maintenance / Operations Coordinator,Reese Nguyen,Lucas Hayes,reesenguyen@northstarcompression.example,+1-555-118-0731,"226 Enterprise Parkway, Chile",Synthetic CRM Directory
Customer,Northstar Compression,Chile,Finance,Finance,Accounts Payable Lead,Quinn Santos,Lucas Hayes,quinnsantos@northstarcompression.example,+1-555-118-0904,"226 Enterprise Parkway, Chile",Synthetic CRM Directory
Customer,Northstar Industrial Maintenance,Spain,Sourcing,Procurement,Procurement Manager,Alex Walker,Avery Morgan,alexwalker@northstarindustrialm.example,+1-555-119-0589,"233 Enterprise Parkway, Spain",Synthetic CRM Directory
Customer,Northstar Industrial Maintenance,Spain,Operations,Operations,Maintenance / Operations Coordinator,Morgan Coleman,Avery Morgan,morgancoleman@northstarindustrialm.example,+1-555-119-0762,"233 Enterprise Parkway, Spain",Synthetic CRM Directory
Customer,Northstar Industrial Maintenance,Spain,Finance,Finance,Accounts Payable Lead,Taylor Price,Avery Morgan,taylorprice@northstarindustrialm.example,+1-555-119-0935,"233 Enterprise Parkway, Spain",Synthetic CRM Directory
Customer,Northstar Industrial Maintenance,Spain,Technical,Engineering,Reliability Engineer,Casey Wilson,Avery Morgan,caseywilson@northstarindustrialm.example,+1-555-119-1108,"233 Enterprise Parkway, Spain",Synthetic CRM Directory
Customer,Northstar Resources,South Africa,Sourcing,Procurement,Procurement Manager,Skyler Hayes,Grace Perry,skylerhayes@northstarresources.example,+1-555-120-0620,"240 Enterprise Parkway, South Africa",Synthetic CRM Directory
Customer,Northstar Resources,South Africa,Operations,Operations,Maintenance / Operations Coordinator,Robin Foster,Grace Perry,robinfoster@northstarresources.example,+1-555-120-0793,"240 Enterprise Parkway, South Africa",Synthetic CRM Directory
Customer,Northstar Resources,South Africa,Finance,Finance,Accounts Payable Lead,Parker Martin,Grace Perry,parkermartin@northstarresources.example,+1-555-120-0966,"240 Enterprise Parkway, South Africa",Synthetic CRM Directory
Customer,Northstar Pipeline Services,Indonesia,Sourcing,Procurement,Procurement Manager,Casey Wilson,Julian Howard,caseywilson@northstarpipelineser.example,+1-555-121-0651,"247 Enterprise Parkway, Indonesia",Synthetic CRM Directory
Customer,Northstar Pipeline Services,Indonesia,Operations,Operations,Maintenance / Operations Coordinator,Riley Perry,Julian Howard,rileyperry@northstarpipelineser.example,+1-555-121-0824,"247 Enterprise Parkway, Indonesia",Synthetic CRM Directory
Customer,Northstar Pipeline Services,Indonesia,Finance,Finance,Accounts Payable Lead,Jamie Diaz,Julian Howard,jamiediaz@northstarpipelineser.example,+1-555-121-0997,"247 Enterprise Parkway, Indonesia",Synthetic CRM Directory
Customer,Northstar Pipeline Services,Indonesia,Technical,Engineering,Reliability Engineer,Cameron Rossi,Julian Howard,cameronrossi@northstarpipelineser.example,+1-555-121-1170,"247 Enterprise Parkway, Indonesia",Synthetic CRM Directory
Customer,Northstar Rotating Equipment,United States,Sourcing,Procurement,Procurement Manager,Emerson Miller,Lina Sato,emersonmiller@northstarrotatingequ.example,+1-555-122-0682,"254 Enterprise Parkway, United States",Synthetic CRM Directory
Customer,Northstar Rotating Equipment,United States,Operations,Operations,Maintenance / Operations Coordinator,Dylan Lewis,Lina Sato,dylanlewis@northstarrotatingequ.example,+1-555-122-0855,"254 Enterprise Parkway, United States",Synthetic CRM Directory
Customer,Northstar Rotating Equipment,United States,Finance,Finance,Accounts Payable Lead,Harper Grant,Lina Sato,harpergrant@northstarrotatingequ.example,+1-555-122-1028,"254 Enterprise Parkway, United States",Synthetic CRM Directory
Customer,Northstar Rotating Equipment,United States,Technical,Engineering,Reliability Engineer,Logan Keller,Lina Sato,logankeller@northstarrotatingequ.example,+1-555-122-1201,"254 Enterprise Parkway, United States",Synthetic CRM Directory
Customer,Northstar Technical Supply,United Kingdom,Sourcing,Procurement,Procurement Manager,Cameron Rossi,Camille Martin,cameronrossi@northstartechnicalsu.example,+1-555-123-0713,"261 Enterprise Parkway, United Kingdom",Synthetic CRM Directory
Customer,Northstar Technical Supply,United Kingdom,Operations,Operations,Maintenance / Operations Coordinator,Drew Morgan,Camille Martin,drewmorgan@northstartechnicalsu.example,+1-555-123-0886,"261 Enterprise Parkway, United Kingdom",Synthetic CRM Directory
Customer,Northstar Technical Supply,United Kingdom,Finance,Finance,Accounts Payable Lead,Ari Howard,Camille Martin,arihoward@northstartechnicalsu.example,+1-555-123-1059,"261 Enterprise Parkway, United Kingdom",Synthetic CRM Directory
Customer,Northstar Refinery Services,Poland,Sourcing,Procurement,Procurement Manager,Logan Keller,Mila Diaz,logankeller@northstarrefineryser.example,+1-555-124-0744,"268 Enterprise Parkway, Poland",Synthetic CRM Directory
Customer,Northstar Refinery Services,Poland,Operations,Operations,Maintenance / Operations Coordinator,Kendall Clark,Mila Diaz,kendallclark@northstarrefineryser.example,+1-555-124-0917,"268 Enterprise Parkway, Poland",Synthetic CRM Directory
Customer,Northstar Refinery Services,Poland,Finance,Finance,Accounts Payable Lead,Alex Walker,Mila Diaz,alexwalker@northstarrefineryser.example,+1-555-124-1090,"268 Enterprise Parkway, Poland",Synthetic CRM Directory
Customer,Northstar Energy Projects,Nigeria,Sourcing,Procurement,Procurement Manager,Reese Nguyen,Leo Foster,reesenguyen@northstarenergyproje.example,+1-555-125-0775,"275 Enterprise Parkway, Nigeria",Synthetic CRM Directory
Customer,Northstar Energy Projects,Nigeria,Operations,Operations,Maintenance / Operations Coordinator,Quinn Santos,Leo Foster,quinnsantos@northstarenergyproje.example,+1-555-125-0948,"275 Enterprise Parkway, Nigeria",Synthetic CRM Directory
Customer,Northstar Energy Projects,Nigeria,Finance,Finance,Accounts Payable Lead,Skyler Hayes,Leo Foster,skylerhayes@northstarenergyproje.example,+1-555-125-1121,"275 Enterprise Parkway, Nigeria",Synthetic CRM Directory
Customer,Northstar Energy Projects,Nigeria,Technical,Engineering,Reliability Engineer,Robin Foster,Leo Foster,robinfoster@northstarenergyproje.example,+1-555-125-1294,"275 Enterprise Parkway, Nigeria",Synthetic CRM Directory
Customer,Northstar Marine Engineering,Japan,Sourcing,Procurement,Procurement Manager,Morgan Coleman,Eva Lewis,morgancoleman@northstarmarineengin.example,+1-555-126-0806,"282 Enterprise Parkway, Japan",Synthetic CRM Directory
Customer,Northstar Marine Engineering,Japan,Operations,Operations,Maintenance / Operations Coordinator,Taylor Price,Eva Lewis,taylorprice@northstarmarineengin.example,+1-555-126-0979,"282 Enterprise Parkway, Japan",Synthetic CRM Directory
Customer,Northstar Marine Engineering,Japan,Finance,Finance,Accounts Payable Lead,Casey Wilson,Eva Lewis,caseywilson@northstarmarineengin.example,+1-555-126-1152,"282 Enterprise Parkway, Japan",Synthetic CRM Directory
Customer,Northstar Production Services,Mexico,Sourcing,Procurement,Procurement Manager,Robin Foster,Priya Nguyen,robinfoster@northstarproductions.example,+1-555-127-0837,"289 Enterprise Parkway, Mexico",Synthetic CRM Directory
Customer,Northstar Production Services,Mexico,Operations,Operations,Maintenance / Operations Coordinator,Parker Martin,Priya Nguyen,parkermartin@northstarproductions.example,+1-555-127-1010,"289 Enterprise Parkway, Mexico",Synthetic CRM Directory
Customer,Northstar Production Services,Mexico,Finance,Finance,Accounts Payable Lead,Emerson Miller,Priya Nguyen,emersonmiller@northstarproductions.example,+1-555-127-1183,"289 Enterprise Parkway, Mexico",Synthetic CRM Directory
Customer,Northstar Production Services,Mexico,Technical,Engineering,Reliability Engineer,Dylan Lewis,Priya Nguyen,dylanlewis@northstarproductions.example,+1-555-127-1356,"289 Enterprise Parkway, Mexico",Synthetic CRM Directory
Customer,Northstar Controls,Germany,Sourcing,Procurement,Procurement Manager,Riley Perry,Noah Keller,rileyperry@northstarcontrols.example,+1-555-128-0868,"296 Enterprise Parkway, Germany",Synthetic CRM Directory
Customer,Northstar Controls,Germany,Operations,Operations,Maintenance / Operations Coordinator,Jamie Diaz,Noah Keller,jamiediaz@northstarcontrols.example,+1-555-128-1041,"296 Enterprise Parkway, Germany",Synthetic CRM Directory
Customer,Northstar Controls,Germany,Finance,Finance,Accounts Payable Lead,Cameron Rossi,Noah Keller,cameronrossi@northstarcontrols.example,+1-555-128-1214,"296 Enterprise Parkway, Germany",Synthetic CRM Directory
Customer,Northstar Offshore Systems,Saudi Arabia,Sourcing,Procurement,Procurement Manager,Dylan Lewis,Adrian Walker,dylanlewis@northstaroffshoresys.example,+1-555-129-0899,"303 Enterprise Parkway, Saudi Arabia",Synthetic CRM Directory
Customer,Northstar Offshore Systems,Saudi Arabia,Operations,Operations,Maintenance / Operations Coordinator,Harper Grant,Adrian Walker,harpergrant@northstaroffshoresys.example,+1-555-129-1072,"303 Enterprise Parkway, Saudi Arabia",Synthetic CRM Directory
Customer,Northstar Offshore Systems,Saudi Arabia,Finance,Finance,Accounts Payable Lead,Logan Keller,Adrian Walker,logankeller@northstaroffshoresys.example,+1-555-129-1245,"303 Enterprise Parkway, Saudi Arabia",Synthetic CRM Directory
Customer,Northstar Offshore Systems,Saudi Arabia,Technical,Engineering,Reliability Engineer,Kendall Clark,Adrian Walker,kendallclark@northstaroffshoresys.example,+1-555-129-1418,"303 Enterprise Parkway, Saudi Arabia",Synthetic CRM Directory
Customer,Northstar Mechanical Group,Egypt,Sourcing,Procurement,Procurement Manager,Drew Morgan,Zara Grant,drewmorgan@northstarmechanicalg.example,+1-555-130-0930,"310 Enterprise Parkway, Egypt",Synthetic CRM Directory
Customer,Northstar Mechanical Group,Egypt,Operations,Operations,Maintenance / Operations Coordinator,Ari Howard,Zara Grant,arihoward@northstarmechanicalg.example,+1-555-130-1103,"310 Enterprise Parkway, Egypt",Synthetic CRM Directory
Customer,Northstar Mechanical Group,Egypt,Finance,Finance,Accounts Payable Lead,Reese Nguyen,Zara Grant,reesenguyen@northstarmechanicalg.example,+1-555-130-1276,"310 Enterprise Parkway, Egypt",Synthetic CRM Directory
Customer,Northstar Mechanical Group,Egypt,Technical,Engineering,Reliability Engineer,Quinn Santos,Zara Grant,quinnsantos@northstarmechanicalg.example,+1-555-130-1449,"310 Enterprise Parkway, Egypt",Synthetic CRM Directory
Customer,Northstar Industrial Services,India,Sourcing,Procurement,Procurement Manager,Kendall Clark,Theo Price,kendallclark@northstarindustrials.example,+1-555-131-0961,"317 Enterprise Parkway, India",Synthetic CRM Directory
Customer,Northstar Industrial Services,India,Operations,Operations,Maintenance / Operations Coordinator,Alex Walker,Theo Price,alexwalker@northstarindustrials.example,+1-555-131-1134,"317 Enterprise Parkway, India",Synthetic CRM Directory
Customer,Northstar Industrial Services,India,Finance,Finance,Accounts Payable Lead,Morgan Coleman,Theo Price,morgancoleman@northstarindustrials.example,+1-555-131-1307,"317 Enterprise Parkway, India",Synthetic CRM Directory
Customer,Northstar Industrial Services,India,Technical,Engineering,Reliability Engineer,Taylor Price,Theo Price,taylorprice@northstarindustrials.example,+1-555-131-1480,"317 Enterprise Parkway, India",Synthetic CRM Directory
Customer,Northstar Flow Systems,Colombia,Sourcing,Procurement,Procurement Manager,Quinn Santos,Lucas Hayes,quinnsantos@northstarflowsystems.example,+1-555-132-0992,"324 Enterprise Parkway, Colombia",Synthetic CRM Directory
Customer,Northstar Flow Systems,Colombia,Operations,Operations,Maintenance / Operations Coordinator,Skyler Hayes,Lucas Hayes,skylerhayes@northstarflowsystems.example,+1-555-132-1165,"324 Enterprise Parkway, Colombia",Synthetic CRM Directory
Customer,Northstar Flow Systems,Colombia,Finance,Finance,Accounts Payable Lead,Robin Foster,Lucas Hayes,robinfoster@northstarflowsystems.example,+1-555-132-1338,"324 Enterprise Parkway, Colombia",Synthetic CRM Directory
Customer,Northstar Instrumentation,Norway,Sourcing,Procurement,Procurement Manager,Taylor Price,Avery Morgan,taylorprice@northstarinstrumenta.example,+1-555-133-1023,"331 Enterprise Parkway, Norway",Synthetic CRM Directory
Customer,Northstar Instrumentation,Norway,Operations,Operations,Maintenance / Operations Coordinator,Casey Wilson,Avery Morgan,caseywilson@northstarinstrumenta.example,+1-555-133-1196,"331 Enterprise Parkway, Norway",Synthetic CRM Directory
Customer,Northstar Instrumentation,Norway,Finance,Finance,Accounts Payable Lead,Riley Perry,Avery Morgan,rileyperry@northstarinstrumenta.example,+1-555-133-1369,"331 Enterprise Parkway, Norway",Synthetic CRM Directory
Customer,Northstar Instrumentation,Norway,Technical,Engineering,Reliability Engineer,Jamie Diaz,Avery Morgan,jamiediaz@northstarinstrumenta.example,+1-555-133-1542,"331 Enterprise Parkway, Norway",Synthetic CRM Directory
Customer,Northstar Technical Services,Oman,Sourcing,Procurement,Procurement Manager,Parker Martin,Grace Perry,parkermartin@northstartechnicalse.example,+1-555-134-1054,"338 Enterprise Parkway, Oman",Synthetic CRM Directory
Customer,Northstar Technical Services,Oman,Operations,Operations,Maintenance / Operations Coordinator,Emerson Miller,Grace Perry,emersonmiller@northstartechnicalse.example,+1-555-134-1227,"338 Enterprise Parkway, Oman",Synthetic CRM Directory
Customer,Northstar Technical Services,Oman,Finance,Finance,Accounts Payable Lead,Dylan Lewis,Grace Perry,dylanlewis@northstartechnicalse.example,+1-555-134-1400,"338 Enterprise Parkway, Oman",Synthetic CRM Directory
Customer,Northstar Technical Services,Oman,Technical,Engineering,Reliability Engineer,Harper Grant,Grace Perry,harpergrant@northstartechnicalse.example,+1-555-134-1573,"338 Enterprise Parkway, Oman",Synthetic CRM Directory
Customer,Northstar Industrial Solutions,Malaysia,Sourcing,Procurement,Procurement Manager,Jamie Diaz,Julian Howard,jamiediaz@northstarindustrials.example,+1-555-135-1085,"345 Enterprise Parkway, Malaysia",Synthetic CRM Directory
Customer,Northstar Industrial Solutions,Malaysia,Operations,Operations,Maintenance / Operations Coordinator,Cameron Rossi,Julian Howard,cameronrossi@northstarindustrials.example,+1-555-135-1258,"345 Enterprise Parkway, Malaysia",Synthetic CRM Directory
Customer,Northstar Industrial Solutions,Malaysia,Finance,Finance,Accounts Payable Lead,Drew Morgan,Julian Howard,drewmorgan@northstarindustrials.example,+1-555-135-1431,"345 Enterprise Parkway, Malaysia",Synthetic CRM Directory
Customer,Northstar Marine Supply,Vietnam,Sourcing,Procurement,Procurement Manager,Harper Grant,Lina Sato,harpergrant@northstarmarinesuppl.example,+1-555-136-1116,"352 Enterprise Parkway, Vietnam",Synthetic CRM Directory
Customer,Northstar Marine Supply,Vietnam,Operations,Operations,Maintenance / Operations Coordinator,Logan Keller,Lina Sato,logankeller@northstarmarinesuppl.example,+1-555-136-1289,"352 Enterprise Parkway, Vietnam",Synthetic CRM Directory
Customer,Northstar Marine Supply,Vietnam,Finance,Finance,Accounts Payable Lead,Kendall Clark,Lina Sato,kendallclark@northstarmarinesuppl.example,+1-555-136-1462,"352 Enterprise Parkway, Vietnam",Synthetic CRM Directory
Customer,Northstar Marine Supply,Vietnam,Technical,Engineering,Reliability Engineer,Alex Walker,Lina Sato,alexwalker@northstarmarinesuppl.example,+1-555-136-1635,"352 Enterprise Parkway, Vietnam",Synthetic CRM Directory
Customer,Helios Energy Systems,Argentina,Sourcing,Procurement,Procurement Manager,Ari Howard,Camille Martin,arihoward@heliosenergysystems.example,+1-555-137-1147,"359 Enterprise Parkway, Argentina",Synthetic CRM Directory
Customer,Helios Energy Systems,Argentina,Operations,Operations,Maintenance / Operations Coordinator,Reese Nguyen,Camille Martin,reesenguyen@heliosenergysystems.example,+1-555-137-1320,"359 Enterprise Parkway, Argentina",Synthetic CRM Directory
Customer,Helios Energy Systems,Argentina,Finance,Finance,Accounts Payable Lead,Quinn Santos,Camille Martin,quinnsantos@heliosenergysystems.example,+1-555-137-1493,"359 Enterprise Parkway, Argentina",Synthetic CRM Directory
Customer,Helios Energy Systems,Argentina,Technical,Engineering,Reliability Engineer,Skyler Hayes,Camille Martin,skylerhayes@heliosenergysystems.example,+1-555-137-1666,"359 Enterprise Parkway, Argentina",Synthetic CRM Directory
Customer,Helios Marine Services,Italy,Sourcing,Procurement,Procurement Manager,Alex Walker,Mila Diaz,alexwalker@heliosmarineservices.example,+1-555-138-1178,"366 Enterprise Parkway, Italy",Synthetic CRM Directory
Customer,Helios Marine Services,Italy,Operations,Operations,Maintenance / Operations Coordinator,Morgan Coleman,Mila Diaz,morgancoleman@heliosmarineservices.example,+1-555-138-1351,"366 Enterprise Parkway, Italy",Synthetic CRM Directory
Customer,Helios Marine Services,Italy,Finance,Finance,Accounts Payable Lead,Taylor Price,Mila Diaz,taylorprice@heliosmarineservices.example,+1-555-138-1524,"366 Enterprise Parkway, Italy",Synthetic CRM Directory
Customer,Helios Marine Services,Italy,Technical,Engineering,Reliability Engineer,Casey Wilson,Mila Diaz,caseywilson@heliosmarineservices.example,+1-555-138-1697,"366 Enterprise Parkway, Italy",Synthetic CRM Directory
Customer,Helios Industrial Group,Ghana,Sourcing,Procurement,Procurement Manager,Skyler Hayes,Leo Foster,skylerhayes@heliosindustrialgrou.example,+1-555-139-1209,"373 Enterprise Parkway, Ghana",Synthetic CRM Directory
Customer,Helios Industrial Group,Ghana,Operations,Operations,Maintenance / Operations Coordinator,Robin Foster,Leo Foster,robinfoster@heliosindustrialgrou.example,+1-555-139-1382,"373 Enterprise Parkway, Ghana",Synthetic CRM Directory
Customer,Helios Industrial Group,Ghana,Finance,Finance,Accounts Payable Lead,Parker Martin,Leo Foster,parkermartin@heliosindustrialgrou.example,+1-555-139-1555,"373 Enterprise Parkway, Ghana",Synthetic CRM Directory
Customer,Helios Process Solutions,Australia,Sourcing,Procurement,Procurement Manager,Casey Wilson,Eva Lewis,caseywilson@heliosprocesssolutio.example,+1-555-140-1240,"380 Enterprise Parkway, Australia",Synthetic CRM Directory
Customer,Helios Process Solutions,Australia,Operations,Operations,Maintenance / Operations Coordinator,Riley Perry,Eva Lewis,rileyperry@heliosprocesssolutio.example,+1-555-140-1413,"380 Enterprise Parkway, Australia",Synthetic CRM Directory
Customer,Helios Process Solutions,Australia,Finance,Finance,Accounts Payable Lead,Jamie Diaz,Eva Lewis,jamiediaz@heliosprocesssolutio.example,+1-555-140-1586,"380 Enterprise Parkway, Australia",Synthetic CRM Directory
Customer,Helios Process Solutions,Australia,Technical,Engineering,Reliability Engineer,Cameron Rossi,Eva Lewis,cameronrossi@heliosprocesssolutio.example,+1-555-140-1759,"380 Enterprise Parkway, Australia",Synthetic CRM Directory
Customer,Helios Offshore Engineering,Canada,Sourcing,Procurement,Procurement Manager,Emerson Miller,Priya Nguyen,emersonmiller@heliosoffshoreengine.example,+1-555-141-1271,"387 Enterprise Parkway, Canada",Synthetic CRM Directory
Customer,Helios Offshore Engineering,Canada,Operations,Operations,Maintenance / Operations Coordinator,Dylan Lewis,Priya Nguyen,dylanlewis@heliosoffshoreengine.example,+1-555-141-1444,"387 Enterprise Parkway, Canada",Synthetic CRM Directory
Customer,Helios Offshore Engineering,Canada,Finance,Finance,Accounts Payable Lead,Harper Grant,Priya Nguyen,harpergrant@heliosoffshoreengine.example,+1-555-141-1617,"387 Enterprise Parkway, Canada",Synthetic CRM Directory
Customer,Helios Offshore Engineering,Canada,Technical,Engineering,Reliability Engineer,Logan Keller,Priya Nguyen,logankeller@heliosoffshoreengine.example,+1-555-141-1790,"387 Enterprise Parkway, Canada",Synthetic CRM Directory
Customer,Helios Flow Technologies,France,Sourcing,Procurement,Procurement Manager,Cameron Rossi,Noah Keller,cameronrossi@heliosflowtechnologi.example,+1-555-142-1302,"394 Enterprise Parkway, France",Synthetic CRM Directory
Customer,Helios Flow Technologies,France,Operations,Operations,Maintenance / Operations Coordinator,Drew Morgan,Noah Keller,drewmorgan@heliosflowtechnologi.example,+1-555-142-1475,"394 Enterprise Parkway, France",Synthetic CRM Directory
Customer,Helios Flow Technologies,France,Finance,Finance,Accounts Payable Lead,Ari Howard,Noah Keller,arihoward@heliosflowtechnologi.example,+1-555-142-1648,"394 Enterprise Parkway, France",Synthetic CRM Directory
Customer,Helios Infrastructure,United Arab Emirates,Sourcing,Procurement,Procurement Manager,Logan Keller,Adrian Walker,logankeller@heliosinfrastructure.example,+1-555-143-1333,"401 Enterprise Parkway, United Arab Emirates",Synthetic CRM Directory
Customer,Helios Infrastructure,United Arab Emirates,Operations,Operations,Maintenance / Operations Coordinator,Kendall Clark,Adrian Walker,kendallclark@heliosinfrastructure.example,+1-555-143-1506,"401 Enterprise Parkway, United Arab Emirates",Synthetic CRM Directory
Customer,Helios Infrastructure,United Arab Emirates,Finance,Finance,Accounts Payable Lead,Alex Walker,Adrian Walker,alexwalker@heliosinfrastructure.example,+1-555-143-1679,"401 Enterprise Parkway, United Arab Emirates",Synthetic CRM Directory
Customer,Helios Petro Systems,Kenya,Sourcing,Procurement,Procurement Manager,Reese Nguyen,Zara Grant,reesenguyen@heliospetrosystems.example,+1-555-144-1364,"408 Enterprise Parkway, Kenya",Synthetic CRM Directory
Customer,Helios Petro Systems,Kenya,Operations,Operations,Maintenance / Operations Coordinator,Quinn Santos,Zara Grant,quinnsantos@heliospetrosystems.example,+1-555-144-1537,"408 Enterprise Parkway, Kenya",Synthetic CRM Directory
Customer,Helios Petro Systems,Kenya,Finance,Finance,Accounts Payable Lead,Skyler Hayes,Zara Grant,skylerhayes@heliospetrosystems.example,+1-555-144-1710,"408 Enterprise Parkway, Kenya",Synthetic CRM Directory
Customer,Helios Mining Services,South Korea,Sourcing,Procurement,Procurement Manager,Morgan Coleman,Theo Price,morgancoleman@heliosminingservices.example,+1-555-145-1395,"415 Enterprise Parkway, South Korea",Synthetic CRM Directory
Customer,Helios Mining Services,South Korea,Operations,Operations,Maintenance / Operations Coordinator,Taylor Price,Theo Price,taylorprice@heliosminingservices.example,+1-555-145-1568,"415 Enterprise Parkway, South Korea",Synthetic CRM Directory
Customer,Helios Mining Services,South Korea,Finance,Finance,Accounts Payable Lead,Casey Wilson,Theo Price,caseywilson@heliosminingservices.example,+1-555-145-1741,"415 Enterprise Parkway, South Korea",Synthetic CRM Directory
Customer,Helios Waterworks,Brazil,Sourcing,Procurement,Procurement Manager,Robin Foster,Lucas Hayes,robinfoster@helioswaterworks.example,+1-555-146-1426,"422 Enterprise Parkway, Brazil",Synthetic CRM Directory
Customer,Helios Waterworks,Brazil,Operations,Operations,Maintenance / Operations Coordinator,Parker Martin,Lucas Hayes,parkermartin@helioswaterworks.example,+1-555-146-1599,"422 Enterprise Parkway, Brazil",Synthetic CRM Directory
Customer,Helios Waterworks,Brazil,Finance,Finance,Accounts Payable Lead,Emerson Miller,Lucas Hayes,emersonmiller@helioswaterworks.example,+1-555-146-1772,"422 Enterprise Parkway, Brazil",Synthetic CRM Directory
Customer,Helios Waterworks,Brazil,Technical,Engineering,Reliability Engineer,Dylan Lewis,Lucas Hayes,dylanlewis@helioswaterworks.example,+1-555-146-1945,"422 Enterprise Parkway, Brazil",Synthetic CRM Directory
Customer,Helios Automation,Netherlands,Sourcing,Procurement,Procurement Manager,Riley Perry,Avery Morgan,rileyperry@heliosautomation.example,+1-555-147-1457,"429 Enterprise Parkway, Netherlands",Synthetic CRM Directory
Customer,Helios Automation,Netherlands,Operations,Operations,Maintenance / Operations Coordinator,Jamie Diaz,Avery Morgan,jamiediaz@heliosautomation.example,+1-555-147-1630,"429 Enterprise Parkway, Netherlands",Synthetic CRM Directory
Customer,Helios Automation,Netherlands,Finance,Finance,Accounts Payable Lead,Cameron Rossi,Avery Morgan,cameronrossi@heliosautomation.example,+1-555-147-1803,"429 Enterprise Parkway, Netherlands",Synthetic CRM Directory
Customer,Helios Automation,Netherlands,Technical,Engineering,Reliability Engineer,Drew Morgan,Avery Morgan,drewmorgan@heliosautomation.example,+1-555-147-1976,"429 Enterprise Parkway, Netherlands",Synthetic CRM Directory
Customer,Helios Utilities,Qatar,Sourcing,Procurement,Procurement Manager,Dylan Lewis,Grace Perry,dylanlewis@heliosutilities.example,+1-555-148-1488,"436 Enterprise Parkway, Qatar",Synthetic CRM Directory
Customer,Helios Utilities,Qatar,Operations,Operations,Maintenance / Operations Coordinator,Harper Grant,Grace Perry,harpergrant@heliosutilities.example,+1-555-148-1661,"436 Enterprise Parkway, Qatar",Synthetic CRM Directory
Customer,Helios Utilities,Qatar,Finance,Finance,Accounts Payable Lead,Logan Keller,Grace Perry,logankeller@heliosutilities.example,+1-555-148-1834,"436 Enterprise Parkway, Qatar",Synthetic CRM Directory
Customer,Helios Utilities,Qatar,Technical,Engineering,Reliability Engineer,Kendall Clark,Grace Perry,kendallclark@heliosutilities.example,+1-555-148-2007,"436 Enterprise Parkway, Qatar",Synthetic CRM Directory
Customer,Helios Field Services,Singapore,Sourcing,Procurement,Procurement Manager,Drew Morgan,Julian Howard,drewmorgan@heliosfieldservices.example,+1-555-149-1519,"443 Enterprise Parkway, Singapore",Synthetic CRM Directory
Customer,Helios Field Services,Singapore,Operations,Operations,Maintenance / Operations Coordinator,Ari Howard,Julian Howard,arihoward@heliosfieldservices.example,+1-555-149-1692,"443 Enterprise Parkway, Singapore",Synthetic CRM Directory
Customer,Helios Field Services,Singapore,Finance,Finance,Accounts Payable Lead,Reese Nguyen,Julian Howard,reesenguyen@heliosfieldservices.example,+1-555-149-1865,"443 Enterprise Parkway, Singapore",Synthetic CRM Directory
Customer,Helios Field Services,Singapore,Technical,Engineering,Reliability Engineer,Quinn Santos,Julian Howard,quinnsantos@heliosfieldservices.example,+1-555-149-2038,"443 Enterprise Parkway, Singapore",Synthetic CRM Directory
Customer,Helios Mechanical,Thailand,Sourcing,Procurement,Procurement Manager,Kendall Clark,Lina Sato,kendallclark@heliosmechanical.example,+1-555-150-1550,"450 Enterprise Parkway, Thailand",Synthetic CRM Directory
Customer,Helios Mechanical,Thailand,Operations,Operations,Maintenance / Operations Coordinator,Alex Walker,Lina Sato,alexwalker@heliosmechanical.example,+1-555-150-1723,"450 Enterprise Parkway, Thailand",Synthetic CRM Directory
Customer,Helios Mechanical,Thailand,Finance,Finance,Accounts Payable Lead,Morgan Coleman,Lina Sato,morgancoleman@heliosmechanical.example,+1-555-150-1896,"450 Enterprise Parkway, Thailand",Synthetic CRM Directory
Customer,Helios Mechanical,Thailand,Technical,Engineering,Reliability Engineer,Taylor Price,Lina Sato,taylorprice@heliosmechanical.example,+1-555-150-2069,"450 Enterprise Parkway, Thailand",Synthetic CRM Directory
Customer,Helios Power Partners,Chile,Sourcing,Procurement,Procurement Manager,Quinn Santos,Camille Martin,quinnsantos@heliospowerpartners.example,+1-555-151-1581,"457 Enterprise Parkway, Chile",Synthetic CRM Directory
Customer,Helios Power Partners,Chile,Operations,Operations,Maintenance / Operations Coordinator,Skyler Hayes,Camille Martin,skylerhayes@heliospowerpartners.example,+1-555-151-1754,"457 Enterprise Parkway, Chile",Synthetic CRM Directory
Customer,Helios Power Partners,Chile,Finance,Finance,Accounts Payable Lead,Robin Foster,Camille Martin,robinfoster@heliospowerpartners.example,+1-555-151-1927,"457 Enterprise Parkway, Chile",Synthetic CRM Directory
Customer,Helios Process Controls,Spain,Sourcing,Procurement,Procurement Manager,Taylor Price,Mila Diaz,taylorprice@heliosprocesscontrol.example,+1-555-152-1612,"464 Enterprise Parkway, Spain",Synthetic CRM Directory
Customer,Helios Process Controls,Spain,Operations,Operations,Maintenance / Operations Coordinator,Casey Wilson,Mila Diaz,caseywilson@heliosprocesscontrol.example,+1-555-152-1785,"464 Enterprise Parkway, Spain",Synthetic CRM Directory
Customer,Helios Process Controls,Spain,Finance,Finance,Accounts Payable Lead,Riley Perry,Mila Diaz,rileyperry@heliosprocesscontrol.example,+1-555-152-1958,"464 Enterprise Parkway, Spain",Synthetic CRM Directory
Customer,Helios Engineering,South Africa,Sourcing,Procurement,Procurement Manager,Parker Martin,Leo Foster,parkermartin@heliosengineering.example,+1-555-153-1643,"471 Enterprise Parkway, South Africa",Synthetic CRM Directory
Customer,Helios Engineering,South Africa,Operations,Operations,Maintenance / Operations Coordinator,Emerson Miller,Leo Foster,emersonmiller@heliosengineering.example,+1-555-153-1816,"471 Enterprise Parkway, South Africa",Synthetic CRM Directory
Customer,Helios Engineering,South Africa,Finance,Finance,Accounts Payable Lead,Dylan Lewis,Leo Foster,dylanlewis@heliosengineering.example,+1-555-153-1989,"471 Enterprise Parkway, South Africa",Synthetic CRM Directory
Customer,Helios Drilling Solutions,Indonesia,Sourcing,Procurement,Procurement Manager,Jamie Diaz,Eva Lewis,jamiediaz@heliosdrillingsoluti.example,+1-555-154-1674,"478 Enterprise Parkway, Indonesia",Synthetic CRM Directory
Customer,Helios Drilling Solutions,Indonesia,Operations,Operations,Maintenance / Operations Coordinator,Cameron Rossi,Eva Lewis,cameronrossi@heliosdrillingsoluti.example,+1-555-154-1847,"478 Enterprise Parkway, Indonesia",Synthetic CRM Directory
Customer,Helios Drilling Solutions,Indonesia,Finance,Finance,Accounts Payable Lead,Drew Morgan,Eva Lewis,drewmorgan@heliosdrillingsoluti.example,+1-555-154-2020,"478 Enterprise Parkway, Indonesia",Synthetic CRM Directory
Customer,Helios Drilling Solutions,Indonesia,Technical,Engineering,Reliability Engineer,Ari Howard,Eva Lewis,arihoward@heliosdrillingsoluti.example,+1-555-154-2193,"478 Enterprise Parkway, Indonesia",Synthetic CRM Directory
Customer,Helios Compression,United States,Sourcing,Procurement,Procurement Manager,Harper Grant,Priya Nguyen,harpergrant@helioscompression.example,+1-555-155-1705,"485 Enterprise Parkway, United States",Synthetic CRM Directory
Customer,Helios Compression,United States,Operations,Operations,Maintenance / Operations Coordinator,Logan Keller,Priya Nguyen,logankeller@helioscompression.example,+1-555-155-1878,"485 Enterprise Parkway, United States",Synthetic CRM Directory
Customer,Helios Compression,United States,Finance,Finance,Accounts Payable Lead,Kendall Clark,Priya Nguyen,kendallclark@helioscompression.example,+1-555-155-2051,"485 Enterprise Parkway, United States",Synthetic CRM Directory
Customer,Helios Industrial Maintenance,United Kingdom,Sourcing,Procurement,Procurement Manager,Ari Howard,Noah Keller,arihoward@heliosindustrialmain.example,+1-555-156-1736,"492 Enterprise Parkway, United Kingdom",Synthetic CRM Directory
Customer,Helios Industrial Maintenance,United Kingdom,Operations,Operations,Maintenance / Operations Coordinator,Reese Nguyen,Noah Keller,reesenguyen@heliosindustrialmain.example,+1-555-156-1909,"492 Enterprise Parkway, United Kingdom",Synthetic CRM Directory
Customer,Helios Industrial Maintenance,United Kingdom,Finance,Finance,Accounts Payable Lead,Quinn Santos,Noah Keller,quinnsantos@heliosindustrialmain.example,+1-555-156-2082,"492 Enterprise Parkway, United Kingdom",Synthetic CRM Directory
Customer,Helios Resources,Poland,Sourcing,Procurement,Procurement Manager,Alex Walker,Adrian Walker,alexwalker@heliosresources.example,+1-555-157-1767,"499 Enterprise Parkway, Poland",Synthetic CRM Directory
Customer,Helios Resources,Poland,Operations,Operations,Maintenance / Operations Coordinator,Morgan Coleman,Adrian Walker,morgancoleman@heliosresources.example,+1-555-157-1940,"499 Enterprise Parkway, Poland",Synthetic CRM Directory
Customer,Helios Resources,Poland,Finance,Finance,Accounts Payable Lead,Taylor Price,Adrian Walker,taylorprice@heliosresources.example,+1-555-157-2113,"499 Enterprise Parkway, Poland",Synthetic CRM Directory
Customer,Helios Resources,Poland,Technical,Engineering,Reliability Engineer,Casey Wilson,Adrian Walker,caseywilson@heliosresources.example,+1-555-157-2286,"499 Enterprise Parkway, Poland",Synthetic CRM Directory
Customer,Helios Pipeline Services,Nigeria,Sourcing,Procurement,Procurement Manager,Skyler Hayes,Zara Grant,skylerhayes@heliospipelineservic.example,+1-555-158-1798,"506 Enterprise Parkway, Nigeria",Synthetic CRM Directory
Customer,Helios Pipeline Services,Nigeria,Operations,Operations,Maintenance / Operations Coordinator,Robin Foster,Zara Grant,robinfoster@heliospipelineservic.example,+1-555-158-1971,"506 Enterprise Parkway, Nigeria",Synthetic CRM Directory
Customer,Helios Pipeline Services,Nigeria,Finance,Finance,Accounts Payable Lead,Parker Martin,Zara Grant,parkermartin@heliospipelineservic.example,+1-555-158-2144,"506 Enterprise Parkway, Nigeria",Synthetic CRM Directory
Customer,Helios Rotating Equipment,Japan,Sourcing,Procurement,Procurement Manager,Casey Wilson,Theo Price,caseywilson@heliosrotatingequipm.example,+1-555-159-1829,"513 Enterprise Parkway, Japan",Synthetic CRM Directory
Customer,Helios Rotating Equipment,Japan,Operations,Operations,Maintenance / Operations Coordinator,Riley Perry,Theo Price,rileyperry@heliosrotatingequipm.example,+1-555-159-2002,"513 Enterprise Parkway, Japan",Synthetic CRM Directory
Customer,Helios Rotating Equipment,Japan,Finance,Finance,Accounts Payable Lead,Jamie Diaz,Theo Price,jamiediaz@heliosrotatingequipm.example,+1-555-159-2175,"513 Enterprise Parkway, Japan",Synthetic CRM Directory
Customer,Helios Technical Supply,Mexico,Sourcing,Procurement,Procurement Manager,Emerson Miller,Lucas Hayes,emersonmiller@heliostechnicalsuppl.example,+1-555-160-1860,"520 Enterprise Parkway, Mexico",Synthetic CRM Directory
Customer,Helios Technical Supply,Mexico,Operations,Operations,Maintenance / Operations Coordinator,Dylan Lewis,Lucas Hayes,dylanlewis@heliostechnicalsuppl.example,+1-555-160-2033,"520 Enterprise Parkway, Mexico",Synthetic CRM Directory
Customer,Helios Technical Supply,Mexico,Finance,Finance,Accounts Payable Lead,Harper Grant,Lucas Hayes,harpergrant@heliostechnicalsuppl.example,+1-555-160-2206,"520 Enterprise Parkway, Mexico",Synthetic CRM Directory
Customer,Helios Technical Supply,Mexico,Technical,Engineering,Reliability Engineer,Logan Keller,Lucas Hayes,logankeller@heliostechnicalsuppl.example,+1-555-160-2379,"520 Enterprise Parkway, Mexico",Synthetic CRM Directory
Customer,Helios Refinery Services,Germany,Sourcing,Procurement,Procurement Manager,Cameron Rossi,Avery Morgan,cameronrossi@heliosrefineryservic.example,+1-555-161-1891,"527 Enterprise Parkway, Germany",Synthetic CRM Directory
Customer,Helios Refinery Services,Germany,Operations,Operations,Maintenance / Operations Coordinator,Drew Morgan,Avery Morgan,drewmorgan@heliosrefineryservic.example,+1-555-161-2064,"527 Enterprise Parkway, Germany",Synthetic CRM Directory
Customer,Helios Refinery Services,Germany,Finance,Finance,Accounts Payable Lead,Ari Howard,Avery Morgan,arihoward@heliosrefineryservic.example,+1-555-161-2237,"527 Enterprise Parkway, Germany",Synthetic CRM Directory
Customer,Helios Energy Projects,Saudi Arabia,Sourcing,Procurement,Procurement Manager,Logan Keller,Grace Perry,logankeller@heliosenergyprojects.example,+1-555-162-1922,"534 Enterprise Parkway, Saudi Arabia",Synthetic CRM Directory
Customer,Helios Energy Projects,Saudi Arabia,Operations,Operations,Maintenance / Operations Coordinator,Kendall Clark,Grace Perry,kendallclark@heliosenergyprojects.example,+1-555-162-2095,"534 Enterprise Parkway, Saudi Arabia",Synthetic CRM Directory
Customer,Helios Energy Projects,Saudi Arabia,Finance,Finance,Accounts Payable Lead,Alex Walker,Grace Perry,alexwalker@heliosenergyprojects.example,+1-555-162-2268,"534 Enterprise Parkway, Saudi Arabia",Synthetic CRM Directory
Customer,Helios Marine Engineering,Egypt,Sourcing,Procurement,Procurement Manager,Reese Nguyen,Julian Howard,reesenguyen@heliosmarineengineer.example,+1-555-163-1953,"541 Enterprise Parkway, Egypt",Synthetic CRM Directory
Customer,Helios Marine Engineering,Egypt,Operations,Operations,Maintenance / Operations Coordinator,Quinn Santos,Julian Howard,quinnsantos@heliosmarineengineer.example,+1-555-163-2126,"541 Enterprise Parkway, Egypt",Synthetic CRM Directory
Customer,Helios Marine Engineering,Egypt,Finance,Finance,Accounts Payable Lead,Skyler Hayes,Julian Howard,skylerhayes@heliosmarineengineer.example,+1-555-163-2299,"541 Enterprise Parkway, Egypt",Synthetic CRM Directory
Customer,Helios Marine Engineering,Egypt,Technical,Engineering,Reliability Engineer,Robin Foster,Julian Howard,robinfoster@heliosmarineengineer.example,+1-555-163-2472,"541 Enterprise Parkway, Egypt",Synthetic CRM Directory
Customer,Helios Production Services,India,Sourcing,Procurement,Procurement Manager,Morgan Coleman,Lina Sato,morgancoleman@heliosproductionserv.example,+1-555-164-1984,"548 Enterprise Parkway, India",Synthetic CRM Directory
Customer,Helios Production Services,India,Operations,Operations,Maintenance / Operations Coordinator,Taylor Price,Lina Sato,taylorprice@heliosproductionserv.example,+1-555-164-2157,"548 Enterprise Parkway, India",Synthetic CRM Directory
Customer,Helios Production Services,India,Finance,Finance,Accounts Payable Lead,Casey Wilson,Lina Sato,caseywilson@heliosproductionserv.example,+1-555-164-2330,"548 Enterprise Parkway, India",Synthetic CRM Directory
Customer,Helios Controls,Colombia,Sourcing,Procurement,Procurement Manager,Robin Foster,Camille Martin,robinfoster@helioscontrols.example,+1-555-165-2015,"555 Enterprise Parkway, Colombia",Synthetic CRM Directory
Customer,Helios Controls,Colombia,Operations,Operations,Maintenance / Operations Coordinator,Parker Martin,Camille Martin,parkermartin@helioscontrols.example,+1-555-165-2188,"555 Enterprise Parkway, Colombia",Synthetic CRM Directory
Customer,Helios Controls,Colombia,Finance,Finance,Accounts Payable Lead,Emerson Miller,Camille Martin,emersonmiller@helioscontrols.example,+1-555-165-2361,"555 Enterprise Parkway, Colombia",Synthetic CRM Directory
Customer,Helios Offshore Systems,Norway,Sourcing,Procurement,Procurement Manager,Riley Perry,Mila Diaz,rileyperry@heliosoffshoresystem.example,+1-555-166-2046,"562 Enterprise Parkway, Norway",Synthetic CRM Directory
Customer,Helios Offshore Systems,Norway,Operations,Operations,Maintenance / Operations Coordinator,Jamie Diaz,Mila Diaz,jamiediaz@heliosoffshoresystem.example,+1-555-166-2219,"562 Enterprise Parkway, Norway",Synthetic CRM Directory
Customer,Helios Offshore Systems,Norway,Finance,Finance,Accounts Payable Lead,Cameron Rossi,Mila Diaz,cameronrossi@heliosoffshoresystem.example,+1-555-166-2392,"562 Enterprise Parkway, Norway",Synthetic CRM Directory
Customer,Helios Mechanical Group,Oman,Sourcing,Procurement,Procurement Manager,Dylan Lewis,Leo Foster,dylanlewis@heliosmechanicalgrou.example,+1-555-167-2077,"569 Enterprise Parkway, Oman",Synthetic CRM Directory
Customer,Helios Mechanical Group,Oman,Operations,Operations,Maintenance / Operations Coordinator,Harper Grant,Leo Foster,harpergrant@heliosmechanicalgrou.example,+1-555-167-2250,"569 Enterprise Parkway, Oman",Synthetic CRM Directory
Customer,Helios Mechanical Group,Oman,Finance,Finance,Accounts Payable Lead,Logan Keller,Leo Foster,logankeller@heliosmechanicalgrou.example,+1-555-167-2423,"569 Enterprise Parkway, Oman",Synthetic CRM Directory
Customer,Helios Industrial Services,Malaysia,Sourcing,Procurement,Procurement Manager,Drew Morgan,Eva Lewis,drewmorgan@heliosindustrialserv.example,+1-555-168-2108,"576 Enterprise Parkway, Malaysia",Synthetic CRM Directory
Customer,Helios Industrial Services,Malaysia,Operations,Operations,Maintenance / Operations Coordinator,Ari Howard,Eva Lewis,arihoward@heliosindustrialserv.example,+1-555-168-2281,"576 Enterprise Parkway, Malaysia",Synthetic CRM Directory
Customer,Helios Industrial Services,Malaysia,Finance,Finance,Accounts Payable Lead,Reese Nguyen,Eva Lewis,reesenguyen@heliosindustrialserv.example,+1-555-168-2454,"576 Enterprise Parkway, Malaysia",Synthetic CRM Directory
Customer,Helios Flow Systems,Vietnam,Sourcing,Procurement,Procurement Manager,Kendall Clark,Priya Nguyen,kendallclark@heliosflowsystems.example,+1-555-169-2139,"583 Enterprise Parkway, Vietnam",Synthetic CRM Directory
Customer,Helios Flow Systems,Vietnam,Operations,Operations,Maintenance / Operations Coordinator,Alex Walker,Priya Nguyen,alexwalker@heliosflowsystems.example,+1-555-169-2312,"583 Enterprise Parkway, Vietnam",Synthetic CRM Directory
Customer,Helios Flow Systems,Vietnam,Finance,Finance,Accounts Payable Lead,Morgan Coleman,Priya Nguyen,morgancoleman@heliosflowsystems.example,+1-555-169-2485,"583 Enterprise Parkway, Vietnam",Synthetic CRM Directory
Customer,Helios Instrumentation,Argentina,Sourcing,Procurement,Procurement Manager,Quinn Santos,Noah Keller,quinnsantos@heliosinstrumentatio.example,+1-555-170-2170,"590 Enterprise Parkway, Argentina",Synthetic CRM Directory
Customer,Helios Instrumentation,Argentina,Operations,Operations,Maintenance / Operations Coordinator,Skyler Hayes,Noah Keller,skylerhayes@heliosinstrumentatio.example,+1-555-170-2343,"590 Enterprise Parkway, Argentina",Synthetic CRM Directory
Customer,Helios Instrumentation,Argentina,Finance,Finance,Accounts Payable Lead,Robin Foster,Noah Keller,robinfoster@heliosinstrumentatio.example,+1-555-170-2516,"590 Enterprise Parkway, Argentina",Synthetic CRM Directory
Customer,Helios Technical Services,Italy,Sourcing,Procurement,Procurement Manager,Taylor Price,Adrian Walker,taylorprice@heliostechnicalservi.example,+1-555-171-2201,"597 Enterprise Parkway, Italy",Synthetic CRM Directory
Customer,Helios Technical Services,Italy,Operations,Operations,Maintenance / Operations Coordinator,Casey Wilson,Adrian Walker,caseywilson@heliostechnicalservi.example,+1-555-171-2374,"597 Enterprise Parkway, Italy",Synthetic CRM Directory
Customer,Helios Technical Services,Italy,Finance,Finance,Accounts Payable Lead,Riley Perry,Adrian Walker,rileyperry@heliostechnicalservi.example,+1-555-171-2547,"597 Enterprise Parkway, Italy",Synthetic CRM Directory
Customer,Helios Industrial Solutions,Ghana,Sourcing,Procurement,Procurement Manager,Parker Martin,Zara Grant,parkermartin@heliosindustrialsolu.example,+1-555-172-2232,"604 Enterprise Parkway, Ghana",Synthetic CRM Directory
Customer,Helios Industrial Solutions,Ghana,Operations,Operations,Maintenance / Operations Coordinator,Emerson Miller,Zara Grant,emersonmiller@heliosindustrialsolu.example,+1-555-172-2405,"604 Enterprise Parkway, Ghana",Synthetic CRM Directory
Customer,Helios Industrial Solutions,Ghana,Finance,Finance,Accounts Payable Lead,Dylan Lewis,Zara Grant,dylanlewis@heliosindustrialsolu.example,+1-555-172-2578,"604 Enterprise Parkway, Ghana",Synthetic CRM Directory
Customer,Helios Industrial Solutions,Ghana,Technical,Engineering,Reliability Engineer,Harper Grant,Zara Grant,harpergrant@heliosindustrialsolu.example,+1-555-172-2751,"604 Enterprise Parkway, Ghana",Synthetic CRM Directory
Customer,Helios Marine Supply,Australia,Sourcing,Procurement,Procurement Manager,Jamie Diaz,Theo Price,jamiediaz@heliosmarinesupply.example,+1-555-173-2263,"611 Enterprise Parkway, Australia",Synthetic CRM Directory
Customer,Helios Marine Supply,Australia,Operations,Operations,Maintenance / Operations Coordinator,Cameron Rossi,Theo Price,cameronrossi@heliosmarinesupply.example,+1-555-173-2436,"611 Enterprise Parkway, Australia",Synthetic CRM Directory
Customer,Helios Marine Supply,Australia,Finance,Finance,Accounts Payable Lead,Drew Morgan,Theo Price,drewmorgan@heliosmarinesupply.example,+1-555-173-2609,"611 Enterprise Parkway, Australia",Synthetic CRM Directory
Customer,Cobalt Energy Systems,Canada,Sourcing,Procurement,Procurement Manager,Harper Grant,Lucas Hayes,harpergrant@cobaltenergysystems.example,+1-555-174-2294,"618 Enterprise Parkway, Canada",Synthetic CRM Directory
Customer,Cobalt Energy Systems,Canada,Operations,Operations,Maintenance / Operations Coordinator,Logan Keller,Lucas Hayes,logankeller@cobaltenergysystems.example,+1-555-174-2467,"618 Enterprise Parkway, Canada",Synthetic CRM Directory
Customer,Cobalt Energy Systems,Canada,Finance,Finance,Accounts Payable Lead,Kendall Clark,Lucas Hayes,kendallclark@cobaltenergysystems.example,+1-555-174-2640,"618 Enterprise Parkway, Canada",Synthetic CRM Directory
Customer,Cobalt Energy Systems,Canada,Technical,Engineering,Reliability Engineer,Alex Walker,Lucas Hayes,alexwalker@cobaltenergysystems.example,+1-555-174-2813,"618 Enterprise Parkway, Canada",Synthetic CRM Directory
Customer,Cobalt Marine Services,France,Sourcing,Procurement,Procurement Manager,Ari Howard,Avery Morgan,arihoward@cobaltmarineservices.example,+1-555-175-2325,"625 Enterprise Parkway, France",Synthetic CRM Directory
Customer,Cobalt Marine Services,France,Operations,Operations,Maintenance / Operations Coordinator,Reese Nguyen,Avery Morgan,reesenguyen@cobaltmarineservices.example,+1-555-175-2498,"625 Enterprise Parkway, France",Synthetic CRM Directory
Customer,Cobalt Marine Services,France,Finance,Finance,Accounts Payable Lead,Quinn Santos,Avery Morgan,quinnsantos@cobaltmarineservices.example,+1-555-175-2671,"625 Enterprise Parkway, France",Synthetic CRM Directory
Customer,Cobalt Industrial Group,United Arab Emirates,Sourcing,Procurement,Procurement Manager,Alex Walker,Grace Perry,alexwalker@cobaltindustrialgrou.example,+1-555-176-2356,"632 Enterprise Parkway, United Arab Emirates",Synthetic CRM Directory
Customer,Cobalt Industrial Group,United Arab Emirates,Operations,Operations,Maintenance / Operations Coordinator,Morgan Coleman,Grace Perry,morgancoleman@cobaltindustrialgrou.example,+1-555-176-2529,"632 Enterprise Parkway, United Arab Emirates",Synthetic CRM Directory
Customer,Cobalt Industrial Group,United Arab Emirates,Finance,Finance,Accounts Payable Lead,Taylor Price,Grace Perry,taylorprice@cobaltindustrialgrou.example,+1-555-176-2702,"632 Enterprise Parkway, United Arab Emirates",Synthetic CRM Directory
Customer,Cobalt Process Solutions,Kenya,Sourcing,Procurement,Procurement Manager,Skyler Hayes,Julian Howard,skylerhayes@cobaltprocesssolutio.example,+1-555-177-2387,"639 Enterprise Parkway, Kenya",Synthetic CRM Directory
Customer,Cobalt Process Solutions,Kenya,Operations,Operations,Maintenance / Operations Coordinator,Robin Foster,Julian Howard,robinfoster@cobaltprocesssolutio.example,+1-555-177-2560,"639 Enterprise Parkway, Kenya",Synthetic CRM Directory
Customer,Cobalt Process Solutions,Kenya,Finance,Finance,Accounts Payable Lead,Parker Martin,Julian Howard,parkermartin@cobaltprocesssolutio.example,+1-555-177-2733,"639 Enterprise Parkway, Kenya",Synthetic CRM Directory
Customer,Cobalt Offshore Engineering,South Korea,Sourcing,Procurement,Procurement Manager,Casey Wilson,Lina Sato,caseywilson@cobaltoffshoreengine.example,+1-555-178-2418,"646 Enterprise Parkway, South Korea",Synthetic CRM Directory
Customer,Cobalt Offshore Engineering,South Korea,Operations,Operations,Maintenance / Operations Coordinator,Riley Perry,Lina Sato,rileyperry@cobaltoffshoreengine.example,+1-555-178-2591,"646 Enterprise Parkway, South Korea",Synthetic CRM Directory
Customer,Cobalt Offshore Engineering,South Korea,Finance,Finance,Accounts Payable Lead,Jamie Diaz,Lina Sato,jamiediaz@cobaltoffshoreengine.example,+1-555-178-2764,"646 Enterprise Parkway, South Korea",Synthetic CRM Directory
Customer,Cobalt Flow Technologies,Brazil,Sourcing,Procurement,Procurement Manager,Emerson Miller,Camille Martin,emersonmiller@cobaltflowtechnologi.example,+1-555-179-2449,"653 Enterprise Parkway, Brazil",Synthetic CRM Directory
Customer,Cobalt Flow Technologies,Brazil,Operations,Operations,Maintenance / Operations Coordinator,Dylan Lewis,Camille Martin,dylanlewis@cobaltflowtechnologi.example,+1-555-179-2622,"653 Enterprise Parkway, Brazil",Synthetic CRM Directory
Customer,Cobalt Flow Technologies,Brazil,Finance,Finance,Accounts Payable Lead,Harper Grant,Camille Martin,harpergrant@cobaltflowtechnologi.example,+1-555-179-2795,"653 Enterprise Parkway, Brazil",Synthetic CRM Directory
Customer,Cobalt Infrastructure,Netherlands,Sourcing,Procurement,Procurement Manager,Cameron Rossi,Mila Diaz,cameronrossi@cobaltinfrastructure.example,+1-555-180-2480,"660 Enterprise Parkway, Netherlands",Synthetic CRM Directory
Customer,Cobalt Infrastructure,Netherlands,Operations,Operations,Maintenance / Operations Coordinator,Drew Morgan,Mila Diaz,drewmorgan@cobaltinfrastructure.example,+1-555-180-2653,"660 Enterprise Parkway, Netherlands",Synthetic CRM Directory
Customer,Cobalt Infrastructure,Netherlands,Finance,Finance,Accounts Payable Lead,Ari Howard,Mila Diaz,arihoward@cobaltinfrastructure.example,+1-555-180-2826,"660 Enterprise Parkway, Netherlands",Synthetic CRM Directory
Customer,Cobalt Petro Systems,Qatar,Sourcing,Procurement,Procurement Manager,Logan Keller,Leo Foster,logankeller@cobaltpetrosystems.example,+1-555-181-2511,"667 Enterprise Parkway, Qatar",Synthetic CRM Directory
Customer,Cobalt Petro Systems,Qatar,Operations,Operations,Maintenance / Operations Coordinator,Kendall Clark,Leo Foster,kendallclark@cobaltpetrosystems.example,+1-555-181-2684,"667 Enterprise Parkway, Qatar",Synthetic CRM Directory
Customer,Cobalt Petro Systems,Qatar,Finance,Finance,Accounts Payable Lead,Alex Walker,Leo Foster,alexwalker@cobaltpetrosystems.example,+1-555-181-2857,"667 Enterprise Parkway, Qatar",Synthetic CRM Directory
Customer,Cobalt Petro Systems,Qatar,Technical,Engineering,Reliability Engineer,Morgan Coleman,Leo Foster,morgancoleman@cobaltpetrosystems.example,+1-555-181-3030,"667 Enterprise Parkway, Qatar",Synthetic CRM Directory
Customer,Cobalt Mining Services,Singapore,Sourcing,Procurement,Procurement Manager,Reese Nguyen,Eva Lewis,reesenguyen@cobaltminingservices.example,+1-555-182-2542,"674 Enterprise Parkway, Singapore",Synthetic CRM Directory
Customer,Cobalt Mining Services,Singapore,Operations,Operations,Maintenance / Operations Coordinator,Quinn Santos,Eva Lewis,quinnsantos@cobaltminingservices.example,+1-555-182-2715,"674 Enterprise Parkway, Singapore",Synthetic CRM Directory
Customer,Cobalt Mining Services,Singapore,Finance,Finance,Accounts Payable Lead,Skyler Hayes,Eva Lewis,skylerhayes@cobaltminingservices.example,+1-555-182-2888,"674 Enterprise Parkway, Singapore",Synthetic CRM Directory
Customer,Cobalt Mining Services,Singapore,Technical,Engineering,Reliability Engineer,Robin Foster,Eva Lewis,robinfoster@cobaltminingservices.example,+1-555-182-3061,"674 Enterprise Parkway, Singapore",Synthetic CRM Directory
Customer,Cobalt Waterworks,Thailand,Sourcing,Procurement,Procurement Manager,Morgan Coleman,Priya Nguyen,morgancoleman@cobaltwaterworks.example,+1-555-183-2573,"681 Enterprise Parkway, Thailand",Synthetic CRM Directory
Customer,Cobalt Waterworks,Thailand,Operations,Operations,Maintenance / Operations Coordinator,Taylor Price,Priya Nguyen,taylorprice@cobaltwaterworks.example,+1-555-183-2746,"681 Enterprise Parkway, Thailand",Synthetic CRM Directory
Customer,Cobalt Waterworks,Thailand,Finance,Finance,Accounts Payable Lead,Casey Wilson,Priya Nguyen,caseywilson@cobaltwaterworks.example,+1-555-183-2919,"681 Enterprise Parkway, Thailand",Synthetic CRM Directory
Customer,Cobalt Automation,Chile,Sourcing,Procurement,Procurement Manager,Robin Foster,Noah Keller,robinfoster@cobaltautomation.example,+1-555-184-2604,"688 Enterprise Parkway, Chile",Synthetic CRM Directory
Customer,Cobalt Automation,Chile,Operations,Operations,Maintenance / Operations Coordinator,Parker Martin,Noah Keller,parkermartin@cobaltautomation.example,+1-555-184-2777,"688 Enterprise Parkway, Chile",Synthetic CRM Directory
Customer,Cobalt Automation,Chile,Finance,Finance,Accounts Payable Lead,Emerson Miller,Noah Keller,emersonmiller@cobaltautomation.example,+1-555-184-2950,"688 Enterprise Parkway, Chile",Synthetic CRM Directory
Customer,Cobalt Utilities,Spain,Sourcing,Procurement,Procurement Manager,Riley Perry,Adrian Walker,rileyperry@cobaltutilities.example,+1-555-185-2635,"695 Enterprise Parkway, Spain",Synthetic CRM Directory
Customer,Cobalt Utilities,Spain,Operations,Operations,Maintenance / Operations Coordinator,Jamie Diaz,Adrian Walker,jamiediaz@cobaltutilities.example,+1-555-185-2808,"695 Enterprise Parkway, Spain",Synthetic CRM Directory
Customer,Cobalt Utilities,Spain,Finance,Finance,Accounts Payable Lead,Cameron Rossi,Adrian Walker,cameronrossi@cobaltutilities.example,+1-555-185-2981,"695 Enterprise Parkway, Spain",Synthetic CRM Directory
Customer,Cobalt Field Services,South Africa,Sourcing,Procurement,Procurement Manager,Dylan Lewis,Zara Grant,dylanlewis@cobaltfieldservices.example,+1-555-186-2666,"702 Enterprise Parkway, South Africa",Synthetic CRM Directory
Customer,Cobalt Field Services,South Africa,Operations,Operations,Maintenance / Operations Coordinator,Harper Grant,Zara Grant,harpergrant@cobaltfieldservices.example,+1-555-186-2839,"702 Enterprise Parkway, South Africa",Synthetic CRM Directory
Customer,Cobalt Field Services,South Africa,Finance,Finance,Accounts Payable Lead,Logan Keller,Zara Grant,logankeller@cobaltfieldservices.example,+1-555-186-3012,"702 Enterprise Parkway, South Africa",Synthetic CRM Directory
Customer,Cobalt Mechanical,Indonesia,Sourcing,Procurement,Procurement Manager,Drew Morgan,Theo Price,drewmorgan@cobaltmechanical.example,+1-555-187-2697,"709 Enterprise Parkway, Indonesia",Synthetic CRM Directory
Customer,Cobalt Mechanical,Indonesia,Operations,Operations,Maintenance / Operations Coordinator,Ari Howard,Theo Price,arihoward@cobaltmechanical.example,+1-555-187-2870,"709 Enterprise Parkway, Indonesia",Synthetic CRM Directory
Customer,Cobalt Mechanical,Indonesia,Finance,Finance,Accounts Payable Lead,Reese Nguyen,Theo Price,reesenguyen@cobaltmechanical.example,+1-555-187-3043,"709 Enterprise Parkway, Indonesia",Synthetic CRM Directory
Customer,Cobalt Power Partners,United States,Sourcing,Procurement,Procurement Manager,Kendall Clark,Lucas Hayes,kendallclark@cobaltpowerpartners.example,+1-555-188-2728,"716 Enterprise Parkway, United States",Synthetic CRM Directory
Customer,Cobalt Power Partners,United States,Operations,Operations,Maintenance / Operations Coordinator,Alex Walker,Lucas Hayes,alexwalker@cobaltpowerpartners.example,+1-555-188-2901,"716 Enterprise Parkway, United States",Synthetic CRM Directory
Customer,Cobalt Power Partners,United States,Finance,Finance,Accounts Payable Lead,Morgan Coleman,Lucas Hayes,morgancoleman@cobaltpowerpartners.example,+1-555-188-3074,"716 Enterprise Parkway, United States",Synthetic CRM Directory
Customer,Cobalt Process Controls,United Kingdom,Sourcing,Procurement,Procurement Manager,Quinn Santos,Avery Morgan,quinnsantos@cobaltprocesscontrol.example,+1-555-189-2759,"723 Enterprise Parkway, United Kingdom",Synthetic CRM Directory
Customer,Cobalt Process Controls,United Kingdom,Operations,Operations,Maintenance / Operations Coordinator,Skyler Hayes,Avery Morgan,skylerhayes@cobaltprocesscontrol.example,+1-555-189-2932,"723 Enterprise Parkway, United Kingdom",Synthetic CRM Directory
Customer,Cobalt Process Controls,United Kingdom,Finance,Finance,Accounts Payable Lead,Robin Foster,Avery Morgan,robinfoster@cobaltprocesscontrol.example,+1-555-189-3105,"723 Enterprise Parkway, United Kingdom",Synthetic CRM Directory
Customer,Cobalt Engineering,Poland,Sourcing,Procurement,Procurement Manager,Taylor Price,Grace Perry,taylorprice@cobaltengineering.example,+1-555-190-2790,"730 Enterprise Parkway, Poland",Synthetic CRM Directory
Customer,Cobalt Engineering,Poland,Operations,Operations,Maintenance / Operations Coordinator,Casey Wilson,Grace Perry,caseywilson@cobaltengineering.example,+1-555-190-2963,"730 Enterprise Parkway, Poland",Synthetic CRM Directory
Customer,Cobalt Engineering,Poland,Finance,Finance,Accounts Payable Lead,Riley Perry,Grace Perry,rileyperry@cobaltengineering.example,+1-555-190-3136,"730 Enterprise Parkway, Poland",Synthetic CRM Directory
Customer,Cobalt Drilling Solutions,Nigeria,Sourcing,Procurement,Procurement Manager,Parker Martin,Julian Howard,parkermartin@cobaltdrillingsoluti.example,+1-555-191-2821,"737 Enterprise Parkway, Nigeria",Synthetic CRM Directory
Customer,Cobalt Drilling Solutions,Nigeria,Operations,Operations,Maintenance / Operations Coordinator,Emerson Miller,Julian Howard,emersonmiller@cobaltdrillingsoluti.example,+1-555-191-2994,"737 Enterprise Parkway, Nigeria",Synthetic CRM Directory
Customer,Cobalt Drilling Solutions,Nigeria,Finance,Finance,Accounts Payable Lead,Dylan Lewis,Julian Howard,dylanlewis@cobaltdrillingsoluti.example,+1-555-191-3167,"737 Enterprise Parkway, Nigeria",Synthetic CRM Directory
Customer,Cobalt Drilling Solutions,Nigeria,Technical,Engineering,Reliability Engineer,Harper Grant,Julian Howard,harpergrant@cobaltdrillingsoluti.example,+1-555-191-3340,"737 Enterprise Parkway, Nigeria",Synthetic CRM Directory
Customer,Cobalt Compression,Japan,Sourcing,Procurement,Procurement Manager,Jamie Diaz,Lina Sato,jamiediaz@cobaltcompression.example,+1-555-192-2852,"744 Enterprise Parkway, Japan",Synthetic CRM Directory
Customer,Cobalt Compression,Japan,Operations,Operations,Maintenance / Operations Coordinator,Cameron Rossi,Lina Sato,cameronrossi@cobaltcompression.example,+1-555-192-3025,"744 Enterprise Parkway, Japan",Synthetic CRM Directory
Customer,Cobalt Compression,Japan,Finance,Finance,Accounts Payable Lead,Drew Morgan,Lina Sato,drewmorgan@cobaltcompression.example,+1-555-192-3198,"744 Enterprise Parkway, Japan",Synthetic CRM Directory
Customer,Cobalt Industrial Maintenance,Mexico,Sourcing,Procurement,Procurement Manager,Harper Grant,Camille Martin,harpergrant@cobaltindustrialmain.example,+1-555-193-2883,"751 Enterprise Parkway, Mexico",Synthetic CRM Directory
Customer,Cobalt Industrial Maintenance,Mexico,Operations,Operations,Maintenance / Operations Coordinator,Logan Keller,Camille Martin,logankeller@cobaltindustrialmain.example,+1-555-193-3056,"751 Enterprise Parkway, Mexico",Synthetic CRM Directory
Customer,Cobalt Industrial Maintenance,Mexico,Finance,Finance,Accounts Payable Lead,Kendall Clark,Camille Martin,kendallclark@cobaltindustrialmain.example,+1-555-193-3229,"751 Enterprise Parkway, Mexico",Synthetic CRM Directory
Customer,Cobalt Resources,Germany,Sourcing,Procurement,Procurement Manager,Ari Howard,Mila Diaz,arihoward@cobaltresources.example,+1-555-194-2914,"758 Enterprise Parkway, Germany",Synthetic CRM Directory
Customer,Cobalt Resources,Germany,Operations,Operations,Maintenance / Operations Coordinator,Reese Nguyen,Mila Diaz,reesenguyen@cobaltresources.example,+1-555-194-3087,"758 Enterprise Parkway, Germany",Synthetic CRM Directory
Customer,Cobalt Resources,Germany,Finance,Finance,Accounts Payable Lead,Quinn Santos,Mila Diaz,quinnsantos@cobaltresources.example,+1-555-194-3260,"758 Enterprise Parkway, Germany",Synthetic CRM Directory
Customer,Cobalt Resources,Germany,Technical,Engineering,Reliability Engineer,Skyler Hayes,Mila Diaz,skylerhayes@cobaltresources.example,+1-555-194-3433,"758 Enterprise Parkway, Germany",Synthetic CRM Directory
Customer,Cobalt Pipeline Services,Saudi Arabia,Sourcing,Procurement,Procurement Manager,Alex Walker,Leo Foster,alexwalker@cobaltpipelineservic.example,+1-555-195-2945,"765 Enterprise Parkway, Saudi Arabia",Synthetic CRM Directory
Customer,Cobalt Pipeline Services,Saudi Arabia,Operations,Operations,Maintenance / Operations Coordinator,Morgan Coleman,Leo Foster,morgancoleman@cobaltpipelineservic.example,+1-555-195-3118,"765 Enterprise Parkway, Saudi Arabia",Synthetic CRM Directory
Customer,Cobalt Pipeline Services,Saudi Arabia,Finance,Finance,Accounts Payable Lead,Taylor Price,Leo Foster,taylorprice@cobaltpipelineservic.example,+1-555-195-3291,"765 Enterprise Parkway, Saudi Arabia",Synthetic CRM Directory
Customer,Cobalt Rotating Equipment,Egypt,Sourcing,Procurement,Procurement Manager,Skyler Hayes,Eva Lewis,skylerhayes@cobaltrotatingequipm.example,+1-555-196-2976,"772 Enterprise Parkway, Egypt",Synthetic CRM Directory
Customer,Cobalt Rotating Equipment,Egypt,Operations,Operations,Maintenance / Operations Coordinator,Robin Foster,Eva Lewis,robinfoster@cobaltrotatingequipm.example,+1-555-196-3149,"772 Enterprise Parkway, Egypt",Synthetic CRM Directory
Customer,Cobalt Rotating Equipment,Egypt,Finance,Finance,Accounts Payable Lead,Parker Martin,Eva Lewis,parkermartin@cobaltrotatingequipm.example,+1-555-196-3322,"772 Enterprise Parkway, Egypt",Synthetic CRM Directory
Customer,Cobalt Technical Supply,India,Sourcing,Procurement,Procurement Manager,Casey Wilson,Priya Nguyen,caseywilson@cobalttechnicalsuppl.example,+1-555-197-3007,"779 Enterprise Parkway, India",Synthetic CRM Directory
Customer,Cobalt Technical Supply,India,Operations,Operations,Maintenance / Operations Coordinator,Riley Perry,Priya Nguyen,rileyperry@cobalttechnicalsuppl.example,+1-555-197-3180,"779 Enterprise Parkway, India",Synthetic CRM Directory
Customer,Cobalt Technical Supply,India,Finance,Finance,Accounts Payable Lead,Jamie Diaz,Priya Nguyen,jamiediaz@cobalttechnicalsuppl.example,+1-555-197-3353,"779 Enterprise Parkway, India",Synthetic CRM Directory
Customer,Cobalt Refinery Services,Colombia,Sourcing,Procurement,Procurement Manager,Emerson Miller,Noah Keller,emersonmiller@cobaltrefineryservic.example,+1-555-198-3038,"786 Enterprise Parkway, Colombia",Synthetic CRM Directory
Customer,Cobalt Refinery Services,Colombia,Operations,Operations,Maintenance / Operations Coordinator,Dylan Lewis,Noah Keller,dylanlewis@cobaltrefineryservic.example,+1-555-198-3211,"786 Enterprise Parkway, Colombia",Synthetic CRM Directory
Customer,Cobalt Refinery Services,Colombia,Finance,Finance,Accounts Payable Lead,Harper Grant,Noah Keller,harpergrant@cobaltrefineryservic.example,+1-555-198-3384,"786 Enterprise Parkway, Colombia",Synthetic CRM Directory
Customer,Cobalt Energy Projects,Norway,Sourcing,Procurement,Procurement Manager,Cameron Rossi,Adrian Walker,cameronrossi@cobaltenergyprojects.example,+1-555-199-3069,"793 Enterprise Parkway, Norway",Synthetic CRM Directory
Customer,Cobalt Energy Projects,Norway,Operations,Operations,Maintenance / Operations Coordinator,Drew Morgan,Adrian Walker,drewmorgan@cobaltenergyprojects.example,+1-555-199-3242,"793 Enterprise Parkway, Norway",Synthetic CRM Directory
Customer,Cobalt Energy Projects,Norway,Finance,Finance,Accounts Payable Lead,Ari Howard,Adrian Walker,arihoward@cobaltenergyprojects.example,+1-555-199-3415,"793 Enterprise Parkway, Norway",Synthetic CRM Directory
Customer,Cobalt Energy Projects,Norway,Technical,Engineering,Reliability Engineer,Reese Nguyen,Adrian Walker,reesenguyen@cobaltenergyprojects.example,+1-555-199-3588,"793 Enterprise Parkway, Norway",Synthetic CRM Directory
Customer,Cobalt Marine Engineering,Oman,Sourcing,Procurement,Procurement Manager,Logan Keller,Zara Grant,logankeller@cobaltmarineengineer.example,+1-555-200-3100,"800 Enterprise Parkway, Oman",Synthetic CRM Directory
Customer,Cobalt Marine Engineering,Oman,Operations,Operations,Maintenance / Operations Coordinator,Kendall Clark,Zara Grant,kendallclark@cobaltmarineengineer.example,+1-555-200-3273,"800 Enterprise Parkway, Oman",Synthetic CRM Directory
Customer,Cobalt Marine Engineering,Oman,Finance,Finance,Accounts Payable Lead,Alex Walker,Zara Grant,alexwalker@cobaltmarineengineer.example,+1-555-200-3446,"800 Enterprise Parkway, Oman",Synthetic CRM Directory
Customer,Cobalt Production Services,Malaysia,Sourcing,Procurement,Procurement Manager,Reese Nguyen,Theo Price,reesenguyen@cobaltproductionserv.example,+1-555-201-3131,"807 Enterprise Parkway, Malaysia",Synthetic CRM Directory
Customer,Cobalt Production Services,Malaysia,Operations,Operations,Maintenance / Operations Coordinator,Quinn Santos,Theo Price,quinnsantos@cobaltproductionserv.example,+1-555-201-3304,"807 Enterprise Parkway, Malaysia",Synthetic CRM Directory
Customer,Cobalt Production Services,Malaysia,Finance,Finance,Accounts Payable Lead,Skyler Hayes,Theo Price,skylerhayes@cobaltproductionserv.example,+1-555-201-3477,"807 Enterprise Parkway, Malaysia",Synthetic CRM Directory
Customer,Cobalt Controls,Vietnam,Sourcing,Procurement,Procurement Manager,Morgan Coleman,Lucas Hayes,morgancoleman@cobaltcontrols.example,+1-555-202-3162,"814 Enterprise Parkway, Vietnam",Synthetic CRM Directory
Customer,Cobalt Controls,Vietnam,Operations,Operations,Maintenance / Operations Coordinator,Taylor Price,Lucas Hayes,taylorprice@cobaltcontrols.example,+1-555-202-3335,"814 Enterprise Parkway, Vietnam",Synthetic CRM Directory
Customer,Cobalt Controls,Vietnam,Finance,Finance,Accounts Payable Lead,Casey Wilson,Lucas Hayes,caseywilson@cobaltcontrols.example,+1-555-202-3508,"814 Enterprise Parkway, Vietnam",Synthetic CRM Directory
Customer,Cobalt Offshore Systems,Argentina,Sourcing,Procurement,Procurement Manager,Robin Foster,Avery Morgan,robinfoster@cobaltoffshoresystem.example,+1-555-203-3193,"821 Enterprise Parkway, Argentina",Synthetic CRM Directory
Customer,Cobalt Offshore Systems,Argentina,Operations,Operations,Maintenance / Operations Coordinator,Parker Martin,Avery Morgan,parkermartin@cobaltoffshoresystem.example,+1-555-203-3366,"821 Enterprise Parkway, Argentina",Synthetic CRM Directory
Customer,Cobalt Offshore Systems,Argentina,Finance,Finance,Accounts Payable Lead,Emerson Miller,Avery Morgan,emersonmiller@cobaltoffshoresystem.example,+1-555-203-3539,"821 Enterprise Parkway, Argentina",Synthetic CRM Directory
Customer,Cobalt Mechanical Group,Italy,Sourcing,Procurement,Procurement Manager,Riley Perry,Grace Perry,rileyperry@cobaltmechanicalgrou.example,+1-555-204-3224,"828 Enterprise Parkway, Italy",Synthetic CRM Directory
Customer,Cobalt Mechanical Group,Italy,Operations,Operations,Maintenance / Operations Coordinator,Jamie Diaz,Grace Perry,jamiediaz@cobaltmechanicalgrou.example,+1-555-204-3397,"828 Enterprise Parkway, Italy",Synthetic CRM Directory
Customer,Cobalt Mechanical Group,Italy,Finance,Finance,Accounts Payable Lead,Cameron Rossi,Grace Perry,cameronrossi@cobaltmechanicalgrou.example,+1-555-204-3570,"828 Enterprise Parkway, Italy",Synthetic CRM Directory
Customer,Cobalt Industrial Services,Ghana,Sourcing,Procurement,Procurement Manager,Dylan Lewis,Julian Howard,dylanlewis@cobaltindustrialserv.example,+1-555-205-3255,"835 Enterprise Parkway, Ghana",Synthetic CRM Directory
Customer,Cobalt Industrial Services,Ghana,Operations,Operations,Maintenance / Operations Coordinator,Harper Grant,Julian Howard,harpergrant@cobaltindustrialserv.example,+1-555-205-3428,"835 Enterprise Parkway, Ghana",Synthetic CRM Directory
Customer,Cobalt Industrial Services,Ghana,Finance,Finance,Accounts Payable Lead,Logan Keller,Julian Howard,logankeller@cobaltindustrialserv.example,+1-555-205-3601,"835 Enterprise Parkway, Ghana",Synthetic CRM Directory
Customer,Cobalt Flow Systems,Australia,Sourcing,Procurement,Procurement Manager,Drew Morgan,Lina Sato,drewmorgan@cobaltflowsystems.example,+1-555-206-3286,"842 Enterprise Parkway, Australia",Synthetic CRM Directory
Customer,Cobalt Flow Systems,Australia,Operations,Operations,Maintenance / Operations Coordinator,Ari Howard,Lina Sato,arihoward@cobaltflowsystems.example,+1-555-206-3459,"842 Enterprise Parkway, Australia",Synthetic CRM Directory
Customer,Cobalt Flow Systems,Australia,Finance,Finance,Accounts Payable Lead,Reese Nguyen,Lina Sato,reesenguyen@cobaltflowsystems.example,+1-555-206-3632,"842 Enterprise Parkway, Australia",Synthetic CRM Directory
Customer,Cobalt Instrumentation,Canada,Sourcing,Procurement,Procurement Manager,Kendall Clark,Camille Martin,kendallclark@cobaltinstrumentatio.example,+1-555-207-3317,"849 Enterprise Parkway, Canada",Synthetic CRM Directory
Customer,Cobalt Instrumentation,Canada,Operations,Operations,Maintenance / Operations Coordinator,Alex Walker,Camille Martin,alexwalker@cobaltinstrumentatio.example,+1-555-207-3490,"849 Enterprise Parkway, Canada",Synthetic CRM Directory
Customer,Cobalt Instrumentation,Canada,Finance,Finance,Accounts Payable Lead,Morgan Coleman,Camille Martin,morgancoleman@cobaltinstrumentatio.example,+1-555-207-3663,"849 Enterprise Parkway, Canada",Synthetic CRM Directory
Customer,Cobalt Technical Services,France,Sourcing,Procurement,Procurement Manager,Quinn Santos,Mila Diaz,quinnsantos@cobalttechnicalservi.example,+1-555-208-3348,"856 Enterprise Parkway, France",Synthetic CRM Directory
Customer,Cobalt Technical Services,France,Operations,Operations,Maintenance / Operations Coordinator,Skyler Hayes,Mila Diaz,skylerhayes@cobalttechnicalservi.example,+1-555-208-3521,"856 Enterprise Parkway, France",Synthetic CRM Directory
Customer,Cobalt Technical Services,France,Finance,Finance,Accounts Payable Lead,Robin Foster,Mila Diaz,robinfoster@cobalttechnicalservi.example,+1-555-208-3694,"856 Enterprise Parkway, France",Synthetic CRM Directory
Customer,Cobalt Technical Services,France,Technical,Engineering,Reliability Engineer,Parker Martin,Mila Diaz,parkermartin@cobalttechnicalservi.example,+1-555-208-3867,"856 Enterprise Parkway, France",Synthetic CRM Directory
Customer,Cobalt Industrial Solutions,United Arab Emirates,Sourcing,Procurement,Procurement Manager,Taylor Price,Leo Foster,taylorprice@cobaltindustrialsolu.example,+1-555-209-3379,"863 Enterprise Parkway, United Arab Emirates",Synthetic CRM Directory
Customer,Cobalt Industrial Solutions,United Arab Emirates,Operations,Operations,Maintenance / Operations Coordinator,Casey Wilson,Leo Foster,caseywilson@cobaltindustrialsolu.example,+1-555-209-3552,"863 Enterprise Parkway, United Arab Emirates",Synthetic CRM Directory
Customer,Cobalt Industrial Solutions,United Arab Emirates,Finance,Finance,Accounts Payable Lead,Riley Perry,Leo Foster,rileyperry@cobaltindustrialsolu.example,+1-555-209-3725,"863 Enterprise Parkway, United Arab Emirates",Synthetic CRM Directory
Customer,Cobalt Marine Supply,Kenya,Sourcing,Procurement,Procurement Manager,Parker Martin,Eva Lewis,parkermartin@cobaltmarinesupply.example,+1-555-210-3410,"870 Enterprise Parkway, Kenya",Synthetic CRM Directory
Customer,Cobalt Marine Supply,Kenya,Operations,Operations,Maintenance / Operations Coordinator,Emerson Miller,Eva Lewis,emersonmiller@cobaltmarinesupply.example,+1-555-210-3583,"870 Enterprise Parkway, Kenya",Synthetic CRM Directory
Customer,Cobalt Marine Supply,Kenya,Finance,Finance,Accounts Payable Lead,Dylan Lewis,Eva Lewis,dylanlewis@cobaltmarinesupply.example,+1-555-210-3756,"870 Enterprise Parkway, Kenya",Synthetic CRM Directory
Customer,Meridian Energy Systems,South Korea,Sourcing,Procurement,Procurement Manager,Jamie Diaz,Priya Nguyen,jamiediaz@meridianenergysystem.example,+1-555-211-3441,"877 Enterprise Parkway, South Korea",Synthetic CRM Directory
Customer,Meridian Energy Systems,South Korea,Operations,Operations,Maintenance / Operations Coordinator,Cameron Rossi,Priya Nguyen,cameronrossi@meridianenergysystem.example,+1-555-211-3614,"877 Enterprise Parkway, South Korea",Synthetic CRM Directory
Customer,Meridian Energy Systems,South Korea,Finance,Finance,Accounts Payable Lead,Drew Morgan,Priya Nguyen,drewmorgan@meridianenergysystem.example,+1-555-211-3787,"877 Enterprise Parkway, South Korea",Synthetic CRM Directory
Customer,Meridian Marine Services,Brazil,Sourcing,Procurement,Procurement Manager,Harper Grant,Noah Keller,harpergrant@meridianmarineservic.example,+1-555-212-3472,"884 Enterprise Parkway, Brazil",Synthetic CRM Directory
Customer,Meridian Marine Services,Brazil,Operations,Operations,Maintenance / Operations Coordinator,Logan Keller,Noah Keller,logankeller@meridianmarineservic.example,+1-555-212-3645,"884 Enterprise Parkway, Brazil",Synthetic CRM Directory
Customer,Meridian Marine Services,Brazil,Finance,Finance,Accounts Payable Lead,Kendall Clark,Noah Keller,kendallclark@meridianmarineservic.example,+1-555-212-3818,"884 Enterprise Parkway, Brazil",Synthetic CRM Directory
Customer,Meridian Marine Services,Brazil,Technical,Engineering,Reliability Engineer,Alex Walker,Noah Keller,alexwalker@meridianmarineservic.example,+1-555-212-3991,"884 Enterprise Parkway, Brazil",Synthetic CRM Directory
Customer,Meridian Industrial Group,Netherlands,Sourcing,Procurement,Procurement Manager,Ari Howard,Adrian Walker,arihoward@meridianindustrialgr.example,+1-555-213-3503,"891 Enterprise Parkway, Netherlands",Synthetic CRM Directory
Customer,Meridian Industrial Group,Netherlands,Operations,Operations,Maintenance / Operations Coordinator,Reese Nguyen,Adrian Walker,reesenguyen@meridianindustrialgr.example,+1-555-213-3676,"891 Enterprise Parkway, Netherlands",Synthetic CRM Directory
Customer,Meridian Industrial Group,Netherlands,Finance,Finance,Accounts Payable Lead,Quinn Santos,Adrian Walker,quinnsantos@meridianindustrialgr.example,+1-555-213-3849,"891 Enterprise Parkway, Netherlands",Synthetic CRM Directory
Customer,Meridian Process Solutions,Qatar,Sourcing,Procurement,Procurement Manager,Alex Walker,Zara Grant,alexwalker@meridianprocesssolut.example,+1-555-214-3534,"898 Enterprise Parkway, Qatar",Synthetic CRM Directory
Customer,Meridian Process Solutions,Qatar,Operations,Operations,Maintenance / Operations Coordinator,Morgan Coleman,Zara Grant,morgancoleman@meridianprocesssolut.example,+1-555-214-3707,"898 Enterprise Parkway, Qatar",Synthetic CRM Directory
Customer,Meridian Process Solutions,Qatar,Finance,Finance,Accounts Payable Lead,Taylor Price,Zara Grant,taylorprice@meridianprocesssolut.example,+1-555-214-3880,"898 Enterprise Parkway, Qatar",Synthetic CRM Directory
Customer,Meridian Process Solutions,Qatar,Technical,Engineering,Reliability Engineer,Casey Wilson,Zara Grant,caseywilson@meridianprocesssolut.example,+1-555-214-4053,"898 Enterprise Parkway, Qatar",Synthetic CRM Directory
Customer,Meridian Offshore Engineering,Singapore,Sourcing,Procurement,Procurement Manager,Skyler Hayes,Theo Price,skylerhayes@meridianoffshoreengi.example,+1-555-215-3565,"905 Enterprise Parkway, Singapore",Synthetic CRM Directory
Customer,Meridian Offshore Engineering,Singapore,Operations,Operations,Maintenance / Operations Coordinator,Robin Foster,Theo Price,robinfoster@meridianoffshoreengi.example,+1-555-215-3738,"905 Enterprise Parkway, Singapore",Synthetic CRM Directory
Customer,Meridian Offshore Engineering,Singapore,Finance,Finance,Accounts Payable Lead,Parker Martin,Theo Price,parkermartin@meridianoffshoreengi.example,+1-555-215-3911,"905 Enterprise Parkway, Singapore",Synthetic CRM Directory
Customer,Meridian Flow Technologies,Thailand,Sourcing,Procurement,Procurement Manager,Casey Wilson,Lucas Hayes,caseywilson@meridianflowtechnolo.example,+1-555-216-3596,"912 Enterprise Parkway, Thailand",Synthetic CRM Directory
Customer,Meridian Flow Technologies,Thailand,Operations,Operations,Maintenance / Operations Coordinator,Riley Perry,Lucas Hayes,rileyperry@meridianflowtechnolo.example,+1-555-216-3769,"912 Enterprise Parkway, Thailand",Synthetic CRM Directory
Customer,Meridian Flow Technologies,Thailand,Finance,Finance,Accounts Payable Lead,Jamie Diaz,Lucas Hayes,jamiediaz@meridianflowtechnolo.example,+1-555-216-3942,"912 Enterprise Parkway, Thailand",Synthetic CRM Directory
Customer,Meridian Infrastructure,Chile,Sourcing,Procurement,Procurement Manager,Emerson Miller,Avery Morgan,emersonmiller@meridianinfrastructu.example,+1-555-217-3627,"919 Enterprise Parkway, Chile",Synthetic CRM Directory
Customer,Meridian Infrastructure,Chile,Operations,Operations,Maintenance / Operations Coordinator,Dylan Lewis,Avery Morgan,dylanlewis@meridianinfrastructu.example,+1-555-217-3800,"919 Enterprise Parkway, Chile",Synthetic CRM Directory
Customer,Meridian Infrastructure,Chile,Finance,Finance,Accounts Payable Lead,Harper Grant,Avery Morgan,harpergrant@meridianinfrastructu.example,+1-555-217-3973,"919 Enterprise Parkway, Chile",Synthetic CRM Directory
Customer,Meridian Petro Systems,Spain,Sourcing,Procurement,Procurement Manager,Cameron Rossi,Grace Perry,cameronrossi@meridianpetrosystems.example,+1-555-218-3658,"926 Enterprise Parkway, Spain",Synthetic CRM Directory
Customer,Meridian Petro Systems,Spain,Operations,Operations,Maintenance / Operations Coordinator,Drew Morgan,Grace Perry,drewmorgan@meridianpetrosystems.example,+1-555-218-3831,"926 Enterprise Parkway, Spain",Synthetic CRM Directory
Customer,Meridian Petro Systems,Spain,Finance,Finance,Accounts Payable Lead,Ari Howard,Grace Perry,arihoward@meridianpetrosystems.example,+1-555-218-4004,"926 Enterprise Parkway, Spain",Synthetic CRM Directory
Customer,Meridian Mining Services,South Africa,Sourcing,Procurement,Procurement Manager,Logan Keller,Julian Howard,logankeller@meridianminingservic.example,+1-555-219-3689,"933 Enterprise Parkway, South Africa",Synthetic CRM Directory
Customer,Meridian Mining Services,South Africa,Operations,Operations,Maintenance / Operations Coordinator,Kendall Clark,Julian Howard,kendallclark@meridianminingservic.example,+1-555-219-3862,"933 Enterprise Parkway, South Africa",Synthetic CRM Directory
Customer,Meridian Mining Services,South Africa,Finance,Finance,Accounts Payable Lead,Alex Walker,Julian Howard,alexwalker@meridianminingservic.example,+1-555-219-4035,"933 Enterprise Parkway, South Africa",Synthetic CRM Directory
Customer,Meridian Waterworks,Indonesia,Sourcing,Procurement,Procurement Manager,Reese Nguyen,Lina Sato,reesenguyen@meridianwaterworks.example,+1-555-220-3720,"940 Enterprise Parkway, Indonesia",Synthetic CRM Directory
Customer,Meridian Waterworks,Indonesia,Operations,Operations,Maintenance / Operations Coordinator,Quinn Santos,Lina Sato,quinnsantos@meridianwaterworks.example,+1-555-220-3893,"940 Enterprise Parkway, Indonesia",Synthetic CRM Directory
Customer,Meridian Waterworks,Indonesia,Finance,Finance,Accounts Payable Lead,Skyler Hayes,Lina Sato,skylerhayes@meridianwaterworks.example,+1-555-220-4066,"940 Enterprise Parkway, Indonesia",Synthetic CRM Directory
Customer,Meridian Automation,United States,Sourcing,Procurement,Procurement Manager,Morgan Coleman,Camille Martin,morgancoleman@meridianautomation.example,+1-555-221-3751,"947 Enterprise Parkway, United States",Synthetic CRM Directory
Customer,Meridian Automation,United States,Operations,Operations,Maintenance / Operations Coordinator,Taylor Price,Camille Martin,taylorprice@meridianautomation.example,+1-555-221-3924,"947 Enterprise Parkway, United States",Synthetic CRM Directory
Customer,Meridian Automation,United States,Finance,Finance,Accounts Payable Lead,Casey Wilson,Camille Martin,caseywilson@meridianautomation.example,+1-555-221-4097,"947 Enterprise Parkway, United States",Synthetic CRM Directory
Customer,Meridian Utilities,United Kingdom,Sourcing,Procurement,Procurement Manager,Robin Foster,Mila Diaz,robinfoster@meridianutilities.example,+1-555-222-3782,"954 Enterprise Parkway, United Kingdom",Synthetic CRM Directory
Customer,Meridian Utilities,United Kingdom,Operations,Operations,Maintenance / Operations Coordinator,Parker Martin,Mila Diaz,parkermartin@meridianutilities.example,+1-555-222-3955,"954 Enterprise Parkway, United Kingdom",Synthetic CRM Directory
Customer,Meridian Utilities,United Kingdom,Finance,Finance,Accounts Payable Lead,Emerson Miller,Mila Diaz,emersonmiller@meridianutilities.example,+1-555-222-4128,"954 Enterprise Parkway, United Kingdom",Synthetic CRM Directory
Customer,Meridian Utilities,United Kingdom,Technical,Engineering,Reliability Engineer,Dylan Lewis,Mila Diaz,dylanlewis@meridianutilities.example,+1-555-222-4301,"954 Enterprise Parkway, United Kingdom",Synthetic CRM Directory
Customer,Meridian Field Services,Poland,Sourcing,Procurement,Procurement Manager,Riley Perry,Leo Foster,rileyperry@meridianfieldservice.example,+1-555-223-3813,"961 Enterprise Parkway, Poland",Synthetic CRM Directory
Customer,Meridian Field Services,Poland,Operations,Operations,Maintenance / Operations Coordinator,Jamie Diaz,Leo Foster,jamiediaz@meridianfieldservice.example,+1-555-223-3986,"961 Enterprise Parkway, Poland",Synthetic CRM Directory
Customer,Meridian Field Services,Poland,Finance,Finance,Accounts Payable Lead,Cameron Rossi,Leo Foster,cameronrossi@meridianfieldservice.example,+1-555-223-4159,"961 Enterprise Parkway, Poland",Synthetic CRM Directory
Customer,Meridian Mechanical,Nigeria,Sourcing,Procurement,Procurement Manager,Dylan Lewis,Eva Lewis,dylanlewis@meridianmechanical.example,+1-555-224-3844,"968 Enterprise Parkway, Nigeria",Synthetic CRM Directory
Customer,Meridian Mechanical,Nigeria,Operations,Operations,Maintenance / Operations Coordinator,Harper Grant,Eva Lewis,harpergrant@meridianmechanical.example,+1-555-224-4017,"968 Enterprise Parkway, Nigeria",Synthetic CRM Directory
Customer,Meridian Mechanical,Nigeria,Finance,Finance,Accounts Payable Lead,Logan Keller,Eva Lewis,logankeller@meridianmechanical.example,+1-555-224-4190,"968 Enterprise Parkway, Nigeria",Synthetic CRM Directory
Customer,Meridian Power Partners,Japan,Sourcing,Procurement,Procurement Manager,Drew Morgan,Priya Nguyen,drewmorgan@meridianpowerpartner.example,+1-555-225-3875,"975 Enterprise Parkway, Japan",Synthetic CRM Directory
Customer,Meridian Power Partners,Japan,Operations,Operations,Maintenance / Operations Coordinator,Ari Howard,Priya Nguyen,arihoward@meridianpowerpartner.example,+1-555-225-4048,"975 Enterprise Parkway, Japan",Synthetic CRM Directory
Customer,Meridian Power Partners,Japan,Finance,Finance,Accounts Payable Lead,Reese Nguyen,Priya Nguyen,reesenguyen@meridianpowerpartner.example,+1-555-225-4221,"975 Enterprise Parkway, Japan",Synthetic CRM Directory
Customer,Meridian Process Controls,Mexico,Sourcing,Procurement,Procurement Manager,Kendall Clark,Noah Keller,kendallclark@meridianprocesscontr.example,+1-555-226-3906,"982 Enterprise Parkway, Mexico",Synthetic CRM Directory
Customer,Meridian Process Controls,Mexico,Operations,Operations,Maintenance / Operations Coordinator,Alex Walker,Noah Keller,alexwalker@meridianprocesscontr.example,+1-555-226-4079,"982 Enterprise Parkway, Mexico",Synthetic CRM Directory
Customer,Meridian Process Controls,Mexico,Finance,Finance,Accounts Payable Lead,Morgan Coleman,Noah Keller,morgancoleman@meridianprocesscontr.example,+1-555-226-4252,"982 Enterprise Parkway, Mexico",Synthetic CRM Directory
Customer,Meridian Engineering,Germany,Sourcing,Procurement,Procurement Manager,Quinn Santos,Adrian Walker,quinnsantos@meridianengineering.example,+1-555-227-3937,"989 Enterprise Parkway, Germany",Synthetic CRM Directory
Customer,Meridian Engineering,Germany,Operations,Operations,Maintenance / Operations Coordinator,Skyler Hayes,Adrian Walker,skylerhayes@meridianengineering.example,+1-555-227-4110,"989 Enterprise Parkway, Germany",Synthetic CRM Directory
Customer,Meridian Engineering,Germany,Finance,Finance,Accounts Payable Lead,Robin Foster,Adrian Walker,robinfoster@meridianengineering.example,+1-555-227-4283,"989 Enterprise Parkway, Germany",Synthetic CRM Directory
Customer,Meridian Drilling Solutions,Saudi Arabia,Sourcing,Procurement,Procurement Manager,Taylor Price,Zara Grant,taylorprice@meridiandrillingsolu.example,+1-555-228-3968,"996 Enterprise Parkway, Saudi Arabia",Synthetic CRM Directory
Customer,Meridian Drilling Solutions,Saudi Arabia,Operations,Operations,Maintenance / Operations Coordinator,Casey Wilson,Zara Grant,caseywilson@meridiandrillingsolu.example,+1-555-228-4141,"996 Enterprise Parkway, Saudi Arabia",Synthetic CRM Directory
Customer,Meridian Drilling Solutions,Saudi Arabia,Finance,Finance,Accounts Payable Lead,Riley Perry,Zara Grant,rileyperry@meridiandrillingsolu.example,+1-555-228-4314,"996 Enterprise Parkway, Saudi Arabia",Synthetic CRM Directory
Customer,Meridian Compression,Egypt,Sourcing,Procurement,Procurement Manager,Parker Martin,Theo Price,parkermartin@meridiancompression.example,+1-555-229-3999,"1003 Enterprise Parkway, Egypt",Synthetic CRM Directory
Customer,Meridian Compression,Egypt,Operations,Operations,Maintenance / Operations Coordinator,Emerson Miller,Theo Price,emersonmiller@meridiancompression.example,+1-555-229-4172,"1003 Enterprise Parkway, Egypt",Synthetic CRM Directory
Customer,Meridian Compression,Egypt,Finance,Finance,Accounts Payable Lead,Dylan Lewis,Theo Price,dylanlewis@meridiancompression.example,+1-555-229-4345,"1003 Enterprise Parkway, Egypt",Synthetic CRM Directory
Customer,Meridian Compression,Egypt,Technical,Engineering,Reliability Engineer,Harper Grant,Theo Price,harpergrant@meridiancompression.example,+1-555-229-4518,"1003 Enterprise Parkway, Egypt",Synthetic CRM Directory
Customer,Meridian Industrial Maintenance,India,Sourcing,Procurement,Procurement Manager,Jamie Diaz,Lucas Hayes,jamiediaz@meridianindustrialma.example,+1-555-230-4030,"1010 Enterprise Parkway, India",Synthetic CRM Directory
Customer,Meridian Industrial Maintenance,India,Operations,Operations,Maintenance / Operations Coordinator,Cameron Rossi,Lucas Hayes,cameronrossi@meridianindustrialma.example,+1-555-230-4203,"1010 Enterprise Parkway, India",Synthetic CRM Directory
Customer,Meridian Industrial Maintenance,India,Finance,Finance,Accounts Payable Lead,Drew Morgan,Lucas Hayes,drewmorgan@meridianindustrialma.example,+1-555-230-4376,"1010 Enterprise Parkway, India",Synthetic CRM Directory
Customer,Meridian Resources,Colombia,Sourcing,Procurement,Procurement Manager,Harper Grant,Avery Morgan,harpergrant@meridianresources.example,+1-555-231-4061,"1017 Enterprise Parkway, Colombia",Synthetic CRM Directory
Customer,Meridian Resources,Colombia,Operations,Operations,Maintenance / Operations Coordinator,Logan Keller,Avery Morgan,logankeller@meridianresources.example,+1-555-231-4234,"1017 Enterprise Parkway, Colombia",Synthetic CRM Directory
Customer,Meridian Resources,Colombia,Finance,Finance,Accounts Payable Lead,Kendall Clark,Avery Morgan,kendallclark@meridianresources.example,+1-555-231-4407,"1017 Enterprise Parkway, Colombia",Synthetic CRM Directory
Customer,Meridian Resources,Colombia,Technical,Engineering,Reliability Engineer,Alex Walker,Avery Morgan,alexwalker@meridianresources.example,+1-555-231-4580,"1017 Enterprise Parkway, Colombia",Synthetic CRM Directory
Customer,Meridian Pipeline Services,Norway,Sourcing,Procurement,Procurement Manager,Ari Howard,Grace Perry,arihoward@meridianpipelineserv.example,+1-555-232-4092,"1024 Enterprise Parkway, Norway",Synthetic CRM Directory
Customer,Meridian Pipeline Services,Norway,Operations,Operations,Maintenance / Operations Coordinator,Reese Nguyen,Grace Perry,reesenguyen@meridianpipelineserv.example,+1-555-232-4265,"1024 Enterprise Parkway, Norway",Synthetic CRM Directory
Customer,Meridian Pipeline Services,Norway,Finance,Finance,Accounts Payable Lead,Quinn Santos,Grace Perry,quinnsantos@meridianpipelineserv.example,+1-555-232-4438,"1024 Enterprise Parkway, Norway",Synthetic CRM Directory
Customer,Meridian Pipeline Services,Norway,Technical,Engineering,Reliability Engineer,Skyler Hayes,Grace Perry,skylerhayes@meridianpipelineserv.example,+1-555-232-4611,"1024 Enterprise Parkway, Norway",Synthetic CRM Directory
Customer,Meridian Rotating Equipment,Oman,Sourcing,Procurement,Procurement Manager,Alex Walker,Julian Howard,alexwalker@meridianrotatingequi.example,+1-555-233-4123,"1031 Enterprise Parkway, Oman",Synthetic CRM Directory
Customer,Meridian Rotating Equipment,Oman,Operations,Operations,Maintenance / Operations Coordinator,Morgan Coleman,Julian Howard,morgancoleman@meridianrotatingequi.example,+1-555-233-4296,"1031 Enterprise Parkway, Oman",Synthetic CRM Directory
Customer,Meridian Rotating Equipment,Oman,Finance,Finance,Accounts Payable Lead,Taylor Price,Julian Howard,taylorprice@meridianrotatingequi.example,+1-555-233-4469,"1031 Enterprise Parkway, Oman",Synthetic CRM Directory
Customer,Meridian Technical Supply,Malaysia,Sourcing,Procurement,Procurement Manager,Skyler Hayes,Lina Sato,skylerhayes@meridiantechnicalsup.example,+1-555-234-4154,"1038 Enterprise Parkway, Malaysia",Synthetic CRM Directory
Customer,Meridian Technical Supply,Malaysia,Operations,Operations,Maintenance / Operations Coordinator,Robin Foster,Lina Sato,robinfoster@meridiantechnicalsup.example,+1-555-234-4327,"1038 Enterprise Parkway, Malaysia",Synthetic CRM Directory
Customer,Meridian Technical Supply,Malaysia,Finance,Finance,Accounts Payable Lead,Parker Martin,Lina Sato,parkermartin@meridiantechnicalsup.example,+1-555-234-4500,"1038 Enterprise Parkway, Malaysia",Synthetic CRM Directory
Customer,Meridian Refinery Services,Vietnam,Sourcing,Procurement,Procurement Manager,Casey Wilson,Camille Martin,caseywilson@meridianrefineryserv.example,+1-555-235-4185,"1045 Enterprise Parkway, Vietnam",Synthetic CRM Directory
Customer,Meridian Refinery Services,Vietnam,Operations,Operations,Maintenance / Operations Coordinator,Riley Perry,Camille Martin,rileyperry@meridianrefineryserv.example,+1-555-235-4358,"1045 Enterprise Parkway, Vietnam",Synthetic CRM Directory
Customer,Meridian Refinery Services,Vietnam,Finance,Finance,Accounts Payable Lead,Jamie Diaz,Camille Martin,jamiediaz@meridianrefineryserv.example,+1-555-235-4531,"1045 Enterprise Parkway, Vietnam",Synthetic CRM Directory
Customer,Meridian Energy Projects,Argentina,Sourcing,Procurement,Procurement Manager,Emerson Miller,Mila Diaz,emersonmiller@meridianenergyprojec.example,+1-555-236-4216,"1052 Enterprise Parkway, Argentina",Synthetic CRM Directory
Customer,Meridian Energy Projects,Argentina,Operations,Operations,Maintenance / Operations Coordinator,Dylan Lewis,Mila Diaz,dylanlewis@meridianenergyprojec.example,+1-555-236-4389,"1052 Enterprise Parkway, Argentina",Synthetic CRM Directory
Customer,Meridian Energy Projects,Argentina,Finance,Finance,Accounts Payable Lead,Harper Grant,Mila Diaz,harpergrant@meridianenergyprojec.example,+1-555-236-4562,"1052 Enterprise Parkway, Argentina",Synthetic CRM Directory
Customer,Meridian Energy Projects,Argentina,Technical,Engineering,Reliability Engineer,Logan Keller,Mila Diaz,logankeller@meridianenergyprojec.example,+1-555-236-4735,"1052 Enterprise Parkway, Argentina",Synthetic CRM Directory
Customer,Meridian Marine Engineering,Italy,Sourcing,Procurement,Procurement Manager,Cameron Rossi,Leo Foster,cameronrossi@meridianmarineengine.example,+1-555-237-4247,"1059 Enterprise Parkway, Italy",Synthetic CRM Directory
Customer,Meridian Marine Engineering,Italy,Operations,Operations,Maintenance / Operations Coordinator,Drew Morgan,Leo Foster,drewmorgan@meridianmarineengine.example,+1-555-237-4420,"1059 Enterprise Parkway, Italy",Synthetic CRM Directory
Customer,Meridian Marine Engineering,Italy,Finance,Finance,Accounts Payable Lead,Ari Howard,Leo Foster,arihoward@meridianmarineengine.example,+1-555-237-4593,"1059 Enterprise Parkway, Italy",Synthetic CRM Directory
Customer,Meridian Marine Engineering,Italy,Technical,Engineering,Reliability Engineer,Reese Nguyen,Leo Foster,reesenguyen@meridianmarineengine.example,+1-555-237-4766,"1059 Enterprise Parkway, Italy",Synthetic CRM Directory
Customer,Meridian Production Services,Ghana,Sourcing,Procurement,Procurement Manager,Logan Keller,Eva Lewis,logankeller@meridianproductionse.example,+1-555-238-4278,"1066 Enterprise Parkway, Ghana",Synthetic CRM Directory
Customer,Meridian Production Services,Ghana,Operations,Operations,Maintenance / Operations Coordinator,Kendall Clark,Eva Lewis,kendallclark@meridianproductionse.example,+1-555-238-4451,"1066 Enterprise Parkway, Ghana",Synthetic CRM Directory
Customer,Meridian Production Services,Ghana,Finance,Finance,Accounts Payable Lead,Alex Walker,Eva Lewis,alexwalker@meridianproductionse.example,+1-555-238-4624,"1066 Enterprise Parkway, Ghana",Synthetic CRM Directory
Customer,Meridian Controls,Australia,Sourcing,Procurement,Procurement Manager,Reese Nguyen,Priya Nguyen,reesenguyen@meridiancontrols.example,+1-555-239-4309,"1073 Enterprise Parkway, Australia",Synthetic CRM Directory
Customer,Meridian Controls,Australia,Operations,Operations,Maintenance / Operations Coordinator,Quinn Santos,Priya Nguyen,quinnsantos@meridiancontrols.example,+1-555-239-4482,"1073 Enterprise Parkway, Australia",Synthetic CRM Directory
Customer,Meridian Controls,Australia,Finance,Finance,Accounts Payable Lead,Skyler Hayes,Priya Nguyen,skylerhayes@meridiancontrols.example,+1-555-239-4655,"1073 Enterprise Parkway, Australia",Synthetic CRM Directory
Customer,Meridian Controls,Australia,Technical,Engineering,Reliability Engineer,Robin Foster,Priya Nguyen,robinfoster@meridiancontrols.example,+1-555-239-4828,"1073 Enterprise Parkway, Australia",Synthetic CRM Directory
Customer,Meridian Offshore Systems,Canada,Sourcing,Procurement,Procurement Manager,Morgan Coleman,Noah Keller,morgancoleman@meridianoffshoresyst.example,+1-555-240-4340,"1080 Enterprise Parkway, Canada",Synthetic CRM Directory
Customer,Meridian Offshore Systems,Canada,Operations,Operations,Maintenance / Operations Coordinator,Taylor Price,Noah Keller,taylorprice@meridianoffshoresyst.example,+1-555-240-4513,"1080 Enterprise Parkway, Canada",Synthetic CRM Directory
Customer,Meridian Offshore Systems,Canada,Finance,Finance,Accounts Payable Lead,Casey Wilson,Noah Keller,caseywilson@meridianoffshoresyst.example,+1-555-240-4686,"1080 Enterprise Parkway, Canada",Synthetic CRM Directory
Customer,Meridian Offshore Systems,Canada,Technical,Engineering,Reliability Engineer,Riley Perry,Noah Keller,rileyperry@meridianoffshoresyst.example,+1-555-240-4859,"1080 Enterprise Parkway, Canada",Synthetic CRM Directory
Customer,Meridian Mechanical Group,France,Sourcing,Procurement,Procurement Manager,Robin Foster,Adrian Walker,robinfoster@meridianmechanicalgr.example,+1-555-241-4371,"1087 Enterprise Parkway, France",Synthetic CRM Directory
Customer,Meridian Mechanical Group,France,Operations,Operations,Maintenance / Operations Coordinator,Parker Martin,Adrian Walker,parkermartin@meridianmechanicalgr.example,+1-555-241-4544,"1087 Enterprise Parkway, France",Synthetic CRM Directory
Customer,Meridian Mechanical Group,France,Finance,Finance,Accounts Payable Lead,Emerson Miller,Adrian Walker,emersonmiller@meridianmechanicalgr.example,+1-555-241-4717,"1087 Enterprise Parkway, France",Synthetic CRM Directory
Customer,Meridian Industrial Services,United Arab Emirates,Sourcing,Procurement,Procurement Manager,Riley Perry,Zara Grant,rileyperry@meridianindustrialse.example,+1-555-242-4402,"1094 Enterprise Parkway, United Arab Emirates",Synthetic CRM Directory
Customer,Meridian Industrial Services,United Arab Emirates,Operations,Operations,Maintenance / Operations Coordinator,Jamie Diaz,Zara Grant,jamiediaz@meridianindustrialse.example,+1-555-242-4575,"1094 Enterprise Parkway, United Arab Emirates",Synthetic CRM Directory
Customer,Meridian Industrial Services,United Arab Emirates,Finance,Finance,Accounts Payable Lead,Cameron Rossi,Zara Grant,cameronrossi@meridianindustrialse.example,+1-555-242-4748,"1094 Enterprise Parkway, United Arab Emirates",Synthetic CRM Directory
Customer,Meridian Industrial Services,United Arab Emirates,Technical,Engineering,Reliability Engineer,Drew Morgan,Zara Grant,drewmorgan@meridianindustrialse.example,+1-555-242-4921,"1094 Enterprise Parkway, United Arab Emirates",Synthetic CRM Directory
Customer,Meridian Flow Systems,Kenya,Sourcing,Procurement,Procurement Manager,Dylan Lewis,Theo Price,dylanlewis@meridianflowsystems.example,+1-555-243-4433,"1101 Enterprise Parkway, Kenya",Synthetic CRM Directory
Customer,Meridian Flow Systems,Kenya,Operations,Operations,Maintenance / Operations Coordinator,Harper Grant,Theo Price,harpergrant@meridianflowsystems.example,+1-555-243-4606,"1101 Enterprise Parkway, Kenya",Synthetic CRM Directory
Customer,Meridian Flow Systems,Kenya,Finance,Finance,Accounts Payable Lead,Logan Keller,Theo Price,logankeller@meridianflowsystems.example,+1-555-243-4779,"1101 Enterprise Parkway, Kenya",Synthetic CRM Directory
Customer,Meridian Flow Systems,Kenya,Technical,Engineering,Reliability Engineer,Kendall Clark,Theo Price,kendallclark@meridianflowsystems.example,+1-555-243-4952,"1101 Enterprise Parkway, Kenya",Synthetic CRM Directory
Customer,Meridian Instrumentation,South Korea,Sourcing,Procurement,Procurement Manager,Drew Morgan,Lucas Hayes,drewmorgan@meridianinstrumentat.example,+1-555-244-4464,"1108 Enterprise Parkway, South Korea",Synthetic CRM Directory
Customer,Meridian Instrumentation,South Korea,Operations,Operations,Maintenance / Operations Coordinator,Ari Howard,Lucas Hayes,arihoward@meridianinstrumentat.example,+1-555-244-4637,"1108 Enterprise Parkway, South Korea",Synthetic CRM Directory
Customer,Meridian Instrumentation,South Korea,Finance,Finance,Accounts Payable Lead,Reese Nguyen,Lucas Hayes,reesenguyen@meridianinstrumentat.example,+1-555-244-4810,"1108 Enterprise Parkway, South Korea",Synthetic CRM Directory
Customer,Meridian Instrumentation,South Korea,Technical,Engineering,Reliability Engineer,Quinn Santos,Lucas Hayes,quinnsantos@meridianinstrumentat.example,+1-555-244-4983,"1108 Enterprise Parkway, South Korea",Synthetic CRM Directory
Customer,Meridian Technical Services,Brazil,Sourcing,Procurement,Procurement Manager,Kendall Clark,Avery Morgan,kendallclark@meridiantechnicalser.example,+1-555-245-4495,"1115 Enterprise Parkway, Brazil",Synthetic CRM Directory
Customer,Meridian Technical Services,Brazil,Operations,Operations,Maintenance / Operations Coordinator,Alex Walker,Avery Morgan,alexwalker@meridiantechnicalser.example,+1-555-245-4668,"1115 Enterprise Parkway, Brazil",Synthetic CRM Directory
Customer,Meridian Technical Services,Brazil,Finance,Finance,Accounts Payable Lead,Morgan Coleman,Avery Morgan,morgancoleman@meridiantechnicalser.example,+1-555-245-4841,"1115 Enterprise Parkway, Brazil",Synthetic CRM Directory
Customer,Meridian Technical Services,Brazil,Technical,Engineering,Reliability Engineer,Taylor Price,Avery Morgan,taylorprice@meridiantechnicalser.example,+1-555-245-5014,"1115 Enterprise Parkway, Brazil",Synthetic CRM Directory
Customer,Meridian Industrial Solutions,Netherlands,Sourcing,Procurement,Procurement Manager,Quinn Santos,Grace Perry,quinnsantos@meridianindustrialso.example,+1-555-246-4526,"1122 Enterprise Parkway, Netherlands",Synthetic CRM Directory
Customer,Meridian Industrial Solutions,Netherlands,Operations,Operations,Maintenance / Operations Coordinator,Skyler Hayes,Grace Perry,skylerhayes@meridianindustrialso.example,+1-555-246-4699,"1122 Enterprise Parkway, Netherlands",Synthetic CRM Directory
Customer,Meridian Industrial Solutions,Netherlands,Finance,Finance,Accounts Payable Lead,Robin Foster,Grace Perry,robinfoster@meridianindustrialso.example,+1-555-246-4872,"1122 Enterprise Parkway, Netherlands",Synthetic CRM Directory
Customer,Meridian Industrial Solutions,Netherlands,Technical,Engineering,Reliability Engineer,Parker Martin,Grace Perry,parkermartin@meridianindustrialso.example,+1-555-246-5045,"1122 Enterprise Parkway, Netherlands",Synthetic CRM Directory
Customer,Meridian Marine Supply,Qatar,Sourcing,Procurement,Procurement Manager,Taylor Price,Julian Howard,taylorprice@meridianmarinesupply.example,+1-555-247-4557,"1129 Enterprise Parkway, Qatar",Synthetic CRM Directory
Customer,Meridian Marine Supply,Qatar,Operations,Operations,Maintenance / Operations Coordinator,Casey Wilson,Julian Howard,caseywilson@meridianmarinesupply.example,+1-555-247-4730,"1129 Enterprise Parkway, Qatar",Synthetic CRM Directory
Customer,Meridian Marine Supply,Qatar,Finance,Finance,Accounts Payable Lead,Riley Perry,Julian Howard,rileyperry@meridianmarinesupply.example,+1-555-247-4903,"1129 Enterprise Parkway, Qatar",Synthetic CRM Directory
Customer,Arcadia Energy Systems,Singapore,Sourcing,Procurement,Procurement Manager,Parker Martin,Lina Sato,parkermartin@arcadiaenergysystems.example,+1-555-248-4588,"1136 Enterprise Parkway, Singapore",Synthetic CRM Directory
Customer,Arcadia Energy Systems,Singapore,Operations,Operations,Maintenance / Operations Coordinator,Emerson Miller,Lina Sato,emersonmiller@arcadiaenergysystems.example,+1-555-248-4761,"1136 Enterprise Parkway, Singapore",Synthetic CRM Directory
Customer,Arcadia Energy Systems,Singapore,Finance,Finance,Accounts Payable Lead,Dylan Lewis,Lina Sato,dylanlewis@arcadiaenergysystems.example,+1-555-248-4934,"1136 Enterprise Parkway, Singapore",Synthetic CRM Directory
Customer,Arcadia Marine Services,Thailand,Sourcing,Procurement,Procurement Manager,Jamie Diaz,Camille Martin,jamiediaz@arcadiamarineservice.example,+1-555-249-4619,"1143 Enterprise Parkway, Thailand",Synthetic CRM Directory
Customer,Arcadia Marine Services,Thailand,Operations,Operations,Maintenance / Operations Coordinator,Cameron Rossi,Camille Martin,cameronrossi@arcadiamarineservice.example,+1-555-249-4792,"1143 Enterprise Parkway, Thailand",Synthetic CRM Directory
Customer,Arcadia Marine Services,Thailand,Finance,Finance,Accounts Payable Lead,Drew Morgan,Camille Martin,drewmorgan@arcadiamarineservice.example,+1-555-249-4965,"1143 Enterprise Parkway, Thailand",Synthetic CRM Directory
Customer,Arcadia Industrial Group,Chile,Sourcing,Procurement,Procurement Manager,Harper Grant,Mila Diaz,harpergrant@arcadiaindustrialgro.example,+1-555-250-4650,"1150 Enterprise Parkway, Chile",Synthetic CRM Directory
Customer,Arcadia Industrial Group,Chile,Operations,Operations,Maintenance / Operations Coordinator,Logan Keller,Mila Diaz,logankeller@arcadiaindustrialgro.example,+1-555-250-4823,"1150 Enterprise Parkway, Chile",Synthetic CRM Directory
Customer,Arcadia Industrial Group,Chile,Finance,Finance,Accounts Payable Lead,Kendall Clark,Mila Diaz,kendallclark@arcadiaindustrialgro.example,+1-555-250-4996,"1150 Enterprise Parkway, Chile",Synthetic CRM Directory
Customer,Arcadia Process Solutions,Spain,Sourcing,Procurement,Procurement Manager,Ari Howard,Leo Foster,arihoward@arcadiaprocesssoluti.example,+1-555-251-4681,"1157 Enterprise Parkway, Spain",Synthetic CRM Directory
Customer,Arcadia Process Solutions,Spain,Operations,Operations,Maintenance / Operations Coordinator,Reese Nguyen,Leo Foster,reesenguyen@arcadiaprocesssoluti.example,+1-555-251-4854,"1157 Enterprise Parkway, Spain",Synthetic CRM Directory
Customer,Arcadia Process Solutions,Spain,Finance,Finance,Accounts Payable Lead,Quinn Santos,Leo Foster,quinnsantos@arcadiaprocesssoluti.example,+1-555-251-5027,"1157 Enterprise Parkway, Spain",Synthetic CRM Directory
Customer,Arcadia Offshore Engineering,South Africa,Sourcing,Procurement,Procurement Manager,Alex Walker,Eva Lewis,alexwalker@arcadiaoffshoreengin.example,+1-555-252-4712,"1164 Enterprise Parkway, South Africa",Synthetic CRM Directory
Customer,Arcadia Offshore Engineering,South Africa,Operations,Operations,Maintenance / Operations Coordinator,Morgan Coleman,Eva Lewis,morgancoleman@arcadiaoffshoreengin.example,+1-555-252-4885,"1164 Enterprise Parkway, South Africa",Synthetic CRM Directory
Customer,Arcadia Offshore Engineering,South Africa,Finance,Finance,Accounts Payable Lead,Taylor Price,Eva Lewis,taylorprice@arcadiaoffshoreengin.example,+1-555-252-5058,"1164 Enterprise Parkway, South Africa",Synthetic CRM Directory
Customer,Arcadia Flow Technologies,Indonesia,Sourcing,Procurement,Procurement Manager,Skyler Hayes,Priya Nguyen,skylerhayes@arcadiaflowtechnolog.example,+1-555-253-4743,"1171 Enterprise Parkway, Indonesia",Synthetic CRM Directory
Customer,Arcadia Flow Technologies,Indonesia,Operations,Operations,Maintenance / Operations Coordinator,Robin Foster,Priya Nguyen,robinfoster@arcadiaflowtechnolog.example,+1-555-253-4916,"1171 Enterprise Parkway, Indonesia",Synthetic CRM Directory
Customer,Arcadia Flow Technologies,Indonesia,Finance,Finance,Accounts Payable Lead,Parker Martin,Priya Nguyen,parkermartin@arcadiaflowtechnolog.example,+1-555-253-5089,"1171 Enterprise Parkway, Indonesia",Synthetic CRM Directory
Customer,Arcadia Flow Technologies,Indonesia,Technical,Engineering,Reliability Engineer,Emerson Miller,Priya Nguyen,emersonmiller@arcadiaflowtechnolog.example,+1-555-253-5262,"1171 Enterprise Parkway, Indonesia",Synthetic CRM Directory
Customer,Arcadia Infrastructure,United States,Sourcing,Procurement,Procurement Manager,Casey Wilson,Noah Keller,caseywilson@arcadiainfrastructur.example,+1-555-254-4774,"1178 Enterprise Parkway, United States",Synthetic CRM Directory
Customer,Arcadia Infrastructure,United States,Operations,Operations,Maintenance / Operations Coordinator,Riley Perry,Noah Keller,rileyperry@arcadiainfrastructur.example,+1-555-254-4947,"1178 Enterprise Parkway, United States",Synthetic CRM Directory
Customer,Arcadia Infrastructure,United States,Finance,Finance,Accounts Payable Lead,Jamie Diaz,Noah Keller,jamiediaz@arcadiainfrastructur.example,+1-555-254-5120,"1178 Enterprise Parkway, United States",Synthetic CRM Directory
Customer,Arcadia Petro Systems,United Kingdom,Sourcing,Procurement,Procurement Manager,Emerson Miller,Adrian Walker,emersonmiller@arcadiapetrosystems.example,+1-555-255-4805,"1185 Enterprise Parkway, United Kingdom",Synthetic CRM Directory
Customer,Arcadia Petro Systems,United Kingdom,Operations,Operations,Maintenance / Operations Coordinator,Dylan Lewis,Adrian Walker,dylanlewis@arcadiapetrosystems.example,+1-555-255-4978,"1185 Enterprise Parkway, United Kingdom",Synthetic CRM Directory
Customer,Arcadia Petro Systems,United Kingdom,Finance,Finance,Accounts Payable Lead,Harper Grant,Adrian Walker,harpergrant@arcadiapetrosystems.example,+1-555-255-5151,"1185 Enterprise Parkway, United Kingdom",Synthetic CRM Directory
Customer,Arcadia Petro Systems,United Kingdom,Technical,Engineering,Reliability Engineer,Logan Keller,Adrian Walker,logankeller@arcadiapetrosystems.example,+1-555-255-5324,"1185 Enterprise Parkway, United Kingdom",Synthetic CRM Directory
Customer,Arcadia Mining Services,Poland,Sourcing,Procurement,Procurement Manager,Cameron Rossi,Zara Grant,cameronrossi@arcadiaminingservice.example,+1-555-256-4836,"1192 Enterprise Parkway, Poland",Synthetic CRM Directory
Customer,Arcadia Mining Services,Poland,Operations,Operations,Maintenance / Operations Coordinator,Drew Morgan,Zara Grant,drewmorgan@arcadiaminingservice.example,+1-555-256-5009,"1192 Enterprise Parkway, Poland",Synthetic CRM Directory
Customer,Arcadia Mining Services,Poland,Finance,Finance,Accounts Payable Lead,Ari Howard,Zara Grant,arihoward@arcadiaminingservice.example,+1-555-256-5182,"1192 Enterprise Parkway, Poland",Synthetic CRM Directory
Customer,Arcadia Waterworks,Nigeria,Sourcing,Procurement,Procurement Manager,Logan Keller,Theo Price,logankeller@arcadiawaterworks.example,+1-555-257-4867,"1199 Enterprise Parkway, Nigeria",Synthetic CRM Directory
Customer,Arcadia Waterworks,Nigeria,Operations,Operations,Maintenance / Operations Coordinator,Kendall Clark,Theo Price,kendallclark@arcadiawaterworks.example,+1-555-257-5040,"1199 Enterprise Parkway, Nigeria",Synthetic CRM Directory
Customer,Arcadia Waterworks,Nigeria,Finance,Finance,Accounts Payable Lead,Alex Walker,Theo Price,alexwalker@arcadiawaterworks.example,+1-555-257-5213,"1199 Enterprise Parkway, Nigeria",Synthetic CRM Directory
Customer,Arcadia Automation,Japan,Sourcing,Procurement,Procurement Manager,Reese Nguyen,Lucas Hayes,reesenguyen@arcadiaautomation.example,+1-555-258-4898,"1206 Enterprise Parkway, Japan",Synthetic CRM Directory
Customer,Arcadia Automation,Japan,Operations,Operations,Maintenance / Operations Coordinator,Quinn Santos,Lucas Hayes,quinnsantos@arcadiaautomation.example,+1-555-258-5071,"1206 Enterprise Parkway, Japan",Synthetic CRM Directory
Customer,Arcadia Automation,Japan,Finance,Finance,Accounts Payable Lead,Skyler Hayes,Lucas Hayes,skylerhayes@arcadiaautomation.example,+1-555-258-5244,"1206 Enterprise Parkway, Japan",Synthetic CRM Directory
Customer,Arcadia Utilities,Mexico,Sourcing,Procurement,Procurement Manager,Morgan Coleman,Avery Morgan,morgancoleman@arcadiautilities.example,+1-555-259-4929,"1213 Enterprise Parkway, Mexico",Synthetic CRM Directory
Customer,Arcadia Utilities,Mexico,Operations,Operations,Maintenance / Operations Coordinator,Taylor Price,Avery Morgan,taylorprice@arcadiautilities.example,+1-555-259-5102,"1213 Enterprise Parkway, Mexico",Synthetic CRM Directory
Customer,Arcadia Utilities,Mexico,Finance,Finance,Accounts Payable Lead,Casey Wilson,Avery Morgan,caseywilson@arcadiautilities.example,+1-555-259-5275,"1213 Enterprise Parkway, Mexico",Synthetic CRM Directory
Customer,Arcadia Field Services,Germany,Sourcing,Procurement,Procurement Manager,Robin Foster,Grace Perry,robinfoster@arcadiafieldservices.example,+1-555-260-4960,"1220 Enterprise Parkway, Germany",Synthetic CRM Directory
Customer,Arcadia Field Services,Germany,Operations,Operations,Maintenance / Operations Coordinator,Parker Martin,Grace Perry,parkermartin@arcadiafieldservices.example,+1-555-260-5133,"1220 Enterprise Parkway, Germany",Synthetic CRM Directory
Customer,Arcadia Field Services,Germany,Finance,Finance,Accounts Payable Lead,Emerson Miller,Grace Perry,emersonmiller@arcadiafieldservices.example,+1-555-260-5306,"1220 Enterprise Parkway, Germany",Synthetic CRM Directory
Customer,Arcadia Mechanical,Saudi Arabia,Sourcing,Procurement,Procurement Manager,Riley Perry,Julian Howard,rileyperry@arcadiamechanical.example,+1-555-261-4991,"1227 Enterprise Parkway, Saudi Arabia",Synthetic CRM Directory
Customer,Arcadia Mechanical,Saudi Arabia,Operations,Operations,Maintenance / Operations Coordinator,Jamie Diaz,Julian Howard,jamiediaz@arcadiamechanical.example,+1-555-261-5164,"1227 Enterprise Parkway, Saudi Arabia",Synthetic CRM Directory
Customer,Arcadia Mechanical,Saudi Arabia,Finance,Finance,Accounts Payable Lead,Cameron Rossi,Julian Howard,cameronrossi@arcadiamechanical.example,+1-555-261-5337,"1227 Enterprise Parkway, Saudi Arabia",Synthetic CRM Directory
Customer,Arcadia Mechanical,Saudi Arabia,Technical,Engineering,Reliability Engineer,Drew Morgan,Julian Howard,drewmorgan@arcadiamechanical.example,+1-555-261-5510,"1227 Enterprise Parkway, Saudi Arabia",Synthetic CRM Directory
Customer,Arcadia Power Partners,Egypt,Sourcing,Procurement,Procurement Manager,Dylan Lewis,Lina Sato,dylanlewis@arcadiapowerpartners.example,+1-555-262-5022,"1234 Enterprise Parkway, Egypt",Synthetic CRM Directory
Customer,Arcadia Power Partners,Egypt,Operations,Operations,Maintenance / Operations Coordinator,Harper Grant,Lina Sato,harpergrant@arcadiapowerpartners.example,+1-555-262-5195,"1234 Enterprise Parkway, Egypt",Synthetic CRM Directory
Customer,Arcadia Power Partners,Egypt,Finance,Finance,Accounts Payable Lead,Logan Keller,Lina Sato,logankeller@arcadiapowerpartners.example,+1-555-262-5368,"1234 Enterprise Parkway, Egypt",Synthetic CRM Directory
Customer,Arcadia Process Controls,India,Sourcing,Procurement,Procurement Manager,Drew Morgan,Camille Martin,drewmorgan@arcadiaprocesscontro.example,+1-555-263-5053,"1241 Enterprise Parkway, India",Synthetic CRM Directory
Customer,Arcadia Process Controls,India,Operations,Operations,Maintenance / Operations Coordinator,Ari Howard,Camille Martin,arihoward@arcadiaprocesscontro.example,+1-555-263-5226,"1241 Enterprise Parkway, India",Synthetic CRM Directory
Customer,Arcadia Process Controls,India,Finance,Finance,Accounts Payable Lead,Reese Nguyen,Camille Martin,reesenguyen@arcadiaprocesscontro.example,+1-555-263-5399,"1241 Enterprise Parkway, India",Synthetic CRM Directory
Customer,Arcadia Process Controls,India,Technical,Engineering,Reliability Engineer,Quinn Santos,Camille Martin,quinnsantos@arcadiaprocesscontro.example,+1-555-263-5572,"1241 Enterprise Parkway, India",Synthetic CRM Directory
Customer,Arcadia Engineering,Colombia,Sourcing,Procurement,Procurement Manager,Kendall Clark,Mila Diaz,kendallclark@arcadiaengineering.example,+1-555-264-5084,"1248 Enterprise Parkway, Colombia",Synthetic CRM Directory
Customer,Arcadia Engineering,Colombia,Operations,Operations,Maintenance / Operations Coordinator,Alex Walker,Mila Diaz,alexwalker@arcadiaengineering.example,+1-555-264-5257,"1248 Enterprise Parkway, Colombia",Synthetic CRM Directory
Customer,Arcadia Engineering,Colombia,Finance,Finance,Accounts Payable Lead,Morgan Coleman,Mila Diaz,morgancoleman@arcadiaengineering.example,+1-555-264-5430,"1248 Enterprise Parkway, Colombia",Synthetic CRM Directory
Customer,Arcadia Engineering,Colombia,Technical,Engineering,Reliability Engineer,Taylor Price,Mila Diaz,taylorprice@arcadiaengineering.example,+1-555-264-5603,"1248 Enterprise Parkway, Colombia",Synthetic CRM Directory
Customer,Arcadia Drilling Solutions,Norway,Sourcing,Procurement,Procurement Manager,Quinn Santos,Leo Foster,quinnsantos@arcadiadrillingsolut.example,+1-555-265-5115,"1255 Enterprise Parkway, Norway",Synthetic CRM Directory
Customer,Arcadia Drilling Solutions,Norway,Operations,Operations,Maintenance / Operations Coordinator,Skyler Hayes,Leo Foster,skylerhayes@arcadiadrillingsolut.example,+1-555-265-5288,"1255 Enterprise Parkway, Norway",Synthetic CRM Directory
Customer,Arcadia Drilling Solutions,Norway,Finance,Finance,Accounts Payable Lead,Robin Foster,Leo Foster,robinfoster@arcadiadrillingsolut.example,+1-555-265-5461,"1255 Enterprise Parkway, Norway",Synthetic CRM Directory
Customer,Arcadia Drilling Solutions,Norway,Technical,Engineering,Reliability Engineer,Parker Martin,Leo Foster,parkermartin@arcadiadrillingsolut.example,+1-555-265-5634,"1255 Enterprise Parkway, Norway",Synthetic CRM Directory
Customer,Arcadia Compression,Oman,Sourcing,Procurement,Procurement Manager,Taylor Price,Eva Lewis,taylorprice@arcadiacompression.example,+1-555-266-5146,"1262 Enterprise Parkway, Oman",Synthetic CRM Directory
Customer,Arcadia Compression,Oman,Operations,Operations,Maintenance / Operations Coordinator,Casey Wilson,Eva Lewis,caseywilson@arcadiacompression.example,+1-555-266-5319,"1262 Enterprise Parkway, Oman",Synthetic CRM Directory
Customer,Arcadia Compression,Oman,Finance,Finance,Accounts Payable Lead,Riley Perry,Eva Lewis,rileyperry@arcadiacompression.example,+1-555-266-5492,"1262 Enterprise Parkway, Oman",Synthetic CRM Directory
Customer,Arcadia Industrial Maintenance,Malaysia,Sourcing,Procurement,Procurement Manager,Parker Martin,Priya Nguyen,parkermartin@arcadiaindustrialmai.example,+1-555-267-5177,"1269 Enterprise Parkway, Malaysia",Synthetic CRM Directory
Customer,Arcadia Industrial Maintenance,Malaysia,Operations,Operations,Maintenance / Operations Coordinator,Emerson Miller,Priya Nguyen,emersonmiller@arcadiaindustrialmai.example,+1-555-267-5350,"1269 Enterprise Parkway, Malaysia",Synthetic CRM Directory
Customer,Arcadia Industrial Maintenance,Malaysia,Finance,Finance,Accounts Payable Lead,Dylan Lewis,Priya Nguyen,dylanlewis@arcadiaindustrialmai.example,+1-555-267-5523,"1269 Enterprise Parkway, Malaysia",Synthetic CRM Directory
Customer,Arcadia Industrial Maintenance,Malaysia,Technical,Engineering,Reliability Engineer,Harper Grant,Priya Nguyen,harpergrant@arcadiaindustrialmai.example,+1-555-267-5696,"1269 Enterprise Parkway, Malaysia",Synthetic CRM Directory
Customer,Arcadia Resources,Vietnam,Sourcing,Procurement,Procurement Manager,Jamie Diaz,Noah Keller,jamiediaz@arcadiaresources.example,+1-555-268-5208,"1276 Enterprise Parkway, Vietnam",Synthetic CRM Directory
Customer,Arcadia Resources,Vietnam,Operations,Operations,Maintenance / Operations Coordinator,Cameron Rossi,Noah Keller,cameronrossi@arcadiaresources.example,+1-555-268-5381,"1276 Enterprise Parkway, Vietnam",Synthetic CRM Directory
Customer,Arcadia Resources,Vietnam,Finance,Finance,Accounts Payable Lead,Drew Morgan,Noah Keller,drewmorgan@arcadiaresources.example,+1-555-268-5554,"1276 Enterprise Parkway, Vietnam",Synthetic CRM Directory
Customer,Arcadia Pipeline Services,Argentina,Sourcing,Procurement,Procurement Manager,Harper Grant,Adrian Walker,harpergrant@arcadiapipelineservi.example,+1-555-269-5239,"1283 Enterprise Parkway, Argentina",Synthetic CRM Directory
Customer,Arcadia Pipeline Services,Argentina,Operations,Operations,Maintenance / Operations Coordinator,Logan Keller,Adrian Walker,logankeller@arcadiapipelineservi.example,+1-555-269-5412,"1283 Enterprise Parkway, Argentina",Synthetic CRM Directory
Customer,Arcadia Pipeline Services,Argentina,Finance,Finance,Accounts Payable Lead,Kendall Clark,Adrian Walker,kendallclark@arcadiapipelineservi.example,+1-555-269-5585,"1283 Enterprise Parkway, Argentina",Synthetic CRM Directory
Customer,Arcadia Rotating Equipment,Italy,Sourcing,Procurement,Procurement Manager,Ari Howard,Zara Grant,arihoward@arcadiarotatingequip.example,+1-555-270-5270,"1290 Enterprise Parkway, Italy",Synthetic CRM Directory
Customer,Arcadia Rotating Equipment,Italy,Operations,Operations,Maintenance / Operations Coordinator,Reese Nguyen,Zara Grant,reesenguyen@arcadiarotatingequip.example,+1-555-270-5443,"1290 Enterprise Parkway, Italy",Synthetic CRM Directory
Customer,Arcadia Rotating Equipment,Italy,Finance,Finance,Accounts Payable Lead,Quinn Santos,Zara Grant,quinnsantos@arcadiarotatingequip.example,+1-555-270-5616,"1290 Enterprise Parkway, Italy",Synthetic CRM Directory
Customer,Arcadia Rotating Equipment,Italy,Technical,Engineering,Reliability Engineer,Skyler Hayes,Zara Grant,skylerhayes@arcadiarotatingequip.example,+1-555-270-5789,"1290 Enterprise Parkway, Italy",Synthetic CRM Directory
Customer,Arcadia Technical Supply,Ghana,Sourcing,Procurement,Procurement Manager,Alex Walker,Theo Price,alexwalker@arcadiatechnicalsupp.example,+1-555-271-5301,"1297 Enterprise Parkway, Ghana",Synthetic CRM Directory
Customer,Arcadia Technical Supply,Ghana,Operations,Operations,Maintenance / Operations Coordinator,Morgan Coleman,Theo Price,morgancoleman@arcadiatechnicalsupp.example,+1-555-271-5474,"1297 Enterprise Parkway, Ghana",Synthetic CRM Directory
Customer,Arcadia Technical Supply,Ghana,Finance,Finance,Accounts Payable Lead,Taylor Price,Theo Price,taylorprice@arcadiatechnicalsupp.example,+1-555-271-5647,"1297 Enterprise Parkway, Ghana",Synthetic CRM Directory
Customer,Arcadia Refinery Services,Australia,Sourcing,Procurement,Procurement Manager,Skyler Hayes,Lucas Hayes,skylerhayes@arcadiarefineryservi.example,+1-555-272-5332,"1304 Enterprise Parkway, Australia",Synthetic CRM Directory
Customer,Arcadia Refinery Services,Australia,Operations,Operations,Maintenance / Operations Coordinator,Robin Foster,Lucas Hayes,robinfoster@arcadiarefineryservi.example,+1-555-272-5505,"1304 Enterprise Parkway, Australia",Synthetic CRM Directory
Customer,Arcadia Refinery Services,Australia,Finance,Finance,Accounts Payable Lead,Parker Martin,Lucas Hayes,parkermartin@arcadiarefineryservi.example,+1-555-272-5678,"1304 Enterprise Parkway, Australia",Synthetic CRM Directory
Customer,Arcadia Refinery Services,Australia,Technical,Engineering,Reliability Engineer,Emerson Miller,Lucas Hayes,emersonmiller@arcadiarefineryservi.example,+1-555-272-5851,"1304 Enterprise Parkway, Australia",Synthetic CRM Directory
Customer,Arcadia Energy Projects,Canada,Sourcing,Procurement,Procurement Manager,Casey Wilson,Avery Morgan,caseywilson@arcadiaenergyproject.example,+1-555-273-5363,"1311 Enterprise Parkway, Canada",Synthetic CRM Directory
Customer,Arcadia Energy Projects,Canada,Operations,Operations,Maintenance / Operations Coordinator,Riley Perry,Avery Morgan,rileyperry@arcadiaenergyproject.example,+1-555-273-5536,"1311 Enterprise Parkway, Canada",Synthetic CRM Directory
Customer,Arcadia Energy Projects,Canada,Finance,Finance,Accounts Payable Lead,Jamie Diaz,Avery Morgan,jamiediaz@arcadiaenergyproject.example,+1-555-273-5709,"1311 Enterprise Parkway, Canada",Synthetic CRM Directory
Customer,Arcadia Marine Engineering,France,Sourcing,Procurement,Procurement Manager,Emerson Miller,Grace Perry,emersonmiller@arcadiamarineenginee.example,+1-555-274-5394,"1318 Enterprise Parkway, France",Synthetic CRM Directory
Customer,Arcadia Marine Engineering,France,Operations,Operations,Maintenance / Operations Coordinator,Dylan Lewis,Grace Perry,dylanlewis@arcadiamarineenginee.example,+1-555-274-5567,"1318 Enterprise Parkway, France",Synthetic CRM Directory
Customer,Arcadia Marine Engineering,France,Finance,Finance,Accounts Payable Lead,Harper Grant,Grace Perry,harpergrant@arcadiamarineenginee.example,+1-555-274-5740,"1318 Enterprise Parkway, France",Synthetic CRM Directory
Customer,Arcadia Marine Engineering,France,Technical,Engineering,Reliability Engineer,Logan Keller,Grace Perry,logankeller@arcadiamarineenginee.example,+1-555-274-5913,"1318 Enterprise Parkway, France",Synthetic CRM Directory
Customer,Arcadia Production Services,United Arab Emirates,Sourcing,Procurement,Procurement Manager,Cameron Rossi,Julian Howard,cameronrossi@arcadiaproductionser.example,+1-555-275-5425,"1325 Enterprise Parkway, United Arab Emirates",Synthetic CRM Directory
Customer,Arcadia Production Services,United Arab Emirates,Operations,Operations,Maintenance / Operations Coordinator,Drew Morgan,Julian Howard,drewmorgan@arcadiaproductionser.example,+1-555-275-5598,"1325 Enterprise Parkway, United Arab Emirates",Synthetic CRM Directory
Customer,Arcadia Production Services,United Arab Emirates,Finance,Finance,Accounts Payable Lead,Ari Howard,Julian Howard,arihoward@arcadiaproductionser.example,+1-555-275-5771,"1325 Enterprise Parkway, United Arab Emirates",Synthetic CRM Directory
Customer,Arcadia Production Services,United Arab Emirates,Technical,Engineering,Reliability Engineer,Reese Nguyen,Julian Howard,reesenguyen@arcadiaproductionser.example,+1-555-275-5944,"1325 Enterprise Parkway, United Arab Emirates",Synthetic CRM Directory
Customer,Arcadia Controls,Kenya,Sourcing,Procurement,Procurement Manager,Logan Keller,Lina Sato,logankeller@arcadiacontrols.example,+1-555-276-5456,"1332 Enterprise Parkway, Kenya",Synthetic CRM Directory
Customer,Arcadia Controls,Kenya,Operations,Operations,Maintenance / Operations Coordinator,Kendall Clark,Lina Sato,kendallclark@arcadiacontrols.example,+1-555-276-5629,"1332 Enterprise Parkway, Kenya",Synthetic CRM Directory
Customer,Arcadia Controls,Kenya,Finance,Finance,Accounts Payable Lead,Alex Walker,Lina Sato,alexwalker@arcadiacontrols.example,+1-555-276-5802,"1332 Enterprise Parkway, Kenya",Synthetic CRM Directory
Customer,Arcadia Controls,Kenya,Technical,Engineering,Reliability Engineer,Morgan Coleman,Lina Sato,morgancoleman@arcadiacontrols.example,+1-555-276-5975,"1332 Enterprise Parkway, Kenya",Synthetic CRM Directory
Customer,Arcadia Offshore Systems,South Korea,Sourcing,Procurement,Procurement Manager,Reese Nguyen,Camille Martin,reesenguyen@arcadiaoffshoresyste.example,+1-555-277-5487,"1339 Enterprise Parkway, South Korea",Synthetic CRM Directory
Customer,Arcadia Offshore Systems,South Korea,Operations,Operations,Maintenance / Operations Coordinator,Quinn Santos,Camille Martin,quinnsantos@arcadiaoffshoresyste.example,+1-555-277-5660,"1339 Enterprise Parkway, South Korea",Synthetic CRM Directory
Customer,Arcadia Offshore Systems,South Korea,Finance,Finance,Accounts Payable Lead,Skyler Hayes,Camille Martin,skylerhayes@arcadiaoffshoresyste.example,+1-555-277-5833,"1339 Enterprise Parkway, South Korea",Synthetic CRM Directory
Customer,Arcadia Offshore Systems,South Korea,Technical,Engineering,Reliability Engineer,Robin Foster,Camille Martin,robinfoster@arcadiaoffshoresyste.example,+1-555-277-6006,"1339 Enterprise Parkway, South Korea",Synthetic CRM Directory
Customer,Arcadia Mechanical Group,Brazil,Sourcing,Procurement,Procurement Manager,Morgan Coleman,Mila Diaz,morgancoleman@arcadiamechanicalgro.example,+1-555-278-5518,"1346 Enterprise Parkway, Brazil",Synthetic CRM Directory
Customer,Arcadia Mechanical Group,Brazil,Operations,Operations,Maintenance / Operations Coordinator,Taylor Price,Mila Diaz,taylorprice@arcadiamechanicalgro.example,+1-555-278-5691,"1346 Enterprise Parkway, Brazil",Synthetic CRM Directory
Customer,Arcadia Mechanical Group,Brazil,Finance,Finance,Accounts Payable Lead,Casey Wilson,Mila Diaz,caseywilson@arcadiamechanicalgro.example,+1-555-278-5864,"1346 Enterprise Parkway, Brazil",Synthetic CRM Directory
Customer,Arcadia Industrial Services,Netherlands,Sourcing,Procurement,Procurement Manager,Robin Foster,Leo Foster,robinfoster@arcadiaindustrialser.example,+1-555-279-5549,"1353 Enterprise Parkway, Netherlands",Synthetic CRM Directory
Customer,Arcadia Industrial Services,Netherlands,Operations,Operations,Maintenance / Operations Coordinator,Parker Martin,Leo Foster,parkermartin@arcadiaindustrialser.example,+1-555-279-5722,"1353 Enterprise Parkway, Netherlands",Synthetic CRM Directory
Customer,Arcadia Industrial Services,Netherlands,Finance,Finance,Accounts Payable Lead,Emerson Miller,Leo Foster,emersonmiller@arcadiaindustrialser.example,+1-555-279-5895,"1353 Enterprise Parkway, Netherlands",Synthetic CRM Directory
Customer,Arcadia Industrial Services,Netherlands,Technical,Engineering,Reliability Engineer,Dylan Lewis,Leo Foster,dylanlewis@arcadiaindustrialser.example,+1-555-279-6068,"1353 Enterprise Parkway, Netherlands",Synthetic CRM Directory
Buyer,Maya Chen,United States,Procurement,Supply Chain,Strategic Buyer,Maya Chen,Maya Chen,mayachen@aurelis-demo.example,+1-555-410-1200,"500 Meridian Plaza, Houston, TX, United States",Synthetic Employee Directory
Buyer,Daniel Brooks,United States,Procurement,Supply Chain,Strategic Buyer,Daniel Brooks,Daniel Brooks,danielbrooks@aurelis-demo.example,+1-555-410-1201,"500 Meridian Plaza, Houston, TX, United States",Synthetic Employee Directory
Buyer,Sofia Laurent,United States,Procurement,Supply Chain,Strategic Buyer,Sofia Laurent,Sofia Laurent,sofialaurent@aurelis-demo.example,+1-555-410-1202,"500 Meridian Plaza, Houston, TX, United States",Synthetic Employee Directory
Buyer,Ethan Cole,United States,Procurement,Supply Chain,Strategic Buyer,Ethan Cole,Ethan Cole,ethancole@aurelis-demo.example,+1-555-410-1203,"500 Meridian Plaza, Houston, TX, United States",Synthetic Employee Directory
Buyer,Nina Patel,United States,Procurement,Supply Chain,Strategic Buyer,Nina Patel,Nina Patel,ninapatel@aurelis-demo.example,+1-555-410-1204,"500 Meridian Plaza, Houston, TX, United States",Synthetic Employee Directory
Buyer,Marcus Reed,United States,Procurement,Supply Chain,Strategic Buyer,Marcus Reed,Marcus Reed,marcusreed@aurelis-demo.example,+1-555-410-1205,"500 Meridian Plaza, Houston, TX, United States",Synthetic Employee Directory
Buyer,Elena Costa,United States,Procurement,Supply Chain,Strategic Buyer,Elena Costa,Elena Costa,elenacosta@aurelis-demo.example,+1-555-410-1206,"500 Meridian Plaza, Houston, TX, United States",Synthetic Employee Directory
Buyer,Jordan Kim,United States,Procurement,Supply Chain,Strategic Buyer,Jordan Kim,Jordan Kim,jordankim@aurelis-demo.example,+1-555-410-1207,"500 Meridian Plaza, Houston, TX, United States",Synthetic Employee Directory
Buyer,Amara Okafor,United States,Procurement,Supply Chain,Strategic Buyer,Amara Okafor,Amara Okafor,amaraokafor@aurelis-demo.example,+1-555-410-1208,"500 Meridian Plaza, Houston, TX, United States",Synthetic Employee Directory
Buyer,Victor Bennett,United States,Procurement,Supply Chain,Strategic Buyer,Victor Bennett,Victor Bennett,victorbennett@aurelis-demo.example,+1-555-410-1209,"500 Meridian Plaza, Houston, TX, United States",Synthetic Employee Directory
Buyer,Chloe Dubois,United States,Procurement,Supply Chain,Strategic Buyer,Chloe Dubois,Chloe Dubois,chloedubois@aurelis-demo.example,+1-555-410-1210,"500 Meridian Plaza, Houston, TX, United States",Synthetic Employee Directory
Buyer,Samuel Carter,United States,Procurement,Supply Chain,Strategic Buyer,Samuel Carter,Samuel Carter,samuelcarter@aurelis-demo.example,+1-555-410-1211,"500 Meridian Plaza, Houston, TX, United States",Synthetic Employee Directory
Buyer,Leila Shah,United States,Procurement,Supply Chain,Strategic Buyer,Leila Shah,Leila Shah,leilashah@aurelis-demo.example,+1-555-410-1212,"500 Meridian Plaza, Houston, TX, United States",Synthetic Employee Directory
Buyer,Nathan Meyer,United States,Procurement,Supply Chain,Strategic Buyer,Nathan Meyer,Nathan Meyer,nathanmeyer@aurelis-demo.example,+1-555-410-1213,"500 Meridian Plaza, Houston, TX, United States",Synthetic Employee Directory
Buyer,Isabella Stone,United States,Procurement,Supply Chain,Strategic Buyer,Isabella Stone,Isabella Stone,isabellastone@aurelis-demo.example,+1-555-410-1214,"500 Meridian Plaza, Houston, TX, United States",Synthetic Employee Directory
Buyer,Owen Rossi,United States,Procurement,Supply Chain,Strategic Buyer,Owen Rossi,Owen Rossi,owenrossi@aurelis-demo.example,+1-555-410-1215,"500 Meridian Plaza, Houston, TX, United States",Synthetic Employee Directory
Buyer,Priya Nguyen,United States,Procurement,Supply Chain,Strategic Buyer,Priya Nguyen,Priya Nguyen,priyanguyen@aurelis-demo.example,+1-555-410-1216,"500 Meridian Plaza, Houston, TX, United States",Synthetic Employee Directory
Buyer,Lucas Hayes,United States,Procurement,Supply Chain,Strategic Buyer,Lucas Hayes,Lucas Hayes,lucashayes@aurelis-demo.example,+1-555-410-1217,"500 Meridian Plaza, Houston, TX, United States",Synthetic Employee Directory
Seller / Supplier,VectorValve Manufacturing,Italy,Sales,Industrial Accounts,Account Manager,Robin Foster,Maya Chen,robinfoster@vectorvalvemanufactu.example,+1-555-620-2000,"400 Commerce Drive, Italy",Synthetic Supplier Directory
Seller / Supplier,VectorValve Components,Singapore,Sales,Industrial Accounts,Account Manager,Parker Martin,Daniel Brooks,parkermartin@vectorvalvecomponent.example,+1-555-620-2001,"409 Commerce Drive, Singapore",Synthetic Supplier Directory
Seller / Supplier,VectorValve Pumps,Mexico,Sales,Industrial Accounts,Account Manager,Emerson Miller,Sofia Laurent,emersonmiller@vectorvalvepumps.example,+1-555-620-2002,"418 Commerce Drive, Mexico",Synthetic Supplier Directory
Seller / Supplier,VectorValve Industries,Italy,Sales,Industrial Accounts,Account Manager,Dylan Lewis,Ethan Cole,dylanlewis@vectorvalveindustrie.example,+1-555-620-2003,"427 Commerce Drive, Italy",Synthetic Supplier Directory
Seller / Supplier,VectorValve Instrumentation,Singapore,Sales,Industrial Accounts,Account Manager,Harper Grant,Nina Patel,harpergrant@vectorvalveinstrumen.example,+1-555-620-2004,"436 Commerce Drive, Singapore",Synthetic Supplier Directory
Seller / Supplier,VectorValve Systems,Mexico,Sales,Industrial Accounts,Account Manager,Logan Keller,Marcus Reed,logankeller@vectorvalvesystems.example,+1-555-620-2005,"445 Commerce Drive, Mexico",Synthetic Supplier Directory
Seller / Supplier,VectorValve Bearing Works,Italy,Sales,Industrial Accounts,Account Manager,Kendall Clark,Elena Costa,kendallclark@vectorvalvebearingwo.example,+1-555-620-2006,"454 Commerce Drive, Italy",Synthetic Supplier Directory
Seller / Supplier,VectorValve Hydraulics,Singapore,Sales,Industrial Accounts,Account Manager,Alex Walker,Jordan Kim,alexwalker@vectorvalvehydraulic.example,+1-555-620-2007,"463 Commerce Drive, Singapore",Synthetic Supplier Directory
Seller / Supplier,VectorValve Actuation,Mexico,Sales,Industrial Accounts,Account Manager,Morgan Coleman,Amara Okafor,morgancoleman@vectorvalveactuation.example,+1-555-620-2008,"472 Commerce Drive, Mexico",Synthetic Supplier Directory
Seller / Supplier,VectorValve Technologies,Italy,Sales,Industrial Accounts,Account Manager,Taylor Price,Victor Bennett,taylorprice@vectorvalvetechnolog.example,+1-555-620-2009,"481 Commerce Drive, Italy",Synthetic Supplier Directory
Seller / Supplier,VectorValve Gasket & Seal,Singapore,Sales,Industrial Accounts,Account Manager,Casey Wilson,Chloe Dubois,caseywilson@vectorvalvegasketsea.example,+1-555-620-2010,"490 Commerce Drive, Singapore",Synthetic Supplier Directory
Seller / Supplier,VectorValve Electric,Mexico,Sales,Industrial Accounts,Account Manager,Riley Perry,Samuel Carter,rileyperry@vectorvalveelectric.example,+1-555-620-2011,"499 Commerce Drive, Mexico",Synthetic Supplier Directory
Seller / Supplier,VectorValve Controls,Italy,Sales,Industrial Accounts,Account Manager,Jamie Diaz,Leila Shah,jamiediaz@vectorvalvecontrols.example,+1-555-620-2012,"508 Commerce Drive, Italy",Synthetic Supplier Directory
Seller / Supplier,VectorValve Fasteners,Singapore,Sales,Industrial Accounts,Account Manager,Cameron Rossi,Nathan Meyer,cameronrossi@vectorvalvefasteners.example,+1-555-620-2013,"517 Commerce Drive, Singapore",Synthetic Supplier Directory
Seller / Supplier,VectorValve Fabrication,Mexico,Sales,Industrial Accounts,Account Manager,Drew Morgan,Isabella Stone,drewmorgan@vectorvalvefabricati.example,+1-555-620-2014,"526 Commerce Drive, Mexico",Synthetic Supplier Directory
Seller / Supplier,VectorValve Process Equipment,Italy,Sales,Industrial Accounts,Account Manager,Ari Howard,Owen Rossi,arihoward@vectorvalveprocesseq.example,+1-555-620-2015,"535 Commerce Drive, Italy",Synthetic Supplier Directory
Seller / Supplier,VectorValve Cable Systems,Singapore,Sales,Industrial Accounts,Account Manager,Reese Nguyen,Priya Nguyen,reesenguyen@vectorvalvecablesyst.example,+1-555-620-2016,"544 Commerce Drive, Singapore",Synthetic Supplier Directory
Seller / Supplier,VectorValve Filter Technologies,Mexico,Sales,Industrial Accounts,Account Manager,Quinn Santos,Lucas Hayes,quinnsantos@vectorvalvefiltertec.example,+1-555-620-2017,"553 Commerce Drive, Mexico",Synthetic Supplier Directory
Seller / Supplier,VectorValve Safety Supply,Italy,Sales,Industrial Accounts,Account Manager,Skyler Hayes,Maya Chen,skylerhayes@vectorvalvesafetysup.example,+1-555-620-2018,"562 Commerce Drive, Italy",Synthetic Supplier Directory
Seller / Supplier,VectorValve Gearworks,Singapore,Sales,Industrial Accounts,Account Manager,Robin Foster,Daniel Brooks,robinfoster@vectorvalvegearworks.example,+1-555-620-2019,"571 Commerce Drive, Singapore",Synthetic Supplier Directory
Seller / Supplier,VectorValve Marine Components,Mexico,Sales,Industrial Accounts,Account Manager,Parker Martin,Sofia Laurent,parkermartin@vectorvalvemarinecom.example,+1-555-620-2020,"580 Commerce Drive, Mexico",Synthetic Supplier Directory
Seller / Supplier,VectorValve Compressor Parts,Italy,Sales,Industrial Accounts,Account Manager,Emerson Miller,Ethan Cole,emersonmiller@vectorvalvecompresso.example,+1-555-620-2021,"589 Commerce Drive, Italy",Synthetic Supplier Directory
Seller / Supplier,VectorValve Industrial Plastics,Singapore,Sales,Industrial Accounts,Account Manager,Dylan Lewis,Nina Patel,dylanlewis@vectorvalveindustria.example,+1-555-620-2022,"598 Commerce Drive, Singapore",Synthetic Supplier Directory
Seller / Supplier,VectorValve Heat Transfer,Mexico,Sales,Industrial Accounts,Account Manager,Harper Grant,Marcus Reed,harpergrant@vectorvalveheattrans.example,+1-555-620-2023,"607 Commerce Drive, Mexico",Synthetic Supplier Directory
Seller / Supplier,VectorValve Valve Automation,Italy,Sales,Industrial Accounts,Account Manager,Logan Keller,Elena Costa,logankeller@vectorvalvevalveauto.example,+1-555-620-2024,"616 Commerce Drive, Italy",Synthetic Supplier Directory
Seller / Supplier,VectorValve Sensor Labs,Singapore,Sales,Industrial Accounts,Account Manager,Kendall Clark,Jordan Kim,kendallclark@vectorvalvesensorlab.example,+1-555-620-2025,"625 Commerce Drive, Singapore",Synthetic Supplier Directory
Seller / Supplier,VectorValve Technical Metals,Mexico,Sales,Industrial Accounts,Account Manager,Alex Walker,Amara Okafor,alexwalker@vectorvalvetechnical.example,+1-555-620-2026,"634 Commerce Drive, Mexico",Synthetic Supplier Directory
Seller / Supplier,VectorValve Hose & Fittings,Italy,Sales,Industrial Accounts,Account Manager,Morgan Coleman,Victor Bennett,morgancoleman@vectorvalvehosefitti.example,+1-555-620-2027,"643 Commerce Drive, Italy",Synthetic Supplier Directory
Seller / Supplier,VectorValve Motion Controls,Singapore,Sales,Industrial Accounts,Account Manager,Taylor Price,Chloe Dubois,taylorprice@vectorvalvemotioncon.example,+1-555-620-2028,"652 Commerce Drive, Singapore",Synthetic Supplier Directory
Seller / Supplier,VectorValve Mechanical Supply,Mexico,Sales,Industrial Accounts,Account Manager,Casey Wilson,Samuel Carter,caseywilson@vectorvalvemechanica.example,+1-555-620-2029,"661 Commerce Drive, Mexico",Synthetic Supplier Directory
Seller / Supplier,VectorValve Process Instruments,Italy,Sales,Industrial Accounts,Account Manager,Riley Perry,Leila Shah,rileyperry@vectorvalveprocessin.example,+1-555-620-2030,"670 Commerce Drive, Italy",Synthetic Supplier Directory
Seller / Supplier,VectorValve Specialty Alloys,Singapore,Sales,Industrial Accounts,Account Manager,Jamie Diaz,Nathan Meyer,jamiediaz@vectorvalvespecialty.example,+1-555-620-2031,"679 Commerce Drive, Singapore",Synthetic Supplier Directory
Seller / Supplier,PrimeFlow Manufacturing,Mexico,Sales,Industrial Accounts,Account Manager,Cameron Rossi,Isabella Stone,cameronrossi@primeflowmanufacturi.example,+1-555-620-2032,"688 Commerce Drive, Mexico",Synthetic Supplier Directory
Seller / Supplier,PrimeFlow Components,Italy,Sales,Industrial Accounts,Account Manager,Drew Morgan,Owen Rossi,drewmorgan@primeflowcomponents.example,+1-555-620-2033,"697 Commerce Drive, Italy",Synthetic Supplier Directory
Seller / Supplier,PrimeFlow Pumps,Singapore,Sales,Industrial Accounts,Account Manager,Ari Howard,Priya Nguyen,arihoward@primeflowpumps.example,+1-555-620-2034,"706 Commerce Drive, Singapore",Synthetic Supplier Directory
Seller / Supplier,PrimeFlow Industries,Mexico,Sales,Industrial Accounts,Account Manager,Reese Nguyen,Lucas Hayes,reesenguyen@primeflowindustries.example,+1-555-620-2035,"715 Commerce Drive, Mexico",Synthetic Supplier Directory
Seller / Supplier,PrimeFlow Instrumentation,Italy,Sales,Industrial Accounts,Account Manager,Quinn Santos,Maya Chen,quinnsantos@primeflowinstrumenta.example,+1-555-620-2036,"724 Commerce Drive, Italy",Synthetic Supplier Directory
Seller / Supplier,PrimeFlow Systems,Singapore,Sales,Industrial Accounts,Account Manager,Skyler Hayes,Daniel Brooks,skylerhayes@primeflowsystems.example,+1-555-620-2037,"733 Commerce Drive, Singapore",Synthetic Supplier Directory
Seller / Supplier,PrimeFlow Bearing Works,Mexico,Sales,Industrial Accounts,Account Manager,Robin Foster,Sofia Laurent,robinfoster@primeflowbearingwork.example,+1-555-620-2038,"742 Commerce Drive, Mexico",Synthetic Supplier Directory
Seller / Supplier,PrimeFlow Hydraulics,Italy,Sales,Industrial Accounts,Account Manager,Parker Martin,Ethan Cole,parkermartin@primeflowhydraulics.example,+1-555-620-2039,"751 Commerce Drive, Italy",Synthetic Supplier Directory
Seller / Supplier,PrimeFlow Actuation,Singapore,Sales,Industrial Accounts,Account Manager,Emerson Miller,Nina Patel,emersonmiller@primeflowactuation.example,+1-555-620-2040,"760 Commerce Drive, Singapore",Synthetic Supplier Directory
Seller / Supplier,PrimeFlow Technologies,Mexico,Sales,Industrial Accounts,Account Manager,Dylan Lewis,Marcus Reed,dylanlewis@primeflowtechnologie.example,+1-555-620-2041,"769 Commerce Drive, Mexico",Synthetic Supplier Directory
Seller / Supplier,PrimeFlow Gasket & Seal,Italy,Sales,Industrial Accounts,Account Manager,Harper Grant,Elena Costa,harpergrant@primeflowgasketseal.example,+1-555-620-2042,"778 Commerce Drive, Italy",Synthetic Supplier Directory
Seller / Supplier,PrimeFlow Electric,Singapore,Sales,Industrial Accounts,Account Manager,Logan Keller,Jordan Kim,logankeller@primeflowelectric.example,+1-555-620-2043,"787 Commerce Drive, Singapore",Synthetic Supplier Directory
Seller / Supplier,PrimeFlow Controls,Mexico,Sales,Industrial Accounts,Account Manager,Kendall Clark,Amara Okafor,kendallclark@primeflowcontrols.example,+1-555-620-2044,"796 Commerce Drive, Mexico",Synthetic Supplier Directory
Seller / Supplier,PrimeFlow Fasteners,Italy,Sales,Industrial Accounts,Account Manager,Alex Walker,Victor Bennett,alexwalker@primeflowfasteners.example,+1-555-620-2045,"805 Commerce Drive, Italy",Synthetic Supplier Directory
Seller / Supplier,PrimeFlow Fabrication,Singapore,Sales,Industrial Accounts,Account Manager,Morgan Coleman,Chloe Dubois,morgancoleman@primeflowfabrication.example,+1-555-620-2046,"814 Commerce Drive, Singapore",Synthetic Supplier Directory
Seller / Supplier,PrimeFlow Process Equipment,Mexico,Sales,Industrial Accounts,Account Manager,Taylor Price,Samuel Carter,taylorprice@primeflowprocessequi.example,+1-555-620-2047,"823 Commerce Drive, Mexico",Synthetic Supplier Directory
Seller / Supplier,PrimeFlow Cable Systems,Italy,Sales,Industrial Accounts,Account Manager,Casey Wilson,Leila Shah,caseywilson@primeflowcablesystem.example,+1-555-620-2048,"832 Commerce Drive, Italy",Synthetic Supplier Directory
Seller / Supplier,PrimeFlow Filter Technologies,Singapore,Sales,Industrial Accounts,Account Manager,Riley Perry,Nathan Meyer,rileyperry@primeflowfiltertechn.example,+1-555-620-2049,"841 Commerce Drive, Singapore",Synthetic Supplier Directory
Seller / Supplier,PrimeFlow Safety Supply,Mexico,Sales,Industrial Accounts,Account Manager,Jamie Diaz,Isabella Stone,jamiediaz@primeflowsafetysuppl.example,+1-555-620-2050,"850 Commerce Drive, Mexico",Synthetic Supplier Directory
Seller / Supplier,PrimeFlow Gearworks,Italy,Sales,Industrial Accounts,Account Manager,Cameron Rossi,Owen Rossi,cameronrossi@primeflowgearworks.example,+1-555-620-2051,"859 Commerce Drive, Italy",Synthetic Supplier Directory
Seller / Supplier,PrimeFlow Marine Components,Singapore,Sales,Industrial Accounts,Account Manager,Drew Morgan,Priya Nguyen,drewmorgan@primeflowmarinecompo.example,+1-555-620-2052,"868 Commerce Drive, Singapore",Synthetic Supplier Directory
Seller / Supplier,PrimeFlow Compressor Parts,Mexico,Sales,Industrial Accounts,Account Manager,Ari Howard,Lucas Hayes,arihoward@primeflowcompressorp.example,+1-555-620-2053,"877 Commerce Drive, Mexico",Synthetic Supplier Directory
Seller / Supplier,PrimeFlow Industrial Plastics,Italy,Sales,Industrial Accounts,Account Manager,Reese Nguyen,Maya Chen,reesenguyen@primeflowindustrialp.example,+1-555-620-2054,"886 Commerce Drive, Italy",Synthetic Supplier Directory
Seller / Supplier,PrimeFlow Heat Transfer,Singapore,Sales,Industrial Accounts,Account Manager,Quinn Santos,Daniel Brooks,quinnsantos@primeflowheattransfe.example,+1-555-620-2055,"895 Commerce Drive, Singapore",Synthetic Supplier Directory
Seller / Supplier,PrimeFlow Valve Automation,Mexico,Sales,Industrial Accounts,Account Manager,Skyler Hayes,Sofia Laurent,skylerhayes@primeflowvalveautoma.example,+1-555-620-2056,"904 Commerce Drive, Mexico",Synthetic Supplier Directory
Seller / Supplier,PrimeFlow Sensor Labs,Italy,Sales,Industrial Accounts,Account Manager,Robin Foster,Ethan Cole,robinfoster@primeflowsensorlabs.example,+1-555-620-2057,"913 Commerce Drive, Italy",Synthetic Supplier Directory
Seller / Supplier,PrimeFlow Technical Metals,Singapore,Sales,Industrial Accounts,Account Manager,Parker Martin,Nina Patel,parkermartin@primeflowtechnicalme.example,+1-555-620-2058,"922 Commerce Drive, Singapore",Synthetic Supplier Directory
Seller / Supplier,PrimeFlow Hose & Fittings,Mexico,Sales,Industrial Accounts,Account Manager,Emerson Miller,Marcus Reed,emersonmiller@primeflowhosefitting.example,+1-555-620-2059,"931 Commerce Drive, Mexico",Synthetic Supplier Directory
Seller / Supplier,PrimeFlow Motion Controls,Italy,Sales,Industrial Accounts,Account Manager,Dylan Lewis,Elena Costa,dylanlewis@primeflowmotioncontr.example,+1-555-620-2060,"940 Commerce Drive, Italy",Synthetic Supplier Directory
Seller / Supplier,PrimeFlow Mechanical Supply,Singapore,Sales,Industrial Accounts,Account Manager,Harper Grant,Jordan Kim,harpergrant@primeflowmechanicals.example,+1-555-620-2061,"949 Commerce Drive, Singapore",Synthetic Supplier Directory
Seller / Supplier,PrimeFlow Process Instruments,Mexico,Sales,Industrial Accounts,Account Manager,Logan Keller,Amara Okafor,logankeller@primeflowprocessinst.example,+1-555-620-2062,"958 Commerce Drive, Mexico",Synthetic Supplier Directory
Seller / Supplier,PrimeFlow Specialty Alloys,Italy,Sales,Industrial Accounts,Account Manager,Kendall Clark,Victor Bennett,kendallclark@primeflowspecialtyal.example,+1-555-620-2063,"967 Commerce Drive, Italy",Synthetic Supplier Directory
Seller / Supplier,NorthForge Manufacturing,Singapore,Sales,Industrial Accounts,Account Manager,Alex Walker,Chloe Dubois,alexwalker@northforgemanufactur.example,+1-555-620-2064,"976 Commerce Drive, Singapore",Synthetic Supplier Directory
Seller / Supplier,NorthForge Components,Mexico,Sales,Industrial Accounts,Account Manager,Morgan Coleman,Samuel Carter,morgancoleman@northforgecomponents.example,+1-555-620-2065,"985 Commerce Drive, Mexico",Synthetic Supplier Directory
Seller / Supplier,NorthForge Pumps,Italy,Sales,Industrial Accounts,Account Manager,Taylor Price,Leila Shah,taylorprice@northforgepumps.example,+1-555-620-2066,"994 Commerce Drive, Italy",Synthetic Supplier Directory
Seller / Supplier,NorthForge Industries,Singapore,Sales,Industrial Accounts,Account Manager,Casey Wilson,Nathan Meyer,caseywilson@northforgeindustries.example,+1-555-620-2067,"1003 Commerce Drive, Singapore",Synthetic Supplier Directory
Seller / Supplier,NorthForge Instrumentation,Mexico,Sales,Industrial Accounts,Account Manager,Riley Perry,Isabella Stone,rileyperry@northforgeinstrument.example,+1-555-620-2068,"1012 Commerce Drive, Mexico",Synthetic Supplier Directory
Seller / Supplier,NorthForge Systems,Italy,Sales,Industrial Accounts,Account Manager,Jamie Diaz,Owen Rossi,jamiediaz@northforgesystems.example,+1-555-620-2069,"1021 Commerce Drive, Italy",Synthetic Supplier Directory
Seller / Supplier,NorthForge Bearing Works,Singapore,Sales,Industrial Accounts,Account Manager,Cameron Rossi,Priya Nguyen,cameronrossi@northforgebearingwor.example,+1-555-620-2070,"1030 Commerce Drive, Singapore",Synthetic Supplier Directory
Seller / Supplier,NorthForge Hydraulics,Mexico,Sales,Industrial Accounts,Account Manager,Drew Morgan,Lucas Hayes,drewmorgan@northforgehydraulics.example,+1-555-620-2071,"1039 Commerce Drive, Mexico",Synthetic Supplier Directory
Seller / Supplier,NorthForge Actuation,Italy,Sales,Industrial Accounts,Account Manager,Ari Howard,Maya Chen,arihoward@northforgeactuation.example,+1-555-620-2072,"1048 Commerce Drive, Italy",Synthetic Supplier Directory
Seller / Supplier,NorthForge Technologies,Singapore,Sales,Industrial Accounts,Account Manager,Reese Nguyen,Daniel Brooks,reesenguyen@northforgetechnologi.example,+1-555-620-2073,"1057 Commerce Drive, Singapore",Synthetic Supplier Directory
Seller / Supplier,NorthForge Gasket & Seal,Mexico,Sales,Industrial Accounts,Account Manager,Quinn Santos,Sofia Laurent,quinnsantos@northforgegasketseal.example,+1-555-620-2074,"1066 Commerce Drive, Mexico",Synthetic Supplier Directory
Seller / Supplier,NorthForge Electric,Italy,Sales,Industrial Accounts,Account Manager,Skyler Hayes,Ethan Cole,skylerhayes@northforgeelectric.example,+1-555-620-2075,"1075 Commerce Drive, Italy",Synthetic Supplier Directory
Seller / Supplier,NorthForge Controls,Singapore,Sales,Industrial Accounts,Account Manager,Robin Foster,Nina Patel,robinfoster@northforgecontrols.example,+1-555-620-2076,"1084 Commerce Drive, Singapore",Synthetic Supplier Directory
Seller / Supplier,NorthForge Fasteners,Mexico,Sales,Industrial Accounts,Account Manager,Parker Martin,Marcus Reed,parkermartin@northforgefasteners.example,+1-555-620-2077,"1093 Commerce Drive, Mexico",Synthetic Supplier Directory
Seller / Supplier,NorthForge Fabrication,Italy,Sales,Industrial Accounts,Account Manager,Emerson Miller,Elena Costa,emersonmiller@northforgefabricatio.example,+1-555-620-2078,"1102 Commerce Drive, Italy",Synthetic Supplier Directory
Seller / Supplier,NorthForge Process Equipment,Singapore,Sales,Industrial Accounts,Account Manager,Dylan Lewis,Jordan Kim,dylanlewis@northforgeprocessequ.example,+1-555-620-2079,"1111 Commerce Drive, Singapore",Synthetic Supplier Directory
Seller / Supplier,NorthForge Cable Systems,Mexico,Sales,Industrial Accounts,Account Manager,Harper Grant,Amara Okafor,harpergrant@northforgecablesyste.example,+1-555-620-2080,"1120 Commerce Drive, Mexico",Synthetic Supplier Directory
Seller / Supplier,NorthForge Filter Technologies,Italy,Sales,Industrial Accounts,Account Manager,Logan Keller,Victor Bennett,logankeller@northforgefiltertech.example,+1-555-620-2081,"1129 Commerce Drive, Italy",Synthetic Supplier Directory
Seller / Supplier,NorthForge Safety Supply,Singapore,Sales,Industrial Accounts,Account Manager,Kendall Clark,Chloe Dubois,kendallclark@northforgesafetysupp.example,+1-555-620-2082,"1138 Commerce Drive, Singapore",Synthetic Supplier Directory
Seller / Supplier,NorthForge Gearworks,Mexico,Sales,Industrial Accounts,Account Manager,Alex Walker,Samuel Carter,alexwalker@northforgegearworks.example,+1-555-620-2083,"1147 Commerce Drive, Mexico",Synthetic Supplier Directory
Seller / Supplier,NorthForge Marine Components,Italy,Sales,Industrial Accounts,Account Manager,Morgan Coleman,Leila Shah,morgancoleman@northforgemarinecomp.example,+1-555-620-2084,"1156 Commerce Drive, Italy",Synthetic Supplier Directory
