Date,Year,Month,Month_Name,Month_Abbr,Quarter,Revenue,Cost,Gross_Profit,Margin_Pct,Staff,Customer_Reference,Customer_ID,Entity,Bill_Address,Parent_Company,Country,Customer,Invoice_Ref,PO_Number
2018-01-13,2018,1,January,Jan,Q1,1458471.27,1015472.83,442998.44,30.37,Eva Lewis,Northstar Marine Engineering,AGC-00027,Northstar Marine Engineering,Northstar Marine Engineering,Equinox Holdings,Japan,Northstar Marine Engineering,INV-2018-0003770,AGX-2018-004048-AGC-00027
2018-01-15,2018,1,January,Jan,Q1,271265.67,207244.29,64021.38,23.6,Avery Morgan,Northstar Industrial Maintenance,AGC-00020,Northstar Industrial Maintenance,Northstar Industrial Maintenance,Independent Entity,Spain,Northstar Industrial Maintenance,INV-2018-0004090,AGX-2018-004399-AGC-00020
2018-01-20,2018,1,January,Jan,Q1,378698.96,258632.72,120066.24,31.7,Theo Price,Northstar Industrial Services,AGC-00032,Northstar Industrial Services,Northstar Industrial Services,Noble Ridge Holdings,India,Northstar Industrial Services,INV-2018-0003222,AGX-2018-003460-AGC-00032
2018-01-20,2018,1,January,Jan,Q1,1797486.42,1096714.11,700772.31,38.99,Eva Lewis,Cobalt Rotating Equipment,AGC-00097,Cobalt Rotating Equipment,Cobalt Rotating Equipment,BluePeak Holdings,Egypt,Cobalt Rotating Equipment,INV-2018-0004148,AGX-2018-004460-AGC-00097
2018-01-25,2018,1,January,Jan,Q1,288741.53,198381.5,90360.03,31.29,Theo Price,Northstar Industrial Services,AGC-00032,Northstar Industrial Services,Northstar Industrial Services,Noble Ridge Holdings,India,Northstar Industrial Services,INV-2018-0003642,AGX-2018-003919-AGC-00032
2018-01-28,2018,1,January,Jan,Q1,1208014.67,778650.13,429364.54,35.54,Adrian Walker,Arcadia Pipeline Services,AGC-00170,Arcadia Pipeline Services,Arcadia Pipeline Services,Independent Entity,Argentina,Arcadia Pipeline Services,INV-2018-0003521,AGX-2018-003789-AGC-00170
2018-02-01,2018,2,February,Feb,Q1,163088.5,102176.3,60912.2,37.35,Priya Nguyen,Cobalt Technical Supply,AGC-00098,Cobalt Technical Supply,Cobalt Technical Supply,Vantage Holdings,India,Cobalt Technical Supply,INV-2018-0003971,AGX-2018-004265-AGC-00098
2018-02-06,2018,2,February,Feb,Q1,592097.05,390725.92,201371.13,34.01,Eva Lewis,Northstar Marine Engineering,AGC-00027,Northstar Marine Engineering,Northstar Marine Engineering,Equinox Holdings,Japan,Northstar Marine Engineering,INV-2018-0002981,AGX-2018-003194-AGC-00027
2018-02-13,2018,2,February,Feb,Q1,94835.87,66021.9,28813.97,30.38,Grace Perry,Arcadia Field Services,AGC-00161,Arcadia Field Services,Arcadia Field Services,Keystone Holdings,Germany,Arcadia Field Services,INV-2018-0003513,AGX-2018-003780-AGC-00161
2018-02-14,2018,2,February,Feb,Q1,1493543.98,927410.12,566133.86,37.91,Camille Martin,Meridian Refinery Services,AGC-00136,Meridian Refinery Services,Meridian Refinery Services,Northstar Holdings,Vietnam,Meridian Refinery Services,INV-2018-0003787,AGX-2018-004066-AGC-00136
2018-02-14,2018,2,February,Feb,Q1,519406.44,344904.9,174501.54,33.6,Camille Martin,Arcadia Offshore Systems,AGC-00178,Arcadia Offshore Systems,Arcadia Offshore Systems,Lighthouse Holdings,South Korea,Arcadia Offshore Systems,INV-2018-0004064,AGX-2018-004370-AGC-00178
2018-02-18,2018,2,February,Feb,Q1,114706.92,76804.89,37902.03,33.04,Eva Lewis,Northstar Field Services,AGC-00013,Northstar Field Services,Northstar Field Services,Crescent Holdings,South Korea,Northstar Field Services,INV-2018-0003486,AGX-2018-003750-AGC-00013
2018-02-19,2018,2,February,Feb,Q1,359283.34,240466.91,118816.43,33.07,Zara Grant,Northstar Industrial Group,AGC-00003,Northstar Industrial Group,Northstar Industrial Group,Cobalt Holdings,Malaysia,Northstar Industrial Group,INV-2018-0003408,AGX-2018-003664-AGC-00003
2018-02-20,2018,2,February,Feb,Q1,1300667.45,964744.9,335922.55,25.83,Camille Martin,Helios Power Partners,AGC-00052,Helios Power Partners,Helios Power Partners,BluePeak Holdings,Chile,Helios Power Partners,INV-2018-0003373,AGX-2018-003627-AGC-00052
2018-02-22,2018,2,February,Feb,Q1,708381.0,478604.57,229776.43,32.44,Adrian Walker,Arcadia Petro Systems,AGC-00156,Arcadia Petro Systems,Arcadia Petro Systems,TerraNova Holdings,United Kingdom,Arcadia Petro Systems,INV-2018-0003468,AGX-2018-003730-AGC-00156
2018-02-23,2018,2,February,Feb,Q1,195966.55,128249.77,67716.78,34.56,Adrian Walker,Northstar Process Controls,AGC-00016,Northstar Process Controls,Northstar Process Controls,Granite Holdings,Qatar,Northstar Process Controls,INV-2018-0004068,AGX-2018-004374-AGC-00016
2018-02-24,2018,2,February,Feb,Q1,215859.71,159213.17,56646.54,26.24,Lucas Hayes,Northstar Offshore Engineering,AGC-00005,Northstar Offshore Engineering,Northstar Offshore Engineering,Independent Entity,Argentina,Northstar Offshore Engineering,INV-2018-0003034,AGX-2018-003251-AGC-00005
2018-02-24,2018,2,February,Feb,Q1,337679.72,220540.3,117139.42,34.69,Leo Foster,Meridian Marine Engineering,AGC-00138,Meridian Marine Engineering,Meridian Marine Engineering,Cobalt Holdings,Italy,Meridian Marine Engineering,INV-2018-0004165,AGX-2018-004478-AGC-00138
2018-02-26,2018,2,February,Feb,Q1,410649.5,257470.74,153178.76,37.3,Camille Martin,Meridian Refinery Services,AGC-00136,Meridian Refinery Services,Meridian Refinery Services,Northstar Holdings,Vietnam,Meridian Refinery Services,INV-2018-0003735,AGX-2018-004013-AGC-00136
2018-02-27,2018,2,February,Feb,Q1,717755.05,478621.61,239133.44,33.32,Zara Grant,Arcadia Rotating Equipment,AGC-00171,Arcadia Rotating Equipment,Arcadia Rotating Equipment,Monarch Holdings,Italy,Arcadia Rotating Equipment,INV-2018-0003535,AGX-2018-003807-AGC-00171
2018-02-28,2018,2,February,Feb,Q1,990385.09,658244.52,332140.57,33.54,Theo Price,Meridian Flow Systems,AGC-00144,Meridian Flow Systems,Meridian Flow Systems,Sterling Holdings,Kenya,Meridian Flow Systems,INV-2018-0003236,AGX-2018-003477-AGC-00144
2018-02-28,2018,2,February,Feb,Q1,4911.33,3232.63,1678.7,34.18,Lina Sato,Helios Mechanical,AGC-00051,Helios Mechanical,Helios Mechanical,Summit Holdings,Thailand,Helios Mechanical,INV-2018-0003870,AGX-2018-004153-AGC-00051
2018-03-03,2018,3,March,Mar,Q1,198213.55,138587.42,59626.13,30.08,Camille Martin,Helios Energy Systems,AGC-00038,Helios Energy Systems,Helios Energy Systems,Trident Holdings,Argentina,Helios Energy Systems,INV-2018-0003578,AGX-2018-003852-AGC-00038
2018-03-04,2018,3,March,Mar,Q1,45198.71,29616.56,15582.15,34.47,Camille Martin,Helios Energy Systems,AGC-00038,Helios Energy Systems,Helios Energy Systems,Trident Holdings,Argentina,Helios Energy Systems,INV-2018-0003241,AGX-2018-003482-AGC-00038
2018-03-06,2018,3,March,Mar,Q1,780751.42,543027.23,237724.19,30.45,Zara Grant,Meridian Industrial Services,AGC-00143,Meridian Industrial Services,Meridian Industrial Services,Vantage Holdings,United Arab Emirates,Meridian Industrial Services,INV-2018-0003312,AGX-2018-003563-AGC-00143
2018-03-07,2018,3,March,Mar,Q1,466362.18,316995.77,149366.41,32.03,Avery Morgan,Meridian Resources,AGC-00132,Meridian Resources,Meridian Resources,Rivermark Holdings,Colombia,Meridian Resources,INV-2018-0003281,AGX-2018-003529-AGC-00132
2018-03-14,2018,3,March,Mar,Q1,521864.08,360118.88,161745.2,30.99,Lucas Hayes,Cobalt Energy Systems,AGC-00075,Cobalt Energy Systems,Cobalt Energy Systems,Independent Entity,Canada,Cobalt Energy Systems,INV-2018-0003282,AGX-2018-003531-AGC-00075
2018-03-16,2018,3,March,Mar,Q1,2587701.97,1738289.53,849412.44,32.82,Zara Grant,Meridian Industrial Services,AGC-00143,Meridian Industrial Services,Meridian Industrial Services,Vantage Holdings,United Arab Emirates,Meridian Industrial Services,INV-2018-0003481,AGX-2018-003743-AGC-00143
2018-03-18,2018,3,March,Mar,Q1,475262.79,329746.57,145516.22,30.62,Priya Nguyen,Arcadia Industrial Maintenance,AGC-00168,Arcadia Industrial Maintenance,Arcadia Industrial Maintenance,Pacific Crest Holdings,Malaysia,Arcadia Industrial Maintenance,INV-2018-0002964,AGX-2018-003176-AGC-00168
2018-03-18,2018,3,March,Mar,Q1,270860.72,188213.7,82647.02,30.51,Mila Diaz,Northstar Refinery Services,AGC-00025,Northstar Refinery Services,Northstar Refinery Services,Independent Entity,Poland,Northstar Refinery Services,INV-2018-0003910,AGX-2018-004195-AGC-00025
2018-03-19,2018,3,March,Mar,Q1,1292819.3,849015.79,443803.51,34.33,Lucas Hayes,Northstar Flow Systems,AGC-00033,Northstar Flow Systems,Northstar Flow Systems,Pacific Crest Holdings,Colombia,Northstar Flow Systems,INV-2018-0004058,AGX-2018-004363-AGC-00033
2018-03-21,2018,3,March,Mar,Q1,571598.72,386166.05,185432.67,32.44,Lucas Hayes,Cobalt Power Partners,AGC-00089,Cobalt Power Partners,Cobalt Power Partners,Apex Holdings,United States,Cobalt Power Partners,INV-2018-0003662,AGX-2018-003939-AGC-00089
2018-03-24,2018,3,March,Mar,Q1,465642.12,322014.7,143627.42,30.85,Eva Lewis,Cobalt Marine Supply,AGC-00111,Cobalt Marine Supply,Cobalt Marine Supply,TerraNova Holdings,Kenya,Cobalt Marine Supply,INV-2018-0003902,AGX-2018-004186-AGC-00111
2018-03-25,2018,3,March,Mar,Q1,353786.56,262841.5,90945.06,25.71,Lina Sato,Northstar Marine Supply,AGC-00037,Northstar Marine Supply,Northstar Marine Supply,Frontier Holdings,Vietnam,Northstar Marine Supply,INV-2018-0003079,AGX-2018-003304-AGC-00037
2018-03-31,2018,3,March,Mar,Q1,236564.68,166647.49,69917.19,29.56,Zara Grant,Helios Petro Systems,AGC-00045,Helios Petro Systems,Helios Petro Systems,Independent Entity,Kenya,Helios Petro Systems,INV-2018-0003611,AGX-2018-003888-AGC-00045
2018-04-01,2018,4,April,Apr,Q2,1134960.7,736469.07,398491.63,35.11,Theo Price,Arcadia Technical Supply,AGC-00172,Arcadia Technical Supply,Arcadia Technical Supply,Frontier Holdings,Ghana,Arcadia Technical Supply,INV-2018-0003349,AGX-2018-003602-AGC-00172
2018-04-03,2018,4,April,Apr,Q2,1770167.2,1220602.59,549564.61,31.05,Leo Foster,Northstar Energy Projects,AGC-00026,Northstar Energy Projects,Northstar Energy Projects,Keystone Holdings,Nigeria,Northstar Energy Projects,INV-2018-0003752,AGX-2018-004030-AGC-00026
2018-04-08,2018,4,April,Apr,Q2,1253611.24,911292.37,342318.87,27.31,Avery Morgan,Meridian Resources,AGC-00132,Meridian Resources,Meridian Resources,Rivermark Holdings,Colombia,Meridian Resources,INV-2018-0003637,AGX-2018-003914-AGC-00132
2018-04-09,2018,4,April,Apr,Q2,75477.99,47605.25,27872.74,36.93,Eva Lewis,Northstar Field Services,AGC-00013,Northstar Field Services,Northstar Field Services,Crescent Holdings,South Korea,Northstar Field Services,INV-2018-0003771,AGX-2018-004049-AGC-00013
2018-04-09,2018,4,April,Apr,Q2,1456420.21,970951.67,485468.54,33.33,Lucas Hayes,Cobalt Energy Systems,AGC-00075,Cobalt Energy Systems,Cobalt Energy Systems,Independent Entity,Canada,Cobalt Energy Systems,INV-2018-0003970,AGX-2018-004264-AGC-00075
2018-04-12,2018,4,April,Apr,Q2,601478.07,426223.62,175254.45,29.14,Zara Grant,Arcadia Rotating Equipment,AGC-00171,Arcadia Rotating Equipment,Arcadia Rotating Equipment,Monarch Holdings,Italy,Arcadia Rotating Equipment,INV-2018-0003128,AGX-2018-003355-AGC-00171
2018-04-12,2018,4,April,Apr,Q2,374994.55,252948.32,122046.23,32.55,Lucas Hayes,Arcadia Automation,AGC-00159,Arcadia Automation,Arcadia Automation,Sierra Holdings,Japan,Arcadia Automation,INV-2018-0003614,AGX-2018-003891-AGC-00159
2018-04-13,2018,4,April,Apr,Q2,445483.14,308444.42,137038.72,30.76,Lina Sato,Cobalt Offshore Engineering,AGC-00079,Cobalt Offshore Engineering,Cobalt Offshore Engineering,Beacon Holdings,South Korea,Cobalt Offshore Engineering,INV-2018-0003556,AGX-2018-003829-AGC-00079
2018-04-13,2018,4,April,Apr,Q2,262773.41,174425.07,88348.34,33.62,Lucas Hayes,Cobalt Energy Systems,AGC-00075,Cobalt Energy Systems,Cobalt Energy Systems,Independent Entity,Canada,Cobalt Energy Systems,INV-2018-0004116,AGX-2018-004425-AGC-00075
2018-04-15,2018,4,April,Apr,Q2,783868.07,543537.52,240330.55,30.66,Eva Lewis,Helios Process Solutions,AGC-00041,Helios Process Solutions,Helios Process Solutions,Zenith Holdings,Australia,Helios Process Solutions,INV-2018-0003105,AGX-2018-003331-AGC-00041
2018-04-15,2018,4,April,Apr,Q2,1438115.74,1096111.21,342004.53,23.78,Noah Keller,Meridian Offshore Systems,AGC-00141,Meridian Offshore Systems,Meridian Offshore Systems,Summit Holdings,Canada,Meridian Offshore Systems,INV-2018-0003189,AGX-2018-003423-AGC-00141
2018-04-16,2018,4,April,Apr,Q2,396918.35,261050.75,135867.6,34.23,Noah Keller,Helios Flow Technologies,AGC-00043,Helios Flow Technologies,Helios Flow Technologies,Lighthouse Holdings,France,Helios Flow Technologies,INV-2018-0003346,AGX-2018-003599-AGC-00043
2018-04-17,2018,4,April,Apr,Q2,29054.37,20471.58,8582.79,29.54,Zara Grant,Meridian Industrial Services,AGC-00143,Meridian Industrial Services,Meridian Industrial Services,Vantage Holdings,United Arab Emirates,Meridian Industrial Services,INV-2018-0003363,AGX-2018-003616-AGC-00143
2018-04-19,2018,4,April,Apr,Q2,411723.62,262296.74,149426.88,36.29,Eva Lewis,Arcadia Compression,AGC-00167,Arcadia Compression,Arcadia Compression,Noble Ridge Holdings,Oman,Arcadia Compression,INV-2018-0003705,AGX-2018-003983-AGC-00167
2018-04-22,2018,4,April,Apr,Q2,573211.05,408029.94,165181.11,28.82,Avery Morgan,Meridian Resources,AGC-00132,Meridian Resources,Meridian Resources,Rivermark Holdings,Colombia,Meridian Resources,INV-2018-0003151,AGX-2018-003380-AGC-00132
2018-04-23,2018,4,April,Apr,Q2,471039.23,295658.85,175380.38,37.23,Eva Lewis,Northstar Marine Engineering,AGC-00027,Northstar Marine Engineering,Northstar Marine Engineering,Equinox Holdings,Japan,Northstar Marine Engineering,INV-2018-0003796,AGX-2018-004076-AGC-00027
2018-04-26,2018,4,April,Apr,Q2,141577.07,94281.34,47295.73,33.41,Noah Keller,Arcadia Resources,AGC-00169,Arcadia Resources,Arcadia Resources,Beacon Holdings,Vietnam,Arcadia Resources,INV-2018-0003419,AGX-2018-003675-AGC-00169
2018-04-26,2018,4,April,Apr,Q2,30401.9,20974.76,9427.14,31.01,Leo Foster,Meridian Marine Engineering,AGC-00138,Meridian Marine Engineering,Meridian Marine Engineering,Cobalt Holdings,Italy,Meridian Marine Engineering,INV-2018-0004147,AGX-2018-004459-AGC-00138
2018-04-27,2018,4,April,Apr,Q2,304808.09,208044.06,96764.03,31.75,Eva Lewis,Northstar Marine Engineering,AGC-00027,Northstar Marine Engineering,Northstar Marine Engineering,Equinox Holdings,Japan,Northstar Marine Engineering,INV-2018-0003133,AGX-2018-003361-AGC-00027
2018-04-28,2018,4,April,Apr,Q2,256155.41,162153.74,94001.67,36.7,Zara Grant,Northstar Industrial Group,AGC-00003,Northstar Industrial Group,Northstar Industrial Group,Cobalt Holdings,Malaysia,Northstar Industrial Group,INV-2018-0003069,AGX-2018-003292-AGC-00003
2018-04-28,2018,4,April,Apr,Q2,368289.04,239690.54,128598.5,34.92,Adrian Walker,Arcadia Pipeline Services,AGC-00170,Arcadia Pipeline Services,Arcadia Pipeline Services,Independent Entity,Argentina,Arcadia Pipeline Services,INV-2018-0003396,AGX-2018-003651-AGC-00170
2018-04-29,2018,4,April,Apr,Q2,273108.59,167357.87,105750.72,38.72,Lina Sato,Northstar Mining Services,AGC-00009,Northstar Mining Services,Northstar Mining Services,Sterling Holdings,Canada,Northstar Mining Services,INV-2018-0003555,AGX-2018-003828-AGC-00009
2018-05-04,2018,5,May,May,Q2,1110293.41,678474.64,431818.77,38.89,Lucas Hayes,Cobalt Controls,AGC-00103,Cobalt Controls,Cobalt Controls,Crescent Holdings,Vietnam,Cobalt Controls,INV-2018-0003545,AGX-2018-003818-AGC-00103
2018-05-06,2018,5,May,May,Q2,2616485.03,1707728.49,908756.54,34.73,Lucas Hayes,Cobalt Controls,AGC-00103,Cobalt Controls,Cobalt Controls,Crescent Holdings,Vietnam,Cobalt Controls,INV-2018-0003370,AGX-2018-003623-AGC-00103
2018-05-06,2018,5,May,May,Q2,379528.56,266873.64,112654.92,29.68,Grace Perry,Cobalt Industrial Group,AGC-00077,Cobalt Industrial Group,Cobalt Industrial Group,Noble Ridge Holdings,United Arab Emirates,Cobalt Industrial Group,INV-2018-0003506,AGX-2018-003773-AGC-00077
2018-05-09,2018,5,May,May,Q2,63815.87,41099.37,22716.5,35.6,Leo Foster,Meridian Marine Engineering,AGC-00138,Meridian Marine Engineering,Meridian Marine Engineering,Cobalt Holdings,Italy,Meridian Marine Engineering,INV-2018-0003028,AGX-2018-003244-AGC-00138
2018-05-13,2018,5,May,May,Q2,121046.34,88225.75,32820.59,27.11,Grace Perry,Northstar Technical Services,AGC-00035,Northstar Technical Services,Northstar Technical Services,Independent Entity,Oman,Northstar Technical Services,INV-2018-0004112,AGX-2018-004421-AGC-00035
2018-05-17,2018,5,May,May,Q2,511483.58,333995.17,177488.41,34.7,Zara Grant,Arcadia Rotating Equipment,AGC-00171,Arcadia Rotating Equipment,Arcadia Rotating Equipment,Monarch Holdings,Italy,Arcadia Rotating Equipment,INV-2018-0003269,AGX-2018-003514-AGC-00171
2018-05-17,2018,5,May,May,Q2,784421.78,536364.51,248057.27,31.62,Lina Sato,Meridian Technical Supply,AGC-00135,Meridian Technical Supply,Meridian Technical Supply,Independent Entity,Malaysia,Meridian Technical Supply,INV-2018-0003626,AGX-2018-003903-AGC-00135
2018-05-18,2018,5,May,May,Q2,154187.74,107945.64,46242.1,29.99,Eva Lewis,Northstar Field Services,AGC-00013,Northstar Field Services,Northstar Field Services,Crescent Holdings,South Korea,Northstar Field Services,INV-2018-0004134,AGX-2018-004445-AGC-00013
2018-05-23,2018,5,May,May,Q2,1302908.23,824032.91,478875.32,36.75,Grace Perry,Meridian Pipeline Services,AGC-00133,Meridian Pipeline Services,Meridian Pipeline Services,Lighthouse Holdings,Norway,Meridian Pipeline Services,INV-2018-0004033,AGX-2018-004334-AGC-00133
2018-05-24,2018,5,May,May,Q2,467833.95,320291.35,147542.6,31.54,Adrian Walker,Arcadia Petro Systems,AGC-00156,Arcadia Petro Systems,Arcadia Petro Systems,TerraNova Holdings,United Kingdom,Arcadia Petro Systems,INV-2018-0003511,AGX-2018-003778-AGC-00156
2018-05-31,2018,5,May,May,Q2,602926.97,446529.66,156397.31,25.94,Avery Morgan,Helios Refinery Services,AGC-00062,Helios Refinery Services,Helios Refinery Services,Harborline Holdings,Germany,Helios Refinery Services,INV-2018-0004131,AGX-2018-004441-AGC-00062
2018-05-31,2018,5,May,May,Q2,164059.34,117375.13,46684.21,28.46,Grace Perry,Northstar Technical Services,AGC-00035,Northstar Technical Services,Northstar Technical Services,Independent Entity,Oman,Northstar Technical Services,INV-2018-0004164,AGX-2018-004477-AGC-00035
2018-06-03,2018,6,June,Jun,Q2,211854.14,138335.13,73519.01,34.7,Camille Martin,Helios Energy Systems,AGC-00038,Helios Energy Systems,Helios Energy Systems,Trident Holdings,Argentina,Helios Energy Systems,INV-2018-0003150,AGX-2018-003379-AGC-00038
2018-06-12,2018,6,June,Jun,Q2,248088.81,160465.41,87623.4,35.32,Zara Grant,Cobalt Marine Engineering,AGC-00101,Cobalt Marine Engineering,Cobalt Marine Engineering,Redwood Holdings,Oman,Cobalt Marine Engineering,INV-2018-0003678,AGX-2018-003956-AGC-00101
2018-06-15,2018,6,June,Jun,Q2,34659.16,23422.09,11237.07,32.42,Lucas Hayes,Meridian Instrumentation,AGC-00145,Meridian Instrumentation,Meridian Instrumentation,Independent Entity,South Korea,Meridian Instrumentation,INV-2018-0002948,AGX-2018-003160-AGC-00145
2018-06-16,2018,6,June,Jun,Q2,62551.63,45116.77,17434.86,27.87,Avery Morgan,Meridian Technical Services,AGC-00146,Meridian Technical Services,Meridian Technical Services,Redwood Holdings,Brazil,Meridian Technical Services,INV-2018-0003769,AGX-2018-004047-AGC-00146
2018-06-19,2018,6,June,Jun,Q2,224309.28,145974.87,78334.41,34.92,Avery Morgan,Cobalt Marine Services,AGC-00076,Cobalt Marine Services,Cobalt Marine Services,Silverline Holdings,France,Cobalt Marine Services,INV-2018-0003428,AGX-2018-003684-AGC-00076
2018-06-20,2018,6,June,Jun,Q2,3131.69,2239.4,892.29,28.49,Zara Grant,Arcadia Rotating Equipment,AGC-00171,Arcadia Rotating Equipment,Arcadia Rotating Equipment,Monarch Holdings,Italy,Arcadia Rotating Equipment,INV-2018-0003803,AGX-2018-004084-AGC-00171
2018-06-20,2018,6,June,Jun,Q2,689024.51,474131.31,214893.2,31.19,Eva Lewis,Arcadia Compression,AGC-00167,Arcadia Compression,Arcadia Compression,Noble Ridge Holdings,Oman,Arcadia Compression,INV-2018-0003809,AGX-2018-004091-AGC-00167
2018-06-23,2018,6,June,Jun,Q2,917693.89,620390.56,297303.33,32.4,Priya Nguyen,Helios Offshore Engineering,AGC-00042,Helios Offshore Engineering,Helios Offshore Engineering,Rivermark Holdings,Canada,Helios Offshore Engineering,INV-2018-0003950,AGX-2018-004241-AGC-00042
2018-06-25,2018,6,June,Jun,Q2,863373.7,575505.89,287867.81,33.34,Eva Lewis,Helios Process Solutions,AGC-00041,Helios Process Solutions,Helios Process Solutions,Zenith Holdings,Australia,Helios Process Solutions,INV-2018-0003943,AGX-2018-004234-AGC-00041
2018-06-26,2018,6,June,Jun,Q2,4973798.81,3851340.53,1122458.28,22.57,Eva Lewis,Northstar Field Services,AGC-00013,Northstar Field Services,Northstar Field Services,Crescent Holdings,South Korea,Northstar Field Services,INV-2018-0003814,AGX-2018-004096-AGC-00013
2018-06-26,2018,6,June,Jun,Q2,771710.67,552826.2,218884.47,28.36,Grace Perry,Northstar Technical Services,AGC-00035,Northstar Technical Services,Northstar Technical Services,Independent Entity,Oman,Northstar Technical Services,INV-2018-0004144,AGX-2018-004456-AGC-00035
2018-06-30,2018,6,June,Jun,Q2,3365350.04,2158792.57,1206557.47,35.85,Camille Martin,Helios Power Partners,AGC-00052,Helios Power Partners,Helios Power Partners,BluePeak Holdings,Chile,Helios Power Partners,INV-2018-0003550,AGX-2018-003823-AGC-00052
2018-07-05,2018,7,July,Jul,Q3,565382.07,393617.26,171764.81,30.38,Priya Nguyen,Cobalt Technical Supply,AGC-00098,Cobalt Technical Supply,Cobalt Technical Supply,Vantage Holdings,India,Cobalt Technical Supply,INV-2018-0003385,AGX-2018-003640-AGC-00098
2018-07-06,2018,7,July,Jul,Q3,1622177.45,1008247.46,613929.99,37.85,Noah Keller,Arcadia Infrastructure,AGC-00155,Arcadia Infrastructure,Arcadia Infrastructure,Independent Entity,United States,Arcadia Infrastructure,INV-2018-0003271,AGX-2018-003516-AGC-00155
2018-07-07,2018,7,July,Jul,Q3,494817.48,336392.07,158425.41,32.02,Avery Morgan,Meridian Resources,AGC-00132,Meridian Resources,Meridian Resources,Rivermark Holdings,Colombia,Meridian Resources,INV-2018-0003290,AGX-2018-003540-AGC-00132
2018-07-08,2018,7,July,Jul,Q3,5022462.43,3313023.26,1709439.17,34.04,Adrian Walker,Arcadia Petro Systems,AGC-00156,Arcadia Petro Systems,Arcadia Petro Systems,TerraNova Holdings,United Kingdom,Arcadia Petro Systems,INV-2018-0003355,AGX-2018-003608-AGC-00156
2018-07-09,2018,7,July,Jul,Q3,177969.98,119847.53,58122.45,32.66,Zara Grant,Helios Pipeline Services,AGC-00059,Helios Pipeline Services,Helios Pipeline Services,Ironwood Holdings,Nigeria,Helios Pipeline Services,INV-2018-0003402,AGX-2018-003657-AGC-00059
2018-07-11,2018,7,July,Jul,Q3,233880.36,166755.73,67124.63,28.7,Theo Price,Northstar Industrial Services,AGC-00032,Northstar Industrial Services,Northstar Industrial Services,Noble Ridge Holdings,India,Northstar Industrial Services,INV-2018-0003183,AGX-2018-003416-AGC-00032
2018-07-11,2018,7,July,Jul,Q3,104404.87,66315.4,38089.47,36.48,Julian Howard,Arcadia Production Services,AGC-00176,Arcadia Production Services,Arcadia Production Services,Zenith Holdings,United Arab Emirates,Arcadia Production Services,INV-2018-0003361,AGX-2018-003614-AGC-00176
2018-07-13,2018,7,July,Jul,Q3,708311.39,483836.49,224474.9,31.69,Theo Price,Meridian Flow Systems,AGC-00144,Meridian Flow Systems,Meridian Flow Systems,Sterling Holdings,Kenya,Meridian Flow Systems,INV-2018-0003497,AGX-2018-003761-AGC-00144
2018-07-14,2018,7,July,Jul,Q3,201559.84,133614.04,67945.8,33.71,Camille Martin,Meridian Refinery Services,AGC-00136,Meridian Refinery Services,Meridian Refinery Services,Northstar Holdings,Vietnam,Meridian Refinery Services,INV-2018-0003364,AGX-2018-003617-AGC-00136
2018-07-16,2018,7,July,Jul,Q3,93293.2,65694.96,27598.24,29.58,Eva Lewis,Arcadia Compression,AGC-00167,Arcadia Compression,Arcadia Compression,Noble Ridge Holdings,Oman,Arcadia Compression,INV-2018-0003596,AGX-2018-003873-AGC-00167
2018-07-17,2018,7,July,Jul,Q3,1787352.1,1231686.24,555665.86,31.09,Zara Grant,Northstar Industrial Group,AGC-00003,Northstar Industrial Group,Northstar Industrial Group,Cobalt Holdings,Malaysia,Northstar Industrial Group,INV-2018-0003125,AGX-2018-003352-AGC-00003
2018-07-17,2018,7,July,Jul,Q3,164.96,105.24,59.72,36.2,Camille Martin,Helios Controls,AGC-00066,Helios Controls,Helios Controls,TerraNova Holdings,Colombia,Helios Controls,INV-2018-0003725,AGX-2018-004003-AGC-00066
2018-07-22,2018,7,July,Jul,Q3,580164.35,442052.92,138111.43,23.81,Lucas Hayes,Northstar Offshore Engineering,AGC-00005,Northstar Offshore Engineering,Northstar Offshore Engineering,Independent Entity,Argentina,Northstar Offshore Engineering,INV-2018-0002968,AGX-2018-003180-AGC-00005
2018-07-23,2018,7,July,Jul,Q3,1192120.43,786018.97,406101.46,34.07,Zara Grant,Helios Pipeline Services,AGC-00059,Helios Pipeline Services,Helios Pipeline Services,Ironwood Holdings,Nigeria,Helios Pipeline Services,INV-2018-0002965,AGX-2018-003177-AGC-00059
2018-07-25,2018,7,July,Jul,Q3,340813.67,212069.06,128744.61,37.78,Noah Keller,Meridian Offshore Systems,AGC-00141,Meridian Offshore Systems,Meridian Offshore Systems,Summit Holdings,Canada,Meridian Offshore Systems,INV-2018-0003583,AGX-2018-003858-AGC-00141
2018-07-31,2018,7,July,Jul,Q3,8929.73,6538.35,2391.38,26.78,Lucas Hayes,Arcadia Automation,AGC-00159,Arcadia Automation,Arcadia Automation,Sierra Holdings,Japan,Arcadia Automation,INV-2018-0003649,AGX-2018-003926-AGC-00159
2018-08-01,2018,8,August,Aug,Q3,374491.85,239111.45,135380.4,36.15,Julian Howard,Meridian Mining Services,AGC-00120,Meridian Mining Services,Meridian Mining Services,Independent Entity,South Africa,Meridian Mining Services,INV-2018-0004163,AGX-2018-004476-AGC-00120
2018-08-02,2018,8,August,Aug,Q3,352004.71,229731.21,122273.5,34.74,Noah Keller,Meridian Process Controls,AGC-00127,Meridian Process Controls,Meridian Process Controls,Frontier Holdings,Mexico,Meridian Process Controls,INV-2018-0003199,AGX-2018-003433-AGC-00127
2018-08-02,2018,8,August,Aug,Q3,1915261.18,1285346.8,629914.38,32.89,Zara Grant,Northstar Industrial Group,AGC-00003,Northstar Industrial Group,Northstar Industrial Group,Cobalt Holdings,Malaysia,Northstar Industrial Group,INV-2018-0003320,AGX-2018-003573-AGC-00003
2018-08-07,2018,8,August,Aug,Q3,305588.22,192138.57,113449.65,37.13,Lina Sato,Cobalt Offshore Engineering,AGC-00079,Cobalt Offshore Engineering,Cobalt Offshore Engineering,Beacon Holdings,South Korea,Cobalt Offshore Engineering,INV-2018-0003007,AGX-2018-003221-AGC-00079
2018-08-08,2018,8,August,Aug,Q3,899011.59,586323.92,312687.67,34.78,Zara Grant,Cobalt Field Services,AGC-00087,Cobalt Field Services,Cobalt Field Services,Rivermark Holdings,South Africa,Cobalt Field Services,INV-2018-0003016,AGX-2018-003230-AGC-00087
2018-08-10,2018,8,August,Aug,Q3,279665.66,204047.66,75618.0,27.04,Theo Price,Arcadia Waterworks,AGC-00158,Arcadia Waterworks,Arcadia Waterworks,Falcon Holdings,Nigeria,Arcadia Waterworks,INV-2018-0003096,AGX-2018-003321-AGC-00158
2018-08-11,2018,8,August,Aug,Q3,1934332.66,1574197.96,360134.7,18.62,Theo Price,Meridian Flow Systems,AGC-00144,Meridian Flow Systems,Meridian Flow Systems,Sterling Holdings,Kenya,Meridian Flow Systems,INV-2018-0004069,AGX-2018-004375-AGC-00144
2018-08-12,2018,8,August,Aug,Q3,176186.45,98810.33,77376.12,43.92,Lina Sato,Northstar Mining Services,AGC-00009,Northstar Mining Services,Northstar Mining Services,Sterling Holdings,Canada,Northstar Mining Services,INV-2018-0003652,AGX-2018-003929-AGC-00009
2018-08-13,2018,8,August,Aug,Q3,133359.45,91699.92,41659.53,31.24,Lina Sato,Northstar Marine Supply,AGC-00037,Northstar Marine Supply,Northstar Marine Supply,Frontier Holdings,Vietnam,Northstar Marine Supply,INV-2018-0003067,AGX-2018-003290-AGC-00037
2018-08-15,2018,8,August,Aug,Q3,1005332.89,668670.55,336662.34,33.49,Grace Perry,Cobalt Industrial Group,AGC-00077,Cobalt Industrial Group,Cobalt Industrial Group,Noble Ridge Holdings,United Arab Emirates,Cobalt Industrial Group,INV-2018-0003022,AGX-2018-003238-AGC-00077
2018-08-15,2018,8,August,Aug,Q3,38400.42,25763.76,12636.66,32.91,Zara Grant,Arcadia Rotating Equipment,AGC-00171,Arcadia Rotating Equipment,Arcadia Rotating Equipment,Monarch Holdings,Italy,Arcadia Rotating Equipment,INV-2018-0003499,AGX-2018-003765-AGC-00171
2018-08-16,2018,8,August,Aug,Q3,842048.72,532149.6,309899.12,36.8,Camille Martin,Arcadia Offshore Systems,AGC-00178,Arcadia Offshore Systems,Arcadia Offshore Systems,Lighthouse Holdings,South Korea,Arcadia Offshore Systems,INV-2018-0003730,AGX-2018-004008-AGC-00178
2018-08-21,2018,8,August,Aug,Q3,521412.75,368049.12,153363.63,29.41,Mila Diaz,Arcadia Industrial Group,AGC-00151,Arcadia Industrial Group,Arcadia Industrial Group,Granite Holdings,Chile,Arcadia Industrial Group,INV-2018-0003319,AGX-2018-003570-AGC-00151
2018-08-28,2018,8,August,Aug,Q3,287655.12,179268.57,108386.55,37.68,Adrian Walker,Arcadia Petro Systems,AGC-00156,Arcadia Petro Systems,Arcadia Petro Systems,TerraNova Holdings,United Kingdom,Arcadia Petro Systems,INV-2018-0003229,AGX-2018-003467-AGC-00156
2018-08-30,2018,8,August,Aug,Q3,190671.97,120573.02,70098.95,36.76,Camille Martin,Northstar Waterworks,AGC-00010,Northstar Waterworks,Northstar Waterworks,Independent Entity,France,Northstar Waterworks,INV-2018-0003747,AGX-2018-004025-AGC-00010
2018-09-01,2018,9,September,Sep,Q3,250162.45,170557.89,79604.56,31.82,Adrian Walker,Arcadia Pipeline Services,AGC-00170,Arcadia Pipeline Services,Arcadia Pipeline Services,Independent Entity,Argentina,Arcadia Pipeline Services,INV-2018-0003474,AGX-2018-003736-AGC-00170
2018-09-01,2018,9,September,Sep,Q3,532766.1,361592.45,171173.65,32.13,Zara Grant,Helios Petro Systems,AGC-00045,Helios Petro Systems,Helios Petro Systems,Independent Entity,Kenya,Helios Petro Systems,INV-2018-0003717,AGX-2018-003995-AGC-00045
2018-09-04,2018,9,September,Sep,Q3,1107084.47,681282.21,425802.26,38.46,Leo Foster,Northstar Energy Projects,AGC-00026,Northstar Energy Projects,Northstar Energy Projects,Keystone Holdings,Nigeria,Northstar Energy Projects,INV-2018-0003447,AGX-2018-003706-AGC-00026
2018-09-05,2018,9,September,Sep,Q3,650315.15,467266.69,183048.46,28.15,Priya Nguyen,Helios Compression,AGC-00056,Helios Compression,Helios Compression,Redwood Holdings,United States,Helios Compression,INV-2018-0003175,AGX-2018-003406-AGC-00056
2018-09-06,2018,9,September,Sep,Q3,1542641.68,987225.78,555415.9,36.0,Julian Howard,Cobalt Industrial Services,AGC-00106,Cobalt Industrial Services,Cobalt Industrial Services,Granite Holdings,Ghana,Cobalt Industrial Services,INV-2018-0003670,AGX-2018-003948-AGC-00106
2018-09-07,2018,9,September,Sep,Q3,328123.76,232000.66,96123.1,29.29,Theo Price,Northstar Industrial Services,AGC-00032,Northstar Industrial Services,Northstar Industrial Services,Noble Ridge Holdings,India,Northstar Industrial Services,INV-2018-0003606,AGX-2018-003883-AGC-00032
2018-09-09,2018,9,September,Sep,Q3,25555.92,16322.21,9233.71,36.13,Adrian Walker,Arcadia Pipeline Services,AGC-00170,Arcadia Pipeline Services,Arcadia Pipeline Services,Independent Entity,Argentina,Arcadia Pipeline Services,INV-2018-0003412,AGX-2018-003668-AGC-00170
2018-09-09,2018,9,September,Sep,Q3,1043920.25,669321.32,374598.93,35.88,Grace Perry,Meridian Pipeline Services,AGC-00133,Meridian Pipeline Services,Meridian Pipeline Services,Lighthouse Holdings,Norway,Meridian Pipeline Services,INV-2018-0003880,AGX-2018-004163-AGC-00133
2018-09-12,2018,9,September,Sep,Q3,940159.93,648302.91,291857.02,31.04,Priya Nguyen,Meridian Energy Systems,AGC-00112,Meridian Energy Systems,Meridian Energy Systems,Clearwater Holdings,South Korea,Meridian Energy Systems,INV-2018-0003968,AGX-2018-004262-AGC-00112
2018-09-18,2018,9,September,Sep,Q3,621667.73,421867.38,199800.35,32.14,Eva Lewis,Helios Industrial Services,AGC-00069,Helios Industrial Services,Helios Industrial Services,Sierra Holdings,Malaysia,Helios Industrial Services,INV-2018-0003013,AGX-2018-003227-AGC-00069
2018-09-18,2018,9,September,Sep,Q3,51853.01,33170.8,18682.21,36.03,Mila Diaz,Arcadia Mechanical Group,AGC-00179,Arcadia Mechanical Group,Arcadia Mechanical Group,Apex Holdings,Brazil,Arcadia Mechanical Group,INV-2018-0003883,AGX-2018-004166-AGC-00179
2018-09-20,2018,9,September,Sep,Q3,584706.32,375112.26,209594.06,35.85,Avery Morgan,Cobalt Marine Services,AGC-00076,Cobalt Marine Services,Cobalt Marine Services,Silverline Holdings,France,Cobalt Marine Services,INV-2018-0002970,AGX-2018-003182-AGC-00076
2018-09-20,2018,9,September,Sep,Q3,171131.17,106308.63,64822.54,37.88,Lucas Hayes,Arcadia Automation,AGC-00159,Arcadia Automation,Arcadia Automation,Sierra Holdings,Japan,Arcadia Automation,INV-2018-0003073,AGX-2018-003297-AGC-00159
2018-09-20,2018,9,September,Sep,Q3,591713.38,437189.82,154523.56,26.11,Noah Keller,Meridian Marine Services,AGC-00113,Meridian Marine Services,Meridian Marine Services,Falcon Holdings,Brazil,Meridian Marine Services,INV-2018-0003417,AGX-2018-003673-AGC-00113
2018-09-21,2018,9,September,Sep,Q3,1557164.16,1122468.98,434695.18,27.92,Noah Keller,Meridian Marine Services,AGC-00113,Meridian Marine Services,Meridian Marine Services,Falcon Holdings,Brazil,Meridian Marine Services,INV-2018-0003806,AGX-2018-004088-AGC-00113
2018-09-27,2018,9,September,Sep,Q3,1075568.19,698253.98,377314.21,35.08,Leo Foster,Northstar Energy Projects,AGC-00026,Northstar Energy Projects,Northstar Energy Projects,Keystone Holdings,Nigeria,Northstar Energy Projects,INV-2018-0002957,AGX-2018-003169-AGC-00026
2018-10-05,2018,10,October,Oct,Q4,1507575.78,1032537.87,475037.91,31.51,Grace Perry,Helios Utilities,AGC-00049,Helios Utilities,Helios Utilities,Meridian Holdings,Qatar,Helios Utilities,INV-2018-0003295,AGX-2018-003545-AGC-00049
2018-10-06,2018,10,October,Oct,Q4,227607.61,151575.91,76031.7,33.4,Noah Keller,Meridian Offshore Systems,AGC-00141,Meridian Offshore Systems,Meridian Offshore Systems,Summit Holdings,Canada,Meridian Offshore Systems,INV-2018-0003203,AGX-2018-003437-AGC-00141
2018-10-07,2018,10,October,Oct,Q4,1341726.43,920188.22,421538.21,31.42,Julian Howard,Arcadia Production Services,AGC-00176,Arcadia Production Services,Arcadia Production Services,Zenith Holdings,United Arab Emirates,Arcadia Production Services,INV-2018-0003630,AGX-2018-003907-AGC-00176
2018-10-09,2018,10,October,Oct,Q4,526271.42,363358.74,162912.68,30.96,Avery Morgan,Meridian Technical Services,AGC-00146,Meridian Technical Services,Meridian Technical Services,Redwood Holdings,Brazil,Meridian Technical Services,INV-2018-0003038,AGX-2018-003255-AGC-00146
2018-10-10,2018,10,October,Oct,Q4,3614709.51,2385966.61,1228742.9,33.99,Zara Grant,Northstar Engineering,AGC-00017,Northstar Engineering,Northstar Engineering,Harborline Holdings,Singapore,Northstar Engineering,INV-2018-0003020,AGX-2018-003235-AGC-00017
2018-10-12,2018,10,October,Oct,Q4,46910.45,31916.08,14994.37,31.96,Lucas Hayes,Meridian Instrumentation,AGC-00145,Meridian Instrumentation,Meridian Instrumentation,Independent Entity,South Korea,Meridian Instrumentation,INV-2018-0003421,AGX-2018-003677-AGC-00145
2018-10-13,2018,10,October,Oct,Q4,4472230.19,2999995.04,1472235.15,32.92,Mila Diaz,Cobalt Infrastructure,AGC-00081,Cobalt Infrastructure,Cobalt Infrastructure,Monarch Holdings,Netherlands,Cobalt Infrastructure,INV-2018-0003168,AGX-2018-003398-AGC-00081
2018-10-15,2018,10,October,Oct,Q4,388939.66,248337.78,140601.88,36.15,Grace Perry,Helios Energy Projects,AGC-00063,Helios Energy Projects,Helios Energy Projects,Vertex Holdings,Saudi Arabia,Helios Energy Projects,INV-2018-0003260,AGX-2018-003503-AGC-00063
2018-10-22,2018,10,October,Oct,Q4,546627.31,357755.36,188871.95,34.55,Theo Price,Cobalt Mechanical,AGC-00088,Cobalt Mechanical,Cobalt Mechanical,Lighthouse Holdings,Indonesia,Cobalt Mechanical,INV-2018-0003027,AGX-2018-003243-AGC-00088
2018-10-22,2018,10,October,Oct,Q4,72673.18,48384.07,24289.11,33.42,Avery Morgan,Helios Refinery Services,AGC-00062,Helios Refinery Services,Helios Refinery Services,Harborline Holdings,Germany,Helios Refinery Services,INV-2018-0003836,AGX-2018-004118-AGC-00062
2018-10-23,2018,10,October,Oct,Q4,590777.52,413747.4,177030.12,29.97,Lucas Hayes,Northstar Offshore Engineering,AGC-00005,Northstar Offshore Engineering,Northstar Offshore Engineering,Independent Entity,Argentina,Northstar Offshore Engineering,INV-2018-0002949,AGX-2018-003161-AGC-00005
2018-10-26,2018,10,October,Oct,Q4,348311.69,229354.35,118957.34,34.15,Camille Martin,Northstar Waterworks,AGC-00010,Northstar Waterworks,Northstar Waterworks,Independent Entity,France,Northstar Waterworks,INV-2018-0003755,AGX-2018-004033-AGC-00010
2018-10-26,2018,10,October,Oct,Q4,19155.78,13608.08,5547.7,28.96,Noah Keller,Helios Flow Technologies,AGC-00043,Helios Flow Technologies,Helios Flow Technologies,Lighthouse Holdings,France,Helios Flow Technologies,INV-2018-0003826,AGX-2018-004108-AGC-00043
2018-10-28,2018,10,October,Oct,Q4,134537.94,100645.37,33892.57,25.19,Camille Martin,Helios Energy Systems,AGC-00038,Helios Energy Systems,Helios Energy Systems,Trident Holdings,Argentina,Helios Energy Systems,INV-2018-0003177,AGX-2018-003408-AGC-00038
2018-10-30,2018,10,October,Oct,Q4,1291634.23,889912.27,401721.96,31.1,Lina Sato,Northstar Rotating Equipment,AGC-00023,Northstar Rotating Equipment,Northstar Rotating Equipment,Falcon Holdings,United States,Northstar Rotating Equipment,INV-2018-0003152,AGX-2018-003381-AGC-00023
2018-11-02,2018,11,November,Nov,Q4,63039.04,44082.4,18956.64,30.07,Noah Keller,Meridian Offshore Systems,AGC-00141,Meridian Offshore Systems,Meridian Offshore Systems,Summit Holdings,Canada,Meridian Offshore Systems,INV-2018-0003230,AGX-2018-003469-AGC-00141
2018-11-02,2018,11,November,Nov,Q4,77062.65,49574.61,27488.04,35.67,Noah Keller,Arcadia Infrastructure,AGC-00155,Arcadia Infrastructure,Arcadia Infrastructure,Independent Entity,United States,Arcadia Infrastructure,INV-2018-0004126,AGX-2018-004435-AGC-00155
2018-11-02,2018,11,November,Nov,Q4,1911430.54,1199087.71,712342.83,37.27,Leo Foster,Cobalt Pipeline Services,AGC-00096,Cobalt Pipeline Services,Cobalt Pipeline Services,Summit Holdings,Saudi Arabia,Cobalt Pipeline Services,INV-2018-0004159,AGX-2018-004472-AGC-00096
2018-11-03,2018,11,November,Nov,Q4,422195.59,290905.5,131290.09,31.1,Lucas Hayes,Helios Technical Supply,AGC-00061,Helios Technical Supply,Helios Technical Supply,Granite Holdings,Mexico,Helios Technical Supply,INV-2018-0003502,AGX-2018-003769-AGC-00061
2018-11-03,2018,11,November,Nov,Q4,881346.18,597051.22,284294.96,32.26,Priya Nguyen,Arcadia Industrial Maintenance,AGC-00168,Arcadia Industrial Maintenance,Arcadia Industrial Maintenance,Pacific Crest Holdings,Malaysia,Arcadia Industrial Maintenance,INV-2018-0003841,AGX-2018-004123-AGC-00168
2018-11-05,2018,11,November,Nov,Q4,405285.7,288487.71,116797.99,28.82,Avery Morgan,Meridian Resources,AGC-00132,Meridian Resources,Meridian Resources,Rivermark Holdings,Colombia,Meridian Resources,INV-2018-0003009,AGX-2018-003223-AGC-00132
2018-11-06,2018,11,November,Nov,Q4,487849.1,337579.84,150269.26,30.8,Lina Sato,Northstar Marine Supply,AGC-00037,Northstar Marine Supply,Northstar Marine Supply,Frontier Holdings,Vietnam,Northstar Marine Supply,INV-2018-0002990,AGX-2018-003204-AGC-00037
2018-11-06,2018,11,November,Nov,Q4,328620.78,233151.15,95469.63,29.05,Adrian Walker,Meridian Industrial Group,AGC-00114,Meridian Industrial Group,Meridian Industrial Group,Sierra Holdings,Netherlands,Meridian Industrial Group,INV-2018-0003026,AGX-2018-003242-AGC-00114
2018-11-06,2018,11,November,Nov,Q4,179952.77,117870.87,62081.9,34.5,Lina Sato,Meridian Technical Supply,AGC-00135,Meridian Technical Supply,Meridian Technical Supply,Independent Entity,Malaysia,Meridian Technical Supply,INV-2018-0003425,AGX-2018-003681-AGC-00135
2018-11-11,2018,11,November,Nov,Q4,623725.13,452643.86,171081.27,27.43,Noah Keller,Meridian Offshore Systems,AGC-00141,Meridian Offshore Systems,Meridian Offshore Systems,Summit Holdings,Canada,Meridian Offshore Systems,INV-2018-0003790,AGX-2018-004070-AGC-00141
2018-11-14,2018,11,November,Nov,Q4,199419.52,136740.02,62679.5,31.43,Priya Nguyen,Helios Compression,AGC-00056,Helios Compression,Helios Compression,Redwood Holdings,United States,Helios Compression,INV-2018-0003403,AGX-2018-003658-AGC-00056
2018-11-16,2018,11,November,Nov,Q4,579905.53,370150.51,209755.02,36.17,Camille Martin,Meridian Refinery Services,AGC-00136,Meridian Refinery Services,Meridian Refinery Services,Northstar Holdings,Vietnam,Meridian Refinery Services,INV-2018-0003104,AGX-2018-003330-AGC-00136
2018-11-19,2018,11,November,Nov,Q4,479210.73,310047.07,169163.66,35.3,Grace Perry,Helios Utilities,AGC-00049,Helios Utilities,Helios Utilities,Meridian Holdings,Qatar,Helios Utilities,INV-2018-0003071,AGX-2018-003295-AGC-00049
2018-11-21,2018,11,November,Nov,Q4,59248.7,41328.02,17920.68,30.25,Lucas Hayes,Cobalt Energy Systems,AGC-00075,Cobalt Energy Systems,Cobalt Energy Systems,Independent Entity,Canada,Cobalt Energy Systems,INV-2018-0003864,AGX-2018-004146-AGC-00075
2018-11-23,2018,11,November,Nov,Q4,80293.53,59126.47,21167.06,26.36,Theo Price,Arcadia Technical Supply,AGC-00172,Arcadia Technical Supply,Arcadia Technical Supply,Frontier Holdings,Ghana,Arcadia Technical Supply,INV-2018-0003639,AGX-2018-003916-AGC-00172
2018-11-23,2018,11,November,Nov,Q4,772245.35,495636.19,276609.16,35.82,Grace Perry,Northstar Infrastructure,AGC-00007,Northstar Infrastructure,Northstar Infrastructure,BluePeak Holdings,Ghana,Northstar Infrastructure,INV-2018-0003749,AGX-2018-004027-AGC-00007
2018-11-23,2018,11,November,Nov,Q4,1178750.75,796248.86,382501.89,32.45,Camille Martin,Northstar Technical Supply,AGC-00024,Northstar Technical Supply,Northstar Technical Supply,Sierra Holdings,United Kingdom,Northstar Technical Supply,INV-2018-0003919,AGX-2018-004205-AGC-00024
2018-11-23,2018,11,November,Nov,Q4,47229.77,32943.88,14285.89,30.25,Zara Grant,Arcadia Rotating Equipment,AGC-00171,Arcadia Rotating Equipment,Arcadia Rotating Equipment,Monarch Holdings,Italy,Arcadia Rotating Equipment,INV-2018-0004107,AGX-2018-004416-AGC-00171
2018-11-26,2018,11,November,Nov,Q4,333855.96,216688.14,117167.82,35.1,Grace Perry,Helios Utilities,AGC-00049,Helios Utilities,Helios Utilities,Meridian Holdings,Qatar,Helios Utilities,INV-2018-0003525,AGX-2018-003794-AGC-00049
2018-11-26,2018,11,November,Nov,Q4,901738.82,593945.17,307793.65,34.13,Mila Diaz,Helios Offshore Systems,AGC-00067,Helios Offshore Systems,Helios Offshore Systems,Clearwater Holdings,Norway,Helios Offshore Systems,INV-2018-0003528,AGX-2018-003798-AGC-00067
2018-11-26,2018,11,November,Nov,Q4,272767.52,186172.21,86595.31,31.75,Julian Howard,Northstar Industrial Solutions,AGC-00036,Northstar Industrial Solutions,Northstar Industrial Solutions,Monarch Holdings,Malaysia,Northstar Industrial Solutions,INV-2018-0003751,AGX-2018-004029-AGC-00036
2018-11-28,2018,11,November,Nov,Q4,51939.81,36066.31,15873.5,30.56,Mila Diaz,Helios Process Controls,AGC-00053,Helios Process Controls,Helios Process Controls,Vantage Holdings,Spain,Helios Process Controls,INV-2018-0003915,AGX-2018-004201-AGC-00053
2018-12-02,2018,12,December,Dec,Q4,1209721.56,786153.63,423567.93,35.01,Theo Price,Arcadia Technical Supply,AGC-00172,Arcadia Technical Supply,Arcadia Technical Supply,Frontier Holdings,Ghana,Arcadia Technical Supply,INV-2018-0003462,AGX-2018-003722-AGC-00172
2018-12-03,2018,12,December,Dec,Q4,198701.7,127936.05,70765.65,35.61,Lina Sato,Cobalt Compression,AGC-00093,Cobalt Compression,Cobalt Compression,Cobalt Holdings,Japan,Cobalt Compression,INV-2018-0003231,AGX-2018-003470-AGC-00093
2018-12-03,2018,12,December,Dec,Q4,285360.55,197487.3,87873.25,30.79,Camille Martin,Helios Power Partners,AGC-00052,Helios Power Partners,Helios Power Partners,BluePeak Holdings,Chile,Helios Power Partners,INV-2018-0003568,AGX-2018-003842-AGC-00052
2018-12-04,2018,12,December,Dec,Q4,1451138.66,999575.46,451563.2,31.12,Mila Diaz,Helios Offshore Systems,AGC-00067,Helios Offshore Systems,Helios Offshore Systems,Clearwater Holdings,Norway,Helios Offshore Systems,INV-2018-0003571,AGX-2018-003845-AGC-00067
2018-12-06,2018,12,December,Dec,Q4,1939224.39,1142134.83,797089.56,41.1,Noah Keller,Northstar Energy Systems,AGC-00001,Northstar Energy Systems,Northstar Energy Systems,Northstar Holdings,Norway,Northstar Energy Systems,INV-2018-0002955,AGX-2018-003167-AGC-00001
2018-12-06,2018,12,December,Dec,Q4,164246.5,106359.38,57887.12,35.24,Grace Perry,Meridian Industrial Solutions,AGC-00147,Meridian Industrial Solutions,Meridian Industrial Solutions,NovaGrid Holdings,Netherlands,Meridian Industrial Solutions,INV-2018-0003388,AGX-2018-003643-AGC-00147
2018-12-06,2018,12,December,Dec,Q4,273560.66,166114.4,107446.26,39.28,Noah Keller,Cobalt Refinery Services,AGC-00099,Cobalt Refinery Services,Cobalt Refinery Services,Sterling Holdings,Colombia,Cobalt Refinery Services,INV-2018-0004012,AGX-2018-004310-AGC-00099
2018-12-08,2018,12,December,Dec,Q4,256202.86,170097.99,86104.87,33.61,Julian Howard,Arcadia Production Services,AGC-00176,Arcadia Production Services,Arcadia Production Services,Zenith Holdings,United Arab Emirates,Arcadia Production Services,INV-2018-0003624,AGX-2018-003901-AGC-00176
2018-12-11,2018,12,December,Dec,Q4,204212.63,136249.37,67963.26,33.28,Julian Howard,Cobalt Industrial Services,AGC-00106,Cobalt Industrial Services,Cobalt Industrial Services,Granite Holdings,Ghana,Cobalt Industrial Services,INV-2018-0003015,AGX-2018-003229-AGC-00106
2018-12-13,2018,12,December,Dec,Q4,997820.27,767009.85,230810.42,23.13,Lucas Hayes,Northstar Offshore Engineering,AGC-00005,Northstar Offshore Engineering,Northstar Offshore Engineering,Independent Entity,Argentina,Northstar Offshore Engineering,INV-2018-0003737,AGX-2018-004015-AGC-00005
2018-12-15,2018,12,December,Dec,Q4,2257981.41,1742487.28,515494.13,22.83,Noah Keller,Meridian Offshore Systems,AGC-00141,Meridian Offshore Systems,Meridian Offshore Systems,Summit Holdings,Canada,Meridian Offshore Systems,INV-2018-0003283,AGX-2018-003533-AGC-00141
2018-12-17,2018,12,December,Dec,Q4,3030472.58,1954932.16,1075540.42,35.49,Priya Nguyen,Arcadia Industrial Maintenance,AGC-00168,Arcadia Industrial Maintenance,Arcadia Industrial Maintenance,Pacific Crest Holdings,Malaysia,Arcadia Industrial Maintenance,INV-2018-0004032,AGX-2018-004332-AGC-00168
2018-12-21,2018,12,December,Dec,Q4,994410.92,659083.34,335327.58,33.72,Lina Sato,Northstar Marine Supply,AGC-00037,Northstar Marine Supply,Northstar Marine Supply,Frontier Holdings,Vietnam,Northstar Marine Supply,INV-2018-0003394,AGX-2018-003649-AGC-00037
2018-12-26,2018,12,December,Dec,Q4,874754.6,587775.18,286979.42,32.81,Zara Grant,Meridian Industrial Services,AGC-00143,Meridian Industrial Services,Meridian Industrial Services,Vantage Holdings,United Arab Emirates,Meridian Industrial Services,INV-2018-0003694,AGX-2018-003972-AGC-00143
2018-12-26,2018,12,December,Dec,Q4,1658290.11,1050309.93,607980.18,36.66,Camille Martin,Northstar Waterworks,AGC-00010,Northstar Waterworks,Northstar Waterworks,Independent Entity,France,Northstar Waterworks,INV-2018-0003851,AGX-2018-004133-AGC-00010
2018-12-27,2018,12,December,Dec,Q4,159852.28,116836.15,43016.13,26.91,Lucas Hayes,Helios Technical Supply,AGC-00061,Helios Technical Supply,Helios Technical Supply,Granite Holdings,Mexico,Helios Technical Supply,INV-2018-0003852,AGX-2018-004134-AGC-00061
2018-12-30,2018,12,December,Dec,Q4,124940.31,84740.33,40199.98,32.18,Noah Keller,Meridian Offshore Systems,AGC-00141,Meridian Offshore Systems,Meridian Offshore Systems,Summit Holdings,Canada,Meridian Offshore Systems,INV-2018-0003266,AGX-2018-003511-AGC-00141
2018-12-31,2018,12,December,Dec,Q4,186668.57,137328.82,49339.75,26.43,Noah Keller,Meridian Marine Services,AGC-00113,Meridian Marine Services,Meridian Marine Services,Falcon Holdings,Brazil,Meridian Marine Services,INV-2018-0003149,AGX-2018-003378-AGC-00113
2018-12-31,2018,12,December,Dec,Q4,848961.03,619999.43,228961.6,26.97,Grace Perry,Arcadia Field Services,AGC-00161,Arcadia Field Services,Arcadia Field Services,Keystone Holdings,Germany,Arcadia Field Services,INV-2018-0004037,AGX-2018-004338-AGC-00161
2019-01-02,2019,1,January,Jan,Q1,3360404.65,2516195.19,844209.46,25.12,Priya Nguyen,Helios Offshore Engineering,AGC-00042,Helios Offshore Engineering,Helios Offshore Engineering,Rivermark Holdings,Canada,Helios Offshore Engineering,INV-2019-0003774,AGX-2018-004052-AGC-00042
2019-01-08,2019,1,January,Jan,Q1,124329.12,78763.69,45565.43,36.65,Julian Howard,Northstar Petro Systems,AGC-00008,Northstar Petro Systems,Northstar Petro Systems,Vantage Holdings,Australia,Northstar Petro Systems,INV-2019-0004029,AGX-2018-004329-AGC-00008
2019-01-09,2019,1,January,Jan,Q1,1174886.21,825612.78,349273.43,29.73,Zara Grant,Northstar Industrial Group,AGC-00003,Northstar Industrial Group,Northstar Industrial Group,Cobalt Holdings,Malaysia,Northstar Industrial Group,INV-2019-0003033,AGX-2018-003249-AGC-00003
2019-01-10,2019,1,January,Jan,Q1,172698.48,122731.46,49967.02,28.93,Noah Keller,Helios Flow Technologies,AGC-00043,Helios Flow Technologies,Helios Flow Technologies,Lighthouse Holdings,France,Helios Flow Technologies,INV-2019-0004103,AGX-2018-004412-AGC-00043
2019-01-11,2019,1,January,Jan,Q1,305939.04,230595.54,75343.5,24.63,Julian Howard,Northstar Petro Systems,AGC-00008,Northstar Petro Systems,Northstar Petro Systems,Vantage Holdings,Australia,Northstar Petro Systems,INV-2019-0003858,AGX-2018-004140-AGC-00008
2019-01-16,2019,1,January,Jan,Q1,1794069.95,1122298.4,671771.55,37.44,Avery Morgan,Arcadia Energy Projects,AGC-00174,Arcadia Energy Projects,Arcadia Energy Projects,Cascade Holdings,Canada,Arcadia Energy Projects,INV-2019-0003948,AGX-2018-004239-AGC-00174
2019-01-16,2019,1,January,Jan,Q1,541280.82,306639.49,234641.33,43.35,Zara Grant,Northstar Industrial Group,AGC-00003,Northstar Industrial Group,Northstar Industrial Group,Cobalt Holdings,Malaysia,Northstar Industrial Group,INV-2019-0004772,AGX-2019-005128-AGC-00003
2019-01-18,2019,1,January,Jan,Q1,99120.39,67239.58,31880.81,32.16,Lina Sato,Northstar Mining Services,AGC-00009,Northstar Mining Services,Northstar Mining Services,Sterling Holdings,Canada,Northstar Mining Services,INV-2019-0003879,AGX-2018-004162-AGC-00009
2019-01-19,2019,1,January,Jan,Q1,267593.28,186896.53,80696.75,30.16,Leo Foster,Arcadia Industrial Services,AGC-00180,Arcadia Industrial Services,Arcadia Industrial Services,Independent Entity,Netherlands,Arcadia Industrial Services,INV-2019-0003849,AGX-2018-004131-AGC-00180
2019-01-21,2019,1,January,Jan,Q1,1329837.18,967695.35,362141.83,27.23,Lucas Hayes,Cobalt Controls,AGC-00103,Cobalt Controls,Cobalt Controls,Crescent Holdings,Vietnam,Cobalt Controls,INV-2019-0003323,AGX-2018-003576-AGC-00103
2019-01-23,2019,1,January,Jan,Q1,599138.29,382439.65,216698.64,36.17,Zara Grant,Arcadia Mining Services,AGC-00157,Arcadia Mining Services,Arcadia Mining Services,Clearwater Holdings,Poland,Arcadia Mining Services,INV-2019-0004789,AGX-2019-005146-AGC-00157
2019-01-24,2019,1,January,Jan,Q1,43662.82,30217.19,13445.63,30.79,Priya Nguyen,Helios Offshore Engineering,AGC-00042,Helios Offshore Engineering,Helios Offshore Engineering,Rivermark Holdings,Canada,Helios Offshore Engineering,INV-2019-0003767,AGX-2018-004045-AGC-00042
2019-01-27,2019,1,January,Jan,Q1,516622.28,323526.27,193096.01,37.38,Mila Diaz,Northstar Automation,AGC-00011,Northstar Automation,Northstar Automation,Redwood Holdings,United Arab Emirates,Northstar Automation,INV-2019-0003350,AGX-2018-003603-AGC-00011
2019-01-28,2019,1,January,Jan,Q1,524624.72,390653.97,133970.75,25.54,Priya Nguyen,Arcadia Industrial Maintenance,AGC-00168,Arcadia Industrial Maintenance,Arcadia Industrial Maintenance,Pacific Crest Holdings,Malaysia,Arcadia Industrial Maintenance,INV-2019-0003276,AGX-2018-003523-AGC-00168
2019-01-28,2019,1,January,Jan,Q1,660969.22,475720.37,185248.85,28.03,Zara Grant,Meridian Industrial Services,AGC-00143,Meridian Industrial Services,Meridian Industrial Services,Vantage Holdings,United Arab Emirates,Meridian Industrial Services,INV-2019-0003886,AGX-2018-004169-AGC-00143
2019-01-29,2019,1,January,Jan,Q1,103816.49,75520.19,28296.3,27.26,Grace Perry,Helios Utilities,AGC-00049,Helios Utilities,Helios Utilities,Meridian Holdings,Qatar,Helios Utilities,INV-2019-0003004,AGX-2018-003218-AGC-00049
2019-01-29,2019,1,January,Jan,Q1,195590.03,132531.23,63058.8,32.24,Grace Perry,Meridian Pipeline Services,AGC-00133,Meridian Pipeline Services,Meridian Pipeline Services,Lighthouse Holdings,Norway,Meridian Pipeline Services,INV-2019-0005020,AGX-2019-005398-AGC-00133
2019-02-01,2019,2,February,Feb,Q1,1578261.42,1071449.84,506811.58,32.11,Lina Sato,Meridian Technical Supply,AGC-00135,Meridian Technical Supply,Meridian Technical Supply,Independent Entity,Malaysia,Meridian Technical Supply,INV-2019-0003512,AGX-2018-003779-AGC-00135
2019-02-01,2019,2,February,Feb,Q1,157266.79,116278.74,40988.05,26.06,Lucas Hayes,Helios Technical Supply,AGC-00061,Helios Technical Supply,Helios Technical Supply,Granite Holdings,Mexico,Helios Technical Supply,INV-2019-0005191,AGX-2019-005590-AGC-00061
2019-02-03,2019,2,February,Feb,Q1,3553087.62,2581953.78,971133.84,27.33,Leo Foster,Arcadia Drilling Solutions,AGC-00166,Arcadia Drilling Solutions,Arcadia Drilling Solutions,Silverline Holdings,Norway,Arcadia Drilling Solutions,INV-2019-0003444,AGX-2018-003703-AGC-00166
2019-02-04,2019,2,February,Feb,Q1,735793.67,497314.78,238478.89,32.41,Zara Grant,Arcadia Rotating Equipment,AGC-00171,Arcadia Rotating Equipment,Arcadia Rotating Equipment,Monarch Holdings,Italy,Arcadia Rotating Equipment,INV-2019-0004091,AGX-2018-004400-AGC-00171
2019-02-04,2019,2,February,Feb,Q1,488628.77,319061.84,169566.93,34.7,Mila Diaz,Cobalt Infrastructure,AGC-00081,Cobalt Infrastructure,Cobalt Infrastructure,Monarch Holdings,Netherlands,Cobalt Infrastructure,INV-2019-0004697,AGX-2019-005049-AGC-00081
2019-02-05,2019,2,February,Feb,Q1,3314998.33,1958177.42,1356820.91,40.93,Theo Price,Arcadia Waterworks,AGC-00158,Arcadia Waterworks,Arcadia Waterworks,Falcon Holdings,Nigeria,Arcadia Waterworks,INV-2019-0004028,AGX-2018-004328-AGC-00158
2019-02-07,2019,2,February,Feb,Q1,774808.79,536218.92,238589.87,30.79,Lucas Hayes,Cobalt Energy Systems,AGC-00075,Cobalt Energy Systems,Cobalt Energy Systems,Independent Entity,Canada,Cobalt Energy Systems,INV-2019-0003627,AGX-2018-003904-AGC-00075
2019-02-07,2019,2,February,Feb,Q1,60265.85,35882.01,24383.84,40.46,Camille Martin,Northstar Waterworks,AGC-00010,Northstar Waterworks,Northstar Waterworks,Independent Entity,France,Northstar Waterworks,INV-2019-0003795,AGX-2018-004075-AGC-00010
2019-02-10,2019,2,February,Feb,Q1,175309.89,118721.9,56587.99,32.28,Grace Perry,Cobalt Engineering,AGC-00091,Cobalt Engineering,Cobalt Engineering,Northstar Holdings,Poland,Cobalt Engineering,INV-2019-0003701,AGX-2018-003979-AGC-00091
2019-02-15,2019,2,February,Feb,Q1,131584.76,86669.46,44915.3,34.13,Avery Morgan,Meridian Resources,AGC-00132,Meridian Resources,Meridian Resources,Rivermark Holdings,Colombia,Meridian Resources,INV-2019-0004376,AGX-2019-004699-AGC-00132
2019-02-16,2019,2,February,Feb,Q1,297395.87,205026.18,92369.69,31.06,Julian Howard,Northstar Industrial Solutions,AGC-00036,Northstar Industrial Solutions,Northstar Industrial Solutions,Monarch Holdings,Malaysia,Northstar Industrial Solutions,INV-2019-0004506,AGX-2019-004834-AGC-00036
2019-02-17,2019,2,February,Feb,Q1,443658.21,311723.87,131934.34,29.74,Lucas Hayes,Northstar Offshore Engineering,AGC-00005,Northstar Offshore Engineering,Northstar Offshore Engineering,Independent Entity,Argentina,Northstar Offshore Engineering,INV-2019-0003808,AGX-2018-004090-AGC-00005
2019-02-20,2019,2,February,Feb,Q1,57626.21,38748.09,18878.12,32.76,Mila Diaz,Arcadia Industrial Group,AGC-00151,Arcadia Industrial Group,Arcadia Industrial Group,Granite Holdings,Chile,Arcadia Industrial Group,INV-2019-0004585,AGX-2019-004923-AGC-00151
2019-02-22,2019,2,February,Feb,Q1,175696.1,120792.4,54903.7,31.25,Priya Nguyen,Arcadia Flow Technologies,AGC-00154,Arcadia Flow Technologies,Arcadia Flow Technologies,Pioneer Holdings,Indonesia,Arcadia Flow Technologies,INV-2019-0005002,AGX-2019-005379-AGC-00154
2019-02-27,2019,2,February,Feb,Q1,55514.39,40946.03,14568.36,26.24,Camille Martin,Helios Energy Systems,AGC-00038,Helios Energy Systems,Helios Energy Systems,Trident Holdings,Argentina,Helios Energy Systems,INV-2019-0003359,AGX-2018-003612-AGC-00038
2019-02-27,2019,2,February,Feb,Q1,731066.89,491678.31,239388.58,32.75,Grace Perry,Helios Utilities,AGC-00049,Helios Utilities,Helios Utilities,Meridian Holdings,Qatar,Helios Utilities,INV-2019-0004561,AGX-2019-004897-AGC-00049
2019-02-27,2019,2,February,Feb,Q1,307401.2,215858.54,91542.66,29.78,Lucas Hayes,Helios Technical Supply,AGC-00061,Helios Technical Supply,Helios Technical Supply,Granite Holdings,Mexico,Helios Technical Supply,INV-2019-0004580,AGX-2019-004918-AGC-00061
2019-03-01,2019,3,March,Mar,Q1,274633.04,188644.86,85988.18,31.31,Eva Lewis,Northstar Field Services,AGC-00013,Northstar Field Services,Northstar Field Services,Crescent Holdings,South Korea,Northstar Field Services,INV-2019-0004125,AGX-2018-004434-AGC-00013
2019-03-01,2019,3,March,Mar,Q1,362764.73,240114.15,122650.58,33.81,Julian Howard,Meridian Marine Supply,AGC-00148,Meridian Marine Supply,Meridian Marine Supply,Crescent Holdings,Qatar,Meridian Marine Supply,INV-2019-0005023,AGX-2019-005402-AGC-00148
2019-03-02,2019,3,March,Mar,Q1,193501.89,141294.72,52207.17,26.98,Camille Martin,Meridian Refinery Services,AGC-00136,Meridian Refinery Services,Meridian Refinery Services,Northstar Holdings,Vietnam,Meridian Refinery Services,INV-2019-0004869,AGX-2019-005235-AGC-00136
2019-03-03,2019,3,March,Mar,Q1,491787.84,346213.32,145574.52,29.6,Mila Diaz,Meridian Energy Projects,AGC-00137,Meridian Energy Projects,Meridian Energy Projects,Helios Holdings,Argentina,Meridian Energy Projects,INV-2019-0004384,AGX-2019-004707-AGC-00137
2019-03-05,2019,3,March,Mar,Q1,452172.39,326820.77,125351.62,27.72,Lucas Hayes,Cobalt Energy Systems,AGC-00075,Cobalt Energy Systems,Cobalt Energy Systems,Independent Entity,Canada,Cobalt Energy Systems,INV-2019-0004786,AGX-2019-005143-AGC-00075
2019-03-06,2019,3,March,Mar,Q1,612895.98,393890.15,219005.83,35.73,Lucas Hayes,Arcadia Automation,AGC-00159,Arcadia Automation,Arcadia Automation,Sierra Holdings,Japan,Arcadia Automation,INV-2019-0004400,AGX-2019-004723-AGC-00159
2019-03-07,2019,3,March,Mar,Q1,590301.51,421275.88,169025.63,28.63,Lucas Hayes,Cobalt Energy Systems,AGC-00075,Cobalt Energy Systems,Cobalt Energy Systems,Independent Entity,Canada,Cobalt Energy Systems,INV-2019-0004926,AGX-2019-005297-AGC-00075
2019-03-12,2019,3,March,Mar,Q1,1805455.08,1218856.75,586598.33,32.49,Zara Grant,Helios Pipeline Services,AGC-00059,Helios Pipeline Services,Helios Pipeline Services,Ironwood Holdings,Nigeria,Helios Pipeline Services,INV-2019-0005177,AGX-2019-005575-AGC-00059
2019-03-14,2019,3,March,Mar,Q1,247582.88,176701.09,70881.79,28.63,Eva Lewis,Northstar Marine Engineering,AGC-00027,Northstar Marine Engineering,Northstar Marine Engineering,Equinox Holdings,Japan,Northstar Marine Engineering,INV-2019-0004195,AGX-2019-004508-AGC-00027
2019-03-15,2019,3,March,Mar,Q1,526518.72,385519.65,140999.07,26.78,Priya Nguyen,Arcadia Industrial Maintenance,AGC-00168,Arcadia Industrial Maintenance,Arcadia Industrial Maintenance,Pacific Crest Holdings,Malaysia,Arcadia Industrial Maintenance,INV-2019-0004884,AGX-2019-005250-AGC-00168
2019-03-18,2019,3,March,Mar,Q1,176480.77,128119.98,48360.79,27.4,Priya Nguyen,Meridian Power Partners,AGC-00126,Meridian Power Partners,Meridian Power Partners,Monarch Holdings,Japan,Meridian Power Partners,INV-2019-0004462,AGX-2019-004788-AGC-00126
2019-03-18,2019,3,March,Mar,Q1,472424.23,309098.47,163325.76,34.57,Lucas Hayes,Helios Technical Supply,AGC-00061,Helios Technical Supply,Helios Technical Supply,Granite Holdings,Mexico,Helios Technical Supply,INV-2019-0004572,AGX-2019-004910-AGC-00061
2019-03-18,2019,3,March,Mar,Q1,770484.95,534540.62,235944.33,30.62,Mila Diaz,Helios Marine Services,AGC-00039,Helios Marine Services,Helios Marine Services,Cascade Holdings,Italy,Helios Marine Services,INV-2019-0004744,AGX-2019-005098-AGC-00039
2019-03-20,2019,3,March,Mar,Q1,470104.5,321256.89,148847.61,31.66,Mila Diaz,Helios Offshore Systems,AGC-00067,Helios Offshore Systems,Helios Offshore Systems,Clearwater Holdings,Norway,Helios Offshore Systems,INV-2019-0005069,AGX-2019-005460-AGC-00067
2019-03-20,2019,3,March,Mar,Q1,1208728.29,829904.68,378823.61,31.34,Adrian Walker,Meridian Industrial Group,AGC-00114,Meridian Industrial Group,Meridian Industrial Group,Sierra Holdings,Netherlands,Meridian Industrial Group,INV-2019-0005124,AGX-2019-005520-AGC-00114
2019-03-21,2019,3,March,Mar,Q1,59010.0,39775.08,19234.92,32.6,Eva Lewis,Cobalt Mining Services,AGC-00083,Cobalt Mining Services,Cobalt Mining Services,Trident Holdings,Singapore,Cobalt Mining Services,INV-2019-0004852,AGX-2019-005217-AGC-00083
2019-03-22,2019,3,March,Mar,Q1,95009.08,66044.64,28964.44,30.49,Grace Perry,Meridian Industrial Solutions,AGC-00147,Meridian Industrial Solutions,Meridian Industrial Solutions,NovaGrid Holdings,Netherlands,Meridian Industrial Solutions,INV-2019-0004190,AGX-2019-004503-AGC-00147
2019-03-22,2019,3,March,Mar,Q1,307998.22,226534.19,81464.03,26.45,Avery Morgan,Northstar Industrial Maintenance,AGC-00020,Northstar Industrial Maintenance,Northstar Industrial Maintenance,Independent Entity,Spain,Northstar Industrial Maintenance,INV-2019-0004194,AGX-2019-004507-AGC-00020
2019-03-23,2019,3,March,Mar,Q1,1162071.23,796138.06,365933.17,31.49,Priya Nguyen,Meridian Controls,AGC-00140,Meridian Controls,Meridian Controls,Independent Entity,Australia,Meridian Controls,INV-2019-0004303,AGX-2019-004621-AGC-00140
2019-03-23,2019,3,March,Mar,Q1,407583.32,283984.07,123599.25,30.32,Zara Grant,Arcadia Mining Services,AGC-00157,Arcadia Mining Services,Arcadia Mining Services,Clearwater Holdings,Poland,Arcadia Mining Services,INV-2019-0004913,AGX-2019-005283-AGC-00157
2019-03-26,2019,3,March,Mar,Q1,1261752.35,782015.77,479736.58,38.02,Lucas Hayes,Northstar Flow Systems,AGC-00033,Northstar Flow Systems,Northstar Flow Systems,Pacific Crest Holdings,Colombia,Northstar Flow Systems,INV-2019-0004634,AGX-2019-004978-AGC-00033
2019-03-26,2019,3,March,Mar,Q1,453884.09,334886.53,118997.56,26.22,Eva Lewis,Helios Process Solutions,AGC-00041,Helios Process Solutions,Helios Process Solutions,Zenith Holdings,Australia,Helios Process Solutions,INV-2019-0005323,AGX-2019-005731-AGC-00041
2019-03-27,2019,3,March,Mar,Q1,2745522.87,1919993.78,825529.09,30.07,Zara Grant,Northstar Industrial Group,AGC-00003,Northstar Industrial Group,Northstar Industrial Group,Cobalt Holdings,Malaysia,Northstar Industrial Group,INV-2019-0005009,AGX-2019-005386-AGC-00003
2019-03-29,2019,3,March,Mar,Q1,182291.74,119806.48,62485.26,34.28,Camille Martin,Helios Energy Systems,AGC-00038,Helios Energy Systems,Helios Energy Systems,Trident Holdings,Argentina,Helios Energy Systems,INV-2019-0004367,AGX-2019-004689-AGC-00038
2019-03-31,2019,3,March,Mar,Q1,516772.26,343507.64,173264.62,33.53,Zara Grant,Helios Petro Systems,AGC-00045,Helios Petro Systems,Helios Petro Systems,Independent Entity,Kenya,Helios Petro Systems,INV-2019-0004551,AGX-2019-004882-AGC-00045
2019-03-31,2019,3,March,Mar,Q1,188981.8,125915.43,63066.37,33.37,Noah Keller,Northstar Energy Systems,AGC-00001,Northstar Energy Systems,Northstar Energy Systems,Northstar Holdings,Norway,Northstar Energy Systems,INV-2019-0005214,AGX-2019-005614-AGC-00001
2019-04-01,2019,4,April,Apr,Q2,623569.78,433398.19,190171.59,30.5,Grace Perry,Helios Energy Projects,AGC-00063,Helios Energy Projects,Helios Energy Projects,Vertex Holdings,Saudi Arabia,Helios Energy Projects,INV-2019-0004944,AGX-2019-005316-AGC-00063
2019-04-02,2019,4,April,Apr,Q2,489468.71,329134.31,160334.4,32.76,Priya Nguyen,Meridian Controls,AGC-00140,Meridian Controls,Meridian Controls,Independent Entity,Australia,Meridian Controls,INV-2019-0004522,AGX-2019-004851-AGC-00140
2019-04-04,2019,4,April,Apr,Q2,87214.58,61647.68,25566.9,29.31,Camille Martin,Meridian Refinery Services,AGC-00136,Meridian Refinery Services,Meridian Refinery Services,Northstar Holdings,Vietnam,Meridian Refinery Services,INV-2019-0005534,AGX-2019-005962-AGC-00136
2019-04-05,2019,4,April,Apr,Q2,48698.12,32166.1,16532.02,33.95,Adrian Walker,Northstar Marine Services,AGC-00002,Northstar Marine Services,Northstar Marine Services,Helios Holdings,Oman,Northstar Marine Services,INV-2019-0004254,AGX-2019-004570-AGC-00002
2019-04-05,2019,4,April,Apr,Q2,105458.8,66282.0,39176.8,37.15,Mila Diaz,Helios Offshore Systems,AGC-00067,Helios Offshore Systems,Helios Offshore Systems,Clearwater Holdings,Norway,Helios Offshore Systems,INV-2019-0005208,AGX-2019-005608-AGC-00067
2019-04-07,2019,4,April,Apr,Q2,645730.67,435618.74,210111.93,32.54,Priya Nguyen,Cobalt Technical Supply,AGC-00098,Cobalt Technical Supply,Cobalt Technical Supply,Vantage Holdings,India,Cobalt Technical Supply,INV-2019-0004416,AGX-2019-004740-AGC-00098
2019-04-07,2019,4,April,Apr,Q2,25186.58,18322.87,6863.71,27.25,Lucas Hayes,Helios Waterworks,AGC-00047,Helios Waterworks,Helios Waterworks,Helios Holdings,Brazil,Helios Waterworks,INV-2019-0005079,AGX-2019-005470-AGC-00047
2019-04-19,2019,4,April,Apr,Q2,22234.49,15017.06,7217.43,32.46,Grace Perry,Meridian Industrial Solutions,AGC-00147,Meridian Industrial Solutions,Meridian Industrial Solutions,NovaGrid Holdings,Netherlands,Meridian Industrial Solutions,INV-2019-0004971,AGX-2019-005343-AGC-00147
2019-04-20,2019,4,April,Apr,Q2,36581.48,26055.19,10526.29,28.77,Grace Perry,Meridian Pipeline Services,AGC-00133,Meridian Pipeline Services,Meridian Pipeline Services,Lighthouse Holdings,Norway,Meridian Pipeline Services,INV-2019-0005114,AGX-2019-005509-AGC-00133
2019-04-21,2019,4,April,Apr,Q2,782075.96,508358.79,273717.17,35.0,Adrian Walker,Meridian Industrial Group,AGC-00114,Meridian Industrial Group,Meridian Industrial Group,Sierra Holdings,Netherlands,Meridian Industrial Group,INV-2019-0005135,AGX-2019-005531-AGC-00114
2019-04-22,2019,4,April,Apr,Q2,2649482.45,1912072.63,737409.82,27.83,Mila Diaz,Helios Process Controls,AGC-00053,Helios Process Controls,Helios Process Controls,Vantage Holdings,Spain,Helios Process Controls,INV-2019-0004564,AGX-2019-004900-AGC-00053
2019-04-22,2019,4,April,Apr,Q2,208878.02,141245.19,67632.83,32.38,Priya Nguyen,Helios Offshore Engineering,AGC-00042,Helios Offshore Engineering,Helios Offshore Engineering,Rivermark Holdings,Canada,Helios Offshore Engineering,INV-2019-0004713,AGX-2019-005065-AGC-00042
2019-04-24,2019,4,April,Apr,Q2,117070.87,78600.64,38470.23,32.86,Lina Sato,Northstar Mining Services,AGC-00009,Northstar Mining Services,Northstar Mining Services,Sterling Holdings,Canada,Northstar Mining Services,INV-2019-0005426,AGX-2019-005842-AGC-00009
2019-04-25,2019,4,April,Apr,Q2,223623.06,165142.13,58480.93,26.15,Lucas Hayes,Northstar Offshore Engineering,AGC-00005,Northstar Offshore Engineering,Northstar Offshore Engineering,Independent Entity,Argentina,Northstar Offshore Engineering,INV-2019-0004410,AGX-2019-004734-AGC-00005
2019-04-26,2019,4,April,Apr,Q2,917700.29,703392.33,214307.96,23.35,Mila Diaz,Helios Process Controls,AGC-00053,Helios Process Controls,Helios Process Controls,Vantage Holdings,Spain,Helios Process Controls,INV-2019-0004685,AGX-2019-005035-AGC-00053
2019-04-28,2019,4,April,Apr,Q2,484570.18,301797.67,182772.51,37.72,Lucas Hayes,Cobalt Controls,AGC-00103,Cobalt Controls,Cobalt Controls,Crescent Holdings,Vietnam,Cobalt Controls,INV-2019-0004313,AGX-2019-004633-AGC-00103
2019-04-30,2019,4,April,Apr,Q2,468786.94,303530.57,165256.37,35.25,Lucas Hayes,Meridian Instrumentation,AGC-00145,Meridian Instrumentation,Meridian Instrumentation,Independent Entity,South Korea,Meridian Instrumentation,INV-2019-0004983,AGX-2019-005358-AGC-00145
2019-04-30,2019,4,April,Apr,Q2,325655.98,224741.51,100914.47,30.99,Grace Perry,Helios Utilities,AGC-00049,Helios Utilities,Helios Utilities,Meridian Holdings,Qatar,Helios Utilities,INV-2019-0005295,AGX-2019-005701-AGC-00049
2019-05-01,2019,5,May,May,Q2,416517.26,293397.1,123120.16,29.56,Theo Price,Meridian Flow Systems,AGC-00144,Meridian Flow Systems,Meridian Flow Systems,Sterling Holdings,Kenya,Meridian Flow Systems,INV-2019-0005326,AGX-2019-005734-AGC-00144
2019-05-02,2019,5,May,May,Q2,321265.99,229157.23,92108.76,28.67,Zara Grant,Meridian Industrial Services,AGC-00143,Meridian Industrial Services,Meridian Industrial Services,Vantage Holdings,United Arab Emirates,Meridian Industrial Services,INV-2019-0005433,AGX-2019-005849-AGC-00143
2019-05-04,2019,5,May,May,Q2,397041.92,254004.16,143037.76,36.03,Camille Martin,Northstar Technical Supply,AGC-00024,Northstar Technical Supply,Northstar Technical Supply,Sierra Holdings,United Kingdom,Northstar Technical Supply,INV-2019-0004566,AGX-2019-004904-AGC-00024
2019-05-12,2019,5,May,May,Q2,285748.95,184891.1,100857.85,35.3,Camille Martin,Arcadia Offshore Systems,AGC-00178,Arcadia Offshore Systems,Arcadia Offshore Systems,Lighthouse Holdings,South Korea,Arcadia Offshore Systems,INV-2019-0004716,AGX-2019-005068-AGC-00178
2019-05-12,2019,5,May,May,Q2,16467.13,11043.56,5423.57,32.94,Priya Nguyen,Arcadia Flow Technologies,AGC-00154,Arcadia Flow Technologies,Arcadia Flow Technologies,Pioneer Holdings,Indonesia,Arcadia Flow Technologies,INV-2019-0005381,AGX-2019-005795-AGC-00154
2019-05-13,2019,5,May,May,Q2,412972.2,305731.67,107240.53,25.97,Grace Perry,Meridian Pipeline Services,AGC-00133,Meridian Pipeline Services,Meridian Pipeline Services,Lighthouse Holdings,Norway,Meridian Pipeline Services,INV-2019-0005425,AGX-2019-005841-AGC-00133
2019-05-13,2019,5,May,May,Q2,619249.93,393553.42,225696.51,36.45,Eva Lewis,Meridian Mechanical,AGC-00125,Meridian Mechanical,Meridian Mechanical,Independent Entity,Nigeria,Meridian Mechanical,INV-2019-0005547,AGX-2019-005976-AGC-00125
2019-05-17,2019,5,May,May,Q2,65510.66,43191.66,22319.0,34.07,Leo Foster,Arcadia Process Solutions,AGC-00152,Arcadia Process Solutions,Arcadia Process Solutions,Harborline Holdings,Spain,Arcadia Process Solutions,INV-2019-0004509,AGX-2019-004837-AGC-00152
2019-05-21,2019,5,May,May,Q2,632629.87,404432.15,228197.72,36.07,Camille Martin,Helios Power Partners,AGC-00052,Helios Power Partners,Helios Power Partners,BluePeak Holdings,Chile,Helios Power Partners,INV-2019-0004305,AGX-2019-004623-AGC-00052
2019-05-26,2019,5,May,May,Q2,824766.38,528270.77,296495.61,35.95,Noah Keller,Northstar Energy Systems,AGC-00001,Northstar Energy Systems,Northstar Energy Systems,Northstar Holdings,Norway,Northstar Energy Systems,INV-2019-0004374,AGX-2019-004697-AGC-00001
2019-05-28,2019,5,May,May,Q2,216452.8,141411.17,75041.63,34.67,Lina Sato,Northstar Mining Services,AGC-00009,Northstar Mining Services,Northstar Mining Services,Sterling Holdings,Canada,Northstar Mining Services,INV-2019-0004994,AGX-2019-005371-AGC-00009
2019-05-31,2019,5,May,May,Q2,703771.71,501014.27,202757.44,28.81,Mila Diaz,Arcadia Mechanical Group,AGC-00179,Arcadia Mechanical Group,Arcadia Mechanical Group,Apex Holdings,Brazil,Arcadia Mechanical Group,INV-2019-0004661,AGX-2019-005008-AGC-00179
2019-06-02,2019,6,June,Jun,Q2,209611.68,141992.71,67618.97,32.26,Noah Keller,Arcadia Resources,AGC-00169,Arcadia Resources,Arcadia Resources,Beacon Holdings,Vietnam,Arcadia Resources,INV-2019-0005211,AGX-2019-005611-AGC-00169
2019-06-02,2019,6,June,Jun,Q2,420537.29,297745.44,122791.85,29.2,Noah Keller,Cobalt Refinery Services,AGC-00099,Cobalt Refinery Services,Cobalt Refinery Services,Sterling Holdings,Colombia,Cobalt Refinery Services,INV-2019-0005535,AGX-2019-005963-AGC-00099
2019-06-05,2019,6,June,Jun,Q2,123008.59,81689.53,41319.06,33.59,Lucas Hayes,Cobalt Controls,AGC-00103,Cobalt Controls,Cobalt Controls,Crescent Holdings,Vietnam,Cobalt Controls,INV-2019-0005549,AGX-2019-005978-AGC-00103
2019-06-07,2019,6,June,Jun,Q2,88622.14,55761.08,32861.06,37.08,Zara Grant,Helios Petro Systems,AGC-00045,Helios Petro Systems,Helios Petro Systems,Independent Entity,Kenya,Helios Petro Systems,INV-2019-0004867,AGX-2019-005232-AGC-00045
2019-06-10,2019,6,June,Jun,Q2,448785.09,300727.86,148057.23,32.99,Noah Keller,Arcadia Resources,AGC-00169,Arcadia Resources,Arcadia Resources,Beacon Holdings,Vietnam,Arcadia Resources,INV-2019-0005440,AGX-2019-005857-AGC-00169
2019-06-13,2019,6,June,Jun,Q2,630290.13,428824.24,201465.89,31.96,Priya Nguyen,Helios Offshore Engineering,AGC-00042,Helios Offshore Engineering,Helios Offshore Engineering,Rivermark Holdings,Canada,Helios Offshore Engineering,INV-2019-0004473,AGX-2019-004799-AGC-00042
2019-06-14,2019,6,June,Jun,Q2,2593226.9,1532978.33,1060248.57,40.89,Lina Sato,Cobalt Offshore Engineering,AGC-00079,Cobalt Offshore Engineering,Cobalt Offshore Engineering,Beacon Holdings,South Korea,Cobalt Offshore Engineering,INV-2019-0005405,AGX-2019-005821-AGC-00079
2019-06-18,2019,6,June,Jun,Q2,147342.02,93964.65,53377.37,36.23,Zara Grant,Northstar Industrial Group,AGC-00003,Northstar Industrial Group,Northstar Industrial Group,Cobalt Holdings,Malaysia,Northstar Industrial Group,INV-2019-0005167,AGX-2019-005565-AGC-00003
2019-06-19,2019,6,June,Jun,Q2,2559626.1,1777105.96,782520.14,30.57,Eva Lewis,Cobalt Mining Services,AGC-00083,Cobalt Mining Services,Cobalt Mining Services,Trident Holdings,Singapore,Cobalt Mining Services,INV-2019-0004268,AGX-2019-004585-AGC-00083
2019-06-22,2019,6,June,Jun,Q2,35302.89,25725.44,9577.45,27.13,Mila Diaz,Meridian Energy Projects,AGC-00137,Meridian Energy Projects,Meridian Energy Projects,Helios Holdings,Argentina,Meridian Energy Projects,INV-2019-0004872,AGX-2019-005238-AGC-00137
2019-06-23,2019,6,June,Jun,Q2,1068022.53,785848.8,282173.73,26.42,Adrian Walker,Arcadia Petro Systems,AGC-00156,Arcadia Petro Systems,Arcadia Petro Systems,TerraNova Holdings,United Kingdom,Arcadia Petro Systems,INV-2019-0005564,AGX-2019-005993-AGC-00156
2019-06-28,2019,6,June,Jun,Q2,540515.47,355627.5,184887.97,34.21,Theo Price,Arcadia Waterworks,AGC-00158,Arcadia Waterworks,Arcadia Waterworks,Falcon Holdings,Nigeria,Arcadia Waterworks,INV-2019-0005179,AGX-2019-005577-AGC-00158
2019-06-28,2019,6,June,Jun,Q2,903865.66,624236.83,279628.83,30.94,Eva Lewis,Helios Process Solutions,AGC-00041,Helios Process Solutions,Helios Process Solutions,Zenith Holdings,Australia,Helios Process Solutions,INV-2019-0005185,AGX-2019-005583-AGC-00041
2019-06-29,2019,6,June,Jun,Q2,239684.73,157618.43,82066.3,34.24,Leo Foster,Arcadia Drilling Solutions,AGC-00166,Arcadia Drilling Solutions,Arcadia Drilling Solutions,Silverline Holdings,Norway,Arcadia Drilling Solutions,INV-2019-0004368,AGX-2019-004690-AGC-00166
2019-06-30,2019,6,June,Jun,Q2,1498411.25,1070248.11,428163.14,28.57,Eva Lewis,Meridian Mechanical,AGC-00125,Meridian Mechanical,Meridian Mechanical,Independent Entity,Nigeria,Meridian Mechanical,INV-2019-0004322,AGX-2019-004642-AGC-00125
2019-06-30,2019,6,June,Jun,Q2,1097678.82,754039.59,343639.23,31.31,Lina Sato,Northstar Rotating Equipment,AGC-00023,Northstar Rotating Equipment,Northstar Rotating Equipment,Falcon Holdings,United States,Northstar Rotating Equipment,INV-2019-0005329,AGX-2019-005737-AGC-00023
2019-07-05,2019,7,July,Jul,Q3,444051.45,295470.56,148580.89,33.46,Zara Grant,Cobalt Field Services,AGC-00087,Cobalt Field Services,Cobalt Field Services,Rivermark Holdings,South Africa,Cobalt Field Services,INV-2019-0004816,AGX-2019-005174-AGC-00087
2019-07-06,2019,7,July,Jul,Q3,40447.27,27586.1,12861.17,31.8,Avery Morgan,Meridian Technical Services,AGC-00146,Meridian Technical Services,Meridian Technical Services,Redwood Holdings,Brazil,Meridian Technical Services,INV-2019-0004865,AGX-2019-005230-AGC-00146
2019-07-08,2019,7,July,Jul,Q3,1158070.41,786992.39,371078.02,32.04,Lina Sato,Cobalt Compression,AGC-00093,Cobalt Compression,Cobalt Compression,Cobalt Holdings,Japan,Cobalt Compression,INV-2019-0004949,AGX-2019-005321-AGC-00093
2019-07-09,2019,7,July,Jul,Q3,198487.57,142544.72,55942.85,28.18,Theo Price,Cobalt Mechanical,AGC-00088,Cobalt Mechanical,Cobalt Mechanical,Lighthouse Holdings,Indonesia,Cobalt Mechanical,INV-2019-0004633,AGX-2019-004977-AGC-00088
2019-07-12,2019,7,July,Jul,Q3,355836.03,241064.46,114771.57,32.25,Noah Keller,Meridian Marine Services,AGC-00113,Meridian Marine Services,Meridian Marine Services,Falcon Holdings,Brazil,Meridian Marine Services,INV-2019-0004827,AGX-2019-005189-AGC-00113
2019-07-13,2019,7,July,Jul,Q3,629403.73,396109.22,233294.51,37.07,Grace Perry,Northstar Infrastructure,AGC-00007,Northstar Infrastructure,Northstar Infrastructure,BluePeak Holdings,Ghana,Northstar Infrastructure,INV-2019-0005409,AGX-2019-005825-AGC-00007
2019-07-16,2019,7,July,Jul,Q3,213371.97,127938.61,85433.36,40.04,Priya Nguyen,Helios Compression,AGC-00056,Helios Compression,Helios Compression,Redwood Holdings,United States,Helios Compression,INV-2019-0004347,AGX-2019-004668-AGC-00056
2019-07-19,2019,7,July,Jul,Q3,695183.01,464301.56,230881.45,33.21,Zara Grant,Meridian Process Solutions,AGC-00115,Meridian Process Solutions,Meridian Process Solutions,Independent Entity,Qatar,Meridian Process Solutions,INV-2019-0004901,AGX-2019-005270-AGC-00115
2019-07-19,2019,7,July,Jul,Q3,2287028.28,1683606.45,603421.83,26.38,Lucas Hayes,Helios Technical Supply,AGC-00061,Helios Technical Supply,Helios Technical Supply,Granite Holdings,Mexico,Helios Technical Supply,INV-2019-0004934,AGX-2019-005306-AGC-00061
2019-07-22,2019,7,July,Jul,Q3,137930.78,87764.38,50166.4,36.37,Avery Morgan,Meridian Resources,AGC-00132,Meridian Resources,Meridian Resources,Rivermark Holdings,Colombia,Meridian Resources,INV-2019-0004233,AGX-2019-004548-AGC-00132
2019-07-23,2019,7,July,Jul,Q3,363687.23,252505.55,111181.68,30.57,Zara Grant,Northstar Mechanical Group,AGC-00031,Northstar Mechanical Group,Northstar Mechanical Group,Silverline Holdings,Egypt,Northstar Mechanical Group,INV-2019-0004896,AGX-2019-005265-AGC-00031
2019-07-23,2019,7,July,Jul,Q3,1388208.58,988696.91,399511.67,28.78,Lucas Hayes,Helios Waterworks,AGC-00047,Helios Waterworks,Helios Waterworks,Helios Holdings,Brazil,Helios Waterworks,INV-2019-0005145,AGX-2019-005542-AGC-00047
2019-07-23,2019,7,July,Jul,Q3,941212.51,662259.02,278953.49,29.64,Avery Morgan,Meridian Resources,AGC-00132,Meridian Resources,Meridian Resources,Rivermark Holdings,Colombia,Meridian Resources,INV-2019-0005201,AGX-2019-005601-AGC-00132
2019-07-26,2019,7,July,Jul,Q3,295040.98,220066.62,74974.36,25.41,Lucas Hayes,Helios Technical Supply,AGC-00061,Helios Technical Supply,Helios Technical Supply,Granite Holdings,Mexico,Helios Technical Supply,INV-2019-0004301,AGX-2019-004619-AGC-00061
2019-07-26,2019,7,July,Jul,Q3,54156.12,39542.38,14613.74,26.98,Noah Keller,Meridian Offshore Systems,AGC-00141,Meridian Offshore Systems,Meridian Offshore Systems,Summit Holdings,Canada,Meridian Offshore Systems,INV-2019-0004957,AGX-2019-005329-AGC-00141
2019-07-26,2019,7,July,Jul,Q3,68856.03,50792.79,18063.24,26.23,Grace Perry,Arcadia Marine Engineering,AGC-00175,Arcadia Marine Engineering,Arcadia Marine Engineering,Independent Entity,France,Arcadia Marine Engineering,INV-2019-0005193,AGX-2019-005593-AGC-00175
2019-07-30,2019,7,July,Jul,Q3,877901.34,650005.5,227895.84,25.96,Theo Price,Northstar Industrial Services,AGC-00032,Northstar Industrial Services,Northstar Industrial Services,Noble Ridge Holdings,India,Northstar Industrial Services,INV-2019-0005010,AGX-2019-005387-AGC-00032
2019-07-31,2019,7,July,Jul,Q3,2122991.33,1651497.81,471493.52,22.21,Theo Price,Northstar Industrial Services,AGC-00032,Northstar Industrial Services,Northstar Industrial Services,Noble Ridge Holdings,India,Northstar Industrial Services,INV-2019-0004642,AGX-2019-004987-AGC-00032
2019-08-02,2019,8,August,Aug,Q3,790872.07,513728.9,277143.17,35.04,Adrian Walker,Northstar Process Controls,AGC-00016,Northstar Process Controls,Northstar Process Controls,Granite Holdings,Qatar,Northstar Process Controls,INV-2019-0004582,AGX-2019-004920-AGC-00016
2019-08-04,2019,8,August,Aug,Q3,145448.89,98639.24,46809.65,32.18,Priya Nguyen,Arcadia Flow Technologies,AGC-00154,Arcadia Flow Technologies,Arcadia Flow Technologies,Pioneer Holdings,Indonesia,Arcadia Flow Technologies,INV-2019-0005082,AGX-2019-005473-AGC-00154
2019-08-04,2019,8,August,Aug,Q3,1225063.68,843176.35,381887.33,31.17,Grace Perry,Northstar Technical Services,AGC-00035,Northstar Technical Services,Northstar Technical Services,Independent Entity,Oman,Northstar Technical Services,INV-2019-0005472,AGX-2019-005893-AGC-00035
2019-08-05,2019,8,August,Aug,Q3,477068.75,316718.05,160350.7,33.61,Zara Grant,Arcadia Mining Services,AGC-00157,Arcadia Mining Services,Arcadia Mining Services,Clearwater Holdings,Poland,Arcadia Mining Services,INV-2019-0005282,AGX-2019-005687-AGC-00157
2019-08-07,2019,8,August,Aug,Q3,455147.18,283520.33,171626.85,37.71,Mila Diaz,Northstar Refinery Services,AGC-00025,Northstar Refinery Services,Northstar Refinery Services,Independent Entity,Poland,Northstar Refinery Services,INV-2019-0004404,AGX-2019-004727-AGC-00025
2019-08-07,2019,8,August,Aug,Q3,260850.31,163087.97,97762.34,37.48,Leo Foster,Arcadia Drilling Solutions,AGC-00166,Arcadia Drilling Solutions,Arcadia Drilling Solutions,Silverline Holdings,Norway,Arcadia Drilling Solutions,INV-2019-0004480,AGX-2019-004807-AGC-00166
2019-08-09,2019,8,August,Aug,Q3,1959347.24,1163409.65,795937.59,40.62,Mila Diaz,Helios Offshore Systems,AGC-00067,Helios Offshore Systems,Helios Offshore Systems,Clearwater Holdings,Norway,Helios Offshore Systems,INV-2019-0004331,AGX-2019-004651-AGC-00067
2019-08-12,2019,8,August,Aug,Q3,68288.07,46198.67,22089.4,32.35,Theo Price,Arcadia Technical Supply,AGC-00172,Arcadia Technical Supply,Arcadia Technical Supply,Frontier Holdings,Ghana,Arcadia Technical Supply,INV-2019-0004611,AGX-2019-004952-AGC-00172
2019-08-15,2019,8,August,Aug,Q3,35431.96,24725.77,10706.19,30.22,Julian Howard,Northstar Industrial Solutions,AGC-00036,Northstar Industrial Solutions,Northstar Industrial Solutions,Monarch Holdings,Malaysia,Northstar Industrial Solutions,INV-2019-0004328,AGX-2019-004648-AGC-00036
2019-08-15,2019,8,August,Aug,Q3,760554.19,537892.5,222661.69,29.28,Noah Keller,Meridian Offshore Systems,AGC-00141,Meridian Offshore Systems,Meridian Offshore Systems,Summit Holdings,Canada,Meridian Offshore Systems,INV-2019-0004443,AGX-2019-004769-AGC-00141
2019-08-15,2019,8,August,Aug,Q3,328566.84,221448.43,107118.41,32.6,Eva Lewis,Arcadia Compression,AGC-00167,Arcadia Compression,Arcadia Compression,Noble Ridge Holdings,Oman,Arcadia Compression,INV-2019-0004592,AGX-2019-004930-AGC-00167
2019-08-18,2019,8,August,Aug,Q3,1271442.6,938751.41,332691.19,26.17,Lucas Hayes,Northstar Offshore Engineering,AGC-00005,Northstar Offshore Engineering,Northstar Offshore Engineering,Independent Entity,Argentina,Northstar Offshore Engineering,INV-2019-0004197,AGX-2019-004510-AGC-00005
2019-08-22,2019,8,August,Aug,Q3,399719.64,258059.88,141659.76,35.44,Zara Grant,Arcadia Mining Services,AGC-00157,Arcadia Mining Services,Arcadia Mining Services,Clearwater Holdings,Poland,Arcadia Mining Services,INV-2019-0004927,AGX-2019-005298-AGC-00157
2019-08-24,2019,8,August,Aug,Q3,365807.31,256582.74,109224.57,29.86,Noah Keller,Meridian Marine Services,AGC-00113,Meridian Marine Services,Meridian Marine Services,Falcon Holdings,Brazil,Meridian Marine Services,INV-2019-0004426,AGX-2019-004750-AGC-00113
2019-08-27,2019,8,August,Aug,Q3,311444.91,198010.89,113434.02,36.42,Adrian Walker,Cobalt Utilities,AGC-00086,Cobalt Utilities,Cobalt Utilities,Zenith Holdings,Spain,Cobalt Utilities,INV-2019-0004712,AGX-2019-005064-AGC-00086
2019-08-28,2019,8,August,Aug,Q3,323890.03,212474.97,111415.06,34.4,Camille Martin,Northstar Waterworks,AGC-00010,Northstar Waterworks,Northstar Waterworks,Independent Entity,France,Northstar Waterworks,INV-2019-0004649,AGX-2019-004996-AGC-00010
2019-08-28,2019,8,August,Aug,Q3,24056.6,16750.91,7305.69,30.37,Grace Perry,Arcadia Field Services,AGC-00161,Arcadia Field Services,Arcadia Field Services,Keystone Holdings,Germany,Arcadia Field Services,INV-2019-0004747,AGX-2019-005101-AGC-00161
2019-08-30,2019,8,August,Aug,Q3,78428.81,52616.09,25812.72,32.91,Grace Perry,Cobalt Industrial Group,AGC-00077,Cobalt Industrial Group,Cobalt Industrial Group,Noble Ridge Holdings,United Arab Emirates,Cobalt Industrial Group,INV-2019-0004390,AGX-2019-004713-AGC-00077
2019-09-03,2019,9,September,Sep,Q3,660262.63,444639.18,215623.45,32.66,Zara Grant,Meridian Industrial Services,AGC-00143,Meridian Industrial Services,Meridian Industrial Services,Vantage Holdings,United Arab Emirates,Meridian Industrial Services,INV-2019-0004945,AGX-2019-005317-AGC-00143
2019-09-04,2019,9,September,Sep,Q3,453742.8,295441.18,158301.62,34.89,Leo Foster,Meridian Marine Engineering,AGC-00138,Meridian Marine Engineering,Meridian Marine Engineering,Cobalt Holdings,Italy,Meridian Marine Engineering,INV-2019-0005483,AGX-2019-005906-AGC-00138
2019-09-05,2019,9,September,Sep,Q3,570240.63,397580.83,172659.8,30.28,Adrian Walker,Arcadia Petro Systems,AGC-00156,Arcadia Petro Systems,Arcadia Petro Systems,TerraNova Holdings,United Kingdom,Arcadia Petro Systems,INV-2019-0005325,AGX-2019-005733-AGC-00156
2019-09-06,2019,9,September,Sep,Q3,291380.66,174845.26,116535.4,39.99,Theo Price,Arcadia Waterworks,AGC-00158,Arcadia Waterworks,Arcadia Waterworks,Falcon Holdings,Nigeria,Arcadia Waterworks,INV-2019-0004465,AGX-2019-004791-AGC-00158
2019-09-06,2019,9,September,Sep,Q3,809320.1,495437.44,313882.66,38.78,Eva Lewis,Helios Industrial Services,AGC-00069,Helios Industrial Services,Helios Industrial Services,Sierra Holdings,Malaysia,Helios Industrial Services,INV-2019-0004843,AGX-2019-005207-AGC-00069
2019-09-07,2019,9,September,Sep,Q3,1440923.05,979146.3,461776.75,32.05,Julian Howard,Northstar Petro Systems,AGC-00008,Northstar Petro Systems,Northstar Petro Systems,Vantage Holdings,Australia,Northstar Petro Systems,INV-2019-0004892,AGX-2019-005258-AGC-00008
2019-09-09,2019,9,September,Sep,Q3,135431.84,85008.83,50423.01,37.23,Lucas Hayes,Northstar Compression,AGC-00019,Northstar Compression,Northstar Compression,Pioneer Holdings,Chile,Northstar Compression,INV-2019-0004409,AGX-2019-004733-AGC-00019
2019-09-15,2019,9,September,Sep,Q3,352567.44,247304.56,105262.88,29.86,Grace Perry,Northstar Technical Services,AGC-00035,Northstar Technical Services,Northstar Technical Services,Independent Entity,Oman,Northstar Technical Services,INV-2019-0004433,AGX-2019-004758-AGC-00035
2019-09-18,2019,9,September,Sep,Q3,2053661.44,1223517.17,830144.27,40.42,Zara Grant,Meridian Drilling Solutions,AGC-00129,Meridian Drilling Solutions,Meridian Drilling Solutions,Cascade Holdings,Saudi Arabia,Meridian Drilling Solutions,INV-2019-0004899,AGX-2019-005268-AGC-00129
2019-09-18,2019,9,September,Sep,Q3,709038.22,523771.48,185266.74,26.13,Camille Martin,Helios Energy Systems,AGC-00038,Helios Energy Systems,Helios Energy Systems,Trident Holdings,Argentina,Helios Energy Systems,INV-2019-0005345,AGX-2019-005756-AGC-00038
2019-09-20,2019,9,September,Sep,Q3,183209.25,135189.39,48019.86,26.21,Lucas Hayes,Meridian Instrumentation,AGC-00145,Meridian Instrumentation,Meridian Instrumentation,Independent Entity,South Korea,Meridian Instrumentation,INV-2019-0004995,AGX-2019-005372-AGC-00145
2019-09-26,2019,9,September,Sep,Q3,274283.94,188561.66,85722.28,31.25,Zara Grant,Meridian Process Solutions,AGC-00115,Meridian Process Solutions,Meridian Process Solutions,Independent Entity,Qatar,Meridian Process Solutions,INV-2019-0004361,AGX-2019-004682-AGC-00115
2019-09-28,2019,9,September,Sep,Q3,369730.74,239999.97,129730.77,35.09,Adrian Walker,Northstar Offshore Systems,AGC-00030,Northstar Offshore Systems,Northstar Offshore Systems,Independent Entity,Saudi Arabia,Northstar Offshore Systems,INV-2019-0005427,AGX-2019-005843-AGC-00030
2019-10-03,2019,10,October,Oct,Q4,216734.99,147036.87,69698.12,32.16,Zara Grant,Northstar Engineering,AGC-00017,Northstar Engineering,Northstar Engineering,Harborline Holdings,Singapore,Northstar Engineering,INV-2019-0004297,AGX-2019-004615-AGC-00017
2019-10-03,2019,10,October,Oct,Q4,478295.61,355598.43,122697.18,25.65,Camille Martin,Arcadia Offshore Systems,AGC-00178,Arcadia Offshore Systems,Arcadia Offshore Systems,Lighthouse Holdings,South Korea,Arcadia Offshore Systems,INV-2019-0005016,AGX-2019-005393-AGC-00178
2019-10-03,2019,10,October,Oct,Q4,14557.04,10101.0,4456.04,30.61,Lina Sato,Helios Mechanical,AGC-00051,Helios Mechanical,Helios Mechanical,Summit Holdings,Thailand,Helios Mechanical,INV-2019-0005099,AGX-2019-005493-AGC-00051
2019-10-04,2019,10,October,Oct,Q4,252961.67,165556.93,87404.74,34.55,Lina Sato,Northstar Mining Services,AGC-00009,Northstar Mining Services,Northstar Mining Services,Sterling Holdings,Canada,Northstar Mining Services,INV-2019-0004453,AGX-2019-004779-AGC-00009
2019-10-06,2019,10,October,Oct,Q4,563130.65,387708.2,175422.45,31.15,Mila Diaz,Meridian Utilities,AGC-00123,Meridian Utilities,Meridian Utilities,Pacific Crest Holdings,United Kingdom,Meridian Utilities,INV-2019-0004461,AGX-2019-004787-AGC-00123
2019-10-06,2019,10,October,Oct,Q4,2340487.29,1689512.35,650974.94,27.81,Eva Lewis,Helios Process Solutions,AGC-00041,Helios Process Solutions,Helios Process Solutions,Zenith Holdings,Australia,Helios Process Solutions,INV-2019-0004924,AGX-2019-005295-AGC-00041
2019-10-07,2019,10,October,Oct,Q4,20675.49,13691.34,6984.15,33.78,Noah Keller,Meridian Marine Services,AGC-00113,Meridian Marine Services,Meridian Marine Services,Falcon Holdings,Brazil,Meridian Marine Services,INV-2019-0004467,AGX-2019-004793-AGC-00113
2019-10-12,2019,10,October,Oct,Q4,313297.52,219846.31,93451.21,29.83,Camille Martin,Helios Energy Systems,AGC-00038,Helios Energy Systems,Helios Energy Systems,Trident Holdings,Argentina,Helios Energy Systems,INV-2019-0004249,AGX-2019-004565-AGC-00038
2019-10-13,2019,10,October,Oct,Q4,1412261.58,1002023.26,410238.32,29.05,Avery Morgan,Meridian Resources,AGC-00132,Meridian Resources,Meridian Resources,Rivermark Holdings,Colombia,Meridian Resources,INV-2019-0004503,AGX-2019-004831-AGC-00132
2019-10-14,2019,10,October,Oct,Q4,2242935.46,1507912.36,735023.1,32.77,Priya Nguyen,Helios Offshore Engineering,AGC-00042,Helios Offshore Engineering,Helios Offshore Engineering,Rivermark Holdings,Canada,Helios Offshore Engineering,INV-2019-0004193,AGX-2019-004506-AGC-00042
2019-10-14,2019,10,October,Oct,Q4,1288104.4,843183.18,444921.22,34.54,Grace Perry,Meridian Industrial Solutions,AGC-00147,Meridian Industrial Solutions,Meridian Industrial Solutions,NovaGrid Holdings,Netherlands,Meridian Industrial Solutions,INV-2019-0004244,AGX-2019-004559-AGC-00147
2019-10-14,2019,10,October,Oct,Q4,179654.72,115001.48,64653.24,35.99,Julian Howard,Arcadia Production Services,AGC-00176,Arcadia Production Services,Arcadia Production Services,Zenith Holdings,United Arab Emirates,Arcadia Production Services,INV-2019-0004882,AGX-2019-005248-AGC-00176
2019-10-15,2019,10,October,Oct,Q4,618653.98,462904.89,155749.09,25.18,Zara Grant,Arcadia Rotating Equipment,AGC-00171,Arcadia Rotating Equipment,Arcadia Rotating Equipment,Monarch Holdings,Italy,Arcadia Rotating Equipment,INV-2019-0004612,AGX-2019-004953-AGC-00171
2019-10-18,2019,10,October,Oct,Q4,505525.76,335508.73,170017.03,33.63,Avery Morgan,Meridian Technical Services,AGC-00146,Meridian Technical Services,Meridian Technical Services,Redwood Holdings,Brazil,Meridian Technical Services,INV-2019-0004481,AGX-2019-004808-AGC-00146
2019-10-20,2019,10,October,Oct,Q4,293077.76,207643.72,85434.04,29.15,Theo Price,Northstar Industrial Services,AGC-00032,Northstar Industrial Services,Northstar Industrial Services,Noble Ridge Holdings,India,Northstar Industrial Services,INV-2019-0005515,AGX-2019-005941-AGC-00032
2019-10-22,2019,10,October,Oct,Q4,723870.85,503516.94,220353.91,30.44,Lina Sato,Helios Mechanical,AGC-00051,Helios Mechanical,Helios Mechanical,Summit Holdings,Thailand,Helios Mechanical,INV-2019-0005250,AGX-2019-005652-AGC-00051
2019-10-23,2019,10,October,Oct,Q4,2339373.39,1488009.26,851364.13,36.39,Lucas Hayes,Cobalt Power Partners,AGC-00089,Cobalt Power Partners,Cobalt Power Partners,Apex Holdings,United States,Cobalt Power Partners,INV-2019-0004340,AGX-2019-004661-AGC-00089
2019-10-26,2019,10,October,Oct,Q4,1167589.18,781316.69,386272.49,33.08,Eva Lewis,Helios Industrial Services,AGC-00069,Helios Industrial Services,Helios Industrial Services,Sierra Holdings,Malaysia,Helios Industrial Services,INV-2019-0004269,AGX-2019-004586-AGC-00069
2019-10-28,2019,10,October,Oct,Q4,380496.19,235283.97,145212.22,38.16,Eva Lewis,Cobalt Rotating Equipment,AGC-00097,Cobalt Rotating Equipment,Cobalt Rotating Equipment,BluePeak Holdings,Egypt,Cobalt Rotating Equipment,INV-2019-0004199,AGX-2019-004512-AGC-00097
2019-10-31,2019,10,October,Oct,Q4,1000933.14,621501.03,379432.11,37.91,Grace Perry,Northstar Technical Services,AGC-00035,Northstar Technical Services,Northstar Technical Services,Independent Entity,Oman,Northstar Technical Services,INV-2019-0004342,AGX-2019-004663-AGC-00035
2019-10-31,2019,10,October,Oct,Q4,315860.68,214185.97,101674.71,32.19,Priya Nguyen,Cobalt Technical Supply,AGC-00098,Cobalt Technical Supply,Cobalt Technical Supply,Vantage Holdings,India,Cobalt Technical Supply,INV-2019-0004569,AGX-2019-004907-AGC-00098
2019-11-01,2019,11,November,Nov,Q4,111976.66,70173.82,41802.84,37.33,Lucas Hayes,Arcadia Automation,AGC-00159,Arcadia Automation,Arcadia Automation,Sierra Holdings,Japan,Arcadia Automation,INV-2019-0005509,AGX-2019-005932-AGC-00159
2019-11-02,2019,11,November,Nov,Q4,22493.63,14458.41,8035.22,35.72,Priya Nguyen,Helios Flow Systems,AGC-00070,Helios Flow Systems,Helios Flow Systems,Independent Entity,Vietnam,Helios Flow Systems,INV-2019-0004246,AGX-2019-004561-AGC-00070
2019-11-02,2019,11,November,Nov,Q4,162724.52,115139.52,47585.0,29.24,Grace Perry,Meridian Pipeline Services,AGC-00133,Meridian Pipeline Services,Meridian Pipeline Services,Lighthouse Holdings,Norway,Meridian Pipeline Services,INV-2019-0005504,AGX-2019-005927-AGC-00133
2019-11-08,2019,11,November,Nov,Q4,260964.75,187281.87,73682.88,28.23,Noah Keller,Meridian Offshore Systems,AGC-00141,Meridian Offshore Systems,Meridian Offshore Systems,Summit Holdings,Canada,Meridian Offshore Systems,INV-2019-0004398,AGX-2019-004721-AGC-00141
2019-11-08,2019,11,November,Nov,Q4,405759.65,244048.08,161711.57,39.85,Adrian Walker,Arcadia Pipeline Services,AGC-00170,Arcadia Pipeline Services,Arcadia Pipeline Services,Independent Entity,Argentina,Arcadia Pipeline Services,INV-2019-0004625,AGX-2019-004968-AGC-00170
2019-11-09,2019,11,November,Nov,Q4,193571.11,127830.99,65740.12,33.96,Zara Grant,Arcadia Mining Services,AGC-00157,Arcadia Mining Services,Arcadia Mining Services,Clearwater Holdings,Poland,Arcadia Mining Services,INV-2019-0004967,AGX-2019-005339-AGC-00157
2019-11-09,2019,11,November,Nov,Q4,1205755.16,801543.22,404211.94,33.52,Avery Morgan,Helios Refinery Services,AGC-00062,Helios Refinery Services,Helios Refinery Services,Harborline Holdings,Germany,Helios Refinery Services,INV-2019-0005157,AGX-2019-005554-AGC-00062
2019-11-09,2019,11,November,Nov,Q4,645275.58,435793.32,209482.26,32.46,Julian Howard,Cobalt Industrial Services,AGC-00106,Cobalt Industrial Services,Cobalt Industrial Services,Granite Holdings,Ghana,Cobalt Industrial Services,INV-2019-0005397,AGX-2019-005811-AGC-00106
2019-11-12,2019,11,November,Nov,Q4,565779.0,386908.46,178870.54,31.61,Theo Price,Northstar Industrial Services,AGC-00032,Northstar Industrial Services,Northstar Industrial Services,Noble Ridge Holdings,India,Northstar Industrial Services,INV-2019-0005293,AGX-2019-005699-AGC-00032
2019-11-12,2019,11,November,Nov,Q4,383846.92,243278.02,140568.9,36.62,Avery Morgan,Arcadia Utilities,AGC-00160,Arcadia Utilities,Arcadia Utilities,Independent Entity,Mexico,Arcadia Utilities,INV-2019-0005429,AGX-2019-005845-AGC-00160
2019-11-12,2019,11,November,Nov,Q4,7169.29,4653.63,2515.66,35.09,Leo Foster,Arcadia Industrial Services,AGC-00180,Arcadia Industrial Services,Arcadia Industrial Services,Independent Entity,Netherlands,Arcadia Industrial Services,INV-2019-0005491,AGX-2019-005914-AGC-00180
2019-11-14,2019,11,November,Nov,Q4,823983.48,540734.95,283248.53,34.38,Leo Foster,Northstar Energy Projects,AGC-00026,Northstar Energy Projects,Northstar Energy Projects,Keystone Holdings,Nigeria,Northstar Energy Projects,INV-2019-0004238,AGX-2019-004553-AGC-00026
2019-11-19,2019,11,November,Nov,Q4,279450.47,187904.78,91545.69,32.76,Lina Sato,Northstar Marine Supply,AGC-00037,Northstar Marine Supply,Northstar Marine Supply,Frontier Holdings,Vietnam,Northstar Marine Supply,INV-2019-0004813,AGX-2019-005171-AGC-00037
2019-11-20,2019,11,November,Nov,Q4,319113.43,210378.45,108734.98,34.07,Grace Perry,Helios Utilities,AGC-00049,Helios Utilities,Helios Utilities,Meridian Holdings,Qatar,Helios Utilities,INV-2019-0004236,AGX-2019-004551-AGC-00049
2019-11-21,2019,11,November,Nov,Q4,20407.14,13591.74,6815.4,33.4,Zara Grant,Meridian Industrial Services,AGC-00143,Meridian Industrial Services,Meridian Industrial Services,Vantage Holdings,United Arab Emirates,Meridian Industrial Services,INV-2019-0004266,AGX-2019-004583-AGC-00143
2019-11-23,2019,11,November,Nov,Q4,265009.28,173577.04,91432.24,34.5,Leo Foster,Meridian Marine Engineering,AGC-00138,Meridian Marine Engineering,Meridian Marine Engineering,Cobalt Holdings,Italy,Meridian Marine Engineering,INV-2019-0004940,AGX-2019-005312-AGC-00138
2019-11-24,2019,11,November,Nov,Q4,234038.58,155978.86,78059.72,33.35,Priya Nguyen,Meridian Controls,AGC-00140,Meridian Controls,Meridian Controls,Independent Entity,Australia,Meridian Controls,INV-2019-0004594,AGX-2019-004933-AGC-00140
2019-11-26,2019,11,November,Nov,Q4,1098778.11,748175.28,350602.83,31.91,Camille Martin,Northstar Technical Supply,AGC-00024,Northstar Technical Supply,Northstar Technical Supply,Sierra Holdings,United Kingdom,Northstar Technical Supply,INV-2019-0005189,AGX-2019-005588-AGC-00024
2019-11-26,2019,11,November,Nov,Q4,39633.3,24740.6,14892.7,37.58,Avery Morgan,Meridian Resources,AGC-00132,Meridian Resources,Meridian Resources,Rivermark Holdings,Colombia,Meridian Resources,INV-2019-0005467,AGX-2019-005888-AGC-00132
2019-11-29,2019,11,November,Nov,Q4,97229.32,67941.4,29287.92,30.12,Avery Morgan,Northstar Industrial Maintenance,AGC-00020,Northstar Industrial Maintenance,Northstar Industrial Maintenance,Independent Entity,Spain,Northstar Industrial Maintenance,INV-2019-0005375,AGX-2019-005789-AGC-00020
2019-11-30,2019,11,November,Nov,Q4,121524.88,83843.09,37681.79,31.01,Lucas Hayes,Helios Waterworks,AGC-00047,Helios Waterworks,Helios Waterworks,Helios Holdings,Brazil,Helios Waterworks,INV-2019-0005014,AGX-2019-005391-AGC-00047
2019-12-02,2019,12,December,Dec,Q4,667778.58,443807.48,223971.1,33.54,Avery Morgan,Cobalt Marine Services,AGC-00076,Cobalt Marine Services,Cobalt Marine Services,Silverline Holdings,France,Cobalt Marine Services,INV-2019-0004663,AGX-2019-005011-AGC-00076
2019-12-03,2019,12,December,Dec,Q4,1960314.46,1427186.83,533127.63,27.2,Adrian Walker,Meridian Industrial Group,AGC-00114,Meridian Industrial Group,Meridian Industrial Group,Sierra Holdings,Netherlands,Meridian Industrial Group,INV-2019-0004339,AGX-2019-004660-AGC-00114
2019-12-03,2019,12,December,Dec,Q4,530275.87,326482.46,203793.41,38.43,Noah Keller,Arcadia Infrastructure,AGC-00155,Arcadia Infrastructure,Arcadia Infrastructure,Independent Entity,United States,Arcadia Infrastructure,INV-2019-0005017,AGX-2019-005395-AGC-00155
2019-12-03,2019,12,December,Dec,Q4,407763.59,307400.14,100363.45,24.61,Grace Perry,Arcadia Field Services,AGC-00161,Arcadia Field Services,Arcadia Field Services,Keystone Holdings,Germany,Arcadia Field Services,INV-2019-0005148,AGX-2019-005545-AGC-00161
2019-12-04,2019,12,December,Dec,Q4,81833.32,55569.58,26263.74,32.09,Leo Foster,Arcadia Industrial Services,AGC-00180,Arcadia Industrial Services,Arcadia Industrial Services,Independent Entity,Netherlands,Arcadia Industrial Services,INV-2019-0004369,AGX-2019-004691-AGC-00180
2019-12-05,2019,12,December,Dec,Q4,234936.9,175251.77,59685.13,25.4,Priya Nguyen,Meridian Power Partners,AGC-00126,Meridian Power Partners,Meridian Power Partners,Monarch Holdings,Japan,Meridian Power Partners,INV-2019-0004904,AGX-2019-005273-AGC-00126
2019-12-06,2019,12,December,Dec,Q4,1268288.31,847086.79,421201.52,33.21,Priya Nguyen,Meridian Energy Systems,AGC-00112,Meridian Energy Systems,Meridian Energy Systems,Clearwater Holdings,South Korea,Meridian Energy Systems,INV-2019-0005187,AGX-2019-005586-AGC-00112
2019-12-08,2019,12,December,Dec,Q4,1258528.07,769339.91,489188.16,38.87,Camille Martin,Helios Controls,AGC-00066,Helios Controls,Helios Controls,TerraNova Holdings,Colombia,Helios Controls,INV-2019-0005216,AGX-2019-005617-AGC-00066
2019-12-10,2019,12,December,Dec,Q4,770528.95,507366.47,263162.48,34.15,Lina Sato,Meridian Technical Supply,AGC-00135,Meridian Technical Supply,Meridian Technical Supply,Independent Entity,Malaysia,Meridian Technical Supply,INV-2019-0005348,AGX-2019-005759-AGC-00135
2019-12-10,2019,12,December,Dec,Q4,1340462.1,883741.5,456720.6,34.07,Grace Perry,Northstar Technical Services,AGC-00035,Northstar Technical Services,Northstar Technical Services,Independent Entity,Oman,Northstar Technical Services,INV-2019-0005418,AGX-2019-005834-AGC-00035
2019-12-11,2019,12,December,Dec,Q4,94591.44,59169.13,35422.31,37.45,Zara Grant,Meridian Industrial Services,AGC-00143,Meridian Industrial Services,Meridian Industrial Services,Vantage Holdings,United Arab Emirates,Meridian Industrial Services,INV-2019-0004557,AGX-2019-004891-AGC-00143
2019-12-11,2019,12,December,Dec,Q4,653839.52,441273.6,212565.92,32.51,Zara Grant,Cobalt Marine Engineering,AGC-00101,Cobalt Marine Engineering,Cobalt Marine Engineering,Redwood Holdings,Oman,Cobalt Marine Engineering,INV-2019-0005130,AGX-2019-005526-AGC-00101
2019-12-15,2019,12,December,Dec,Q4,229247.43,167445.13,61802.3,26.96,Grace Perry,Arcadia Marine Engineering,AGC-00175,Arcadia Marine Engineering,Arcadia Marine Engineering,Independent Entity,France,Arcadia Marine Engineering,INV-2019-0004550,AGX-2019-004881-AGC-00175
2019-12-17,2019,12,December,Dec,Q4,457653.71,279613.16,178040.55,38.9,Leo Foster,Cobalt Pipeline Services,AGC-00096,Cobalt Pipeline Services,Cobalt Pipeline Services,Summit Holdings,Saudi Arabia,Cobalt Pipeline Services,INV-2019-0005301,AGX-2019-005708-AGC-00096
2019-12-24,2019,12,December,Dec,Q4,239787.08,145620.16,94166.92,39.27,Mila Diaz,Cobalt Infrastructure,AGC-00081,Cobalt Infrastructure,Cobalt Infrastructure,Monarch Holdings,Netherlands,Cobalt Infrastructure,INV-2019-0005406,AGX-2019-005822-AGC-00081
2020-01-02,2020,1,January,Jan,Q1,376687.54,251831.33,124856.21,33.15,Eva Lewis,Cobalt Mining Services,AGC-00083,Cobalt Mining Services,Cobalt Mining Services,Trident Holdings,Singapore,Cobalt Mining Services,INV-2020-0004601,AGX-2019-004940-AGC-00083
2020-01-03,2020,1,January,Jan,Q1,486772.7,340007.06,146765.64,30.15,Grace Perry,Meridian Industrial Solutions,AGC-00147,Meridian Industrial Solutions,Meridian Industrial Solutions,NovaGrid Holdings,Netherlands,Meridian Industrial Solutions,INV-2020-0004951,AGX-2019-005323-AGC-00147
2020-01-04,2020,1,January,Jan,Q1,216773.59,141803.9,74969.69,34.58,Grace Perry,Northstar Infrastructure,AGC-00007,Northstar Infrastructure,Northstar Infrastructure,BluePeak Holdings,Ghana,Northstar Infrastructure,INV-2020-0005442,AGX-2019-005861-AGC-00007
2020-01-06,2020,1,January,Jan,Q1,220485.42,146681.21,73804.21,33.47,Priya Nguyen,Arcadia Industrial Maintenance,AGC-00168,Arcadia Industrial Maintenance,Arcadia Industrial Maintenance,Pacific Crest Holdings,Malaysia,Arcadia Industrial Maintenance,INV-2020-0004839,AGX-2019-005202-AGC-00168
2020-01-09,2020,1,January,Jan,Q1,346814.9,231279.25,115535.65,33.31,Leo Foster,Helios Industrial Group,AGC-00040,Helios Industrial Group,Helios Industrial Group,Independent Entity,Ghana,Helios Industrial Group,INV-2020-0004640,AGX-2019-004984-AGC-00040
2020-01-09,2020,1,January,Jan,Q1,414630.35,281979.42,132650.93,31.99,Zara Grant,Northstar Mechanical Group,AGC-00031,Northstar Mechanical Group,Northstar Mechanical Group,Silverline Holdings,Egypt,Northstar Mechanical Group,INV-2020-0004732,AGX-2019-005084-AGC-00031
2020-01-10,2020,1,January,Jan,Q1,265021.76,166796.52,98225.24,37.06,Mila Diaz,Arcadia Industrial Group,AGC-00151,Arcadia Industrial Group,Arcadia Industrial Group,Granite Holdings,Chile,Arcadia Industrial Group,INV-2020-0004229,AGX-2019-004544-AGC-00151
2020-01-12,2020,1,January,Jan,Q1,417442.87,267637.92,149804.95,35.89,Zara Grant,Cobalt Marine Engineering,AGC-00101,Cobalt Marine Engineering,Cobalt Marine Engineering,Redwood Holdings,Oman,Cobalt Marine Engineering,INV-2020-0005060,AGX-2019-005449-AGC-00101
2020-01-13,2020,1,January,Jan,Q1,1007850.5,683835.3,324015.2,32.15,Avery Morgan,Meridian Resources,AGC-00132,Meridian Resources,Meridian Resources,Rivermark Holdings,Colombia,Meridian Resources,INV-2020-0004352,AGX-2019-004673-AGC-00132
2020-01-16,2020,1,January,Jan,Q1,2389231.02,1726125.27,663105.75,27.75,Grace Perry,Meridian Industrial Solutions,AGC-00147,Meridian Industrial Solutions,Meridian Industrial Solutions,NovaGrid Holdings,Netherlands,Meridian Industrial Solutions,INV-2020-0004654,AGX-2019-005001-AGC-00147
2020-01-16,2020,1,January,Jan,Q1,286983.8,193513.93,93469.87,32.57,Eva Lewis,Northstar Field Services,AGC-00013,Northstar Field Services,Northstar Field Services,Crescent Holdings,South Korea,Northstar Field Services,INV-2020-0004943,AGX-2019-005315-AGC-00013
2020-01-17,2020,1,January,Jan,Q1,224921.9,150628.13,74293.77,33.03,Mila Diaz,Arcadia Mechanical Group,AGC-00179,Arcadia Mechanical Group,Arcadia Mechanical Group,Apex Holdings,Brazil,Arcadia Mechanical Group,INV-2020-0004250,AGX-2019-004566-AGC-00179
2020-01-19,2020,1,January,Jan,Q1,983710.6,676775.54,306935.06,31.2,Adrian Walker,Northstar Offshore Systems,AGC-00030,Northstar Offshore Systems,Northstar Offshore Systems,Independent Entity,Saudi Arabia,Northstar Offshore Systems,INV-2020-0005518,AGX-2019-005945-AGC-00030
2020-01-20,2020,1,January,Jan,Q1,1883991.12,1131876.31,752114.81,39.92,Lucas Hayes,Cobalt Controls,AGC-00103,Cobalt Controls,Cobalt Controls,Crescent Holdings,Vietnam,Cobalt Controls,INV-2020-0005265,AGX-2019-005668-AGC-00103
2020-01-23,2020,1,January,Jan,Q1,1884390.39,1261164.05,623226.34,33.07,Mila Diaz,Helios Marine Services,AGC-00039,Helios Marine Services,Helios Marine Services,Cascade Holdings,Italy,Helios Marine Services,INV-2020-0005379,AGX-2019-005793-AGC-00039
2020-01-25,2020,1,January,Jan,Q1,98689.47,62505.22,36184.25,36.66,Grace Perry,Cobalt Engineering,AGC-00091,Cobalt Engineering,Cobalt Engineering,Northstar Holdings,Poland,Cobalt Engineering,INV-2020-0005516,AGX-2019-005942-AGC-00091
2020-01-27,2020,1,January,Jan,Q1,252395.13,151207.52,101187.61,40.09,Adrian Walker,Arcadia Pipeline Services,AGC-00170,Arcadia Pipeline Services,Arcadia Pipeline Services,Independent Entity,Argentina,Arcadia Pipeline Services,INV-2020-0004438,AGX-2019-004764-AGC-00170
2020-01-29,2020,1,January,Jan,Q1,400731.44,265916.84,134814.6,33.64,Eva Lewis,Meridian Mechanical,AGC-00125,Meridian Mechanical,Meridian Mechanical,Independent Entity,Nigeria,Meridian Mechanical,INV-2020-0006212,AGX-2020-006683-AGC-00125
2020-01-31,2020,1,January,Jan,Q1,1707275.14,1250595.1,456680.04,26.75,Noah Keller,Helios Flow Technologies,AGC-00043,Helios Flow Technologies,Helios Flow Technologies,Lighthouse Holdings,France,Helios Flow Technologies,INV-2020-0005492,AGX-2019-005915-AGC-00043
2020-02-01,2020,2,February,Feb,Q1,299333.46,210192.96,89140.5,29.78,Priya Nguyen,Helios Flow Systems,AGC-00070,Helios Flow Systems,Helios Flow Systems,Independent Entity,Vietnam,Helios Flow Systems,INV-2020-0004988,AGX-2019-005365-AGC-00070
2020-02-01,2020,2,February,Feb,Q1,277050.32,178730.11,98320.21,35.49,Julian Howard,Meridian Mining Services,AGC-00120,Meridian Mining Services,Meridian Mining Services,Independent Entity,South Africa,Meridian Mining Services,INV-2020-0006229,AGX-2020-006701-AGC-00120
2020-02-04,2020,2,February,Feb,Q1,155308.72,104669.51,50639.21,32.61,Theo Price,Arcadia Technical Supply,AGC-00172,Arcadia Technical Supply,Arcadia Technical Supply,Frontier Holdings,Ghana,Arcadia Technical Supply,INV-2020-0004493,AGX-2019-004820-AGC-00172
2020-02-04,2020,2,February,Feb,Q1,933688.54,649103.77,284584.77,30.48,Grace Perry,Helios Utilities,AGC-00049,Helios Utilities,Helios Utilities,Meridian Holdings,Qatar,Helios Utilities,INV-2020-0004952,AGX-2019-005324-AGC-00049
2020-02-06,2020,2,February,Feb,Q1,328435.04,225223.28,103211.76,31.43,Adrian Walker,Northstar Process Controls,AGC-00016,Northstar Process Controls,Northstar Process Controls,Granite Holdings,Qatar,Northstar Process Controls,INV-2020-0006366,AGX-2020-006848-AGC-00016
2020-02-06,2020,2,February,Feb,Q1,946720.92,697416.13,249304.79,26.33,Theo Price,Helios Rotating Equipment,AGC-00060,Helios Rotating Equipment,Helios Rotating Equipment,Independent Entity,Japan,Helios Rotating Equipment,INV-2020-0006692,AGX-2020-007204-AGC-00060
2020-02-08,2020,2,February,Feb,Q1,310968.75,225167.71,85801.04,27.59,Leo Foster,Northstar Energy Projects,AGC-00026,Northstar Energy Projects,Northstar Energy Projects,Keystone Holdings,Nigeria,Northstar Energy Projects,INV-2020-0005940,AGX-2020-006393-AGC-00026
2020-02-13,2020,2,February,Feb,Q1,197225.15,133615.31,63609.84,32.25,Lina Sato,Northstar Mining Services,AGC-00009,Northstar Mining Services,Northstar Mining Services,Sterling Holdings,Canada,Northstar Mining Services,INV-2020-0004432,AGX-2019-004757-AGC-00009
2020-02-16,2020,2,February,Feb,Q1,148360.0,102036.55,46323.45,31.22,Julian Howard,Meridian Mining Services,AGC-00120,Meridian Mining Services,Meridian Mining Services,Independent Entity,South Africa,Meridian Mining Services,INV-2020-0005267,AGX-2019-005671-AGC-00120
2020-02-21,2020,2,February,Feb,Q1,69591.79,43480.92,26110.87,37.52,Mila Diaz,Cobalt Technical Services,AGC-00109,Cobalt Technical Services,Cobalt Technical Services,Pioneer Holdings,France,Cobalt Technical Services,INV-2020-0006484,AGX-2020-006977-AGC-00109
2020-02-22,2020,2,February,Feb,Q1,585256.75,392717.56,192539.19,32.9,Camille Martin,Helios Energy Systems,AGC-00038,Helios Energy Systems,Helios Energy Systems,Trident Holdings,Argentina,Helios Energy Systems,INV-2020-0006210,AGX-2020-006681-AGC-00038
2020-02-23,2020,2,February,Feb,Q1,122469.6,88902.41,33567.19,27.41,Lucas Hayes,Cobalt Power Partners,AGC-00089,Cobalt Power Partners,Cobalt Power Partners,Apex Holdings,United States,Cobalt Power Partners,INV-2020-0006523,AGX-2020-007023-AGC-00089
2020-02-24,2020,2,February,Feb,Q1,3748400.51,2751503.21,996897.3,26.6,Lucas Hayes,Northstar Offshore Engineering,AGC-00005,Northstar Offshore Engineering,Northstar Offshore Engineering,Independent Entity,Argentina,Northstar Offshore Engineering,INV-2020-0005309,AGX-2019-005716-AGC-00005
2020-02-24,2020,2,February,Feb,Q1,936387.23,627905.73,308481.5,32.94,Eva Lewis,Arcadia Compression,AGC-00167,Arcadia Compression,Arcadia Compression,Noble Ridge Holdings,Oman,Arcadia Compression,INV-2020-0006581,AGX-2020-007086-AGC-00167
2020-02-25,2020,2,February,Feb,Q1,81321.42,55781.29,25540.13,31.41,Avery Morgan,Northstar Industrial Maintenance,AGC-00020,Northstar Industrial Maintenance,Northstar Industrial Maintenance,Independent Entity,Spain,Northstar Industrial Maintenance,INV-2020-0005595,AGX-2020-006024-AGC-00020
2020-02-25,2020,2,February,Feb,Q1,87411.91,63408.7,24003.21,27.46,Mila Diaz,Arcadia Engineering,AGC-00165,Arcadia Engineering,Arcadia Engineering,Independent Entity,Colombia,Arcadia Engineering,INV-2020-0006158,AGX-2020-006623-AGC-00165
2020-03-01,2020,3,March,Mar,Q1,193833.33,139577.39,54255.94,27.99,Theo Price,Northstar Industrial Services,AGC-00032,Northstar Industrial Services,Northstar Industrial Services,Noble Ridge Holdings,India,Northstar Industrial Services,INV-2020-0004714,AGX-2019-005066-AGC-00032
2020-03-02,2020,3,March,Mar,Q1,283272.6,204558.78,78713.82,27.79,Avery Morgan,Meridian Resources,AGC-00132,Meridian Resources,Meridian Resources,Rivermark Holdings,Colombia,Meridian Resources,INV-2020-0006436,AGX-2020-006925-AGC-00132
2020-03-04,2020,3,March,Mar,Q1,672667.21,507628.95,165038.26,24.53,Camille Martin,Arcadia Offshore Systems,AGC-00178,Arcadia Offshore Systems,Arcadia Offshore Systems,Lighthouse Holdings,South Korea,Arcadia Offshore Systems,INV-2020-0004584,AGX-2019-004922-AGC-00178
2020-03-04,2020,3,March,Mar,Q1,180168.03,124635.92,55532.11,30.82,Noah Keller,Cobalt Refinery Services,AGC-00099,Cobalt Refinery Services,Cobalt Refinery Services,Sterling Holdings,Colombia,Cobalt Refinery Services,INV-2020-0006487,AGX-2020-006981-AGC-00099
2020-03-07,2020,3,March,Mar,Q1,504625.39,350426.34,154199.05,30.56,Eva Lewis,Cobalt Mining Services,AGC-00083,Cobalt Mining Services,Cobalt Mining Services,Trident Holdings,Singapore,Cobalt Mining Services,INV-2020-0005687,AGX-2020-006121-AGC-00083
2020-03-07,2020,3,March,Mar,Q1,177086.8,112884.05,64202.75,36.25,Julian Howard,Meridian Marine Supply,AGC-00148,Meridian Marine Supply,Meridian Marine Supply,Crescent Holdings,Qatar,Meridian Marine Supply,INV-2020-0005917,AGX-2020-006370-AGC-00148
2020-03-08,2020,3,March,Mar,Q1,67971.52,46772.14,21199.38,31.19,Eva Lewis,Helios Process Solutions,AGC-00041,Helios Process Solutions,Helios Process Solutions,Zenith Holdings,Australia,Helios Process Solutions,INV-2020-0006402,AGX-2020-006888-AGC-00041
2020-03-13,2020,3,March,Mar,Q1,199849.75,142817.44,57032.31,28.54,Julian Howard,Helios Marine Engineering,AGC-00064,Helios Marine Engineering,Helios Marine Engineering,Pioneer Holdings,Egypt,Helios Marine Engineering,INV-2020-0005770,AGX-2020-006211-AGC-00064
2020-03-14,2020,3,March,Mar,Q1,64518.82,45192.65,19326.17,29.95,Priya Nguyen,Helios Offshore Engineering,AGC-00042,Helios Offshore Engineering,Helios Offshore Engineering,Rivermark Holdings,Canada,Helios Offshore Engineering,INV-2020-0006466,AGX-2020-006956-AGC-00042
2020-03-15,2020,3,March,Mar,Q1,483955.5,316906.51,167048.99,34.52,Theo Price,Cobalt Mechanical,AGC-00088,Cobalt Mechanical,Cobalt Mechanical,Lighthouse Holdings,Indonesia,Cobalt Mechanical,INV-2020-0005891,AGX-2020-006339-AGC-00088
2020-03-15,2020,3,March,Mar,Q1,195009.76,146884.55,48125.21,24.68,Mila Diaz,Arcadia Engineering,AGC-00165,Arcadia Engineering,Arcadia Engineering,Independent Entity,Colombia,Arcadia Engineering,INV-2020-0005977,AGX-2020-006432-AGC-00165
2020-03-16,2020,3,March,Mar,Q1,35378.24,20918.55,14459.69,40.87,Priya Nguyen,Meridian Controls,AGC-00140,Meridian Controls,Meridian Controls,Independent Entity,Australia,Meridian Controls,INV-2020-0005713,AGX-2020-006151-AGC-00140
2020-03-19,2020,3,March,Mar,Q1,538061.57,366731.85,171329.72,31.84,Grace Perry,Meridian Pipeline Services,AGC-00133,Meridian Pipeline Services,Meridian Pipeline Services,Lighthouse Holdings,Norway,Meridian Pipeline Services,INV-2020-0006694,AGX-2020-007206-AGC-00133
2020-03-20,2020,3,March,Mar,Q1,10539.38,7094.69,3444.69,32.68,Priya Nguyen,Helios Compression,AGC-00056,Helios Compression,Helios Compression,Redwood Holdings,United States,Helios Compression,INV-2020-0006691,AGX-2020-007203-AGC-00056
2020-03-24,2020,3,March,Mar,Q1,95793.12,61809.13,33983.99,35.48,Camille Martin,Helios Controls,AGC-00066,Helios Controls,Helios Controls,TerraNova Holdings,Colombia,Helios Controls,INV-2020-0005603,AGX-2020-006032-AGC-00066
2020-03-24,2020,3,March,Mar,Q1,102889.9,78406.8,24483.1,23.8,Lina Sato,Helios Mechanical,AGC-00051,Helios Mechanical,Helios Mechanical,Summit Holdings,Thailand,Helios Mechanical,INV-2020-0006365,AGX-2020-006847-AGC-00051
2020-03-25,2020,3,March,Mar,Q1,944382.94,737986.35,206396.59,21.86,Leo Foster,Arcadia Industrial Services,AGC-00180,Arcadia Industrial Services,Arcadia Industrial Services,Independent Entity,Netherlands,Arcadia Industrial Services,INV-2020-0005628,AGX-2020-006057-AGC-00180
2020-03-25,2020,3,March,Mar,Q1,614545.25,387330.15,227215.1,36.97,Grace Perry,Helios Utilities,AGC-00049,Helios Utilities,Helios Utilities,Meridian Holdings,Qatar,Helios Utilities,INV-2020-0005976,AGX-2020-006431-AGC-00049
2020-03-26,2020,3,March,Mar,Q1,538107.63,367653.17,170454.46,31.68,Noah Keller,Meridian Process Controls,AGC-00127,Meridian Process Controls,Meridian Process Controls,Frontier Holdings,Mexico,Meridian Process Controls,INV-2020-0005797,AGX-2020-006240-AGC-00127
2020-03-27,2020,3,March,Mar,Q1,6608.87,4897.53,1711.34,25.89,Adrian Walker,Northstar Offshore Systems,AGC-00030,Northstar Offshore Systems,Northstar Offshore Systems,Independent Entity,Saudi Arabia,Northstar Offshore Systems,INV-2020-0006600,AGX-2020-007105-AGC-00030
2020-03-29,2020,3,March,Mar,Q1,65644.58,45077.13,20567.45,31.33,Grace Perry,Arcadia Field Services,AGC-00161,Arcadia Field Services,Arcadia Field Services,Keystone Holdings,Germany,Arcadia Field Services,INV-2020-0005758,AGX-2020-006197-AGC-00161
2020-03-29,2020,3,March,Mar,Q1,75377.45,50173.03,25204.42,33.44,Theo Price,Helios Rotating Equipment,AGC-00060,Helios Rotating Equipment,Helios Rotating Equipment,Independent Entity,Japan,Helios Rotating Equipment,INV-2020-0006037,AGX-2020-006494-AGC-00060
2020-03-29,2020,3,March,Mar,Q1,52943.71,36439.04,16504.67,31.17,Julian Howard,Meridian Marine Supply,AGC-00148,Meridian Marine Supply,Meridian Marine Supply,Crescent Holdings,Qatar,Meridian Marine Supply,INV-2020-0006369,AGX-2020-006852-AGC-00148
2020-03-29,2020,3,March,Mar,Q1,52726.25,33523.97,19202.28,36.42,Priya Nguyen,Meridian Power Partners,AGC-00126,Meridian Power Partners,Meridian Power Partners,Monarch Holdings,Japan,Meridian Power Partners,INV-2020-0006403,AGX-2020-006890-AGC-00126
2020-03-29,2020,3,March,Mar,Q1,440203.21,294985.64,145217.57,32.99,Grace Perry,Helios Energy Projects,AGC-00063,Helios Energy Projects,Helios Energy Projects,Vertex Holdings,Saudi Arabia,Helios Energy Projects,INV-2020-0006417,AGX-2020-006905-AGC-00063
2020-03-31,2020,3,March,Mar,Q1,523767.24,351950.51,171816.73,32.8,Zara Grant,Northstar Engineering,AGC-00017,Northstar Engineering,Northstar Engineering,Harborline Holdings,Singapore,Northstar Engineering,INV-2020-0006526,AGX-2020-007026-AGC-00017
2020-04-02,2020,4,April,Apr,Q2,3451159.43,2345097.55,1106061.88,32.05,Mila Diaz,Arcadia Industrial Group,AGC-00151,Arcadia Industrial Group,Arcadia Industrial Group,Granite Holdings,Chile,Arcadia Industrial Group,INV-2020-0006149,AGX-2020-006613-AGC-00151
2020-04-05,2020,4,April,Apr,Q2,242489.46,165387.34,77102.12,31.8,Camille Martin,Northstar Technical Supply,AGC-00024,Northstar Technical Supply,Northstar Technical Supply,Sierra Holdings,United Kingdom,Northstar Technical Supply,INV-2020-0006159,AGX-2020-006624-AGC-00024
2020-04-10,2020,4,April,Apr,Q2,272694.14,207972.15,64721.99,23.73,Adrian Walker,Cobalt Utilities,AGC-00086,Cobalt Utilities,Cobalt Utilities,Zenith Holdings,Spain,Cobalt Utilities,INV-2020-0005954,AGX-2020-006407-AGC-00086
2020-04-11,2020,4,April,Apr,Q2,17269.11,11351.06,5918.05,34.27,Julian Howard,Northstar Petro Systems,AGC-00008,Northstar Petro Systems,Northstar Petro Systems,Vantage Holdings,Australia,Northstar Petro Systems,INV-2020-0005670,AGX-2020-006103-AGC-00008
2020-04-15,2020,4,April,Apr,Q2,407305.34,261423.63,145881.71,35.82,Camille Martin,Helios Controls,AGC-00066,Helios Controls,Helios Controls,TerraNova Holdings,Colombia,Helios Controls,INV-2020-0005769,AGX-2020-006210-AGC-00066
2020-04-16,2020,4,April,Apr,Q2,718927.38,480347.61,238579.77,33.19,Eva Lewis,Cobalt Marine Supply,AGC-00111,Cobalt Marine Supply,Cobalt Marine Supply,TerraNova Holdings,Kenya,Cobalt Marine Supply,INV-2020-0005837,AGX-2020-006283-AGC-00111
2020-04-16,2020,4,April,Apr,Q2,539386.56,366392.01,172994.55,32.07,Lucas Hayes,Northstar Flow Systems,AGC-00033,Northstar Flow Systems,Northstar Flow Systems,Pacific Crest Holdings,Colombia,Northstar Flow Systems,INV-2020-0006325,AGX-2020-006803-AGC-00033
2020-04-17,2020,4,April,Apr,Q2,2991249.39,1990732.75,1000516.64,33.45,Lucas Hayes,Cobalt Energy Systems,AGC-00075,Cobalt Energy Systems,Cobalt Energy Systems,Independent Entity,Canada,Cobalt Energy Systems,INV-2020-0006508,AGX-2020-007006-AGC-00075
2020-04-20,2020,4,April,Apr,Q2,12118.75,7341.97,4776.78,39.42,Lina Sato,Cobalt Compression,AGC-00093,Cobalt Compression,Cobalt Compression,Cobalt Holdings,Japan,Cobalt Compression,INV-2020-0005777,AGX-2020-006218-AGC-00093
2020-04-21,2020,4,April,Apr,Q2,280048.12,192222.46,87825.66,31.36,Grace Perry,Helios Utilities,AGC-00049,Helios Utilities,Helios Utilities,Meridian Holdings,Qatar,Helios Utilities,INV-2020-0006322,AGX-2020-006800-AGC-00049
2020-04-22,2020,4,April,Apr,Q2,305480.86,202319.12,103161.74,33.77,Lina Sato,Northstar Rotating Equipment,AGC-00023,Northstar Rotating Equipment,Northstar Rotating Equipment,Falcon Holdings,United States,Northstar Rotating Equipment,INV-2020-0006555,AGX-2020-007057-AGC-00023
2020-04-24,2020,4,April,Apr,Q2,151161.28,94742.29,56418.99,37.32,Leo Foster,Arcadia Industrial Services,AGC-00180,Arcadia Industrial Services,Arcadia Industrial Services,Independent Entity,Netherlands,Arcadia Industrial Services,INV-2020-0005753,AGX-2020-006192-AGC-00180
2020-04-25,2020,4,April,Apr,Q2,69692.14,48383.06,21309.08,30.58,Zara Grant,Helios Petro Systems,AGC-00045,Helios Petro Systems,Helios Petro Systems,Independent Entity,Kenya,Helios Petro Systems,INV-2020-0005694,AGX-2020-006129-AGC-00045
2020-04-25,2020,4,April,Apr,Q2,684904.76,467086.52,217818.24,31.8,Julian Howard,Meridian Marine Supply,AGC-00148,Meridian Marine Supply,Meridian Marine Supply,Crescent Holdings,Qatar,Meridian Marine Supply,INV-2020-0006272,AGX-2020-006747-AGC-00148
2020-04-26,2020,4,April,Apr,Q2,974755.36,632954.85,341800.51,35.07,Noah Keller,Northstar Controls,AGC-00029,Northstar Controls,Northstar Controls,DeltaWorks Holdings,Germany,Northstar Controls,INV-2020-0006163,AGX-2020-006628-AGC-00029
2020-04-30,2020,4,April,Apr,Q2,41819.09,25941.39,15877.7,37.97,Theo Price,Arcadia Technical Supply,AGC-00172,Arcadia Technical Supply,Arcadia Technical Supply,Frontier Holdings,Ghana,Arcadia Technical Supply,INV-2020-0006706,AGX-2020-007218-AGC-00172
2020-05-01,2020,5,May,May,Q2,681842.39,468893.27,212949.12,31.23,Theo Price,Meridian Flow Systems,AGC-00144,Meridian Flow Systems,Meridian Flow Systems,Sterling Holdings,Kenya,Meridian Flow Systems,INV-2020-0005931,AGX-2020-006384-AGC-00144
2020-05-01,2020,5,May,May,Q2,179574.57,127455.04,52119.53,29.02,Priya Nguyen,Arcadia Industrial Maintenance,AGC-00168,Arcadia Industrial Maintenance,Arcadia Industrial Maintenance,Pacific Crest Holdings,Malaysia,Arcadia Industrial Maintenance,INV-2020-0006571,AGX-2020-007076-AGC-00168
2020-05-04,2020,5,May,May,Q2,142080.87,91215.3,50865.57,35.8,Lucas Hayes,Cobalt Controls,AGC-00103,Cobalt Controls,Cobalt Controls,Crescent Holdings,Vietnam,Cobalt Controls,INV-2020-0006599,AGX-2020-007104-AGC-00103
2020-05-10,2020,5,May,May,Q2,1564504.64,1157517.17,406987.47,26.01,Julian Howard,Helios Marine Engineering,AGC-00064,Helios Marine Engineering,Helios Marine Engineering,Pioneer Holdings,Egypt,Helios Marine Engineering,INV-2020-0006648,AGX-2020-007159-AGC-00064
2020-05-11,2020,5,May,May,Q2,481783.73,353751.58,128032.15,26.57,Zara Grant,Northstar Mechanical Group,AGC-00031,Northstar Mechanical Group,Northstar Mechanical Group,Silverline Holdings,Egypt,Northstar Mechanical Group,INV-2020-0006063,AGX-2020-006520-AGC-00031
2020-05-12,2020,5,May,May,Q2,113873.76,74950.19,38923.57,34.18,Avery Morgan,Arcadia Utilities,AGC-00160,Arcadia Utilities,Arcadia Utilities,Independent Entity,Mexico,Arcadia Utilities,INV-2020-0006491,AGX-2020-006985-AGC-00160
2020-05-13,2020,5,May,May,Q2,727828.08,462940.23,264887.85,36.39,Mila Diaz,Helios Marine Services,AGC-00039,Helios Marine Services,Helios Marine Services,Cascade Holdings,Italy,Helios Marine Services,INV-2020-0005755,AGX-2020-006194-AGC-00039
2020-05-15,2020,5,May,May,Q2,196427.8,146730.42,49697.38,25.3,Grace Perry,Arcadia Marine Engineering,AGC-00175,Arcadia Marine Engineering,Arcadia Marine Engineering,Independent Entity,France,Arcadia Marine Engineering,INV-2020-0005971,AGX-2020-006426-AGC-00175
2020-05-17,2020,5,May,May,Q2,562811.06,364519.6,198291.46,35.23,Theo Price,Helios Marine Supply,AGC-00074,Helios Marine Supply,Helios Marine Supply,DeltaWorks Holdings,Australia,Helios Marine Supply,INV-2020-0005693,AGX-2020-006128-AGC-00074
2020-05-19,2020,5,May,May,Q2,976605.22,630116.31,346488.91,35.48,Grace Perry,Arcadia Marine Engineering,AGC-00175,Arcadia Marine Engineering,Arcadia Marine Engineering,Independent Entity,France,Arcadia Marine Engineering,INV-2020-0005846,AGX-2020-006292-AGC-00175
2020-05-19,2020,5,May,May,Q2,214929.45,140891.54,74037.91,34.45,Noah Keller,Meridian Offshore Systems,AGC-00141,Meridian Offshore Systems,Meridian Offshore Systems,Summit Holdings,Canada,Meridian Offshore Systems,INV-2020-0006196,AGX-2020-006665-AGC-00141
2020-05-21,2020,5,May,May,Q2,313825.28,204555.04,109270.24,34.82,Mila Diaz,Helios Process Controls,AGC-00053,Helios Process Controls,Helios Process Controls,Vantage Holdings,Spain,Helios Process Controls,INV-2020-0005747,AGX-2020-006186-AGC-00053
2020-05-24,2020,5,May,May,Q2,3718.62,2619.31,1099.31,29.56,Leo Foster,Arcadia Drilling Solutions,AGC-00166,Arcadia Drilling Solutions,Arcadia Drilling Solutions,Silverline Holdings,Norway,Arcadia Drilling Solutions,INV-2020-0005851,AGX-2020-006297-AGC-00166
2020-05-24,2020,5,May,May,Q2,729059.59,525718.33,203341.26,27.89,Zara Grant,Northstar Mechanical Group,AGC-00031,Northstar Mechanical Group,Northstar Mechanical Group,Silverline Holdings,Egypt,Northstar Mechanical Group,INV-2020-0005926,AGX-2020-006379-AGC-00031
2020-05-24,2020,5,May,May,Q2,729895.95,529838.26,200057.69,27.41,Eva Lewis,Northstar Field Services,AGC-00013,Northstar Field Services,Northstar Field Services,Crescent Holdings,South Korea,Northstar Field Services,INV-2020-0006150,AGX-2020-006614-AGC-00013
2020-05-25,2020,5,May,May,Q2,190201.92,138455.45,51746.47,27.21,Noah Keller,Helios Flow Technologies,AGC-00043,Helios Flow Technologies,Helios Flow Technologies,Lighthouse Holdings,France,Helios Flow Technologies,INV-2020-0006446,AGX-2020-006935-AGC-00043
2020-05-28,2020,5,May,May,Q2,131440.74,82464.45,48976.29,37.26,Camille Martin,Helios Power Partners,AGC-00052,Helios Power Partners,Helios Power Partners,BluePeak Holdings,Chile,Helios Power Partners,INV-2020-0006178,AGX-2020-006644-AGC-00052
2020-05-28,2020,5,May,May,Q2,511633.31,339298.18,172335.13,33.68,Lucas Hayes,Cobalt Power Partners,AGC-00089,Cobalt Power Partners,Cobalt Power Partners,Apex Holdings,United States,Cobalt Power Partners,INV-2020-0006260,AGX-2020-006734-AGC-00089
2020-05-29,2020,5,May,May,Q2,272650.23,188331.82,84318.41,30.93,Camille Martin,Helios Energy Systems,AGC-00038,Helios Energy Systems,Helios Energy Systems,Trident Holdings,Argentina,Helios Energy Systems,INV-2020-0006203,AGX-2020-006673-AGC-00038
2020-05-30,2020,5,May,May,Q2,4137889.12,2874746.35,1263142.77,30.53,Lina Sato,Northstar Rotating Equipment,AGC-00023,Northstar Rotating Equipment,Northstar Rotating Equipment,Falcon Holdings,United States,Northstar Rotating Equipment,INV-2020-0006594,AGX-2020-007099-AGC-00023
2020-05-31,2020,5,May,May,Q2,187962.73,121627.47,66335.26,35.29,Noah Keller,Cobalt Refinery Services,AGC-00099,Cobalt Refinery Services,Cobalt Refinery Services,Sterling Holdings,Colombia,Cobalt Refinery Services,INV-2020-0006350,AGX-2020-006831-AGC-00099
2020-06-02,2020,6,June,Jun,Q2,958018.55,624857.33,333161.22,34.78,Lina Sato,Northstar Mining Services,AGC-00009,Northstar Mining Services,Northstar Mining Services,Sterling Holdings,Canada,Northstar Mining Services,INV-2020-0006261,AGX-2020-006735-AGC-00009
2020-06-04,2020,6,June,Jun,Q2,23073.47,14562.61,8510.86,36.89,Avery Morgan,Arcadia Energy Projects,AGC-00174,Arcadia Energy Projects,Arcadia Energy Projects,Cascade Holdings,Canada,Arcadia Energy Projects,INV-2020-0005965,AGX-2020-006420-AGC-00174
2020-06-04,2020,6,June,Jun,Q2,4250829.47,2872434.03,1378395.44,32.43,Adrian Walker,Northstar Offshore Systems,AGC-00030,Northstar Offshore Systems,Northstar Offshore Systems,Independent Entity,Saudi Arabia,Northstar Offshore Systems,INV-2020-0006505,AGX-2020-007002-AGC-00030
2020-06-09,2020,6,June,Jun,Q2,292295.42,224732.47,67562.95,23.11,Julian Howard,Cobalt Drilling Solutions,AGC-00092,Cobalt Drilling Solutions,Cobalt Drilling Solutions,Helios Holdings,Nigeria,Cobalt Drilling Solutions,INV-2020-0005943,AGX-2020-006396-AGC-00092
2020-06-09,2020,6,June,Jun,Q2,255818.27,176852.2,78966.07,30.87,Julian Howard,Arcadia Production Services,AGC-00176,Arcadia Production Services,Arcadia Production Services,Zenith Holdings,United Arab Emirates,Arcadia Production Services,INV-2020-0006277,AGX-2020-006752-AGC-00176
2020-06-09,2020,6,June,Jun,Q2,195644.39,145542.67,50101.72,25.61,Priya Nguyen,Helios Offshore Engineering,AGC-00042,Helios Offshore Engineering,Helios Offshore Engineering,Rivermark Holdings,Canada,Helios Offshore Engineering,INV-2020-0006426,AGX-2020-006914-AGC-00042
2020-06-10,2020,6,June,Jun,Q2,648159.48,430623.08,217536.4,33.56,Zara Grant,Meridian Drilling Solutions,AGC-00129,Meridian Drilling Solutions,Meridian Drilling Solutions,Cascade Holdings,Saudi Arabia,Meridian Drilling Solutions,INV-2020-0006604,AGX-2020-007109-AGC-00129
2020-06-14,2020,6,June,Jun,Q2,162051.11,99778.93,62272.18,38.43,Lucas Hayes,Arcadia Automation,AGC-00159,Arcadia Automation,Arcadia Automation,Sierra Holdings,Japan,Arcadia Automation,INV-2020-0006630,AGX-2020-007140-AGC-00159
2020-06-16,2020,6,June,Jun,Q2,975619.96,635361.74,340258.22,34.88,Theo Price,Arcadia Technical Supply,AGC-00172,Arcadia Technical Supply,Arcadia Technical Supply,Frontier Holdings,Ghana,Arcadia Technical Supply,INV-2020-0005688,AGX-2020-006122-AGC-00172
2020-06-18,2020,6,June,Jun,Q2,612110.2,400675.71,211434.49,34.54,Lucas Hayes,Northstar Compression,AGC-00019,Northstar Compression,Northstar Compression,Pioneer Holdings,Chile,Northstar Compression,INV-2020-0005756,AGX-2020-006195-AGC-00019
2020-06-18,2020,6,June,Jun,Q2,60603.71,42448.69,18155.02,29.96,Mila Diaz,Arcadia Mechanical Group,AGC-00179,Arcadia Mechanical Group,Arcadia Mechanical Group,Apex Holdings,Brazil,Arcadia Mechanical Group,INV-2020-0006396,AGX-2020-006882-AGC-00179
2020-06-18,2020,6,June,Jun,Q2,117658.42,75735.68,41922.74,35.63,Lucas Hayes,Cobalt Energy Systems,AGC-00075,Cobalt Energy Systems,Cobalt Energy Systems,Independent Entity,Canada,Cobalt Energy Systems,INV-2020-0006611,AGX-2020-007118-AGC-00075
2020-06-19,2020,6,June,Jun,Q2,158826.17,113204.96,45621.21,28.72,Julian Howard,Meridian Marine Supply,AGC-00148,Meridian Marine Supply,Meridian Marine Supply,Crescent Holdings,Qatar,Meridian Marine Supply,INV-2020-0005789,AGX-2020-006232-AGC-00148
2020-06-19,2020,6,June,Jun,Q2,299056.29,184995.56,114060.73,38.14,Julian Howard,Meridian Mining Services,AGC-00120,Meridian Mining Services,Meridian Mining Services,Independent Entity,South Africa,Meridian Mining Services,INV-2020-0006239,AGX-2020-006713-AGC-00120
2020-06-20,2020,6,June,Jun,Q2,285054.54,210025.03,75029.51,26.32,Noah Keller,Meridian Process Controls,AGC-00127,Meridian Process Controls,Meridian Process Controls,Frontier Holdings,Mexico,Meridian Process Controls,INV-2020-0005806,AGX-2020-006249-AGC-00127
2020-06-22,2020,6,June,Jun,Q2,84496.67,58993.95,25502.72,30.18,Camille Martin,Helios Energy Systems,AGC-00038,Helios Energy Systems,Helios Energy Systems,Trident Holdings,Argentina,Helios Energy Systems,INV-2020-0005814,AGX-2020-006258-AGC-00038
2020-06-23,2020,6,June,Jun,Q2,873944.29,589530.77,284413.52,32.54,Avery Morgan,Cobalt Marine Services,AGC-00076,Cobalt Marine Services,Cobalt Marine Services,Silverline Holdings,France,Cobalt Marine Services,INV-2020-0006650,AGX-2020-007161-AGC-00076
2020-06-24,2020,6,June,Jun,Q2,1246774.89,878455.67,368319.22,29.54,Mila Diaz,Cobalt Infrastructure,AGC-00081,Cobalt Infrastructure,Cobalt Infrastructure,Monarch Holdings,Netherlands,Cobalt Infrastructure,INV-2020-0006051,AGX-2020-006508-AGC-00081
2020-06-24,2020,6,June,Jun,Q2,67309.67,46226.88,21082.79,31.32,Lina Sato,Cobalt Compression,AGC-00093,Cobalt Compression,Cobalt Compression,Cobalt Holdings,Japan,Cobalt Compression,INV-2020-0006323,AGX-2020-006801-AGC-00093
2020-06-25,2020,6,June,Jun,Q2,77756.36,52589.68,25166.68,32.37,Noah Keller,Helios Instrumentation,AGC-00071,Helios Instrumentation,Helios Instrumentation,Keystone Holdings,Argentina,Helios Instrumentation,INV-2020-0005919,AGX-2020-006372-AGC-00071
2020-06-25,2020,6,June,Jun,Q2,861516.51,544102.63,317413.88,36.84,Lucas Hayes,Northstar Compression,AGC-00019,Northstar Compression,Northstar Compression,Pioneer Holdings,Chile,Northstar Compression,INV-2020-0006133,AGX-2020-006595-AGC-00019
2020-07-03,2020,7,July,Jul,Q3,532957.91,379519.26,153438.65,28.79,Theo Price,Arcadia Waterworks,AGC-00158,Arcadia Waterworks,Arcadia Waterworks,Falcon Holdings,Nigeria,Arcadia Waterworks,INV-2020-0005872,AGX-2020-006319-AGC-00158
2020-07-07,2020,7,July,Jul,Q3,283876.94,188848.78,95028.16,33.48,Eva Lewis,Northstar Field Services,AGC-00013,Northstar Field Services,Northstar Field Services,Crescent Holdings,South Korea,Northstar Field Services,INV-2020-0005824,AGX-2020-006270-AGC-00013
2020-07-08,2020,7,July,Jul,Q3,268460.34,167500.45,100959.89,37.61,Adrian Walker,Meridian Engineering,AGC-00128,Meridian Engineering,Meridian Engineering,Trident Holdings,Germany,Meridian Engineering,INV-2020-0005597,AGX-2020-006026-AGC-00128
2020-07-08,2020,7,July,Jul,Q3,249822.07,171944.36,77877.71,31.17,Leo Foster,Arcadia Drilling Solutions,AGC-00166,Arcadia Drilling Solutions,Arcadia Drilling Solutions,Silverline Holdings,Norway,Arcadia Drilling Solutions,INV-2020-0006078,AGX-2020-006535-AGC-00166
2020-07-10,2020,7,July,Jul,Q3,462719.49,281993.2,180726.29,39.06,Noah Keller,Northstar Controls,AGC-00029,Northstar Controls,Northstar Controls,DeltaWorks Holdings,Germany,Northstar Controls,INV-2020-0006328,AGX-2020-006806-AGC-00029
2020-07-12,2020,7,July,Jul,Q3,546492.01,364054.82,182437.19,33.38,Lucas Hayes,Northstar Offshore Engineering,AGC-00005,Northstar Offshore Engineering,Northstar Offshore Engineering,Independent Entity,Argentina,Northstar Offshore Engineering,INV-2020-0005791,AGX-2020-006234-AGC-00005
2020-07-14,2020,7,July,Jul,Q3,201759.73,135054.77,66704.96,33.06,Theo Price,Cobalt Production Services,AGC-00102,Cobalt Production Services,Cobalt Production Services,NovaGrid Holdings,Malaysia,Cobalt Production Services,INV-2020-0006125,AGX-2020-006587-AGC-00102
2020-07-16,2020,7,July,Jul,Q3,827266.26,580231.0,247035.26,29.86,Zara Grant,Northstar Mechanical Group,AGC-00031,Northstar Mechanical Group,Northstar Mechanical Group,Silverline Holdings,Egypt,Northstar Mechanical Group,INV-2020-0005948,AGX-2020-006401-AGC-00031
2020-07-18,2020,7,July,Jul,Q3,409631.12,298837.7,110793.42,27.05,Lucas Hayes,Meridian Instrumentation,AGC-00145,Meridian Instrumentation,Meridian Instrumentation,Independent Entity,South Korea,Meridian Instrumentation,INV-2020-0005881,AGX-2020-006328-AGC-00145
2020-07-24,2020,7,July,Jul,Q3,1006292.78,681285.65,325007.13,32.3,Lucas Hayes,Arcadia Automation,AGC-00159,Arcadia Automation,Arcadia Automation,Sierra Holdings,Japan,Arcadia Automation,INV-2020-0006070,AGX-2020-006527-AGC-00159
2020-07-26,2020,7,July,Jul,Q3,867660.92,609812.34,257848.58,29.72,Avery Morgan,Cobalt Marine Services,AGC-00076,Cobalt Marine Services,Cobalt Marine Services,Silverline Holdings,France,Cobalt Marine Services,INV-2020-0006504,AGX-2020-007000-AGC-00076
2020-07-29,2020,7,July,Jul,Q3,499127.77,350042.41,149085.36,29.87,Eva Lewis,Helios Process Solutions,AGC-00041,Helios Process Solutions,Helios Process Solutions,Zenith Holdings,Australia,Helios Process Solutions,INV-2020-0005794,AGX-2020-006237-AGC-00041
2020-07-29,2020,7,July,Jul,Q3,314489.52,205943.15,108546.37,34.52,Adrian Walker,Arcadia Petro Systems,AGC-00156,Arcadia Petro Systems,Arcadia Petro Systems,TerraNova Holdings,United Kingdom,Arcadia Petro Systems,INV-2020-0006633,AGX-2020-007144-AGC-00156
2020-07-31,2020,7,July,Jul,Q3,1305021.04,861760.41,443260.63,33.97,Mila Diaz,Meridian Energy Projects,AGC-00137,Meridian Energy Projects,Meridian Energy Projects,Helios Holdings,Argentina,Meridian Energy Projects,INV-2020-0005606,AGX-2020-006035-AGC-00137
2020-08-01,2020,8,August,Aug,Q3,887260.21,571161.51,316098.7,35.63,Leo Foster,Arcadia Process Solutions,AGC-00152,Arcadia Process Solutions,Arcadia Process Solutions,Harborline Holdings,Spain,Arcadia Process Solutions,INV-2020-0005992,AGX-2020-006447-AGC-00152
2020-08-01,2020,8,August,Aug,Q3,366083.18,274030.18,92053.0,25.15,Adrian Walker,Helios Resources,AGC-00058,Helios Resources,Helios Resources,Crescent Holdings,Poland,Helios Resources,INV-2020-0006632,AGX-2020-007142-AGC-00058
2020-08-01,2020,8,August,Aug,Q3,35142.79,25324.27,9818.52,27.94,Theo Price,Meridian Flow Systems,AGC-00144,Meridian Flow Systems,Meridian Flow Systems,Sterling Holdings,Kenya,Meridian Flow Systems,INV-2020-0006719,AGX-2020-007231-AGC-00144
2020-08-04,2020,8,August,Aug,Q3,193102.16,118378.52,74723.64,38.7,Leo Foster,Northstar Energy Projects,AGC-00026,Northstar Energy Projects,Northstar Energy Projects,Keystone Holdings,Nigeria,Northstar Energy Projects,INV-2020-0006008,AGX-2020-006464-AGC-00026
2020-08-05,2020,8,August,Aug,Q3,413208.71,266798.24,146410.47,35.43,Mila Diaz,Northstar Automation,AGC-00011,Northstar Automation,Northstar Automation,Redwood Holdings,United Arab Emirates,Northstar Automation,INV-2020-0006613,AGX-2020-007120-AGC-00011
2020-08-06,2020,8,August,Aug,Q3,342937.64,228200.65,114736.99,33.46,Eva Lewis,Northstar Field Services,AGC-00013,Northstar Field Services,Northstar Field Services,Crescent Holdings,South Korea,Northstar Field Services,INV-2020-0006559,AGX-2020-007061-AGC-00013
2020-08-08,2020,8,August,Aug,Q3,225383.34,152410.74,72972.6,32.38,Priya Nguyen,Helios Flow Systems,AGC-00070,Helios Flow Systems,Helios Flow Systems,Independent Entity,Vietnam,Helios Flow Systems,INV-2020-0006441,AGX-2020-006930-AGC-00070
2020-08-11,2020,8,August,Aug,Q3,1265182.57,833743.3,431439.27,34.1,Lucas Hayes,Meridian Instrumentation,AGC-00145,Meridian Instrumentation,Meridian Instrumentation,Independent Entity,South Korea,Meridian Instrumentation,INV-2020-0006458,AGX-2020-006947-AGC-00145
2020-08-12,2020,8,August,Aug,Q3,287032.76,188572.76,98460.0,34.3,Lucas Hayes,Cobalt Power Partners,AGC-00089,Cobalt Power Partners,Cobalt Power Partners,Apex Holdings,United States,Cobalt Power Partners,INV-2020-0005967,AGX-2020-006422-AGC-00089
2020-08-12,2020,8,August,Aug,Q3,2979187.1,2042597.23,936589.87,31.44,Zara Grant,Arcadia Mining Services,AGC-00157,Arcadia Mining Services,Arcadia Mining Services,Clearwater Holdings,Poland,Arcadia Mining Services,INV-2020-0006489,AGX-2020-006983-AGC-00157
2020-08-15,2020,8,August,Aug,Q3,452751.25,322280.24,130471.01,28.82,Lina Sato,Meridian Technical Supply,AGC-00135,Meridian Technical Supply,Meridian Technical Supply,Independent Entity,Malaysia,Meridian Technical Supply,INV-2020-0005599,AGX-2020-006028-AGC-00135
2020-08-19,2020,8,August,Aug,Q3,512488.86,355480.54,157008.32,30.64,Lina Sato,Helios Mechanical,AGC-00051,Helios Mechanical,Helios Mechanical,Summit Holdings,Thailand,Helios Mechanical,INV-2020-0005667,AGX-2020-006099-AGC-00051
2020-08-20,2020,8,August,Aug,Q3,579807.27,416634.29,163172.98,28.14,Grace Perry,Helios Utilities,AGC-00049,Helios Utilities,Helios Utilities,Meridian Holdings,Qatar,Helios Utilities,INV-2020-0006584,AGX-2020-007089-AGC-00049
2020-08-22,2020,8,August,Aug,Q3,530697.05,364980.97,165716.08,31.23,Theo Price,Northstar Industrial Services,AGC-00032,Northstar Industrial Services,Northstar Industrial Services,Noble Ridge Holdings,India,Northstar Industrial Services,INV-2020-0006296,AGX-2020-006774-AGC-00032
2020-08-23,2020,8,August,Aug,Q3,1452803.47,988059.5,464743.97,31.99,Grace Perry,Cobalt Industrial Group,AGC-00077,Cobalt Industrial Group,Cobalt Industrial Group,Noble Ridge Holdings,United Arab Emirates,Cobalt Industrial Group,INV-2020-0006119,AGX-2020-006578-AGC-00077
2020-08-26,2020,8,August,Aug,Q3,971552.61,683602.12,287950.49,29.64,Zara Grant,Northstar Industrial Group,AGC-00003,Northstar Industrial Group,Northstar Industrial Group,Cobalt Holdings,Malaysia,Northstar Industrial Group,INV-2020-0005616,AGX-2020-006045-AGC-00003
2020-08-27,2020,8,August,Aug,Q3,289710.22,197309.85,92400.37,31.89,Leo Foster,Meridian Field Services,AGC-00124,Meridian Field Services,Meridian Field Services,Beacon Holdings,Poland,Meridian Field Services,INV-2020-0006062,AGX-2020-006519-AGC-00124
2020-08-29,2020,8,August,Aug,Q3,1618433.82,1041874.45,576559.37,35.62,Zara Grant,Meridian Industrial Services,AGC-00143,Meridian Industrial Services,Meridian Industrial Services,Vantage Holdings,United Arab Emirates,Meridian Industrial Services,INV-2020-0006205,AGX-2020-006675-AGC-00143
2020-08-30,2020,8,August,Aug,Q3,118884.35,69841.48,49042.87,41.25,Lina Sato,Helios Mechanical,AGC-00051,Helios Mechanical,Helios Mechanical,Summit Holdings,Thailand,Helios Mechanical,INV-2020-0005749,AGX-2020-006188-AGC-00051
2020-08-31,2020,8,August,Aug,Q3,127735.17,82335.03,45400.14,35.54,Lina Sato,Helios Mechanical,AGC-00051,Helios Mechanical,Helios Mechanical,Summit Holdings,Thailand,Helios Mechanical,INV-2020-0006110,AGX-2020-006568-AGC-00051
2020-09-01,2020,9,September,Sep,Q3,1440709.93,977051.89,463658.04,32.18,Mila Diaz,Helios Process Controls,AGC-00053,Helios Process Controls,Helios Process Controls,Vantage Holdings,Spain,Helios Process Controls,INV-2020-0005613,AGX-2020-006042-AGC-00053
2020-09-03,2020,9,September,Sep,Q3,4787111.5,3156431.78,1630679.72,34.06,Adrian Walker,Northstar Marine Services,AGC-00002,Northstar Marine Services,Northstar Marine Services,Helios Holdings,Oman,Northstar Marine Services,INV-2020-0005703,AGX-2020-006141-AGC-00002
2020-09-06,2020,9,September,Sep,Q3,707143.05,499088.79,208054.26,29.42,Adrian Walker,Northstar Offshore Systems,AGC-00030,Northstar Offshore Systems,Northstar Offshore Systems,Independent Entity,Saudi Arabia,Northstar Offshore Systems,INV-2020-0005598,AGX-2020-006027-AGC-00030
2020-09-08,2020,9,September,Sep,Q3,872888.31,559376.83,313511.48,35.92,Priya Nguyen,Cobalt Technical Supply,AGC-00098,Cobalt Technical Supply,Cobalt Technical Supply,Vantage Holdings,India,Cobalt Technical Supply,INV-2020-0006144,AGX-2020-006606-AGC-00098
2020-09-08,2020,9,September,Sep,Q3,745070.14,561164.34,183905.8,24.68,Lina Sato,Northstar Marine Supply,AGC-00037,Northstar Marine Supply,Northstar Marine Supply,Frontier Holdings,Vietnam,Northstar Marine Supply,INV-2020-0006617,AGX-2020-007125-AGC-00037
2020-09-10,2020,9,September,Sep,Q3,177588.17,116802.05,60786.12,34.23,Grace Perry,Meridian Industrial Solutions,AGC-00147,Meridian Industrial Solutions,Meridian Industrial Solutions,NovaGrid Holdings,Netherlands,Meridian Industrial Solutions,INV-2020-0006381,AGX-2020-006865-AGC-00147
2020-09-12,2020,9,September,Sep,Q3,4876.87,3322.16,1554.71,31.88,Julian Howard,Cobalt Drilling Solutions,AGC-00092,Cobalt Drilling Solutions,Cobalt Drilling Solutions,Helios Holdings,Nigeria,Cobalt Drilling Solutions,INV-2020-0006057,AGX-2020-006514-AGC-00092
2020-09-13,2020,9,September,Sep,Q3,126828.48,90812.96,36015.52,28.4,Lucas Hayes,Meridian Instrumentation,AGC-00145,Meridian Instrumentation,Meridian Instrumentation,Independent Entity,South Korea,Meridian Instrumentation,INV-2020-0005841,AGX-2020-006287-AGC-00145
2020-09-14,2020,9,September,Sep,Q3,433219.8,282359.99,150859.81,34.82,Avery Morgan,Meridian Technical Services,AGC-00146,Meridian Technical Services,Meridian Technical Services,Redwood Holdings,Brazil,Meridian Technical Services,INV-2020-0006224,AGX-2020-006696-AGC-00146
2020-09-15,2020,9,September,Sep,Q3,402932.16,303024.67,99907.49,24.8,Adrian Walker,Northstar Marine Services,AGC-00002,Northstar Marine Services,Northstar Marine Services,Helios Holdings,Oman,Northstar Marine Services,INV-2020-0006215,AGX-2020-006686-AGC-00002
2020-09-19,2020,9,September,Sep,Q3,91173.79,67365.5,23808.29,26.11,Lina Sato,Cobalt Offshore Engineering,AGC-00079,Cobalt Offshore Engineering,Cobalt Offshore Engineering,Beacon Holdings,South Korea,Cobalt Offshore Engineering,INV-2020-0005656,AGX-2020-006087-AGC-00079
2020-09-23,2020,9,September,Sep,Q3,55593.78,35384.02,20209.76,36.35,Eva Lewis,Cobalt Rotating Equipment,AGC-00097,Cobalt Rotating Equipment,Cobalt Rotating Equipment,BluePeak Holdings,Egypt,Cobalt Rotating Equipment,INV-2020-0005934,AGX-2020-006387-AGC-00097
2020-09-27,2020,9,September,Sep,Q3,321692.93,210953.85,110739.08,34.42,Zara Grant,Cobalt Marine Engineering,AGC-00101,Cobalt Marine Engineering,Cobalt Marine Engineering,Redwood Holdings,Oman,Cobalt Marine Engineering,INV-2020-0005925,AGX-2020-006378-AGC-00101
2020-10-07,2020,10,October,Oct,Q4,202984.28,132750.68,70233.6,34.6,Grace Perry,Northstar Technical Services,AGC-00035,Northstar Technical Services,Northstar Technical Services,Independent Entity,Oman,Northstar Technical Services,INV-2020-0005679,AGX-2020-006112-AGC-00035
2020-10-07,2020,10,October,Oct,Q4,331353.09,234622.47,96730.62,29.19,Avery Morgan,Helios Refinery Services,AGC-00062,Helios Refinery Services,Helios Refinery Services,Harborline Holdings,Germany,Helios Refinery Services,INV-2020-0006695,AGX-2020-007207-AGC-00062
2020-10-08,2020,10,October,Oct,Q4,162171.77,119480.83,42690.94,26.32,Lina Sato,Northstar Marine Supply,AGC-00037,Northstar Marine Supply,Northstar Marine Supply,Frontier Holdings,Vietnam,Northstar Marine Supply,INV-2020-0005928,AGX-2020-006381-AGC-00037
2020-10-08,2020,10,October,Oct,Q4,927855.17,681666.9,246188.27,26.53,Grace Perry,Meridian Industrial Solutions,AGC-00147,Meridian Industrial Solutions,Meridian Industrial Solutions,NovaGrid Holdings,Netherlands,Meridian Industrial Solutions,INV-2020-0006274,AGX-2020-006749-AGC-00147
2020-10-09,2020,10,October,Oct,Q4,202661.72,135287.77,67373.95,33.24,Lucas Hayes,Cobalt Energy Systems,AGC-00075,Cobalt Energy Systems,Cobalt Energy Systems,Independent Entity,Canada,Cobalt Energy Systems,INV-2020-0006189,AGX-2020-006658-AGC-00075
2020-10-10,2020,10,October,Oct,Q4,122468.0,84353.83,38114.17,31.12,Adrian Walker,Helios Infrastructure,AGC-00044,Helios Infrastructure,Helios Infrastructure,Apex Holdings,United Arab Emirates,Helios Infrastructure,INV-2020-0005629,AGX-2020-006058-AGC-00044
2020-10-13,2020,10,October,Oct,Q4,313762.07,219616.16,94145.91,30.01,Priya Nguyen,Meridian Controls,AGC-00140,Meridian Controls,Meridian Controls,Independent Entity,Australia,Meridian Controls,INV-2020-0006536,AGX-2020-007037-AGC-00140
2020-10-14,2020,10,October,Oct,Q4,2215573.66,1415806.08,799767.58,36.1,Zara Grant,Arcadia Mining Services,AGC-00157,Arcadia Mining Services,Arcadia Mining Services,Clearwater Holdings,Poland,Arcadia Mining Services,INV-2020-0006621,AGX-2020-007130-AGC-00157
2020-10-21,2020,10,October,Oct,Q4,219017.45,130622.18,88395.27,40.36,Grace Perry,Northstar Infrastructure,AGC-00007,Northstar Infrastructure,Northstar Infrastructure,BluePeak Holdings,Ghana,Northstar Infrastructure,INV-2020-0005736,AGX-2020-006175-AGC-00007
2020-10-21,2020,10,October,Oct,Q4,484038.89,338886.4,145152.49,29.99,Eva Lewis,Northstar Marine Engineering,AGC-00027,Northstar Marine Engineering,Northstar Marine Engineering,Equinox Holdings,Japan,Northstar Marine Engineering,INV-2020-0005812,AGX-2020-006255-AGC-00027
2020-10-21,2020,10,October,Oct,Q4,239317.01,157840.21,81476.8,34.05,Adrian Walker,Meridian Industrial Group,AGC-00114,Meridian Industrial Group,Meridian Industrial Group,Sierra Holdings,Netherlands,Meridian Industrial Group,INV-2020-0005878,AGX-2020-006325-AGC-00114
2020-10-23,2020,10,October,Oct,Q4,107683.41,74899.67,32783.74,30.44,Zara Grant,Arcadia Rotating Equipment,AGC-00171,Arcadia Rotating Equipment,Arcadia Rotating Equipment,Monarch Holdings,Italy,Arcadia Rotating Equipment,INV-2020-0006598,AGX-2020-007103-AGC-00171
2020-10-26,2020,10,October,Oct,Q4,118415.93,76064.73,42351.2,35.76,Eva Lewis,Northstar Marine Engineering,AGC-00027,Northstar Marine Engineering,Northstar Marine Engineering,Equinox Holdings,Japan,Northstar Marine Engineering,INV-2020-0006287,AGX-2020-006764-AGC-00027
2020-10-27,2020,10,October,Oct,Q4,485985.1,319028.45,166956.65,34.35,Avery Morgan,Cobalt Process Controls,AGC-00090,Cobalt Process Controls,Cobalt Process Controls,Independent Entity,United Kingdom,Cobalt Process Controls,INV-2020-0006380,AGX-2020-006864-AGC-00090
2020-10-28,2020,10,October,Oct,Q4,1305555.4,922685.3,382870.1,29.33,Priya Nguyen,Arcadia Industrial Maintenance,AGC-00168,Arcadia Industrial Maintenance,Arcadia Industrial Maintenance,Pacific Crest Holdings,Malaysia,Arcadia Industrial Maintenance,INV-2020-0005640,AGX-2020-006069-AGC-00168
2020-10-29,2020,10,October,Oct,Q4,477512.72,344381.78,133130.94,27.88,Camille Martin,Arcadia Offshore Systems,AGC-00178,Arcadia Offshore Systems,Arcadia Offshore Systems,Lighthouse Holdings,South Korea,Arcadia Offshore Systems,INV-2020-0005651,AGX-2020-006081-AGC-00178
2020-10-31,2020,10,October,Oct,Q4,2119445.1,1338454.31,780990.79,36.85,Grace Perry,Helios Energy Projects,AGC-00063,Helios Energy Projects,Helios Energy Projects,Vertex Holdings,Saudi Arabia,Helios Energy Projects,INV-2020-0005895,AGX-2020-006344-AGC-00063
2020-11-01,2020,11,November,Nov,Q4,27337.98,19581.03,7756.95,28.37,Zara Grant,Arcadia Rotating Equipment,AGC-00171,Arcadia Rotating Equipment,Arcadia Rotating Equipment,Monarch Holdings,Italy,Arcadia Rotating Equipment,INV-2020-0006006,AGX-2020-006461-AGC-00171
2020-11-02,2020,11,November,Nov,Q4,87003.95,61172.42,25831.53,29.69,Noah Keller,Arcadia Resources,AGC-00169,Arcadia Resources,Arcadia Resources,Beacon Holdings,Vietnam,Arcadia Resources,INV-2020-0006117,AGX-2020-006576-AGC-00169
2020-11-02,2020,11,November,Nov,Q4,342806.25,222645.87,120160.38,35.05,Adrian Walker,Arcadia Pipeline Services,AGC-00170,Arcadia Pipeline Services,Arcadia Pipeline Services,Independent Entity,Argentina,Arcadia Pipeline Services,INV-2020-0006344,AGX-2020-006824-AGC-00170
2020-11-03,2020,11,November,Nov,Q4,288875.63,201968.51,86907.12,30.08,Lucas Hayes,Northstar Offshore Engineering,AGC-00005,Northstar Offshore Engineering,Northstar Offshore Engineering,Independent Entity,Argentina,Northstar Offshore Engineering,INV-2020-0006238,AGX-2020-006712-AGC-00005
2020-11-06,2020,11,November,Nov,Q4,591566.53,429244.1,162322.43,27.44,Mila Diaz,Helios Marine Services,AGC-00039,Helios Marine Services,Helios Marine Services,Cascade Holdings,Italy,Helios Marine Services,INV-2020-0006120,AGX-2020-006579-AGC-00039
2020-11-07,2020,11,November,Nov,Q4,38865.55,24963.15,13902.4,35.77,Grace Perry,Cobalt Industrial Group,AGC-00077,Cobalt Industrial Group,Cobalt Industrial Group,Noble Ridge Holdings,United Arab Emirates,Cobalt Industrial Group,INV-2020-0005799,AGX-2020-006242-AGC-00077
2020-11-08,2020,11,November,Nov,Q4,43206.34,29281.31,13925.03,32.23,Zara Grant,Meridian Industrial Services,AGC-00143,Meridian Industrial Services,Meridian Industrial Services,Vantage Holdings,United Arab Emirates,Meridian Industrial Services,INV-2020-0005653,AGX-2020-006083-AGC-00143
2020-11-09,2020,11,November,Nov,Q4,3639387.5,2650053.15,989334.35,27.18,Adrian Walker,Northstar Process Controls,AGC-00016,Northstar Process Controls,Northstar Process Controls,Granite Holdings,Qatar,Northstar Process Controls,INV-2020-0005759,AGX-2020-006198-AGC-00016
2020-11-12,2020,11,November,Nov,Q4,460743.79,298305.04,162438.75,35.26,Julian Howard,Meridian Mining Services,AGC-00120,Meridian Mining Services,Meridian Mining Services,Independent Entity,South Africa,Meridian Mining Services,INV-2020-0005831,AGX-2020-006277-AGC-00120
2020-11-15,2020,11,November,Nov,Q4,1990596.54,1305724.95,684871.59,34.41,Grace Perry,Cobalt Engineering,AGC-00091,Cobalt Engineering,Cobalt Engineering,Northstar Holdings,Poland,Cobalt Engineering,INV-2020-0005682,AGX-2020-006116-AGC-00091
2020-11-16,2020,11,November,Nov,Q4,1007048.73,629270.12,377778.61,37.51,Julian Howard,Cobalt Industrial Services,AGC-00106,Cobalt Industrial Services,Cobalt Industrial Services,Granite Holdings,Ghana,Cobalt Industrial Services,INV-2020-0006361,AGX-2020-006843-AGC-00106
2020-11-17,2020,11,November,Nov,Q4,279212.46,193733.17,85479.29,30.61,Lina Sato,Northstar Rotating Equipment,AGC-00023,Northstar Rotating Equipment,Northstar Rotating Equipment,Falcon Holdings,United States,Northstar Rotating Equipment,INV-2020-0006720,AGX-2020-007232-AGC-00023
2020-11-20,2020,11,November,Nov,Q4,524515.11,375697.72,148817.39,28.37,Mila Diaz,Northstar Automation,AGC-00011,Northstar Automation,Northstar Automation,Redwood Holdings,United Arab Emirates,Northstar Automation,INV-2020-0006310,AGX-2020-006788-AGC-00011
2020-11-21,2020,11,November,Nov,Q4,2298748.89,1554006.35,744742.54,32.4,Mila Diaz,Meridian Utilities,AGC-00123,Meridian Utilities,Meridian Utilities,Pacific Crest Holdings,United Kingdom,Meridian Utilities,INV-2020-0006115,AGX-2020-006574-AGC-00123
2020-11-22,2020,11,November,Nov,Q4,19021.13,12544.42,6476.71,34.05,Zara Grant,Northstar Industrial Group,AGC-00003,Northstar Industrial Group,Northstar Industrial Group,Cobalt Holdings,Malaysia,Northstar Industrial Group,INV-2020-0005886,AGX-2020-006334-AGC-00003
2020-11-22,2020,11,November,Nov,Q4,93713.03,65093.37,28619.66,30.54,Noah Keller,Meridian Marine Services,AGC-00113,Meridian Marine Services,Meridian Marine Services,Falcon Holdings,Brazil,Meridian Marine Services,INV-2020-0005995,AGX-2020-006450-AGC-00113
2020-11-22,2020,11,November,Nov,Q4,37604.45,26178.47,11425.98,30.38,Priya Nguyen,Arcadia Flow Technologies,AGC-00154,Arcadia Flow Technologies,Arcadia Flow Technologies,Pioneer Holdings,Indonesia,Arcadia Flow Technologies,INV-2020-0006140,AGX-2020-006602-AGC-00154
2020-11-24,2020,11,November,Nov,Q4,258230.69,177915.23,80315.46,31.1,Priya Nguyen,Meridian Energy Systems,AGC-00112,Meridian Energy Systems,Meridian Energy Systems,Clearwater Holdings,South Korea,Meridian Energy Systems,INV-2020-0005620,AGX-2020-006049-AGC-00112
2020-11-24,2020,11,November,Nov,Q4,511847.01,387478.88,124368.13,24.3,Eva Lewis,Helios Process Solutions,AGC-00041,Helios Process Solutions,Helios Process Solutions,Zenith Holdings,Australia,Helios Process Solutions,INV-2020-0005720,AGX-2020-006158-AGC-00041
2020-11-26,2020,11,November,Nov,Q4,54613.48,34031.59,20581.89,37.69,Eva Lewis,Helios Industrial Services,AGC-00069,Helios Industrial Services,Helios Industrial Services,Sierra Holdings,Malaysia,Helios Industrial Services,INV-2020-0006671,AGX-2020-007183-AGC-00069
2020-11-29,2020,11,November,Nov,Q4,67479.8,39042.22,28437.58,42.14,Camille Martin,Helios Power Partners,AGC-00052,Helios Power Partners,Helios Power Partners,BluePeak Holdings,Chile,Helios Power Partners,INV-2020-0005762,AGX-2020-006202-AGC-00052
2020-11-29,2020,11,November,Nov,Q4,1496850.56,1065043.58,431806.98,28.85,Avery Morgan,Cobalt Process Controls,AGC-00090,Cobalt Process Controls,Cobalt Process Controls,Independent Entity,United Kingdom,Cobalt Process Controls,INV-2020-0006382,AGX-2020-006866-AGC-00090
2020-11-30,2020,11,November,Nov,Q4,2826817.27,1708849.29,1117967.98,39.55,Noah Keller,Helios Instrumentation,AGC-00071,Helios Instrumentation,Helios Instrumentation,Keystone Holdings,Argentina,Helios Instrumentation,INV-2020-0005832,AGX-2020-006278-AGC-00071
2020-12-03,2020,12,December,Dec,Q4,564079.22,393349.63,170729.59,30.27,Mila Diaz,Meridian Energy Projects,AGC-00137,Meridian Energy Projects,Meridian Energy Projects,Helios Holdings,Argentina,Meridian Energy Projects,INV-2020-0006027,AGX-2020-006484-AGC-00137
2020-12-06,2020,12,December,Dec,Q4,68173.38,44322.03,23851.35,34.99,Grace Perry,Meridian Pipeline Services,AGC-00133,Meridian Pipeline Services,Meridian Pipeline Services,Lighthouse Holdings,Norway,Meridian Pipeline Services,INV-2020-0006623,AGX-2020-007132-AGC-00133
2020-12-07,2020,12,December,Dec,Q4,823458.35,582490.25,240968.1,29.26,Noah Keller,Helios Flow Technologies,AGC-00043,Helios Flow Technologies,Helios Flow Technologies,Lighthouse Holdings,France,Helios Flow Technologies,INV-2020-0005939,AGX-2020-006392-AGC-00043
2020-12-07,2020,12,December,Dec,Q4,90341.51,62177.22,28164.29,31.18,Theo Price,Meridian Flow Systems,AGC-00144,Meridian Flow Systems,Meridian Flow Systems,Sterling Holdings,Kenya,Meridian Flow Systems,INV-2020-0006124,AGX-2020-006585-AGC-00144
2020-12-09,2020,12,December,Dec,Q4,447243.5,300927.0,146316.5,32.72,Zara Grant,Meridian Process Solutions,AGC-00115,Meridian Process Solutions,Meridian Process Solutions,Independent Entity,Qatar,Meridian Process Solutions,INV-2020-0006352,AGX-2020-006833-AGC-00115
2020-12-11,2020,12,December,Dec,Q4,389215.95,254358.14,134857.81,34.65,Leo Foster,Meridian Field Services,AGC-00124,Meridian Field Services,Meridian Field Services,Beacon Holdings,Poland,Meridian Field Services,INV-2020-0005913,AGX-2020-006366-AGC-00124
2020-12-14,2020,12,December,Dec,Q4,463691.33,319950.8,143740.53,31.0,Lucas Hayes,Helios Waterworks,AGC-00047,Helios Waterworks,Helios Waterworks,Helios Holdings,Brazil,Helios Waterworks,INV-2020-0006450,AGX-2020-006939-AGC-00047
2020-12-19,2020,12,December,Dec,Q4,413264.82,256479.05,156785.77,37.94,Mila Diaz,Northstar Refinery Services,AGC-00025,Northstar Refinery Services,Northstar Refinery Services,Independent Entity,Poland,Northstar Refinery Services,INV-2020-0006312,AGX-2020-006790-AGC-00025
2020-12-24,2020,12,December,Dec,Q4,164549.52,107763.42,56786.1,34.51,Leo Foster,Cobalt Pipeline Services,AGC-00096,Cobalt Pipeline Services,Cobalt Pipeline Services,Summit Holdings,Saudi Arabia,Cobalt Pipeline Services,INV-2020-0005907,AGX-2020-006360-AGC-00096
2020-12-25,2020,12,December,Dec,Q4,1327234.45,800684.08,526550.37,39.67,Mila Diaz,Helios Offshore Systems,AGC-00067,Helios Offshore Systems,Helios Offshore Systems,Clearwater Holdings,Norway,Helios Offshore Systems,INV-2020-0005849,AGX-2020-006295-AGC-00067
2020-12-29,2020,12,December,Dec,Q4,116906.15,76837.75,40068.4,34.27,Priya Nguyen,Cobalt Technical Supply,AGC-00098,Cobalt Technical Supply,Cobalt Technical Supply,Vantage Holdings,India,Cobalt Technical Supply,INV-2020-0005997,AGX-2020-006452-AGC-00098
2020-12-31,2020,12,December,Dec,Q4,153599.93,102640.11,50959.82,33.18,Zara Grant,Meridian Drilling Solutions,AGC-00129,Meridian Drilling Solutions,Meridian Drilling Solutions,Cascade Holdings,Saudi Arabia,Meridian Drilling Solutions,INV-2020-0006298,AGX-2020-006776-AGC-00129
2021-01-04,2021,1,January,Jan,Q1,199257.51,134958.83,64298.68,32.27,Adrian Walker,Meridian Industrial Group,AGC-00114,Meridian Industrial Group,Meridian Industrial Group,Sierra Holdings,Netherlands,Meridian Industrial Group,INV-2021-0005960,AGX-2020-006413-AGC-00114
2021-01-04,2021,1,January,Jan,Q1,176479.06,114641.75,61837.31,35.04,Priya Nguyen,Arcadia Industrial Maintenance,AGC-00168,Arcadia Industrial Maintenance,Arcadia Industrial Maintenance,Pacific Crest Holdings,Malaysia,Arcadia Industrial Maintenance,INV-2021-0005988,AGX-2020-006443-AGC-00168
2021-01-04,2021,1,January,Jan,Q1,767483.67,529923.85,237559.82,30.95,Julian Howard,Cobalt Drilling Solutions,AGC-00092,Cobalt Drilling Solutions,Cobalt Drilling Solutions,Helios Holdings,Nigeria,Cobalt Drilling Solutions,INV-2021-0006347,AGX-2020-006827-AGC-00092
2021-01-04,2021,1,January,Jan,Q1,608974.44,398129.44,210845.0,34.62,Leo Foster,Meridian Marine Engineering,AGC-00138,Meridian Marine Engineering,Meridian Marine Engineering,Cobalt Holdings,Italy,Meridian Marine Engineering,INV-2021-0006606,AGX-2020-007111-AGC-00138
2021-01-05,2021,1,January,Jan,Q1,24751.69,15134.41,9617.28,38.86,Julian Howard,Northstar Industrial Solutions,AGC-00036,Northstar Industrial Solutions,Northstar Industrial Solutions,Monarch Holdings,Malaysia,Northstar Industrial Solutions,INV-2021-0005716,AGX-2020-006154-AGC-00036
2021-01-07,2021,1,January,Jan,Q1,605664.35,416165.0,189499.35,31.29,Lucas Hayes,Cobalt Energy Systems,AGC-00075,Cobalt Energy Systems,Cobalt Energy Systems,Independent Entity,Canada,Cobalt Energy Systems,INV-2021-0006412,AGX-2020-006900-AGC-00075
2021-01-07,2021,1,January,Jan,Q1,255032.82,184676.13,70356.69,27.59,Lina Sato,Northstar Rotating Equipment,AGC-00023,Northstar Rotating Equipment,Northstar Rotating Equipment,Falcon Holdings,United States,Northstar Rotating Equipment,INV-2021-0006561,AGX-2020-007063-AGC-00023
2021-01-08,2021,1,January,Jan,Q1,2456455.49,1683155.29,773300.2,31.48,Zara Grant,Meridian Process Solutions,AGC-00115,Meridian Process Solutions,Meridian Process Solutions,Independent Entity,Qatar,Meridian Process Solutions,INV-2021-0005959,AGX-2020-006412-AGC-00115
2021-01-10,2021,1,January,Jan,Q1,489848.15,347347.37,142500.78,29.09,Julian Howard,Cobalt Drilling Solutions,AGC-00092,Cobalt Drilling Solutions,Cobalt Drilling Solutions,Helios Holdings,Nigeria,Cobalt Drilling Solutions,INV-2021-0006336,AGX-2020-006814-AGC-00092
2021-01-10,2021,1,January,Jan,Q1,674324.09,487116.76,187207.33,27.76,Lucas Hayes,Helios Technical Supply,AGC-00061,Helios Technical Supply,Helios Technical Supply,Granite Holdings,Mexico,Helios Technical Supply,INV-2021-0006687,AGX-2020-007199-AGC-00061
2021-01-11,2021,1,January,Jan,Q1,2426467.41,1703985.44,722481.97,29.78,Julian Howard,Arcadia Production Services,AGC-00176,Arcadia Production Services,Arcadia Production Services,Zenith Holdings,United Arab Emirates,Arcadia Production Services,INV-2021-0006012,AGX-2020-006469-AGC-00176
2021-01-15,2021,1,January,Jan,Q1,410094.64,290472.26,119622.38,29.17,Lucas Hayes,Helios Technical Supply,AGC-00061,Helios Technical Supply,Helios Technical Supply,Granite Holdings,Mexico,Helios Technical Supply,INV-2021-0006248,AGX-2020-006722-AGC-00061
2021-01-16,2021,1,January,Jan,Q1,505011.39,349695.17,155316.22,30.75,Grace Perry,Helios Utilities,AGC-00049,Helios Utilities,Helios Utilities,Meridian Holdings,Qatar,Helios Utilities,INV-2021-0006432,AGX-2020-006921-AGC-00049
2021-01-24,2021,1,January,Jan,Q1,151346.62,105111.66,46234.96,30.55,Lucas Hayes,Cobalt Controls,AGC-00103,Cobalt Controls,Cobalt Controls,Crescent Holdings,Vietnam,Cobalt Controls,INV-2021-0006885,AGX-2021-007411-AGC-00103
2021-01-25,2021,1,January,Jan,Q1,416657.35,281674.56,134982.79,32.4,Avery Morgan,Cobalt Marine Services,AGC-00076,Cobalt Marine Services,Cobalt Marine Services,Silverline Holdings,France,Cobalt Marine Services,INV-2021-0005796,AGX-2020-006239-AGC-00076
2021-01-27,2021,1,January,Jan,Q1,1492868.59,1021453.75,471414.84,31.58,Julian Howard,Arcadia Production Services,AGC-00176,Arcadia Production Services,Arcadia Production Services,Zenith Holdings,United Arab Emirates,Arcadia Production Services,INV-2021-0007007,AGX-2021-007542-AGC-00176
2021-01-30,2021,1,January,Jan,Q1,650773.2,445179.46,205593.74,31.59,Theo Price,Arcadia Technical Supply,AGC-00172,Arcadia Technical Supply,Arcadia Technical Supply,Frontier Holdings,Ghana,Arcadia Technical Supply,INV-2021-0005858,AGX-2020-006304-AGC-00172
2021-01-31,2021,1,January,Jan,Q1,259808.64,179277.37,80531.27,31.0,Adrian Walker,Meridian Industrial Group,AGC-00114,Meridian Industrial Group,Meridian Industrial Group,Sierra Holdings,Netherlands,Meridian Industrial Group,INV-2021-0008003,AGX-2021-008612-AGC-00114
2021-02-03,2021,2,February,Feb,Q1,361155.02,232165.86,128989.16,35.72,Noah Keller,Northstar Energy Systems,AGC-00001,Northstar Energy Systems,Northstar Energy Systems,Northstar Holdings,Norway,Northstar Energy Systems,INV-2021-0005996,AGX-2020-006451-AGC-00001
2021-02-03,2021,2,February,Feb,Q1,687823.48,471303.02,216520.46,31.48,Eva Lewis,Cobalt Mining Services,AGC-00083,Cobalt Mining Services,Cobalt Mining Services,Trident Holdings,Singapore,Cobalt Mining Services,INV-2021-0006076,AGX-2020-006533-AGC-00083
2021-02-04,2021,2,February,Feb,Q1,475268.24,334313.91,140954.33,29.66,Avery Morgan,Meridian Technical Services,AGC-00146,Meridian Technical Services,Meridian Technical Services,Redwood Holdings,Brazil,Meridian Technical Services,INV-2021-0007653,AGX-2021-008239-AGC-00146
2021-02-04,2021,2,February,Feb,Q1,554175.38,366326.74,187848.64,33.9,Theo Price,Arcadia Technical Supply,AGC-00172,Arcadia Technical Supply,Arcadia Technical Supply,Frontier Holdings,Ghana,Arcadia Technical Supply,INV-2021-0007918,AGX-2021-008522-AGC-00172
2021-02-06,2021,2,February,Feb,Q1,232161.12,147097.03,85064.09,36.64,Priya Nguyen,Meridian Energy Systems,AGC-00112,Meridian Energy Systems,Meridian Energy Systems,Clearwater Holdings,South Korea,Meridian Energy Systems,INV-2021-0007529,AGX-2021-008107-AGC-00112
2021-02-12,2021,2,February,Feb,Q1,679481.53,451174.03,228307.5,33.6,Theo Price,Helios Marine Supply,AGC-00074,Helios Marine Supply,Helios Marine Supply,DeltaWorks Holdings,Australia,Helios Marine Supply,INV-2021-0007797,AGX-2021-008394-AGC-00074
2021-02-15,2021,2,February,Feb,Q1,270071.24,153322.31,116748.93,43.23,Lina Sato,Meridian Waterworks,AGC-00121,Meridian Waterworks,Meridian Waterworks,Silverline Holdings,Indonesia,Meridian Waterworks,INV-2021-0006511,AGX-2020-007011-AGC-00121
2021-02-19,2021,2,February,Feb,Q1,329345.77,231381.2,97964.57,29.75,Leo Foster,Arcadia Industrial Services,AGC-00180,Arcadia Industrial Services,Arcadia Industrial Services,Independent Entity,Netherlands,Arcadia Industrial Services,INV-2021-0007287,AGX-2021-007849-AGC-00180
2021-02-19,2021,2,February,Feb,Q1,111586.09,71709.64,39876.45,35.74,Camille Martin,Northstar Waterworks,AGC-00010,Northstar Waterworks,Northstar Waterworks,Independent Entity,France,Northstar Waterworks,INV-2021-0008058,AGX-2021-008670-AGC-00010
2021-02-23,2021,2,February,Feb,Q1,482061.51,353021.76,129039.75,26.77,Mila Diaz,Arcadia Engineering,AGC-00165,Arcadia Engineering,Arcadia Engineering,Independent Entity,Colombia,Arcadia Engineering,INV-2021-0006892,AGX-2021-007418-AGC-00165
2021-02-25,2021,2,February,Feb,Q1,74645.9,51826.18,22819.72,30.57,Julian Howard,Helios Marine Engineering,AGC-00064,Helios Marine Engineering,Helios Marine Engineering,Pioneer Holdings,Egypt,Helios Marine Engineering,INV-2021-0006075,AGX-2020-006532-AGC-00064
2021-02-27,2021,2,February,Feb,Q1,97590.9,64000.74,33590.16,34.42,Grace Perry,Meridian Pipeline Services,AGC-00133,Meridian Pipeline Services,Meridian Pipeline Services,Lighthouse Holdings,Norway,Meridian Pipeline Services,INV-2021-0008035,AGX-2021-008645-AGC-00133
2021-03-03,2021,3,March,Mar,Q1,676337.69,444441.24,231896.45,34.29,Mila Diaz,Arcadia Mechanical Group,AGC-00179,Arcadia Mechanical Group,Arcadia Mechanical Group,Apex Holdings,Brazil,Arcadia Mechanical Group,INV-2021-0007730,AGX-2021-008323-AGC-00179
2021-03-05,2021,3,March,Mar,Q1,4695.74,3161.12,1534.62,32.68,Noah Keller,Cobalt Refinery Services,AGC-00099,Cobalt Refinery Services,Cobalt Refinery Services,Sterling Holdings,Colombia,Cobalt Refinery Services,INV-2021-0007755,AGX-2021-008349-AGC-00099
2021-03-06,2021,3,March,Mar,Q1,337364.22,227074.72,110289.5,32.69,Avery Morgan,Meridian Resources,AGC-00132,Meridian Resources,Meridian Resources,Rivermark Holdings,Colombia,Meridian Resources,INV-2021-0008222,AGX-2021-008845-AGC-00132
2021-03-07,2021,3,March,Mar,Q1,643020.68,454838.37,188182.31,29.27,Mila Diaz,Cobalt Technical Services,AGC-00109,Cobalt Technical Services,Cobalt Technical Services,Pioneer Holdings,France,Cobalt Technical Services,INV-2021-0006751,AGX-2021-007268-AGC-00109
2021-03-07,2021,3,March,Mar,Q1,889115.99,663433.42,225682.57,25.38,Julian Howard,Cobalt Drilling Solutions,AGC-00092,Cobalt Drilling Solutions,Cobalt Drilling Solutions,Helios Holdings,Nigeria,Cobalt Drilling Solutions,INV-2021-0007569,AGX-2021-008148-AGC-00092
2021-03-10,2021,3,March,Mar,Q1,79404.75,47424.33,31980.42,40.28,Grace Perry,Helios Energy Projects,AGC-00063,Helios Energy Projects,Helios Energy Projects,Vertex Holdings,Saudi Arabia,Helios Energy Projects,INV-2021-0006948,AGX-2021-007477-AGC-00063
2021-03-13,2021,3,March,Mar,Q1,169626.1,117596.9,52029.2,30.67,Theo Price,Meridian Flow Systems,AGC-00144,Meridian Flow Systems,Meridian Flow Systems,Sterling Holdings,Kenya,Meridian Flow Systems,INV-2021-0007712,AGX-2021-008304-AGC-00144
2021-03-18,2021,3,March,Mar,Q1,805855.24,530324.24,275531.0,34.19,Camille Martin,Meridian Refinery Services,AGC-00136,Meridian Refinery Services,Meridian Refinery Services,Northstar Holdings,Vietnam,Meridian Refinery Services,INV-2021-0007936,AGX-2021-008541-AGC-00136
2021-03-18,2021,3,March,Mar,Q1,1048385.63,659474.28,388911.35,37.1,Eva Lewis,Meridian Mechanical,AGC-00125,Meridian Mechanical,Meridian Mechanical,Independent Entity,Nigeria,Meridian Mechanical,INV-2021-0008095,AGX-2021-008708-AGC-00125
2021-03-20,2021,3,March,Mar,Q1,271951.5,180751.64,91199.86,33.54,Mila Diaz,Northstar Automation,AGC-00011,Northstar Automation,Northstar Automation,Redwood Holdings,United Arab Emirates,Northstar Automation,INV-2021-0007551,AGX-2021-008130-AGC-00011
2021-03-21,2021,3,March,Mar,Q1,451615.4,302141.37,149474.03,33.1,Grace Perry,Arcadia Field Services,AGC-00161,Arcadia Field Services,Arcadia Field Services,Keystone Holdings,Germany,Arcadia Field Services,INV-2021-0007102,AGX-2021-007643-AGC-00161
2021-03-21,2021,3,March,Mar,Q1,1185168.02,752843.29,432324.73,36.48,Adrian Walker,Northstar Marine Services,AGC-00002,Northstar Marine Services,Northstar Marine Services,Helios Holdings,Oman,Northstar Marine Services,INV-2021-0007299,AGX-2021-007861-AGC-00002
2021-03-24,2021,3,March,Mar,Q1,540455.99,360168.14,180287.85,33.36,Lina Sato,Northstar Rotating Equipment,AGC-00023,Northstar Rotating Equipment,Northstar Rotating Equipment,Falcon Holdings,United States,Northstar Rotating Equipment,INV-2021-0007513,AGX-2021-008090-AGC-00023
2021-03-26,2021,3,March,Mar,Q1,187296.38,132548.06,54748.32,29.23,Lucas Hayes,Helios Technical Supply,AGC-00061,Helios Technical Supply,Helios Technical Supply,Granite Holdings,Mexico,Helios Technical Supply,INV-2021-0006984,AGX-2021-007515-AGC-00061
2021-03-29,2021,3,March,Mar,Q1,613739.23,419397.64,194341.59,31.67,Zara Grant,Meridian Industrial Services,AGC-00143,Meridian Industrial Services,Meridian Industrial Services,Vantage Holdings,United Arab Emirates,Meridian Industrial Services,INV-2021-0006800,AGX-2021-007318-AGC-00143
2021-03-29,2021,3,March,Mar,Q1,247803.11,167361.94,80441.17,32.46,Lucas Hayes,Helios Waterworks,AGC-00047,Helios Waterworks,Helios Waterworks,Helios Holdings,Brazil,Helios Waterworks,INV-2021-0007931,AGX-2021-008535-AGC-00047
2021-04-04,2021,4,April,Apr,Q2,118277.29,72845.09,45432.2,38.41,Mila Diaz,Arcadia Mechanical Group,AGC-00179,Arcadia Mechanical Group,Arcadia Mechanical Group,Apex Holdings,Brazil,Arcadia Mechanical Group,INV-2021-0006987,AGX-2021-007519-AGC-00179
2021-04-04,2021,4,April,Apr,Q2,123611.17,81221.62,42389.55,34.29,Adrian Walker,Helios Infrastructure,AGC-00044,Helios Infrastructure,Helios Infrastructure,Apex Holdings,United Arab Emirates,Helios Infrastructure,INV-2021-0007523,AGX-2021-008101-AGC-00044
2021-04-11,2021,4,April,Apr,Q2,118384.78,90129.92,28254.86,23.87,Adrian Walker,Helios Resources,AGC-00058,Helios Resources,Helios Resources,Crescent Holdings,Poland,Helios Resources,INV-2021-0007103,AGX-2021-007644-AGC-00058
2021-04-11,2021,4,April,Apr,Q2,748580.38,445669.55,302910.83,40.46,Mila Diaz,Cobalt Infrastructure,AGC-00081,Cobalt Infrastructure,Cobalt Infrastructure,Monarch Holdings,Netherlands,Cobalt Infrastructure,INV-2021-0007752,AGX-2021-008346-AGC-00081
2021-04-13,2021,4,April,Apr,Q2,373530.94,254719.87,118811.07,31.81,Noah Keller,Meridian Marine Services,AGC-00113,Meridian Marine Services,Meridian Marine Services,Falcon Holdings,Brazil,Meridian Marine Services,INV-2021-0007316,AGX-2021-007880-AGC-00113
2021-04-15,2021,4,April,Apr,Q2,271857.16,160331.57,111525.59,41.02,Lucas Hayes,Northstar Flow Systems,AGC-00033,Northstar Flow Systems,Northstar Flow Systems,Pacific Crest Holdings,Colombia,Northstar Flow Systems,INV-2021-0007269,AGX-2021-007829-AGC-00033
2021-04-18,2021,4,April,Apr,Q2,651994.89,437897.62,214097.27,32.84,Leo Foster,Arcadia Process Solutions,AGC-00152,Arcadia Process Solutions,Arcadia Process Solutions,Harborline Holdings,Spain,Arcadia Process Solutions,INV-2021-0007218,AGX-2021-007769-AGC-00152
2021-04-20,2021,4,April,Apr,Q2,2493242.94,1627750.19,865492.75,34.71,Avery Morgan,Cobalt Process Controls,AGC-00090,Cobalt Process Controls,Cobalt Process Controls,Independent Entity,United Kingdom,Cobalt Process Controls,INV-2021-0006963,AGX-2021-007493-AGC-00090
2021-04-21,2021,4,April,Apr,Q2,846268.52,581292.78,264975.74,31.31,Lucas Hayes,Cobalt Energy Systems,AGC-00075,Cobalt Energy Systems,Cobalt Energy Systems,Independent Entity,Canada,Cobalt Energy Systems,INV-2021-0007640,AGX-2021-008225-AGC-00075
2021-04-22,2021,4,April,Apr,Q2,1369736.38,1024731.81,345004.57,25.19,Grace Perry,Northstar Technical Services,AGC-00035,Northstar Technical Services,Northstar Technical Services,Independent Entity,Oman,Northstar Technical Services,INV-2021-0007352,AGX-2021-007917-AGC-00035
2021-04-22,2021,4,April,Apr,Q2,1046897.33,748588.02,298309.31,28.49,Camille Martin,Arcadia Offshore Systems,AGC-00178,Arcadia Offshore Systems,Arcadia Offshore Systems,Lighthouse Holdings,South Korea,Arcadia Offshore Systems,INV-2021-0007780,AGX-2021-008376-AGC-00178
2021-04-24,2021,4,April,Apr,Q2,1978750.45,1426189.56,552560.89,27.92,Lina Sato,Northstar Marine Supply,AGC-00037,Northstar Marine Supply,Northstar Marine Supply,Frontier Holdings,Vietnam,Northstar Marine Supply,INV-2021-0006843,AGX-2021-007363-AGC-00037
2021-04-24,2021,4,April,Apr,Q2,895794.55,601967.11,293827.44,32.8,Adrian Walker,Northstar Process Controls,AGC-00016,Northstar Process Controls,Northstar Process Controls,Granite Holdings,Qatar,Northstar Process Controls,INV-2021-0007671,AGX-2021-008260-AGC-00016
2021-04-27,2021,4,April,Apr,Q2,340232.31,242965.18,97267.13,28.59,Camille Martin,Helios Energy Systems,AGC-00038,Helios Energy Systems,Helios Energy Systems,Trident Holdings,Argentina,Helios Energy Systems,INV-2021-0007328,AGX-2021-007893-AGC-00038
2021-04-27,2021,4,April,Apr,Q2,61645.83,43588.3,18057.53,29.29,Priya Nguyen,Helios Offshore Engineering,AGC-00042,Helios Offshore Engineering,Helios Offshore Engineering,Rivermark Holdings,Canada,Helios Offshore Engineering,INV-2021-0007449,AGX-2021-008024-AGC-00042
2021-04-29,2021,4,April,Apr,Q2,185667.4,130769.2,54898.2,29.57,Adrian Walker,Arcadia Petro Systems,AGC-00156,Arcadia Petro Systems,Arcadia Petro Systems,TerraNova Holdings,United Kingdom,Arcadia Petro Systems,INV-2021-0008183,AGX-2021-008803-AGC-00156
2021-05-04,2021,5,May,May,Q2,1310989.29,825947.18,485042.11,37.0,Grace Perry,Northstar Technical Services,AGC-00035,Northstar Technical Services,Northstar Technical Services,Independent Entity,Oman,Northstar Technical Services,INV-2021-0007596,AGX-2021-008176-AGC-00035
2021-05-07,2021,5,May,May,Q2,440430.92,292747.22,147683.7,33.53,Adrian Walker,Arcadia Petro Systems,AGC-00156,Arcadia Petro Systems,Arcadia Petro Systems,TerraNova Holdings,United Kingdom,Arcadia Petro Systems,INV-2021-0008126,AGX-2021-008741-AGC-00156
2021-05-12,2021,5,May,May,Q2,152365.18,96029.37,56335.81,36.97,Theo Price,Helios Marine Supply,AGC-00074,Helios Marine Supply,Helios Marine Supply,DeltaWorks Holdings,Australia,Helios Marine Supply,INV-2021-0006946,AGX-2021-007475-AGC-00074
2021-05-12,2021,5,May,May,Q2,973877.27,641116.85,332760.42,34.17,Camille Martin,Helios Controls,AGC-00066,Helios Controls,Helios Controls,TerraNova Holdings,Colombia,Helios Controls,INV-2021-0007669,AGX-2021-008258-AGC-00066
2021-05-14,2021,5,May,May,Q2,99608.19,68461.03,31147.16,31.27,Noah Keller,Meridian Offshore Systems,AGC-00141,Meridian Offshore Systems,Meridian Offshore Systems,Summit Holdings,Canada,Meridian Offshore Systems,INV-2021-0007959,AGX-2021-008564-AGC-00141
2021-05-16,2021,5,May,May,Q2,537285.17,368734.3,168550.87,31.37,Priya Nguyen,Helios Offshore Engineering,AGC-00042,Helios Offshore Engineering,Helios Offshore Engineering,Rivermark Holdings,Canada,Helios Offshore Engineering,INV-2021-0007850,AGX-2021-008449-AGC-00042
2021-05-19,2021,5,May,May,Q2,293925.0,191218.8,102706.2,34.94,Priya Nguyen,Meridian Energy Systems,AGC-00112,Meridian Energy Systems,Meridian Energy Systems,Clearwater Holdings,South Korea,Meridian Energy Systems,INV-2021-0007128,AGX-2021-007671-AGC-00112
2021-05-20,2021,5,May,May,Q2,542393.51,360559.62,181833.89,33.52,Lucas Hayes,Arcadia Automation,AGC-00159,Arcadia Automation,Arcadia Automation,Sierra Holdings,Japan,Arcadia Automation,INV-2021-0007087,AGX-2021-007628-AGC-00159
2021-05-20,2021,5,May,May,Q2,2006207.6,1368214.31,637993.29,31.8,Grace Perry,Northstar Resources,AGC-00021,Northstar Resources,Northstar Resources,TerraNova Holdings,South Africa,Northstar Resources,INV-2021-0007469,AGX-2021-008044-AGC-00021
2021-05-25,2021,5,May,May,Q2,85031.47,65870.93,19160.54,22.53,Lina Sato,Northstar Mining Services,AGC-00009,Northstar Mining Services,Northstar Mining Services,Sterling Holdings,Canada,Northstar Mining Services,INV-2021-0007915,AGX-2021-008519-AGC-00009
2021-05-28,2021,5,May,May,Q2,138595.73,92450.46,46145.27,33.29,Eva Lewis,Northstar Marine Engineering,AGC-00027,Northstar Marine Engineering,Northstar Marine Engineering,Equinox Holdings,Japan,Northstar Marine Engineering,INV-2021-0007006,AGX-2021-007541-AGC-00027
2021-05-28,2021,5,May,May,Q2,283336.67,186183.87,97152.8,34.29,Lina Sato,Cobalt Flow Systems,AGC-00107,Cobalt Flow Systems,Cobalt Flow Systems,Harborline Holdings,Australia,Cobalt Flow Systems,INV-2021-0007348,AGX-2021-007913-AGC-00107
2021-05-29,2021,5,May,May,Q2,606544.34,407784.8,198759.54,32.77,Adrian Walker,Meridian Industrial Group,AGC-00114,Meridian Industrial Group,Meridian Industrial Group,Sierra Holdings,Netherlands,Meridian Industrial Group,INV-2021-0007322,AGX-2021-007886-AGC-00114
2021-05-29,2021,5,May,May,Q2,618802.14,432006.22,186795.92,30.19,Priya Nguyen,Helios Offshore Engineering,AGC-00042,Helios Offshore Engineering,Helios Offshore Engineering,Rivermark Holdings,Canada,Helios Offshore Engineering,INV-2021-0007946,AGX-2021-008551-AGC-00042
2021-05-31,2021,5,May,May,Q2,684717.4,442013.69,242703.71,35.45,Camille Martin,Cobalt Instrumentation,AGC-00108,Cobalt Instrumentation,Cobalt Instrumentation,Vertex Holdings,Canada,Cobalt Instrumentation,INV-2021-0007273,AGX-2021-007833-AGC-00108
2021-06-02,2021,6,June,Jun,Q2,309397.1,192926.41,116470.69,37.64,Zara Grant,Cobalt Field Services,AGC-00087,Cobalt Field Services,Cobalt Field Services,Rivermark Holdings,South Africa,Cobalt Field Services,INV-2021-0006886,AGX-2021-007412-AGC-00087
2021-06-02,2021,6,June,Jun,Q2,721927.74,474699.99,247227.75,34.25,Leo Foster,Meridian Marine Engineering,AGC-00138,Meridian Marine Engineering,Meridian Marine Engineering,Cobalt Holdings,Italy,Meridian Marine Engineering,INV-2021-0007564,AGX-2021-008143-AGC-00138
2021-06-03,2021,6,June,Jun,Q2,116583.1,78739.31,37843.79,32.46,Lina Sato,Meridian Technical Supply,AGC-00135,Meridian Technical Supply,Meridian Technical Supply,Independent Entity,Malaysia,Meridian Technical Supply,INV-2021-0007733,AGX-2021-008327-AGC-00135
2021-06-08,2021,6,June,Jun,Q2,50218.54,31647.0,18571.54,36.98,Eva Lewis,Cobalt Marine Supply,AGC-00111,Cobalt Marine Supply,Cobalt Marine Supply,TerraNova Holdings,Kenya,Cobalt Marine Supply,INV-2021-0007605,AGX-2021-008186-AGC-00111
2021-06-09,2021,6,June,Jun,Q2,1263323.45,846623.86,416699.59,32.98,Theo Price,Cobalt Production Services,AGC-00102,Cobalt Production Services,Cobalt Production Services,NovaGrid Holdings,Malaysia,Cobalt Production Services,INV-2021-0006834,AGX-2021-007354-AGC-00102
2021-06-11,2021,6,June,Jun,Q2,2441273.09,1721603.36,719669.73,29.48,Julian Howard,Northstar Petro Systems,AGC-00008,Northstar Petro Systems,Northstar Petro Systems,Vantage Holdings,Australia,Northstar Petro Systems,INV-2021-0007840,AGX-2021-008439-AGC-00008
2021-06-15,2021,6,June,Jun,Q2,538568.1,398045.75,140522.35,26.09,Zara Grant,Arcadia Rotating Equipment,AGC-00171,Arcadia Rotating Equipment,Arcadia Rotating Equipment,Monarch Holdings,Italy,Arcadia Rotating Equipment,INV-2021-0008227,AGX-2021-008850-AGC-00171
2021-06-18,2021,6,June,Jun,Q2,485948.08,330300.98,155647.1,32.03,Adrian Walker,Cobalt Utilities,AGC-00086,Cobalt Utilities,Cobalt Utilities,Zenith Holdings,Spain,Cobalt Utilities,INV-2021-0006999,AGX-2021-007534-AGC-00086
2021-06-18,2021,6,June,Jun,Q2,143220.59,103457.48,39763.11,27.76,Noah Keller,Meridian Marine Services,AGC-00113,Meridian Marine Services,Meridian Marine Services,Falcon Holdings,Brazil,Meridian Marine Services,INV-2021-0007654,AGX-2021-008240-AGC-00113
2021-06-26,2021,6,June,Jun,Q2,4569.2,3229.72,1339.48,29.32,Avery Morgan,Cobalt Marine Services,AGC-00076,Cobalt Marine Services,Cobalt Marine Services,Silverline Holdings,France,Cobalt Marine Services,INV-2021-0007635,AGX-2021-008220-AGC-00076
2021-07-03,2021,7,July,Jul,Q3,2621940.52,1617113.65,1004826.87,38.32,Zara Grant,Helios Pipeline Services,AGC-00059,Helios Pipeline Services,Helios Pipeline Services,Ironwood Holdings,Nigeria,Helios Pipeline Services,INV-2021-0007429,AGX-2021-008002-AGC-00059
2021-07-04,2021,7,July,Jul,Q3,99028.24,64093.31,34934.93,35.28,Lucas Hayes,Cobalt Power Partners,AGC-00089,Cobalt Power Partners,Cobalt Power Partners,Apex Holdings,United States,Cobalt Power Partners,INV-2021-0007507,AGX-2021-008084-AGC-00089
2021-07-05,2021,7,July,Jul,Q3,197363.65,139517.91,57845.74,29.31,Mila Diaz,Meridian Energy Projects,AGC-00137,Meridian Energy Projects,Meridian Energy Projects,Helios Holdings,Argentina,Meridian Energy Projects,INV-2021-0007347,AGX-2021-007912-AGC-00137
2021-07-07,2021,7,July,Jul,Q3,224352.1,151159.67,73192.43,32.62,Leo Foster,Meridian Field Services,AGC-00124,Meridian Field Services,Meridian Field Services,Beacon Holdings,Poland,Meridian Field Services,INV-2021-0007415,AGX-2021-007987-AGC-00124
2021-07-10,2021,7,July,Jul,Q3,1104027.15,806611.21,297415.94,26.94,Eva Lewis,Northstar Field Services,AGC-00013,Northstar Field Services,Northstar Field Services,Crescent Holdings,South Korea,Northstar Field Services,INV-2021-0006838,AGX-2021-007358-AGC-00013
2021-07-13,2021,7,July,Jul,Q3,858013.56,573567.93,284445.63,33.15,Theo Price,Meridian Flow Systems,AGC-00144,Meridian Flow Systems,Meridian Flow Systems,Sterling Holdings,Kenya,Meridian Flow Systems,INV-2021-0007056,AGX-2021-007595-AGC-00144
2021-07-18,2021,7,July,Jul,Q3,106118.02,69540.17,36577.85,34.47,Grace Perry,Meridian Pipeline Services,AGC-00133,Meridian Pipeline Services,Meridian Pipeline Services,Lighthouse Holdings,Norway,Meridian Pipeline Services,INV-2021-0006816,AGX-2021-007335-AGC-00133
2021-07-20,2021,7,July,Jul,Q3,560374.32,355463.48,204910.84,36.57,Avery Morgan,Arcadia Utilities,AGC-00160,Arcadia Utilities,Arcadia Utilities,Independent Entity,Mexico,Arcadia Utilities,INV-2021-0007305,AGX-2021-007867-AGC-00160
2021-07-22,2021,7,July,Jul,Q3,19256.86,12078.87,7177.99,37.27,Theo Price,Helios Marine Supply,AGC-00074,Helios Marine Supply,Helios Marine Supply,DeltaWorks Holdings,Australia,Helios Marine Supply,INV-2021-0007367,AGX-2021-007932-AGC-00074
2021-07-24,2021,7,July,Jul,Q3,285963.78,184003.29,101960.49,35.66,Zara Grant,Cobalt Marine Engineering,AGC-00101,Cobalt Marine Engineering,Cobalt Marine Engineering,Redwood Holdings,Oman,Cobalt Marine Engineering,INV-2021-0007632,AGX-2021-008217-AGC-00101
2021-07-24,2021,7,July,Jul,Q3,181884.72,124747.99,57136.73,31.41,Mila Diaz,Meridian Energy Projects,AGC-00137,Meridian Energy Projects,Meridian Energy Projects,Helios Holdings,Argentina,Meridian Energy Projects,INV-2021-0007765,AGX-2021-008361-AGC-00137
2021-07-28,2021,7,July,Jul,Q3,207376.23,139876.35,67499.88,32.55,Lucas Hayes,Meridian Instrumentation,AGC-00145,Meridian Instrumentation,Meridian Instrumentation,Independent Entity,South Korea,Meridian Instrumentation,INV-2021-0007478,AGX-2021-008054-AGC-00145
2021-07-28,2021,7,July,Jul,Q3,133718.4,89888.86,43829.54,32.78,Julian Howard,Helios Marine Engineering,AGC-00064,Helios Marine Engineering,Helios Marine Engineering,Pioneer Holdings,Egypt,Helios Marine Engineering,INV-2021-0007556,AGX-2021-008135-AGC-00064
2021-07-31,2021,7,July,Jul,Q3,80398.39,51354.8,29043.59,36.12,Zara Grant,Helios Pipeline Services,AGC-00059,Helios Pipeline Services,Helios Pipeline Services,Ironwood Holdings,Nigeria,Helios Pipeline Services,INV-2021-0007472,AGX-2021-008048-AGC-00059
2021-08-01,2021,8,August,Aug,Q3,393018.61,268195.59,124823.02,31.76,Eva Lewis,Northstar Marine Engineering,AGC-00027,Northstar Marine Engineering,Northstar Marine Engineering,Equinox Holdings,Japan,Northstar Marine Engineering,INV-2021-0007065,AGX-2021-007605-AGC-00027
2021-08-01,2021,8,August,Aug,Q3,819253.42,582452.84,236800.58,28.9,Leo Foster,Northstar Energy Projects,AGC-00026,Northstar Energy Projects,Northstar Energy Projects,Keystone Holdings,Nigeria,Northstar Energy Projects,INV-2021-0007528,AGX-2021-008106-AGC-00026
2021-08-02,2021,8,August,Aug,Q3,10556.64,6644.81,3911.83,37.06,Mila Diaz,Northstar Refinery Services,AGC-00025,Northstar Refinery Services,Northstar Refinery Services,Independent Entity,Poland,Northstar Refinery Services,INV-2021-0007425,AGX-2021-007997-AGC-00025
2021-08-04,2021,8,August,Aug,Q3,1105027.46,742690.02,362337.44,32.79,Noah Keller,Arcadia Resources,AGC-00169,Arcadia Resources,Arcadia Resources,Beacon Holdings,Vietnam,Arcadia Resources,INV-2021-0007018,AGX-2021-007553-AGC-00169
2021-08-06,2021,8,August,Aug,Q3,565234.33,352676.66,212557.67,37.61,Theo Price,Northstar Process Solutions,AGC-00004,Northstar Process Solutions,Northstar Process Solutions,Meridian Holdings,Vietnam,Northstar Process Solutions,INV-2021-0007968,AGX-2021-008575-AGC-00004
2021-08-07,2021,8,August,Aug,Q3,548161.38,375873.94,172287.44,31.43,Leo Foster,Helios Industrial Group,AGC-00040,Helios Industrial Group,Helios Industrial Group,Independent Entity,Ghana,Helios Industrial Group,INV-2021-0006871,AGX-2021-007396-AGC-00040
2021-08-07,2021,8,August,Aug,Q3,2247757.67,1600394.62,647363.05,28.8,Noah Keller,Meridian Offshore Systems,AGC-00141,Meridian Offshore Systems,Meridian Offshore Systems,Summit Holdings,Canada,Meridian Offshore Systems,INV-2021-0007555,AGX-2021-008134-AGC-00141
2021-08-07,2021,8,August,Aug,Q3,61870.51,41035.77,20834.74,33.67,Lina Sato,Meridian Waterworks,AGC-00121,Meridian Waterworks,Meridian Waterworks,Silverline Holdings,Indonesia,Meridian Waterworks,INV-2021-0007704,AGX-2021-008296-AGC-00121
2021-08-08,2021,8,August,Aug,Q3,1090206.71,748379.21,341827.5,31.35,Grace Perry,Cobalt Engineering,AGC-00091,Cobalt Engineering,Cobalt Engineering,Northstar Holdings,Poland,Cobalt Engineering,INV-2021-0007659,AGX-2021-008247-AGC-00091
2021-08-09,2021,8,August,Aug,Q3,361430.94,251862.52,109568.42,30.32,Leo Foster,Arcadia Drilling Solutions,AGC-00166,Arcadia Drilling Solutions,Arcadia Drilling Solutions,Silverline Holdings,Norway,Arcadia Drilling Solutions,INV-2021-0006874,AGX-2021-007399-AGC-00166
2021-08-14,2021,8,August,Aug,Q3,277993.9,186671.49,91322.41,32.85,Zara Grant,Northstar Engineering,AGC-00017,Northstar Engineering,Northstar Engineering,Harborline Holdings,Singapore,Northstar Engineering,INV-2021-0007024,AGX-2021-007560-AGC-00017
2021-08-14,2021,8,August,Aug,Q3,85791.18,57823.03,27968.15,32.6,Leo Foster,Cobalt Industrial Solutions,AGC-00110,Cobalt Industrial Solutions,Cobalt Industrial Solutions,Independent Entity,United Arab Emirates,Cobalt Industrial Solutions,INV-2021-0007111,AGX-2021-007653-AGC-00110
2021-08-14,2021,8,August,Aug,Q3,141112.62,97638.8,43473.82,30.81,Avery Morgan,Northstar Industrial Maintenance,AGC-00020,Northstar Industrial Maintenance,Northstar Industrial Maintenance,Independent Entity,Spain,Northstar Industrial Maintenance,INV-2021-0007790,AGX-2021-008387-AGC-00020
2021-08-15,2021,8,August,Aug,Q3,225817.51,141004.26,84813.25,37.56,Eva Lewis,Cobalt Mining Services,AGC-00083,Cobalt Mining Services,Cobalt Mining Services,Trident Holdings,Singapore,Cobalt Mining Services,INV-2021-0006814,AGX-2021-007333-AGC-00083
2021-08-16,2021,8,August,Aug,Q3,562087.86,326455.94,235631.92,41.92,Theo Price,Helios Marine Supply,AGC-00074,Helios Marine Supply,Helios Marine Supply,DeltaWorks Holdings,Australia,Helios Marine Supply,INV-2021-0007330,AGX-2021-007895-AGC-00074
2021-08-16,2021,8,August,Aug,Q3,180489.57,124646.41,55843.16,30.94,Eva Lewis,Northstar Field Services,AGC-00013,Northstar Field Services,Northstar Field Services,Crescent Holdings,South Korea,Northstar Field Services,INV-2021-0007865,AGX-2021-008465-AGC-00013
2021-08-17,2021,8,August,Aug,Q3,852280.8,654385.82,197894.98,23.22,Julian Howard,Cobalt Drilling Solutions,AGC-00092,Cobalt Drilling Solutions,Cobalt Drilling Solutions,Helios Holdings,Nigeria,Cobalt Drilling Solutions,INV-2021-0006742,AGX-2021-007257-AGC-00092
2021-08-18,2021,8,August,Aug,Q3,206954.01,143162.77,63791.24,30.82,Mila Diaz,Helios Marine Services,AGC-00039,Helios Marine Services,Helios Marine Services,Cascade Holdings,Italy,Helios Marine Services,INV-2021-0007049,AGX-2021-007587-AGC-00039
2021-08-21,2021,8,August,Aug,Q3,7057950.21,4916545.56,2141404.65,30.34,Adrian Walker,Arcadia Pipeline Services,AGC-00170,Arcadia Pipeline Services,Arcadia Pipeline Services,Independent Entity,Argentina,Arcadia Pipeline Services,INV-2021-0008099,AGX-2021-008712-AGC-00170
2021-08-23,2021,8,August,Aug,Q3,2995532.84,2297117.38,698415.46,23.32,Theo Price,Northstar Industrial Services,AGC-00032,Northstar Industrial Services,Northstar Industrial Services,Noble Ridge Holdings,India,Northstar Industrial Services,INV-2021-0007141,AGX-2021-007689-AGC-00032
2021-08-24,2021,8,August,Aug,Q3,686606.75,472836.41,213770.34,31.13,Lina Sato,Northstar Marine Supply,AGC-00037,Northstar Marine Supply,Northstar Marine Supply,Frontier Holdings,Vietnam,Northstar Marine Supply,INV-2021-0006851,AGX-2021-007372-AGC-00037
2021-08-26,2021,8,August,Aug,Q3,612399.57,431329.38,181070.19,29.57,Grace Perry,Meridian Industrial Solutions,AGC-00147,Meridian Industrial Solutions,Meridian Industrial Solutions,NovaGrid Holdings,Netherlands,Meridian Industrial Solutions,INV-2021-0007511,AGX-2021-008088-AGC-00147
2021-08-27,2021,8,August,Aug,Q3,446121.22,341594.83,104526.39,23.43,Eva Lewis,Helios Process Solutions,AGC-00041,Helios Process Solutions,Helios Process Solutions,Zenith Holdings,Australia,Helios Process Solutions,INV-2021-0007084,AGX-2021-007625-AGC-00041
2021-08-27,2021,8,August,Aug,Q3,113235.93,73602.48,39633.45,35.0,Lina Sato,Cobalt Flow Systems,AGC-00107,Cobalt Flow Systems,Cobalt Flow Systems,Harborline Holdings,Australia,Cobalt Flow Systems,INV-2021-0007312,AGX-2021-007876-AGC-00107
2021-08-29,2021,8,August,Aug,Q3,275540.77,192306.93,83233.84,30.21,Mila Diaz,Meridian Utilities,AGC-00123,Meridian Utilities,Meridian Utilities,Pacific Crest Holdings,United Kingdom,Meridian Utilities,INV-2021-0006926,AGX-2021-007453-AGC-00123
2021-09-04,2021,9,September,Sep,Q3,282181.88,181532.13,100649.75,35.67,Lina Sato,Cobalt Offshore Engineering,AGC-00079,Cobalt Offshore Engineering,Cobalt Offshore Engineering,Beacon Holdings,South Korea,Cobalt Offshore Engineering,INV-2021-0006798,AGX-2021-007316-AGC-00079
2021-09-06,2021,9,September,Sep,Q3,270247.96,182833.38,87414.58,32.35,Theo Price,Arcadia Waterworks,AGC-00158,Arcadia Waterworks,Arcadia Waterworks,Falcon Holdings,Nigeria,Arcadia Waterworks,INV-2021-0006887,AGX-2021-007413-AGC-00158
2021-09-06,2021,9,September,Sep,Q3,310200.9,213465.09,96735.81,31.18,Julian Howard,Meridian Marine Supply,AGC-00148,Meridian Marine Supply,Meridian Marine Supply,Crescent Holdings,Qatar,Meridian Marine Supply,INV-2021-0007323,AGX-2021-007887-AGC-00148
2021-09-06,2021,9,September,Sep,Q3,872434.41,635005.98,237428.43,27.21,Zara Grant,Meridian Industrial Services,AGC-00143,Meridian Industrial Services,Meridian Industrial Services,Vantage Holdings,United Arab Emirates,Meridian Industrial Services,INV-2021-0007618,AGX-2021-008199-AGC-00143
2021-09-07,2021,9,September,Sep,Q3,1075091.52,722030.96,353060.56,32.84,Avery Morgan,Northstar Instrumentation,AGC-00034,Northstar Instrumentation,Northstar Instrumentation,Beacon Holdings,Norway,Northstar Instrumentation,INV-2021-0007480,AGX-2021-008056-AGC-00034
2021-09-09,2021,9,September,Sep,Q3,449835.4,295770.83,154064.57,34.25,Lucas Hayes,Meridian Industrial Maintenance,AGC-00131,Meridian Industrial Maintenance,Meridian Industrial Maintenance,Zenith Holdings,India,Meridian Industrial Maintenance,INV-2021-0007376,AGX-2021-007943-AGC-00131
2021-09-10,2021,9,September,Sep,Q3,2527580.27,1617981.5,909598.77,35.99,Julian Howard,Cobalt Drilling Solutions,AGC-00092,Cobalt Drilling Solutions,Cobalt Drilling Solutions,Helios Holdings,Nigeria,Cobalt Drilling Solutions,INV-2021-0007388,AGX-2021-007957-AGC-00092
2021-09-16,2021,9,September,Sep,Q3,165254.64,110796.02,54458.62,32.95,Zara Grant,Helios Pipeline Services,AGC-00059,Helios Pipeline Services,Helios Pipeline Services,Ironwood Holdings,Nigeria,Helios Pipeline Services,INV-2021-0007068,AGX-2021-007608-AGC-00059
2021-09-19,2021,9,September,Sep,Q3,639425.96,408560.83,230865.13,36.11,Eva Lewis,Arcadia Compression,AGC-00167,Arcadia Compression,Arcadia Compression,Noble Ridge Holdings,Oman,Arcadia Compression,INV-2021-0007856,AGX-2021-008455-AGC-00167
2021-09-20,2021,9,September,Sep,Q3,219695.0,141017.54,78677.46,35.81,Zara Grant,Arcadia Rotating Equipment,AGC-00171,Arcadia Rotating Equipment,Arcadia Rotating Equipment,Monarch Holdings,Italy,Arcadia Rotating Equipment,INV-2021-0007501,AGX-2021-008078-AGC-00171
2021-09-22,2021,9,September,Sep,Q3,2632611.95,1923833.8,708778.15,26.92,Avery Morgan,Helios Refinery Services,AGC-00062,Helios Refinery Services,Helios Refinery Services,Harborline Holdings,Germany,Helios Refinery Services,INV-2021-0007958,AGX-2021-008563-AGC-00062
2021-09-23,2021,9,September,Sep,Q3,73407.02,49500.34,23906.68,32.57,Camille Martin,Helios Power Partners,AGC-00052,Helios Power Partners,Helios Power Partners,BluePeak Holdings,Chile,Helios Power Partners,INV-2021-0006778,AGX-2021-007295-AGC-00052
2021-09-23,2021,9,September,Sep,Q3,49956.29,32661.7,17294.59,34.62,Grace Perry,Cobalt Industrial Group,AGC-00077,Cobalt Industrial Group,Cobalt Industrial Group,Noble Ridge Holdings,United Arab Emirates,Cobalt Industrial Group,INV-2021-0007598,AGX-2021-008178-AGC-00077
2021-09-23,2021,9,September,Sep,Q3,367641.69,238719.8,128921.89,35.07,Theo Price,Helios Rotating Equipment,AGC-00060,Helios Rotating Equipment,Helios Rotating Equipment,Independent Entity,Japan,Helios Rotating Equipment,INV-2021-0007935,AGX-2021-008540-AGC-00060
2021-09-25,2021,9,September,Sep,Q3,134739.85,82077.62,52662.23,39.08,Lina Sato,Cobalt Compression,AGC-00093,Cobalt Compression,Cobalt Compression,Cobalt Holdings,Japan,Cobalt Compression,INV-2021-0006905,AGX-2021-007431-AGC-00093
2021-09-27,2021,9,September,Sep,Q3,817075.85,587384.42,229691.43,28.11,Leo Foster,Arcadia Industrial Services,AGC-00180,Arcadia Industrial Services,Arcadia Industrial Services,Independent Entity,Netherlands,Arcadia Industrial Services,INV-2021-0006988,AGX-2021-007520-AGC-00180
2021-10-01,2021,10,October,Oct,Q4,35977.36,24974.35,11003.01,30.58,Lina Sato,Helios Mechanical,AGC-00051,Helios Mechanical,Helios Mechanical,Summit Holdings,Thailand,Helios Mechanical,INV-2021-0007066,AGX-2021-007606-AGC-00051
2021-10-05,2021,10,October,Oct,Q4,627863.58,419439.64,208423.94,33.2,Camille Martin,Cobalt Instrumentation,AGC-00108,Cobalt Instrumentation,Cobalt Instrumentation,Vertex Holdings,Canada,Cobalt Instrumentation,INV-2021-0007600,AGX-2021-008180-AGC-00108
2021-10-05,2021,10,October,Oct,Q4,139381.12,92429.99,46951.13,33.69,Mila Diaz,Helios Process Controls,AGC-00053,Helios Process Controls,Helios Process Controls,Vantage Holdings,Spain,Helios Process Controls,INV-2021-0008039,AGX-2021-008649-AGC-00053
2021-10-09,2021,10,October,Oct,Q4,720019.15,537921.83,182097.32,25.29,Leo Foster,Arcadia Drilling Solutions,AGC-00166,Arcadia Drilling Solutions,Arcadia Drilling Solutions,Silverline Holdings,Norway,Arcadia Drilling Solutions,INV-2021-0008083,AGX-2021-008696-AGC-00166
2021-10-10,2021,10,October,Oct,Q4,265268.66,190162.36,75106.3,28.31,Priya Nguyen,Helios Offshore Engineering,AGC-00042,Helios Offshore Engineering,Helios Offshore Engineering,Rivermark Holdings,Canada,Helios Offshore Engineering,INV-2021-0007073,AGX-2021-007613-AGC-00042
2021-10-11,2021,10,October,Oct,Q4,537356.11,345866.98,191489.13,35.64,Grace Perry,Cobalt Industrial Group,AGC-00077,Cobalt Industrial Group,Cobalt Industrial Group,Noble Ridge Holdings,United Arab Emirates,Cobalt Industrial Group,INV-2021-0007261,AGX-2021-007821-AGC-00077
2021-10-12,2021,10,October,Oct,Q4,754960.02,489897.76,265062.26,35.11,Zara Grant,Northstar Industrial Group,AGC-00003,Northstar Industrial Group,Northstar Industrial Group,Cobalt Holdings,Malaysia,Northstar Industrial Group,INV-2021-0006786,AGX-2021-007303-AGC-00003
2021-10-15,2021,10,October,Oct,Q4,1038165.24,668198.26,369966.98,35.64,Noah Keller,Cobalt Refinery Services,AGC-00099,Cobalt Refinery Services,Cobalt Refinery Services,Sterling Holdings,Colombia,Cobalt Refinery Services,INV-2021-0007969,AGX-2021-008576-AGC-00099
2021-10-15,2021,10,October,Oct,Q4,257184.5,186504.62,70679.88,27.48,Zara Grant,Arcadia Mining Services,AGC-00157,Arcadia Mining Services,Arcadia Mining Services,Clearwater Holdings,Poland,Arcadia Mining Services,INV-2021-0008159,AGX-2021-008776-AGC-00157
2021-10-17,2021,10,October,Oct,Q4,253195.54,182826.54,70369.0,27.79,Priya Nguyen,Arcadia Flow Technologies,AGC-00154,Arcadia Flow Technologies,Arcadia Flow Technologies,Pioneer Holdings,Indonesia,Arcadia Flow Technologies,INV-2021-0007110,AGX-2021-007652-AGC-00154
2021-10-21,2021,10,October,Oct,Q4,78386.41,55385.03,23001.38,29.34,Lucas Hayes,Helios Technical Supply,AGC-00061,Helios Technical Supply,Helios Technical Supply,Granite Holdings,Mexico,Helios Technical Supply,INV-2021-0008104,AGX-2021-008717-AGC-00061
2021-10-22,2021,10,October,Oct,Q4,176855.06,109660.04,67195.02,37.99,Lucas Hayes,Northstar Flow Systems,AGC-00033,Northstar Flow Systems,Northstar Flow Systems,Pacific Crest Holdings,Colombia,Northstar Flow Systems,INV-2021-0007400,AGX-2021-007970-AGC-00033
2021-10-25,2021,10,October,Oct,Q4,13125.32,8521.62,4603.7,35.07,Avery Morgan,Arcadia Energy Projects,AGC-00174,Arcadia Energy Projects,Arcadia Energy Projects,Cascade Holdings,Canada,Arcadia Energy Projects,INV-2021-0008130,AGX-2021-008746-AGC-00174
2021-10-26,2021,10,October,Oct,Q4,211987.91,147740.14,64247.77,30.31,Adrian Walker,Northstar Marine Services,AGC-00002,Northstar Marine Services,Northstar Marine Services,Helios Holdings,Oman,Northstar Marine Services,INV-2021-0007809,AGX-2021-008406-AGC-00002
2021-10-26,2021,10,October,Oct,Q4,28190.36,20033.61,8156.75,28.93,Grace Perry,Helios Utilities,AGC-00049,Helios Utilities,Helios Utilities,Meridian Holdings,Qatar,Helios Utilities,INV-2021-0008136,AGX-2021-008752-AGC-00049
2021-10-27,2021,10,October,Oct,Q4,683464.47,436652.26,246812.21,36.11,Adrian Walker,Arcadia Petro Systems,AGC-00156,Arcadia Petro Systems,Arcadia Petro Systems,TerraNova Holdings,United Kingdom,Arcadia Petro Systems,INV-2021-0007160,AGX-2021-007708-AGC-00156
2021-10-27,2021,10,October,Oct,Q4,95642.09,64808.9,30833.19,32.24,Adrian Walker,Meridian Engineering,AGC-00128,Meridian Engineering,Meridian Engineering,Trident Holdings,Germany,Meridian Engineering,INV-2021-0007745,AGX-2021-008339-AGC-00128
2021-10-29,2021,10,October,Oct,Q4,192823.62,134574.92,58248.7,30.21,Julian Howard,Northstar Industrial Solutions,AGC-00036,Northstar Industrial Solutions,Northstar Industrial Solutions,Monarch Holdings,Malaysia,Northstar Industrial Solutions,INV-2021-0007321,AGX-2021-007885-AGC-00036
2021-10-31,2021,10,October,Oct,Q4,646319.51,477545.89,168773.62,26.11,Lucas Hayes,Northstar Offshore Engineering,AGC-00005,Northstar Offshore Engineering,Northstar Offshore Engineering,Independent Entity,Argentina,Northstar Offshore Engineering,INV-2021-0007099,AGX-2021-007640-AGC-00005
2021-10-31,2021,10,October,Oct,Q4,286309.84,182170.96,104138.88,36.37,Lina Sato,Cobalt Flow Systems,AGC-00107,Cobalt Flow Systems,Cobalt Flow Systems,Harborline Holdings,Australia,Cobalt Flow Systems,INV-2021-0007162,AGX-2021-007710-AGC-00107
2021-11-02,2021,11,November,Nov,Q4,189585.59,133771.35,55814.24,29.44,Zara Grant,Northstar Industrial Group,AGC-00003,Northstar Industrial Group,Northstar Industrial Group,Cobalt Holdings,Malaysia,Northstar Industrial Group,INV-2021-0007753,AGX-2021-008347-AGC-00003
2021-11-03,2021,11,November,Nov,Q4,1971.64,1218.84,752.8,38.18,Zara Grant,Meridian Drilling Solutions,AGC-00129,Meridian Drilling Solutions,Meridian Drilling Solutions,Cascade Holdings,Saudi Arabia,Meridian Drilling Solutions,INV-2021-0006961,AGX-2021-007491-AGC-00129
2021-11-04,2021,11,November,Nov,Q4,222014.06,139638.93,82375.13,37.1,Mila Diaz,Helios Offshore Systems,AGC-00067,Helios Offshore Systems,Helios Offshore Systems,Clearwater Holdings,Norway,Helios Offshore Systems,INV-2021-0007396,AGX-2021-007966-AGC-00067
2021-11-05,2021,11,November,Nov,Q4,1742648.23,1101190.27,641457.96,36.81,Eva Lewis,Arcadia Offshore Engineering,AGC-00153,Arcadia Offshore Engineering,Arcadia Offshore Engineering,Vertex Holdings,South Africa,Arcadia Offshore Engineering,INV-2021-0006997,AGX-2021-007532-AGC-00153
2021-11-05,2021,11,November,Nov,Q4,60809.05,40044.3,20764.75,34.15,Lina Sato,Helios Mechanical,AGC-00051,Helios Mechanical,Helios Mechanical,Summit Holdings,Thailand,Helios Mechanical,INV-2021-0007490,AGX-2021-008066-AGC-00051
2021-11-06,2021,11,November,Nov,Q4,482048.89,333653.39,148395.5,30.78,Lina Sato,Meridian Waterworks,AGC-00121,Meridian Waterworks,Meridian Waterworks,Silverline Holdings,Indonesia,Meridian Waterworks,INV-2021-0007514,AGX-2021-008091-AGC-00121
2021-11-06,2021,11,November,Nov,Q4,919474.49,594505.31,324969.18,35.34,Lucas Hayes,Northstar Compression,AGC-00019,Northstar Compression,Northstar Compression,Pioneer Holdings,Chile,Northstar Compression,INV-2021-0007595,AGX-2021-008175-AGC-00019
2021-11-06,2021,11,November,Nov,Q4,316935.3,201172.95,115762.35,36.53,Eva Lewis,Helios Industrial Services,AGC-00069,Helios Industrial Services,Helios Industrial Services,Sierra Holdings,Malaysia,Helios Industrial Services,INV-2021-0007849,AGX-2021-008448-AGC-00069
2021-11-09,2021,11,November,Nov,Q4,633548.04,404890.33,228657.71,36.09,Noah Keller,Arcadia Resources,AGC-00169,Arcadia Resources,Arcadia Resources,Beacon Holdings,Vietnam,Arcadia Resources,INV-2021-0006872,AGX-2021-007397-AGC-00169
2021-11-10,2021,11,November,Nov,Q4,33426.73,20547.2,12879.53,38.53,Eva Lewis,Cobalt Rotating Equipment,AGC-00097,Cobalt Rotating Equipment,Cobalt Rotating Equipment,BluePeak Holdings,Egypt,Cobalt Rotating Equipment,INV-2021-0006761,AGX-2021-007278-AGC-00097
2021-11-15,2021,11,November,Nov,Q4,772335.62,567932.2,204403.42,26.47,Leo Foster,Arcadia Drilling Solutions,AGC-00166,Arcadia Drilling Solutions,Arcadia Drilling Solutions,Silverline Holdings,Norway,Arcadia Drilling Solutions,INV-2021-0007127,AGX-2021-007670-AGC-00166
2021-11-15,2021,11,November,Nov,Q4,3457044.65,2617008.47,840036.18,24.3,Lucas Hayes,Helios Technical Supply,AGC-00061,Helios Technical Supply,Helios Technical Supply,Granite Holdings,Mexico,Helios Technical Supply,INV-2021-0007161,AGX-2021-007709-AGC-00061
2021-11-16,2021,11,November,Nov,Q4,461183.42,305778.67,155404.75,33.7,Lucas Hayes,Cobalt Controls,AGC-00103,Cobalt Controls,Cobalt Controls,Crescent Holdings,Vietnam,Cobalt Controls,INV-2021-0007781,AGX-2021-008377-AGC-00103
2021-11-18,2021,11,November,Nov,Q4,428875.5,302541.58,126333.92,29.46,Lucas Hayes,Northstar Offshore Engineering,AGC-00005,Northstar Offshore Engineering,Northstar Offshore Engineering,Independent Entity,Argentina,Northstar Offshore Engineering,INV-2021-0007194,AGX-2021-007743-AGC-00005
2021-11-18,2021,11,November,Nov,Q4,91584.82,62383.26,29201.56,31.88,Zara Grant,Northstar Engineering,AGC-00017,Northstar Engineering,Northstar Engineering,Harborline Holdings,Singapore,Northstar Engineering,INV-2021-0007633,AGX-2021-008218-AGC-00017
2021-11-20,2021,11,November,Nov,Q4,265608.75,178348.49,87260.26,32.85,Eva Lewis,Helios Process Solutions,AGC-00041,Helios Process Solutions,Helios Process Solutions,Zenith Holdings,Australia,Helios Process Solutions,INV-2021-0007615,AGX-2021-008196-AGC-00041
2021-11-23,2021,11,November,Nov,Q4,440820.44,298946.3,141874.14,32.18,Zara Grant,Northstar Mechanical Group,AGC-00031,Northstar Mechanical Group,Northstar Mechanical Group,Silverline Holdings,Egypt,Northstar Mechanical Group,INV-2021-0007481,AGX-2021-008057-AGC-00031
2021-11-26,2021,11,November,Nov,Q4,109445.79,77445.3,32000.49,29.24,Lucas Hayes,Northstar Offshore Engineering,AGC-00005,Northstar Offshore Engineering,Northstar Offshore Engineering,Independent Entity,Argentina,Northstar Offshore Engineering,INV-2021-0008070,AGX-2021-008683-AGC-00005
2021-11-28,2021,11,November,Nov,Q4,943250.57,688061.97,255188.6,27.05,Eva Lewis,Northstar Field Services,AGC-00013,Northstar Field Services,Northstar Field Services,Crescent Holdings,South Korea,Northstar Field Services,INV-2021-0008059,AGX-2021-008671-AGC-00013
2021-11-30,2021,11,November,Nov,Q4,406963.48,254863.6,152099.88,37.37,Lucas Hayes,Northstar Compression,AGC-00019,Northstar Compression,Northstar Compression,Pioneer Holdings,Chile,Northstar Compression,INV-2021-0006777,AGX-2021-007294-AGC-00019
2021-12-01,2021,12,December,Dec,Q4,399553.45,267930.7,131622.75,32.94,Adrian Walker,Cobalt Utilities,AGC-00086,Cobalt Utilities,Cobalt Utilities,Zenith Holdings,Spain,Cobalt Utilities,INV-2021-0007178,AGX-2021-007727-AGC-00086
2021-12-02,2021,12,December,Dec,Q4,1398329.52,1025232.45,373097.07,26.68,Eva Lewis,Cobalt Marine Supply,AGC-00111,Cobalt Marine Supply,Cobalt Marine Supply,TerraNova Holdings,Kenya,Cobalt Marine Supply,INV-2021-0007013,AGX-2021-007548-AGC-00111
2021-12-02,2021,12,December,Dec,Q4,472258.69,291448.37,180810.32,38.29,Julian Howard,Meridian Mining Services,AGC-00120,Meridian Mining Services,Meridian Mining Services,Independent Entity,South Africa,Meridian Mining Services,INV-2021-0007071,AGX-2021-007611-AGC-00120
2021-12-04,2021,12,December,Dec,Q4,413613.83,275038.4,138575.43,33.5,Priya Nguyen,Helios Flow Systems,AGC-00070,Helios Flow Systems,Helios Flow Systems,Independent Entity,Vietnam,Helios Flow Systems,INV-2021-0007228,AGX-2021-007780-AGC-00070
2021-12-04,2021,12,December,Dec,Q4,459063.71,350093.21,108970.5,23.74,Mila Diaz,Arcadia Engineering,AGC-00165,Arcadia Engineering,Arcadia Engineering,Independent Entity,Colombia,Arcadia Engineering,INV-2021-0007837,AGX-2021-008436-AGC-00165
2021-12-04,2021,12,December,Dec,Q4,738791.36,499865.26,238926.1,32.34,Lucas Hayes,Helios Waterworks,AGC-00047,Helios Waterworks,Helios Waterworks,Helios Holdings,Brazil,Helios Waterworks,INV-2021-0007852,AGX-2021-008451-AGC-00047
2021-12-05,2021,12,December,Dec,Q4,216402.0,149385.58,67016.42,30.97,Zara Grant,Arcadia Mining Services,AGC-00157,Arcadia Mining Services,Arcadia Mining Services,Clearwater Holdings,Poland,Arcadia Mining Services,INV-2021-0007544,AGX-2021-008123-AGC-00157
2021-12-07,2021,12,December,Dec,Q4,196370.53,124402.82,71967.71,36.65,Priya Nguyen,Arcadia Industrial Maintenance,AGC-00168,Arcadia Industrial Maintenance,Arcadia Industrial Maintenance,Pacific Crest Holdings,Malaysia,Arcadia Industrial Maintenance,INV-2021-0006760,AGX-2021-007277-AGC-00168
2021-12-10,2021,12,December,Dec,Q4,280678.65,177774.3,102904.35,36.66,Mila Diaz,Helios Marine Services,AGC-00039,Helios Marine Services,Helios Marine Services,Cascade Holdings,Italy,Helios Marine Services,INV-2021-0007639,AGX-2021-008224-AGC-00039
2021-12-11,2021,12,December,Dec,Q4,843796.25,534310.38,309485.87,36.68,Priya Nguyen,Helios Compression,AGC-00056,Helios Compression,Helios Compression,Redwood Holdings,United States,Helios Compression,INV-2021-0007036,AGX-2021-007574-AGC-00056
2021-12-12,2021,12,December,Dec,Q4,187109.93,133571.68,53538.25,28.61,Lina Sato,Northstar Rotating Equipment,AGC-00023,Northstar Rotating Equipment,Northstar Rotating Equipment,Falcon Holdings,United States,Northstar Rotating Equipment,INV-2021-0007338,AGX-2021-007903-AGC-00023
2021-12-13,2021,12,December,Dec,Q4,1028004.67,720405.84,307598.83,29.92,Noah Keller,Northstar Energy Systems,AGC-00001,Northstar Energy Systems,Northstar Energy Systems,Northstar Holdings,Norway,Northstar Energy Systems,INV-2021-0006813,AGX-2021-007332-AGC-00001
2021-12-13,2021,12,December,Dec,Q4,102113.78,72008.32,30105.46,29.48,Lucas Hayes,Helios Waterworks,AGC-00047,Helios Waterworks,Helios Waterworks,Helios Holdings,Brazil,Helios Waterworks,INV-2021-0006830,AGX-2021-007349-AGC-00047
2021-12-14,2021,12,December,Dec,Q4,591161.67,442507.29,148654.38,25.15,Leo Foster,Arcadia Drilling Solutions,AGC-00166,Arcadia Drilling Solutions,Arcadia Drilling Solutions,Silverline Holdings,Norway,Arcadia Drilling Solutions,INV-2021-0007085,AGX-2021-007626-AGC-00166
2021-12-15,2021,12,December,Dec,Q4,137124.06,96813.8,40310.26,29.4,Grace Perry,Helios Utilities,AGC-00049,Helios Utilities,Helios Utilities,Meridian Holdings,Qatar,Helios Utilities,INV-2021-0007286,AGX-2021-007848-AGC-00049
2021-12-16,2021,12,December,Dec,Q4,1215414.12,766159.96,449254.16,36.96,Lina Sato,Meridian Technical Supply,AGC-00135,Meridian Technical Supply,Meridian Technical Supply,Independent Entity,Malaysia,Meridian Technical Supply,INV-2021-0006917,AGX-2021-007444-AGC-00135
2021-12-18,2021,12,December,Dec,Q4,738070.95,497374.57,240696.38,32.61,Adrian Walker,Helios Technical Services,AGC-00072,Helios Technical Services,Helios Technical Services,Equinox Holdings,Italy,Helios Technical Services,INV-2021-0006849,AGX-2021-007370-AGC-00072
2021-12-18,2021,12,December,Dec,Q4,686026.14,446526.23,239499.91,34.91,Leo Foster,Cobalt Pipeline Services,AGC-00096,Cobalt Pipeline Services,Cobalt Pipeline Services,Summit Holdings,Saudi Arabia,Cobalt Pipeline Services,INV-2021-0007806,AGX-2021-008403-AGC-00096
2021-12-19,2021,12,December,Dec,Q4,1317005.79,886031.83,430973.96,32.72,Adrian Walker,Cobalt Utilities,AGC-00086,Cobalt Utilities,Cobalt Utilities,Zenith Holdings,Spain,Cobalt Utilities,INV-2021-0007665,AGX-2021-008254-AGC-00086
2021-12-20,2021,12,December,Dec,Q4,73814.15,46662.46,27151.69,36.78,Mila Diaz,Arcadia Industrial Group,AGC-00151,Arcadia Industrial Group,Arcadia Industrial Group,Granite Holdings,Chile,Arcadia Industrial Group,INV-2021-0008216,AGX-2021-008839-AGC-00151
2021-12-21,2021,12,December,Dec,Q4,1010911.86,604071.24,406840.62,40.24,Noah Keller,Northstar Energy Systems,AGC-00001,Northstar Energy Systems,Northstar Energy Systems,Northstar Holdings,Norway,Northstar Energy Systems,INV-2021-0007583,AGX-2021-008162-AGC-00001
2021-12-22,2021,12,December,Dec,Q4,81168.77,53162.18,28006.59,34.5,Priya Nguyen,Meridian Power Partners,AGC-00126,Meridian Power Partners,Meridian Power Partners,Monarch Holdings,Japan,Meridian Power Partners,INV-2021-0007898,AGX-2021-008502-AGC-00126
2021-12-23,2021,12,December,Dec,Q4,195557.86,126885.14,68672.72,35.12,Noah Keller,Northstar Controls,AGC-00029,Northstar Controls,Northstar Controls,DeltaWorks Holdings,Germany,Northstar Controls,INV-2021-0007379,AGX-2021-007946-AGC-00029
2021-12-28,2021,12,December,Dec,Q4,1019661.0,631288.08,388372.92,38.09,Noah Keller,Arcadia Infrastructure,AGC-00155,Arcadia Infrastructure,Arcadia Infrastructure,Independent Entity,United States,Arcadia Infrastructure,INV-2021-0006847,AGX-2021-007367-AGC-00155
2021-12-28,2021,12,December,Dec,Q4,373316.83,238681.83,134635.0,36.06,Mila Diaz,Arcadia Mechanical Group,AGC-00179,Arcadia Mechanical Group,Arcadia Mechanical Group,Apex Holdings,Brazil,Arcadia Mechanical Group,INV-2021-0007188,AGX-2021-007737-AGC-00179
2021-12-28,2021,12,December,Dec,Q4,220976.12,152708.21,68267.91,30.89,Priya Nguyen,Meridian Controls,AGC-00140,Meridian Controls,Meridian Controls,Independent Entity,Australia,Meridian Controls,INV-2021-0007851,AGX-2021-008450-AGC-00140
2021-12-30,2021,12,December,Dec,Q4,87919.22,61067.88,26851.34,30.54,Zara Grant,Helios Petro Systems,AGC-00045,Helios Petro Systems,Helios Petro Systems,Independent Entity,Kenya,Helios Petro Systems,INV-2021-0006756,AGX-2021-007273-AGC-00045
2022-01-01,2022,1,January,Jan,Q1,108631.15,70731.44,37899.71,34.89,Noah Keller,Meridian Process Controls,AGC-00127,Meridian Process Controls,Meridian Process Controls,Frontier Holdings,Mexico,Meridian Process Controls,INV-2022-0007930,AGX-2021-008534-AGC-00127
2022-01-02,2022,1,January,Jan,Q1,1269333.2,844849.01,424484.19,33.44,Eva Lewis,Cobalt Marine Supply,AGC-00111,Cobalt Marine Supply,Cobalt Marine Supply,TerraNova Holdings,Kenya,Cobalt Marine Supply,INV-2022-0006920,AGX-2021-007447-AGC-00111
2022-01-02,2022,1,January,Jan,Q1,308445.72,209619.74,98825.98,32.04,Lina Sato,Cobalt Compression,AGC-00093,Cobalt Compression,Cobalt Compression,Cobalt Holdings,Japan,Cobalt Compression,INV-2022-0007835,AGX-2021-008434-AGC-00093
2022-01-02,2022,1,January,Jan,Q1,448904.71,320695.06,128209.65,28.56,Camille Martin,Helios Energy Systems,AGC-00038,Helios Energy Systems,Helios Energy Systems,Trident Holdings,Argentina,Helios Energy Systems,INV-2022-0008173,AGX-2021-008791-AGC-00038
2022-01-03,2022,1,January,Jan,Q1,1437516.3,910201.46,527314.84,36.68,Lucas Hayes,Cobalt Controls,AGC-00103,Cobalt Controls,Cobalt Controls,Crescent Holdings,Vietnam,Cobalt Controls,INV-2022-0007696,AGX-2021-008288-AGC-00103
2022-01-04,2022,1,January,Jan,Q1,677431.88,449815.99,227615.89,33.6,Noah Keller,Helios Flow Technologies,AGC-00043,Helios Flow Technologies,Helios Flow Technologies,Lighthouse Holdings,France,Helios Flow Technologies,INV-2022-0007533,AGX-2021-008111-AGC-00043
2022-01-04,2022,1,January,Jan,Q1,538773.41,358322.8,180450.61,33.49,Leo Foster,Northstar Energy Projects,AGC-00026,Northstar Energy Projects,Northstar Energy Projects,Keystone Holdings,Nigeria,Northstar Energy Projects,INV-2022-0007779,AGX-2021-008375-AGC-00026
2022-01-06,2022,1,January,Jan,Q1,73729.3,49760.51,23968.79,32.51,Zara Grant,Helios Petro Systems,AGC-00045,Helios Petro Systems,Helios Petro Systems,Independent Entity,Kenya,Helios Petro Systems,INV-2022-0006806,AGX-2021-007324-AGC-00045
2022-01-06,2022,1,January,Jan,Q1,252076.59,174466.15,77610.44,30.79,Zara Grant,Meridian Drilling Solutions,AGC-00129,Meridian Drilling Solutions,Meridian Drilling Solutions,Cascade Holdings,Saudi Arabia,Meridian Drilling Solutions,INV-2022-0008055,AGX-2021-008666-AGC-00129
2022-01-07,2022,1,January,Jan,Q1,3057838.72,2016594.03,1041244.69,34.05,Priya Nguyen,Cobalt Technical Supply,AGC-00098,Cobalt Technical Supply,Cobalt Technical Supply,Vantage Holdings,India,Cobalt Technical Supply,INV-2022-0007646,AGX-2021-008231-AGC-00098
2022-01-08,2022,1,January,Jan,Q1,417721.38,305517.38,112204.0,26.86,Lucas Hayes,Helios Technical Supply,AGC-00061,Helios Technical Supply,Helios Technical Supply,Granite Holdings,Mexico,Helios Technical Supply,INV-2022-0008114,AGX-2021-008729-AGC-00061
2022-01-12,2022,1,January,Jan,Q1,449561.43,320552.17,129009.26,28.7,Camille Martin,Northstar Waterworks,AGC-00010,Northstar Waterworks,Northstar Waterworks,Independent Entity,France,Northstar Waterworks,INV-2022-0006863,AGX-2021-007385-AGC-00010
2022-01-15,2022,1,January,Jan,Q1,665404.23,482269.87,183134.36,27.52,Julian Howard,Cobalt Industrial Services,AGC-00106,Cobalt Industrial Services,Cobalt Industrial Services,Granite Holdings,Ghana,Cobalt Industrial Services,INV-2022-0007645,AGX-2021-008230-AGC-00106
2022-01-27,2022,1,January,Jan,Q1,861069.7,608872.51,252197.19,29.29,Leo Foster,Arcadia Drilling Solutions,AGC-00166,Arcadia Drilling Solutions,Arcadia Drilling Solutions,Silverline Holdings,Norway,Arcadia Drilling Solutions,INV-2022-0007906,AGX-2021-008510-AGC-00166
2022-01-27,2022,1,January,Jan,Q1,188197.1,130891.47,57305.63,30.45,Mila Diaz,Arcadia Mechanical Group,AGC-00179,Arcadia Mechanical Group,Arcadia Mechanical Group,Apex Holdings,Brazil,Arcadia Mechanical Group,INV-2022-0009869,AGX-2022-010623-AGC-00179
2022-01-28,2022,1,January,Jan,Q1,149322.11,103900.19,45421.92,30.42,Grace Perry,Arcadia Marine Engineering,AGC-00175,Arcadia Marine Engineering,Arcadia Marine Engineering,Independent Entity,France,Arcadia Marine Engineering,INV-2022-0007584,AGX-2021-008163-AGC-00175
2022-01-29,2022,1,January,Jan,Q1,28213.85,17865.47,10348.38,36.68,Noah Keller,Arcadia Infrastructure,AGC-00155,Arcadia Infrastructure,Arcadia Infrastructure,Independent Entity,United States,Arcadia Infrastructure,INV-2022-0008908,AGX-2022-009578-AGC-00155
2022-01-31,2022,1,January,Jan,Q1,198170.71,135406.72,62763.99,31.67,Adrian Walker,Northstar Offshore Systems,AGC-00030,Northstar Offshore Systems,Northstar Offshore Systems,Independent Entity,Saudi Arabia,Northstar Offshore Systems,INV-2022-0007016,AGX-2021-007551-AGC-00030
2022-02-04,2022,2,February,Feb,Q1,133074.1,95179.87,37894.23,28.48,Grace Perry,Northstar Infrastructure,AGC-00007,Northstar Infrastructure,Northstar Infrastructure,BluePeak Holdings,Ghana,Northstar Infrastructure,INV-2022-0007313,AGX-2021-007877-AGC-00007
2022-02-06,2022,2,February,Feb,Q1,306541.03,234024.9,72516.13,23.66,Lina Sato,Northstar Mining Services,AGC-00009,Northstar Mining Services,Northstar Mining Services,Sterling Holdings,Canada,Northstar Mining Services,INV-2022-0008002,AGX-2021-008611-AGC-00009
2022-02-10,2022,2,February,Feb,Q1,282387.07,183078.0,99309.07,35.17,Avery Morgan,Cobalt Marine Services,AGC-00076,Cobalt Marine Services,Cobalt Marine Services,Silverline Holdings,France,Cobalt Marine Services,INV-2022-0009646,AGX-2022-010383-AGC-00076
2022-02-16,2022,2,February,Feb,Q1,67907.71,48999.68,18908.03,27.84,Adrian Walker,Northstar Offshore Systems,AGC-00030,Northstar Offshore Systems,Northstar Offshore Systems,Independent Entity,Saudi Arabia,Northstar Offshore Systems,INV-2022-0008290,AGX-2022-008918-AGC-00030
2022-02-17,2022,2,February,Feb,Q1,206643.12,142656.19,63986.93,30.96,Adrian Walker,Helios Technical Services,AGC-00072,Helios Technical Services,Helios Technical Services,Equinox Holdings,Italy,Helios Technical Services,INV-2022-0008672,AGX-2022-009332-AGC-00072
2022-02-17,2022,2,February,Feb,Q1,405639.23,261069.39,144569.84,35.64,Leo Foster,Arcadia Process Solutions,AGC-00152,Arcadia Process Solutions,Arcadia Process Solutions,Harborline Holdings,Spain,Arcadia Process Solutions,INV-2022-0009301,AGX-2022-010003-AGC-00152
2022-02-17,2022,2,February,Feb,Q1,76117.16,55711.61,20405.55,26.81,Zara Grant,Meridian Industrial Services,AGC-00143,Meridian Industrial Services,Meridian Industrial Services,Vantage Holdings,United Arab Emirates,Meridian Industrial Services,INV-2022-0009690,AGX-2022-010432-AGC-00143
2022-02-19,2022,2,February,Feb,Q1,578349.56,396032.32,182317.24,31.52,Noah Keller,Northstar Energy Systems,AGC-00001,Northstar Energy Systems,Northstar Energy Systems,Northstar Holdings,Norway,Northstar Energy Systems,INV-2022-0009080,AGX-2022-009760-AGC-00001
2022-02-21,2022,2,February,Feb,Q1,126347.56,85647.93,40699.63,32.21,Zara Grant,Meridian Drilling Solutions,AGC-00129,Meridian Drilling Solutions,Meridian Drilling Solutions,Cascade Holdings,Saudi Arabia,Meridian Drilling Solutions,INV-2022-0007395,AGX-2021-007965-AGC-00129
2022-02-21,2022,2,February,Feb,Q1,727965.32,522749.44,205215.88,28.19,Lina Sato,Helios Mechanical,AGC-00051,Helios Mechanical,Helios Mechanical,Summit Holdings,Thailand,Helios Mechanical,INV-2022-0008338,AGX-2022-008973-AGC-00051
2022-02-25,2022,2,February,Feb,Q1,911714.87,612220.99,299493.88,32.85,Leo Foster,Cobalt Pipeline Services,AGC-00096,Cobalt Pipeline Services,Cobalt Pipeline Services,Summit Holdings,Saudi Arabia,Cobalt Pipeline Services,INV-2022-0009169,AGX-2022-009857-AGC-00096
2022-02-27,2022,2,February,Feb,Q1,62354.49,42760.06,19594.43,31.42,Theo Price,Helios Rotating Equipment,AGC-00060,Helios Rotating Equipment,Helios Rotating Equipment,Independent Entity,Japan,Helios Rotating Equipment,INV-2022-0007688,AGX-2021-008279-AGC-00060
2022-02-28,2022,2,February,Feb,Q1,56663.14,34584.0,22079.14,38.97,Lina Sato,Cobalt Offshore Engineering,AGC-00079,Cobalt Offshore Engineering,Cobalt Offshore Engineering,Beacon Holdings,South Korea,Cobalt Offshore Engineering,INV-2022-0009366,AGX-2022-010075-AGC-00079
2022-03-04,2022,3,March,Mar,Q1,2528250.08,1635261.68,892988.4,35.32,Noah Keller,Helios Flow Technologies,AGC-00043,Helios Flow Technologies,Helios Flow Technologies,Lighthouse Holdings,France,Helios Flow Technologies,INV-2022-0008093,AGX-2021-008706-AGC-00043
2022-03-06,2022,3,March,Mar,Q1,127932.13,87845.25,40086.88,31.33,Camille Martin,Cobalt Instrumentation,AGC-00108,Cobalt Instrumentation,Cobalt Instrumentation,Vertex Holdings,Canada,Cobalt Instrumentation,INV-2022-0007385,AGX-2021-007954-AGC-00108
2022-03-13,2022,3,March,Mar,Q1,777879.04,534912.07,242966.97,31.23,Adrian Walker,Meridian Industrial Group,AGC-00114,Meridian Industrial Group,Meridian Industrial Group,Sierra Holdings,Netherlands,Meridian Industrial Group,INV-2022-0008516,AGX-2022-009162-AGC-00114
2022-03-13,2022,3,March,Mar,Q1,568078.48,360109.51,207968.97,36.61,Grace Perry,Helios Utilities,AGC-00049,Helios Utilities,Helios Utilities,Meridian Holdings,Qatar,Helios Utilities,INV-2022-0008722,AGX-2022-009384-AGC-00049
2022-03-15,2022,3,March,Mar,Q1,24057.46,15916.88,8140.58,33.84,Lucas Hayes,Northstar Flow Systems,AGC-00033,Northstar Flow Systems,Northstar Flow Systems,Pacific Crest Holdings,Colombia,Northstar Flow Systems,INV-2022-0008556,AGX-2022-009207-AGC-00033
2022-03-17,2022,3,March,Mar,Q1,108290.06,72448.3,35841.76,33.1,Zara Grant,Northstar Engineering,AGC-00017,Northstar Engineering,Northstar Engineering,Harborline Holdings,Singapore,Northstar Engineering,INV-2022-0008304,AGX-2022-008932-AGC-00017
2022-03-17,2022,3,March,Mar,Q1,1061735.29,711243.11,350492.18,33.01,Mila Diaz,Northstar Automation,AGC-00011,Northstar Automation,Northstar Automation,Redwood Holdings,United Arab Emirates,Northstar Automation,INV-2022-0008589,AGX-2022-009243-AGC-00011
2022-03-21,2022,3,March,Mar,Q1,657785.77,456222.14,201563.63,30.64,Leo Foster,Cobalt Industrial Solutions,AGC-00110,Cobalt Industrial Solutions,Cobalt Industrial Solutions,Independent Entity,United Arab Emirates,Cobalt Industrial Solutions,INV-2022-0009669,AGX-2022-010409-AGC-00110
2022-03-22,2022,3,March,Mar,Q1,688439.15,488409.81,200029.34,29.06,Grace Perry,Arcadia Marine Engineering,AGC-00175,Arcadia Marine Engineering,Arcadia Marine Engineering,Independent Entity,France,Arcadia Marine Engineering,INV-2022-0009309,AGX-2022-010012-AGC-00175
2022-03-24,2022,3,March,Mar,Q1,1321157.15,1064242.55,256914.6,19.45,Camille Martin,Arcadia Offshore Systems,AGC-00178,Arcadia Offshore Systems,Arcadia Offshore Systems,Lighthouse Holdings,South Korea,Arcadia Offshore Systems,INV-2022-0008609,AGX-2022-009264-AGC-00178
2022-03-24,2022,3,March,Mar,Q1,527399.46,340905.63,186493.83,35.36,Adrian Walker,Northstar Process Controls,AGC-00016,Northstar Process Controls,Northstar Process Controls,Granite Holdings,Qatar,Northstar Process Controls,INV-2022-0009027,AGX-2022-009705-AGC-00016
2022-03-27,2022,3,March,Mar,Q1,544400.3,366599.7,177800.6,32.66,Lucas Hayes,Cobalt Energy Systems,AGC-00075,Cobalt Energy Systems,Cobalt Energy Systems,Independent Entity,Canada,Cobalt Energy Systems,INV-2022-0009651,AGX-2022-010390-AGC-00075
2022-03-28,2022,3,March,Mar,Q1,927419.2,605856.49,321562.71,34.67,Camille Martin,Arcadia Process Controls,AGC-00164,Arcadia Process Controls,Arcadia Process Controls,DeltaWorks Holdings,India,Arcadia Process Controls,INV-2022-0009804,AGX-2022-010551-AGC-00164
2022-03-28,2022,3,March,Mar,Q1,610990.26,401731.22,209259.04,34.25,Adrian Walker,Northstar Marine Services,AGC-00002,Northstar Marine Services,Northstar Marine Services,Helios Holdings,Oman,Northstar Marine Services,INV-2022-0009856,AGX-2022-010609-AGC-00002
2022-03-31,2022,3,March,Mar,Q1,259172.87,171946.21,87226.66,33.66,Camille Martin,Meridian Automation,AGC-00122,Meridian Automation,Meridian Automation,Noble Ridge Holdings,United States,Meridian Automation,INV-2022-0008819,AGX-2022-009484-AGC-00122
2022-04-05,2022,4,April,Apr,Q2,747277.62,542140.26,205137.36,27.45,Eva Lewis,Cobalt Marine Supply,AGC-00111,Cobalt Marine Supply,Cobalt Marine Supply,TerraNova Holdings,Kenya,Cobalt Marine Supply,INV-2022-0009846,AGX-2022-010598-AGC-00111
2022-04-09,2022,4,April,Apr,Q2,86747.53,57323.48,29424.05,33.92,Mila Diaz,Meridian Utilities,AGC-00123,Meridian Utilities,Meridian Utilities,Pacific Crest Holdings,United Kingdom,Meridian Utilities,INV-2022-0009723,AGX-2022-010466-AGC-00123
2022-04-13,2022,4,April,Apr,Q2,1898765.05,1341263.1,557501.95,29.36,Theo Price,Cobalt Production Services,AGC-00102,Cobalt Production Services,Cobalt Production Services,NovaGrid Holdings,Malaysia,Cobalt Production Services,INV-2022-0008841,AGX-2022-009508-AGC-00102
2022-04-13,2022,4,April,Apr,Q2,253762.01,174564.48,79197.53,31.21,Avery Morgan,Meridian Technical Services,AGC-00146,Meridian Technical Services,Meridian Technical Services,Redwood Holdings,Brazil,Meridian Technical Services,INV-2022-0009676,AGX-2022-010416-AGC-00146
2022-04-14,2022,4,April,Apr,Q2,79806.37,53313.13,26493.24,33.2,Eva Lewis,Arcadia Offshore Engineering,AGC-00153,Arcadia Offshore Engineering,Arcadia Offshore Engineering,Vertex Holdings,South Africa,Arcadia Offshore Engineering,INV-2022-0009470,AGX-2022-010189-AGC-00153
2022-04-14,2022,4,April,Apr,Q2,206668.02,156531.39,50136.63,24.26,Leo Foster,Arcadia Drilling Solutions,AGC-00166,Arcadia Drilling Solutions,Arcadia Drilling Solutions,Silverline Holdings,Norway,Arcadia Drilling Solutions,INV-2022-0009810,AGX-2022-010557-AGC-00166
2022-04-17,2022,4,April,Apr,Q2,226128.41,148640.9,77487.51,34.27,Avery Morgan,Arcadia Energy Projects,AGC-00174,Arcadia Energy Projects,Arcadia Energy Projects,Cascade Holdings,Canada,Arcadia Energy Projects,INV-2022-0008435,AGX-2022-009076-AGC-00174
2022-04-18,2022,4,April,Apr,Q2,3793.79,2448.63,1345.16,35.46,Priya Nguyen,Arcadia Industrial Maintenance,AGC-00168,Arcadia Industrial Maintenance,Arcadia Industrial Maintenance,Pacific Crest Holdings,Malaysia,Arcadia Industrial Maintenance,INV-2022-0008487,AGX-2022-009131-AGC-00168
2022-04-18,2022,4,April,Apr,Q2,272175.02,181696.16,90478.86,33.24,Zara Grant,Cobalt Marine Engineering,AGC-00101,Cobalt Marine Engineering,Cobalt Marine Engineering,Redwood Holdings,Oman,Cobalt Marine Engineering,INV-2022-0008892,AGX-2022-009560-AGC-00101
2022-04-19,2022,4,April,Apr,Q2,252308.99,159332.55,92976.44,36.85,Avery Morgan,Arcadia Energy Projects,AGC-00174,Arcadia Energy Projects,Arcadia Energy Projects,Cascade Holdings,Canada,Arcadia Energy Projects,INV-2022-0009196,AGX-2022-009886-AGC-00174
2022-04-22,2022,4,April,Apr,Q2,476291.24,337900.33,138390.91,29.06,Priya Nguyen,Cobalt Waterworks,AGC-00084,Cobalt Waterworks,Cobalt Waterworks,Cascade Holdings,Thailand,Cobalt Waterworks,INV-2022-0008593,AGX-2022-009247-AGC-00084
2022-04-28,2022,4,April,Apr,Q2,103490.5,69200.52,34289.98,33.13,Theo Price,Northstar Drilling Solutions,AGC-00018,Northstar Drilling Solutions,Northstar Drilling Solutions,Vertex Holdings,Thailand,Northstar Drilling Solutions,INV-2022-0009480,AGX-2022-010200-AGC-00018
2022-04-30,2022,4,April,Apr,Q2,1857187.72,1269077.46,588110.26,31.67,Priya Nguyen,Meridian Energy Systems,AGC-00112,Meridian Energy Systems,Meridian Energy Systems,Clearwater Holdings,South Korea,Meridian Energy Systems,INV-2022-0008283,AGX-2022-008911-AGC-00112
2022-04-30,2022,4,April,Apr,Q2,220844.65,141400.82,79443.83,35.97,Avery Morgan,Cobalt Offshore Systems,AGC-00104,Cobalt Offshore Systems,Cobalt Offshore Systems,Ironwood Holdings,Argentina,Cobalt Offshore Systems,INV-2022-0008729,AGX-2022-009391-AGC-00104
2022-05-03,2022,5,May,May,Q2,119505.78,84589.57,34916.21,29.22,Grace Perry,Northstar Technical Services,AGC-00035,Northstar Technical Services,Northstar Technical Services,Independent Entity,Oman,Northstar Technical Services,INV-2022-0008306,AGX-2022-008934-AGC-00035
2022-05-05,2022,5,May,May,Q2,32967.88,25335.27,7632.61,23.15,Lucas Hayes,Northstar Offshore Engineering,AGC-00005,Northstar Offshore Engineering,Northstar Offshore Engineering,Independent Entity,Argentina,Northstar Offshore Engineering,INV-2022-0009216,AGX-2022-009909-AGC-00005
2022-05-06,2022,5,May,May,Q2,759942.96,499656.34,260286.62,34.25,Lucas Hayes,Meridian Industrial Maintenance,AGC-00131,Meridian Industrial Maintenance,Meridian Industrial Maintenance,Zenith Holdings,India,Meridian Industrial Maintenance,INV-2022-0008826,AGX-2022-009492-AGC-00131
2022-05-06,2022,5,May,May,Q2,545489.56,405357.57,140131.99,25.69,Theo Price,Northstar Industrial Services,AGC-00032,Northstar Industrial Services,Northstar Industrial Services,Noble Ridge Holdings,India,Northstar Industrial Services,INV-2022-0009571,AGX-2022-010298-AGC-00032
2022-05-07,2022,5,May,May,Q2,41344.41,24528.78,16815.63,40.67,Zara Grant,Northstar Industrial Group,AGC-00003,Northstar Industrial Group,Northstar Industrial Group,Cobalt Holdings,Malaysia,Northstar Industrial Group,INV-2022-0008852,AGX-2022-009519-AGC-00003
2022-05-07,2022,5,May,May,Q2,71774.16,49065.07,22709.09,31.64,Noah Keller,Meridian Marine Services,AGC-00113,Meridian Marine Services,Meridian Marine Services,Falcon Holdings,Brazil,Meridian Marine Services,INV-2022-0009839,AGX-2022-010590-AGC-00113
2022-05-09,2022,5,May,May,Q2,1050175.42,662831.19,387344.23,36.88,Camille Martin,Cobalt Industrial Maintenance,AGC-00094,Cobalt Industrial Maintenance,Cobalt Industrial Maintenance,Meridian Holdings,Mexico,Cobalt Industrial Maintenance,INV-2022-0008975,AGX-2022-009650-AGC-00094
2022-05-10,2022,5,May,May,Q2,531113.62,357246.43,173867.19,32.74,Julian Howard,Cobalt Industrial Services,AGC-00106,Cobalt Industrial Services,Cobalt Industrial Services,Granite Holdings,Ghana,Cobalt Industrial Services,INV-2022-0009503,AGX-2022-010225-AGC-00106
2022-05-13,2022,5,May,May,Q2,330115.02,197032.66,133082.36,40.31,Noah Keller,Arcadia Infrastructure,AGC-00155,Arcadia Infrastructure,Arcadia Infrastructure,Independent Entity,United States,Arcadia Infrastructure,INV-2022-0008253,AGX-2022-008878-AGC-00155
2022-05-14,2022,5,May,May,Q2,905825.66,605952.05,299873.61,33.11,Lina Sato,Northstar Mining Services,AGC-00009,Northstar Mining Services,Northstar Mining Services,Sterling Holdings,Canada,Northstar Mining Services,INV-2022-0008955,AGX-2022-009630-AGC-00009
2022-05-14,2022,5,May,May,Q2,4275281.51,3077023.0,1198258.51,28.03,Julian Howard,Helios Marine Engineering,AGC-00064,Helios Marine Engineering,Helios Marine Engineering,Pioneer Holdings,Egypt,Helios Marine Engineering,INV-2022-0008991,AGX-2022-009666-AGC-00064
2022-05-14,2022,5,May,May,Q2,133660.38,86890.62,46769.76,34.99,Mila Diaz,Helios Offshore Systems,AGC-00067,Helios Offshore Systems,Helios Offshore Systems,Clearwater Holdings,Norway,Helios Offshore Systems,INV-2022-0009637,AGX-2022-010373-AGC-00067
2022-05-15,2022,5,May,May,Q2,268844.0,177454.75,91389.25,33.99,Eva Lewis,Helios Drilling Solutions,AGC-00055,Helios Drilling Solutions,Helios Drilling Solutions,Independent Entity,Indonesia,Helios Drilling Solutions,INV-2022-0009311,AGX-2022-010014-AGC-00055
2022-05-15,2022,5,May,May,Q2,174857.41,116070.28,58787.13,33.62,Zara Grant,Cobalt Field Services,AGC-00087,Cobalt Field Services,Cobalt Field Services,Rivermark Holdings,South Africa,Cobalt Field Services,INV-2022-0009331,AGX-2022-010035-AGC-00087
2022-05-21,2022,5,May,May,Q2,760789.99,508258.32,252531.67,33.19,Julian Howard,Northstar Industrial Solutions,AGC-00036,Northstar Industrial Solutions,Northstar Industrial Solutions,Monarch Holdings,Malaysia,Northstar Industrial Solutions,INV-2022-0008397,AGX-2022-009037-AGC-00036
2022-05-22,2022,5,May,May,Q2,4600758.11,3163986.5,1436771.61,31.23,Theo Price,Arcadia Technical Supply,AGC-00172,Arcadia Technical Supply,Arcadia Technical Supply,Frontier Holdings,Ghana,Arcadia Technical Supply,INV-2022-0009817,AGX-2022-010566-AGC-00172
2022-05-28,2022,5,May,May,Q2,165550.42,115405.18,50145.24,30.29,Grace Perry,Arcadia Field Services,AGC-00161,Arcadia Field Services,Arcadia Field Services,Keystone Holdings,Germany,Arcadia Field Services,INV-2022-0009146,AGX-2022-009832-AGC-00161
2022-05-30,2022,5,May,May,Q2,675010.88,443330.27,231680.61,34.32,Grace Perry,Northstar Technical Services,AGC-00035,Northstar Technical Services,Northstar Technical Services,Independent Entity,Oman,Northstar Technical Services,INV-2022-0009288,AGX-2022-009989-AGC-00035
2022-06-01,2022,6,June,Jun,Q2,1163079.15,803858.61,359220.54,30.89,Leo Foster,Northstar Utilities,AGC-00012,Northstar Utilities,Northstar Utilities,NovaGrid Holdings,Kenya,Northstar Utilities,INV-2022-0009282,AGX-2022-009982-AGC-00012
2022-06-02,2022,6,June,Jun,Q2,281187.44,170501.44,110686.0,39.36,Noah Keller,Northstar Controls,AGC-00029,Northstar Controls,Northstar Controls,DeltaWorks Holdings,Germany,Northstar Controls,INV-2022-0008867,AGX-2022-009535-AGC-00029
2022-06-05,2022,6,June,Jun,Q2,567672.61,366994.57,200678.04,35.35,Noah Keller,Helios Instrumentation,AGC-00071,Helios Instrumentation,Helios Instrumentation,Keystone Holdings,Argentina,Helios Instrumentation,INV-2022-0008503,AGX-2022-009149-AGC-00071
2022-06-06,2022,6,June,Jun,Q2,1125443.29,717259.44,408183.85,36.27,Priya Nguyen,Meridian Controls,AGC-00140,Meridian Controls,Meridian Controls,Independent Entity,Australia,Meridian Controls,INV-2022-0008347,AGX-2022-008983-AGC-00140
2022-06-10,2022,6,June,Jun,Q2,427902.26,301858.38,126043.88,29.46,Lucas Hayes,Northstar Offshore Engineering,AGC-00005,Northstar Offshore Engineering,Northstar Offshore Engineering,Independent Entity,Argentina,Northstar Offshore Engineering,INV-2022-0009211,AGX-2022-009904-AGC-00005
2022-06-11,2022,6,June,Jun,Q2,193188.95,122964.95,70224.0,36.35,Leo Foster,Meridian Marine Engineering,AGC-00138,Meridian Marine Engineering,Meridian Marine Engineering,Cobalt Holdings,Italy,Meridian Marine Engineering,INV-2022-0009635,AGX-2022-010371-AGC-00138
2022-06-14,2022,6,June,Jun,Q2,257866.1,183514.63,74351.47,28.83,Julian Howard,Northstar Petro Systems,AGC-00008,Northstar Petro Systems,Northstar Petro Systems,Vantage Holdings,Australia,Northstar Petro Systems,INV-2022-0009500,AGX-2022-010222-AGC-00008
2022-06-20,2022,6,June,Jun,Q2,598581.26,400945.11,197636.15,33.02,Grace Perry,Cobalt Engineering,AGC-00091,Cobalt Engineering,Cobalt Engineering,Northstar Holdings,Poland,Cobalt Engineering,INV-2022-0009291,AGX-2022-009992-AGC-00091
2022-06-24,2022,6,June,Jun,Q2,377694.62,245672.93,132021.69,34.95,Grace Perry,Northstar Resources,AGC-00021,Northstar Resources,Northstar Resources,TerraNova Holdings,South Africa,Northstar Resources,INV-2022-0008998,AGX-2022-009674-AGC-00021
2022-06-26,2022,6,June,Jun,Q2,855328.65,573399.69,281928.96,32.96,Priya Nguyen,Arcadia Flow Technologies,AGC-00154,Arcadia Flow Technologies,Arcadia Flow Technologies,Pioneer Holdings,Indonesia,Arcadia Flow Technologies,INV-2022-0009373,AGX-2022-010084-AGC-00154
2022-06-29,2022,6,June,Jun,Q2,7659.38,5579.77,2079.61,27.15,Julian Howard,Helios Marine Engineering,AGC-00064,Helios Marine Engineering,Helios Marine Engineering,Pioneer Holdings,Egypt,Helios Marine Engineering,INV-2022-0008600,AGX-2022-009255-AGC-00064
2022-06-29,2022,6,June,Jun,Q2,260093.68,174442.55,85651.13,32.93,Eva Lewis,Arcadia Offshore Engineering,AGC-00153,Arcadia Offshore Engineering,Arcadia Offshore Engineering,Vertex Holdings,South Africa,Arcadia Offshore Engineering,INV-2022-0009281,AGX-2022-009981-AGC-00153
2022-06-29,2022,6,June,Jun,Q2,216921.75,135547.78,81373.97,37.51,Priya Nguyen,Northstar Production Services,AGC-00028,Northstar Production Services,Northstar Production Services,Westbridge Holdings,Mexico,Northstar Production Services,INV-2022-0009327,AGX-2022-010031-AGC-00028
2022-07-01,2022,7,July,Jul,Q3,500162.25,304078.11,196084.14,39.2,Grace Perry,Arcadia Field Services,AGC-00161,Arcadia Field Services,Arcadia Field Services,Keystone Holdings,Germany,Arcadia Field Services,INV-2022-0008900,AGX-2022-009569-AGC-00161
2022-07-03,2022,7,July,Jul,Q3,207604.79,145823.36,61781.43,29.76,Eva Lewis,Helios Drilling Solutions,AGC-00055,Helios Drilling Solutions,Helios Drilling Solutions,Independent Entity,Indonesia,Helios Drilling Solutions,INV-2022-0008917,AGX-2022-009588-AGC-00055
2022-07-04,2022,7,July,Jul,Q3,393190.45,296045.8,97144.65,24.71,Julian Howard,Cobalt Drilling Solutions,AGC-00092,Cobalt Drilling Solutions,Cobalt Drilling Solutions,Helios Holdings,Nigeria,Cobalt Drilling Solutions,INV-2022-0009736,AGX-2022-010479-AGC-00092
2022-07-06,2022,7,July,Jul,Q3,140754.55,107239.01,33515.54,23.81,Camille Martin,Meridian Refinery Services,AGC-00136,Meridian Refinery Services,Meridian Refinery Services,Northstar Holdings,Vietnam,Meridian Refinery Services,INV-2022-0009176,AGX-2022-009864-AGC-00136
2022-07-11,2022,7,July,Jul,Q3,212125.89,151079.47,61046.42,28.78,Adrian Walker,Northstar Process Controls,AGC-00016,Northstar Process Controls,Northstar Process Controls,Granite Holdings,Qatar,Northstar Process Controls,INV-2022-0009431,AGX-2022-010147-AGC-00016
2022-07-13,2022,7,July,Jul,Q3,54705.88,39216.69,15489.19,28.31,Mila Diaz,Cobalt Resources,AGC-00095,Cobalt Resources,Cobalt Resources,Independent Entity,Germany,Cobalt Resources,INV-2022-0009626,AGX-2022-010361-AGC-00095
2022-07-15,2022,7,July,Jul,Q3,5039945.95,3368631.72,1671314.23,33.16,Zara Grant,Northstar Mechanical Group,AGC-00031,Northstar Mechanical Group,Northstar Mechanical Group,Silverline Holdings,Egypt,Northstar Mechanical Group,INV-2022-0009857,AGX-2022-010610-AGC-00031
2022-07-18,2022,7,July,Jul,Q3,94702.66,63514.05,31188.61,32.93,Theo Price,Helios Rotating Equipment,AGC-00060,Helios Rotating Equipment,Helios Rotating Equipment,Independent Entity,Japan,Helios Rotating Equipment,INV-2022-0008937,AGX-2022-009611-AGC-00060
2022-07-21,2022,7,July,Jul,Q3,240940.62,186882.03,54058.59,22.44,Lucas Hayes,Helios Technical Supply,AGC-00061,Helios Technical Supply,Helios Technical Supply,Granite Holdings,Mexico,Helios Technical Supply,INV-2022-0009705,AGX-2022-010448-AGC-00061
2022-07-22,2022,7,July,Jul,Q3,1675242.81,1008209.52,667033.29,39.82,Adrian Walker,Helios Infrastructure,AGC-00044,Helios Infrastructure,Helios Infrastructure,Apex Holdings,United Arab Emirates,Helios Infrastructure,INV-2022-0008270,AGX-2022-008898-AGC-00044
2022-07-22,2022,7,July,Jul,Q3,61842.84,44976.37,16866.47,27.27,Zara Grant,Arcadia Rotating Equipment,AGC-00171,Arcadia Rotating Equipment,Arcadia Rotating Equipment,Monarch Holdings,Italy,Arcadia Rotating Equipment,INV-2022-0009352,AGX-2022-010059-AGC-00171
2022-07-26,2022,7,July,Jul,Q3,98998.45,67176.29,31822.16,32.14,Camille Martin,Arcadia Marine Services,AGC-00150,Arcadia Marine Services,Arcadia Marine Services,Independent Entity,Thailand,Arcadia Marine Services,INV-2022-0008565,AGX-2022-009217-AGC-00150
2022-07-26,2022,7,July,Jul,Q3,1165795.96,817204.3,348591.66,29.9,Lina Sato,Helios Mechanical,AGC-00051,Helios Mechanical,Helios Mechanical,Summit Holdings,Thailand,Helios Mechanical,INV-2022-0009882,AGX-2022-010636-AGC-00051
2022-07-27,2022,7,July,Jul,Q3,52498.16,36379.74,16118.42,30.7,Mila Diaz,Arcadia Industrial Group,AGC-00151,Arcadia Industrial Group,Arcadia Industrial Group,Granite Holdings,Chile,Arcadia Industrial Group,INV-2022-0009336,AGX-2022-010040-AGC-00151
2022-07-29,2022,7,July,Jul,Q3,5368272.59,3353346.56,2014926.03,37.53,Avery Morgan,Northstar Industrial Maintenance,AGC-00020,Northstar Industrial Maintenance,Northstar Industrial Maintenance,Independent Entity,Spain,Northstar Industrial Maintenance,INV-2022-0008581,AGX-2022-009235-AGC-00020
2022-08-01,2022,8,August,Aug,Q3,1309829.62,839229.92,470599.7,35.93,Grace Perry,Meridian Petro Systems,AGC-00119,Meridian Petro Systems,Meridian Petro Systems,DeltaWorks Holdings,Spain,Meridian Petro Systems,INV-2022-0008548,AGX-2022-009196-AGC-00119
2022-08-02,2022,8,August,Aug,Q3,293581.62,195442.29,98139.33,33.43,Julian Howard,Meridian Mining Services,AGC-00120,Meridian Mining Services,Meridian Mining Services,Independent Entity,South Africa,Meridian Mining Services,INV-2022-0008456,AGX-2022-009100-AGC-00120
2022-08-02,2022,8,August,Aug,Q3,318157.31,212231.2,105926.11,33.29,Lucas Hayes,Cobalt Energy Systems,AGC-00075,Cobalt Energy Systems,Cobalt Energy Systems,Independent Entity,Canada,Cobalt Energy Systems,INV-2022-0008877,AGX-2022-009545-AGC-00075
2022-08-02,2022,8,August,Aug,Q3,983067.91,625012.15,358055.76,36.42,Avery Morgan,Arcadia Utilities,AGC-00160,Arcadia Utilities,Arcadia Utilities,Independent Entity,Mexico,Arcadia Utilities,INV-2022-0009112,AGX-2022-009797-AGC-00160
2022-08-02,2022,8,August,Aug,Q3,386810.67,259064.38,127746.29,33.03,Priya Nguyen,Meridian Energy Systems,AGC-00112,Meridian Energy Systems,Meridian Energy Systems,Clearwater Holdings,South Korea,Meridian Energy Systems,INV-2022-0009655,AGX-2022-010394-AGC-00112
2022-08-05,2022,8,August,Aug,Q3,3554035.55,2172875.54,1381160.01,38.86,Mila Diaz,Helios Process Controls,AGC-00053,Helios Process Controls,Helios Process Controls,Vantage Holdings,Spain,Helios Process Controls,INV-2022-0008724,AGX-2022-009386-AGC-00053
2022-08-11,2022,8,August,Aug,Q3,528198.57,338984.12,189214.45,35.82,Theo Price,Arcadia Waterworks,AGC-00158,Arcadia Waterworks,Arcadia Waterworks,Falcon Holdings,Nigeria,Arcadia Waterworks,INV-2022-0009213,AGX-2022-009906-AGC-00158
2022-08-12,2022,8,August,Aug,Q3,27775.35,18207.09,9568.26,34.45,Camille Martin,Northstar Waterworks,AGC-00010,Northstar Waterworks,Northstar Waterworks,Independent Entity,France,Northstar Waterworks,INV-2022-0009219,AGX-2022-009913-AGC-00010
2022-08-12,2022,8,August,Aug,Q3,212850.35,142303.34,70547.01,33.14,Camille Martin,Helios Energy Systems,AGC-00038,Helios Energy Systems,Helios Energy Systems,Trident Holdings,Argentina,Helios Energy Systems,INV-2022-0009362,AGX-2022-010069-AGC-00038
2022-08-14,2022,8,August,Aug,Q3,936845.82,613052.27,323793.55,34.56,Grace Perry,Meridian Industrial Solutions,AGC-00147,Meridian Industrial Solutions,Meridian Industrial Solutions,NovaGrid Holdings,Netherlands,Meridian Industrial Solutions,INV-2022-0008496,AGX-2022-009141-AGC-00147
2022-08-18,2022,8,August,Aug,Q3,179965.57,121867.45,58098.12,32.28,Noah Keller,Helios Flow Technologies,AGC-00043,Helios Flow Technologies,Helios Flow Technologies,Lighthouse Holdings,France,Helios Flow Technologies,INV-2022-0008757,AGX-2022-009421-AGC-00043
2022-08-20,2022,8,August,Aug,Q3,1154077.1,822130.2,331946.9,28.76,Lina Sato,Northstar Rotating Equipment,AGC-00023,Northstar Rotating Equipment,Northstar Rotating Equipment,Falcon Holdings,United States,Northstar Rotating Equipment,INV-2022-0009287,AGX-2022-009988-AGC-00023
2022-08-22,2022,8,August,Aug,Q3,160667.46,106964.03,53703.43,33.43,Grace Perry,Meridian Pipeline Services,AGC-00133,Meridian Pipeline Services,Meridian Pipeline Services,Lighthouse Holdings,Norway,Meridian Pipeline Services,INV-2022-0009024,AGX-2022-009702-AGC-00133
2022-08-26,2022,8,August,Aug,Q3,262132.26,189207.12,72925.14,27.82,Leo Foster,Northstar Energy Projects,AGC-00026,Northstar Energy Projects,Northstar Energy Projects,Keystone Holdings,Nigeria,Northstar Energy Projects,INV-2022-0008594,AGX-2022-009248-AGC-00026
2022-08-26,2022,8,August,Aug,Q3,104217.08,78981.15,25235.93,24.21,Noah Keller,Meridian Marine Services,AGC-00113,Meridian Marine Services,Meridian Marine Services,Falcon Holdings,Brazil,Meridian Marine Services,INV-2022-0009155,AGX-2022-009841-AGC-00113
2022-08-26,2022,8,August,Aug,Q3,1453990.94,1022698.18,431292.76,29.66,Adrian Walker,Northstar Offshore Systems,AGC-00030,Northstar Offshore Systems,Northstar Offshore Systems,Independent Entity,Saudi Arabia,Northstar Offshore Systems,INV-2022-0009834,AGX-2022-010584-AGC-00030
2022-08-27,2022,8,August,Aug,Q3,194687.86,122502.1,72185.76,37.08,Camille Martin,Helios Power Partners,AGC-00052,Helios Power Partners,Helios Power Partners,BluePeak Holdings,Chile,Helios Power Partners,INV-2022-0009743,AGX-2022-010486-AGC-00052
2022-08-27,2022,8,August,Aug,Q3,311454.19,196514.32,114939.87,36.9,Lina Sato,Cobalt Compression,AGC-00093,Cobalt Compression,Cobalt Compression,Cobalt Holdings,Japan,Cobalt Compression,INV-2022-0009884,AGX-2022-010638-AGC-00093
2022-08-29,2022,8,August,Aug,Q3,318620.81,202243.79,116377.02,36.53,Avery Morgan,Northstar Industrial Maintenance,AGC-00020,Northstar Industrial Maintenance,Northstar Industrial Maintenance,Independent Entity,Spain,Northstar Industrial Maintenance,INV-2022-0009386,AGX-2022-010097-AGC-00020
2022-09-02,2022,9,September,Sep,Q3,124669.21,77882.17,46787.04,37.53,Camille Martin,Cobalt Industrial Maintenance,AGC-00094,Cobalt Industrial Maintenance,Cobalt Industrial Maintenance,Meridian Holdings,Mexico,Cobalt Industrial Maintenance,INV-2022-0008926,AGX-2022-009599-AGC-00094
2022-09-03,2022,9,September,Sep,Q3,294457.39,193422.46,101034.93,34.31,Lucas Hayes,Cobalt Energy Systems,AGC-00075,Cobalt Energy Systems,Cobalt Energy Systems,Independent Entity,Canada,Cobalt Energy Systems,INV-2022-0008633,AGX-2022-009289-AGC-00075
2022-09-04,2022,9,September,Sep,Q3,519901.26,345807.57,174093.69,33.49,Noah Keller,Arcadia Infrastructure,AGC-00155,Arcadia Infrastructure,Arcadia Infrastructure,Independent Entity,United States,Arcadia Infrastructure,INV-2022-0009261,AGX-2022-009957-AGC-00155
2022-09-06,2022,9,September,Sep,Q3,348382.53,219247.75,129134.78,37.07,Lucas Hayes,Helios Waterworks,AGC-00047,Helios Waterworks,Helios Waterworks,Helios Holdings,Brazil,Helios Waterworks,INV-2022-0009227,AGX-2022-009921-AGC-00047
2022-09-06,2022,9,September,Sep,Q3,162617.38,97924.12,64693.26,39.78,Eva Lewis,Meridian Mechanical,AGC-00125,Meridian Mechanical,Meridian Mechanical,Independent Entity,Nigeria,Meridian Mechanical,INV-2022-0009258,AGX-2022-009954-AGC-00125
2022-09-07,2022,9,September,Sep,Q3,654042.81,411909.28,242133.53,37.02,Lina Sato,Cobalt Offshore Engineering,AGC-00079,Cobalt Offshore Engineering,Cobalt Offshore Engineering,Beacon Holdings,South Korea,Cobalt Offshore Engineering,INV-2022-0009761,AGX-2022-010505-AGC-00079
2022-09-08,2022,9,September,Sep,Q3,179384.5,114619.66,64764.84,36.1,Theo Price,Helios Rotating Equipment,AGC-00060,Helios Rotating Equipment,Helios Rotating Equipment,Independent Entity,Japan,Helios Rotating Equipment,INV-2022-0008824,AGX-2022-009490-AGC-00060
2022-09-09,2022,9,September,Sep,Q3,579700.27,370885.29,208814.98,36.02,Theo Price,Northstar Drilling Solutions,AGC-00018,Northstar Drilling Solutions,Northstar Drilling Solutions,Vertex Holdings,Thailand,Northstar Drilling Solutions,INV-2022-0008371,AGX-2022-009009-AGC-00018
2022-09-10,2022,9,September,Sep,Q3,1619935.43,977046.34,642889.09,39.69,Lina Sato,Cobalt Flow Systems,AGC-00107,Cobalt Flow Systems,Cobalt Flow Systems,Harborline Holdings,Australia,Cobalt Flow Systems,INV-2022-0009453,AGX-2022-010171-AGC-00107
2022-09-13,2022,9,September,Sep,Q3,329615.95,228741.21,100874.74,30.6,Priya Nguyen,Helios Compression,AGC-00056,Helios Compression,Helios Compression,Redwood Holdings,United States,Helios Compression,INV-2022-0008727,AGX-2022-009389-AGC-00056
2022-09-13,2022,9,September,Sep,Q3,406237.27,267142.99,139094.28,34.24,Adrian Walker,Helios Resources,AGC-00058,Helios Resources,Helios Resources,Crescent Holdings,Poland,Helios Resources,INV-2022-0009120,AGX-2022-009805-AGC-00058
2022-09-15,2022,9,September,Sep,Q3,151874.55,112347.38,39527.17,26.03,Avery Morgan,Meridian Resources,AGC-00132,Meridian Resources,Meridian Resources,Rivermark Holdings,Colombia,Meridian Resources,INV-2022-0009816,AGX-2022-010564-AGC-00132
2022-09-18,2022,9,September,Sep,Q3,600166.89,440717.7,159449.19,26.57,Julian Howard,Helios Marine Engineering,AGC-00064,Helios Marine Engineering,Helios Marine Engineering,Pioneer Holdings,Egypt,Helios Marine Engineering,INV-2022-0008318,AGX-2022-008949-AGC-00064
2022-09-19,2022,9,September,Sep,Q3,4664815.58,3177797.58,1487018.0,31.88,Lucas Hayes,Cobalt Controls,AGC-00103,Cobalt Controls,Cobalt Controls,Crescent Holdings,Vietnam,Cobalt Controls,INV-2022-0008342,AGX-2022-008977-AGC-00103
2022-09-19,2022,9,September,Sep,Q3,75551.98,58113.34,17438.64,23.08,Eva Lewis,Northstar Field Services,AGC-00013,Northstar Field Services,Northstar Field Services,Crescent Holdings,South Korea,Northstar Field Services,INV-2022-0009541,AGX-2022-010264-AGC-00013
2022-09-21,2022,9,September,Sep,Q3,3261005.29,2069877.42,1191127.87,36.53,Grace Perry,Northstar Infrastructure,AGC-00007,Northstar Infrastructure,Northstar Infrastructure,BluePeak Holdings,Ghana,Northstar Infrastructure,INV-2022-0008851,AGX-2022-009518-AGC-00007
2022-09-21,2022,9,September,Sep,Q3,268104.71,198599.49,69505.22,25.92,Avery Morgan,Helios Refinery Services,AGC-00062,Helios Refinery Services,Helios Refinery Services,Harborline Holdings,Germany,Helios Refinery Services,INV-2022-0009471,AGX-2022-010190-AGC-00062
2022-09-23,2022,9,September,Sep,Q3,289662.05,178259.09,111402.96,38.46,Lina Sato,Helios Production Services,AGC-00065,Helios Production Services,Helios Production Services,Independent Entity,India,Helios Production Services,INV-2022-0009598,AGX-2022-010330-AGC-00065
2022-09-24,2022,9,September,Sep,Q3,357909.52,239481.91,118427.61,33.09,Avery Morgan,Meridian Resources,AGC-00132,Meridian Resources,Meridian Resources,Rivermark Holdings,Colombia,Meridian Resources,INV-2022-0009709,AGX-2022-010452-AGC-00132
2022-09-29,2022,9,September,Sep,Q3,104813.62,70795.75,34017.87,32.46,Mila Diaz,Meridian Energy Projects,AGC-00137,Meridian Energy Projects,Meridian Energy Projects,Helios Holdings,Argentina,Meridian Energy Projects,INV-2022-0008952,AGX-2022-009627-AGC-00137
2022-09-30,2022,9,September,Sep,Q3,1524048.69,1139728.88,384319.81,25.22,Avery Morgan,Northstar Instrumentation,AGC-00034,Northstar Instrumentation,Northstar Instrumentation,Beacon Holdings,Norway,Northstar Instrumentation,INV-2022-0008961,AGX-2022-009636-AGC-00034
2022-09-30,2022,9,September,Sep,Q3,652660.03,387378.59,265281.44,40.65,Noah Keller,Cobalt Refinery Services,AGC-00099,Cobalt Refinery Services,Cobalt Refinery Services,Sterling Holdings,Colombia,Cobalt Refinery Services,INV-2022-0009522,AGX-2022-010244-AGC-00099
2022-10-01,2022,10,October,Oct,Q4,967980.37,655154.57,312825.8,32.32,Theo Price,Meridian Offshore Engineering,AGC-00116,Meridian Offshore Engineering,Meridian Offshore Engineering,Keystone Holdings,Singapore,Meridian Offshore Engineering,INV-2022-0009066,AGX-2022-009745-AGC-00116
2022-10-05,2022,10,October,Oct,Q4,39921.17,26451.65,13469.52,33.74,Leo Foster,Meridian Field Services,AGC-00124,Meridian Field Services,Meridian Field Services,Beacon Holdings,Poland,Meridian Field Services,INV-2022-0008981,AGX-2022-009656-AGC-00124
2022-10-09,2022,10,October,Oct,Q4,568637.11,369788.99,198848.12,34.97,Noah Keller,Meridian Process Controls,AGC-00127,Meridian Process Controls,Meridian Process Controls,Frontier Holdings,Mexico,Meridian Process Controls,INV-2022-0009419,AGX-2022-010132-AGC-00127
2022-10-09,2022,10,October,Oct,Q4,1898202.6,1379708.25,518494.35,27.32,Leo Foster,Arcadia Drilling Solutions,AGC-00166,Arcadia Drilling Solutions,Arcadia Drilling Solutions,Silverline Holdings,Norway,Arcadia Drilling Solutions,INV-2022-0009489,AGX-2022-010210-AGC-00166
2022-10-10,2022,10,October,Oct,Q4,678674.92,504095.72,174579.2,25.72,Theo Price,Meridian Compression,AGC-00130,Meridian Compression,Meridian Compression,Independent Entity,Egypt,Meridian Compression,INV-2022-0008922,AGX-2022-009594-AGC-00130
2022-10-10,2022,10,October,Oct,Q4,1167427.37,763265.64,404161.73,34.62,Lucas Hayes,Cobalt Power Partners,AGC-00089,Cobalt Power Partners,Cobalt Power Partners,Apex Holdings,United States,Cobalt Power Partners,INV-2022-0009619,AGX-2022-010354-AGC-00089
2022-10-12,2022,10,October,Oct,Q4,235564.43,173600.95,61963.48,26.3,Lucas Hayes,Meridian Instrumentation,AGC-00145,Meridian Instrumentation,Meridian Instrumentation,Independent Entity,South Korea,Meridian Instrumentation,INV-2022-0009506,AGX-2022-010228-AGC-00145
2022-10-14,2022,10,October,Oct,Q4,1149166.24,710848.57,438317.67,38.14,Camille Martin,Helios Power Partners,AGC-00052,Helios Power Partners,Helios Power Partners,BluePeak Holdings,Chile,Helios Power Partners,INV-2022-0008231,AGX-2022-008854-AGC-00052
2022-10-14,2022,10,October,Oct,Q4,327155.61,203049.81,124105.8,37.93,Adrian Walker,Meridian Industrial Group,AGC-00114,Meridian Industrial Group,Meridian Industrial Group,Sierra Holdings,Netherlands,Meridian Industrial Group,INV-2022-0009122,AGX-2022-009807-AGC-00114
2022-10-16,2022,10,October,Oct,Q4,3090.32,2080.35,1009.97,32.68,Priya Nguyen,Meridian Energy Systems,AGC-00112,Meridian Energy Systems,Meridian Energy Systems,Clearwater Holdings,South Korea,Meridian Energy Systems,INV-2022-0008297,AGX-2022-008925-AGC-00112
2022-10-17,2022,10,October,Oct,Q4,1972995.77,1193135.67,779860.1,39.53,Zara Grant,Meridian Drilling Solutions,AGC-00129,Meridian Drilling Solutions,Meridian Drilling Solutions,Cascade Holdings,Saudi Arabia,Meridian Drilling Solutions,INV-2022-0008269,AGX-2022-008896-AGC-00129
2022-10-18,2022,10,October,Oct,Q4,614937.37,388789.88,226147.49,36.78,Noah Keller,Arcadia Resources,AGC-00169,Arcadia Resources,Arcadia Resources,Beacon Holdings,Vietnam,Arcadia Resources,INV-2022-0008461,AGX-2022-009105-AGC-00169
2022-10-18,2022,10,October,Oct,Q4,1440265.34,813058.94,627206.4,43.55,Priya Nguyen,Cobalt Technical Supply,AGC-00098,Cobalt Technical Supply,Cobalt Technical Supply,Vantage Holdings,India,Cobalt Technical Supply,INV-2022-0008570,AGX-2022-009223-AGC-00098
2022-10-20,2022,10,October,Oct,Q4,295171.05,189411.84,105759.21,35.83,Zara Grant,Arcadia Mining Services,AGC-00157,Arcadia Mining Services,Arcadia Mining Services,Clearwater Holdings,Poland,Arcadia Mining Services,INV-2022-0008996,AGX-2022-009672-AGC-00157
2022-10-22,2022,10,October,Oct,Q4,398299.56,295831.15,102468.41,25.73,Lucas Hayes,Helios Technical Supply,AGC-00061,Helios Technical Supply,Helios Technical Supply,Granite Holdings,Mexico,Helios Technical Supply,INV-2022-0008715,AGX-2022-009376-AGC-00061
2022-10-22,2022,10,October,Oct,Q4,491388.9,314523.86,176865.04,35.99,Julian Howard,Meridian Marine Supply,AGC-00148,Meridian Marine Supply,Meridian Marine Supply,Crescent Holdings,Qatar,Meridian Marine Supply,INV-2022-0009883,AGX-2022-010637-AGC-00148
2022-10-23,2022,10,October,Oct,Q4,505822.49,360412.12,145410.37,28.75,Theo Price,Helios Marine Supply,AGC-00074,Helios Marine Supply,Helios Marine Supply,DeltaWorks Holdings,Australia,Helios Marine Supply,INV-2022-0009057,AGX-2022-009736-AGC-00074
2022-10-26,2022,10,October,Oct,Q4,36252.51,21573.01,14679.5,40.49,Mila Diaz,Cobalt Infrastructure,AGC-00081,Cobalt Infrastructure,Cobalt Infrastructure,Monarch Holdings,Netherlands,Cobalt Infrastructure,INV-2022-0009267,AGX-2022-009965-AGC-00081
2022-10-26,2022,10,October,Oct,Q4,143115.91,99713.91,43402.0,30.33,Julian Howard,Cobalt Drilling Solutions,AGC-00092,Cobalt Drilling Solutions,Cobalt Drilling Solutions,Helios Holdings,Nigeria,Cobalt Drilling Solutions,INV-2022-0009289,AGX-2022-009990-AGC-00092
2022-10-26,2022,10,October,Oct,Q4,188084.86,137382.34,50702.52,26.96,Lina Sato,Northstar Marine Supply,AGC-00037,Northstar Marine Supply,Northstar Marine Supply,Frontier Holdings,Vietnam,Northstar Marine Supply,INV-2022-0009836,AGX-2022-010586-AGC-00037
2022-10-27,2022,10,October,Oct,Q4,1291493.89,889458.53,402035.36,31.13,Adrian Walker,Arcadia Pipeline Services,AGC-00170,Arcadia Pipeline Services,Arcadia Pipeline Services,Independent Entity,Argentina,Arcadia Pipeline Services,INV-2022-0009299,AGX-2022-010001-AGC-00170
2022-10-28,2022,10,October,Oct,Q4,1951488.86,1387452.4,564036.46,28.9,Eva Lewis,Arcadia Compression,AGC-00167,Arcadia Compression,Arcadia Compression,Noble Ridge Holdings,Oman,Arcadia Compression,INV-2022-0009113,AGX-2022-009798-AGC-00167
2022-10-29,2022,10,October,Oct,Q4,2492226.51,1788611.67,703614.84,28.23,Theo Price,Meridian Compression,AGC-00130,Meridian Compression,Meridian Compression,Independent Entity,Egypt,Meridian Compression,INV-2022-0009343,AGX-2022-010047-AGC-00130
2022-10-30,2022,10,October,Oct,Q4,13179.49,9129.73,4049.76,30.73,Noah Keller,Meridian Offshore Systems,AGC-00141,Meridian Offshore Systems,Meridian Offshore Systems,Summit Holdings,Canada,Meridian Offshore Systems,INV-2022-0008580,AGX-2022-009234-AGC-00141
2022-10-31,2022,10,October,Oct,Q4,213941.19,133568.25,80372.94,37.57,Camille Martin,Cobalt Instrumentation,AGC-00108,Cobalt Instrumentation,Cobalt Instrumentation,Vertex Holdings,Canada,Cobalt Instrumentation,INV-2022-0008520,AGX-2022-009166-AGC-00108
2022-11-01,2022,11,November,Nov,Q4,494850.11,339206.42,155643.69,31.45,Grace Perry,Meridian Pipeline Services,AGC-00133,Meridian Pipeline Services,Meridian Pipeline Services,Lighthouse Holdings,Norway,Meridian Pipeline Services,INV-2022-0008550,AGX-2022-009200-AGC-00133
2022-11-04,2022,11,November,Nov,Q4,252589.28,187320.63,65268.65,25.84,Adrian Walker,Arcadia Petro Systems,AGC-00156,Arcadia Petro Systems,Arcadia Petro Systems,TerraNova Holdings,United Kingdom,Arcadia Petro Systems,INV-2022-0008798,AGX-2022-009462-AGC-00156
2022-11-04,2022,11,November,Nov,Q4,498986.02,328413.01,170573.01,34.18,Mila Diaz,Arcadia Engineering,AGC-00165,Arcadia Engineering,Arcadia Engineering,Independent Entity,Colombia,Arcadia Engineering,INV-2022-0009842,AGX-2022-010593-AGC-00165
2022-11-05,2022,11,November,Nov,Q4,35805.65,23147.82,12657.83,35.35,Theo Price,Meridian Flow Systems,AGC-00144,Meridian Flow Systems,Meridian Flow Systems,Sterling Holdings,Kenya,Meridian Flow Systems,INV-2022-0009432,AGX-2022-010148-AGC-00144
2022-11-05,2022,11,November,Nov,Q4,131652.53,84184.03,47468.5,36.06,Lina Sato,Meridian Technical Supply,AGC-00135,Meridian Technical Supply,Meridian Technical Supply,Independent Entity,Malaysia,Meridian Technical Supply,INV-2022-0009815,AGX-2022-010563-AGC-00135
2022-11-07,2022,11,November,Nov,Q4,237284.49,139859.04,97425.45,41.06,Theo Price,Cobalt Mechanical,AGC-00088,Cobalt Mechanical,Cobalt Mechanical,Lighthouse Holdings,Indonesia,Cobalt Mechanical,INV-2022-0008418,AGX-2022-009058-AGC-00088
2022-11-10,2022,11,November,Nov,Q4,719040.06,496633.34,222406.72,30.93,Noah Keller,Meridian Marine Services,AGC-00113,Meridian Marine Services,Meridian Marine Services,Falcon Holdings,Brazil,Meridian Marine Services,INV-2022-0009421,AGX-2022-010135-AGC-00113
2022-11-11,2022,11,November,Nov,Q4,475534.16,293086.32,182447.84,38.37,Priya Nguyen,Helios Flow Systems,AGC-00070,Helios Flow Systems,Helios Flow Systems,Independent Entity,Vietnam,Helios Flow Systems,INV-2022-0008647,AGX-2022-009305-AGC-00070
2022-11-14,2022,11,November,Nov,Q4,646502.11,471813.87,174688.24,27.02,Eva Lewis,Meridian Mechanical,AGC-00125,Meridian Mechanical,Meridian Mechanical,Independent Entity,Nigeria,Meridian Mechanical,INV-2022-0008880,AGX-2022-009548-AGC-00125
2022-11-15,2022,11,November,Nov,Q4,438949.24,281983.24,156966.0,35.76,Lucas Hayes,Northstar Compression,AGC-00019,Northstar Compression,Northstar Compression,Pioneer Holdings,Chile,Northstar Compression,INV-2022-0008569,AGX-2022-009222-AGC-00019
2022-11-20,2022,11,November,Nov,Q4,482053.85,315842.39,166211.46,34.48,Adrian Walker,Cobalt Utilities,AGC-00086,Cobalt Utilities,Cobalt Utilities,Zenith Holdings,Spain,Cobalt Utilities,INV-2022-0008834,AGX-2022-009501-AGC-00086
2022-11-20,2022,11,November,Nov,Q4,1060564.69,698462.57,362102.12,34.14,Mila Diaz,Northstar Refinery Services,AGC-00025,Northstar Refinery Services,Northstar Refinery Services,Independent Entity,Poland,Northstar Refinery Services,INV-2022-0009529,AGX-2022-010252-AGC-00025
2022-11-20,2022,11,November,Nov,Q4,1656542.42,1147516.19,509026.23,30.73,Theo Price,Arcadia Technical Supply,AGC-00172,Arcadia Technical Supply,Arcadia Technical Supply,Frontier Holdings,Ghana,Arcadia Technical Supply,INV-2022-0009757,AGX-2022-010501-AGC-00172
2022-11-23,2022,11,November,Nov,Q4,627104.11,419631.02,207473.09,33.08,Mila Diaz,Cobalt Technical Services,AGC-00109,Cobalt Technical Services,Cobalt Technical Services,Pioneer Holdings,France,Cobalt Technical Services,INV-2022-0008481,AGX-2022-009125-AGC-00109
2022-11-24,2022,11,November,Nov,Q4,62052.91,43498.53,18554.38,29.9,Grace Perry,Helios Energy Projects,AGC-00063,Helios Energy Projects,Helios Energy Projects,Vertex Holdings,Saudi Arabia,Helios Energy Projects,INV-2022-0008622,AGX-2022-009278-AGC-00063
2022-11-24,2022,11,November,Nov,Q4,1230422.01,831894.43,398527.58,32.39,Zara Grant,Helios Pipeline Services,AGC-00059,Helios Pipeline Services,Helios Pipeline Services,Ironwood Holdings,Nigeria,Helios Pipeline Services,INV-2022-0009610,AGX-2022-010343-AGC-00059
2022-11-25,2022,11,November,Nov,Q4,26454.07,18178.29,8275.78,31.28,Lina Sato,Meridian Technical Supply,AGC-00135,Meridian Technical Supply,Meridian Technical Supply,Independent Entity,Malaysia,Meridian Technical Supply,INV-2022-0008610,AGX-2022-009265-AGC-00135
2022-11-25,2022,11,November,Nov,Q4,100763.78,67816.22,32947.56,32.7,Theo Price,Northstar Process Solutions,AGC-00004,Northstar Process Solutions,Northstar Process Solutions,Meridian Holdings,Vietnam,Northstar Process Solutions,INV-2022-0008700,AGX-2022-009360-AGC-00004
2022-11-27,2022,11,November,Nov,Q4,541837.58,365804.89,176032.69,32.49,Eva Lewis,Helios Process Solutions,AGC-00041,Helios Process Solutions,Helios Process Solutions,Zenith Holdings,Australia,Helios Process Solutions,INV-2022-0009038,AGX-2022-009716-AGC-00041
2022-11-27,2022,11,November,Nov,Q4,260310.78,182828.91,77481.87,29.77,Leo Foster,Arcadia Industrial Services,AGC-00180,Arcadia Industrial Services,Arcadia Industrial Services,Independent Entity,Netherlands,Arcadia Industrial Services,INV-2022-0009485,AGX-2022-010206-AGC-00180
2022-11-27,2022,11,November,Nov,Q4,17482.52,10692.37,6790.15,38.84,Leo Foster,Helios Industrial Group,AGC-00040,Helios Industrial Group,Helios Industrial Group,Independent Entity,Ghana,Helios Industrial Group,INV-2022-0009609,AGX-2022-010342-AGC-00040
2022-11-29,2022,11,November,Nov,Q4,32960.82,25321.14,7639.68,23.18,Julian Howard,Arcadia Production Services,AGC-00176,Arcadia Production Services,Arcadia Production Services,Zenith Holdings,United Arab Emirates,Arcadia Production Services,INV-2022-0009662,AGX-2022-010401-AGC-00176
2022-11-30,2022,11,November,Nov,Q4,136822.53,96945.09,39877.44,29.15,Avery Morgan,Meridian Infrastructure,AGC-00118,Meridian Infrastructure,Meridian Infrastructure,Westbridge Holdings,Chile,Meridian Infrastructure,INV-2022-0009180,AGX-2022-009868-AGC-00118
2022-11-30,2022,11,November,Nov,Q4,68913.69,47373.59,21540.1,31.26,Mila Diaz,Helios Marine Services,AGC-00039,Helios Marine Services,Helios Marine Services,Cascade Holdings,Italy,Helios Marine Services,INV-2022-0009225,AGX-2022-009919-AGC-00039
2022-11-30,2022,11,November,Nov,Q4,3904960.33,2554823.74,1350136.59,34.57,Eva Lewis,Northstar Marine Engineering,AGC-00027,Northstar Marine Engineering,Northstar Marine Engineering,Equinox Holdings,Japan,Northstar Marine Engineering,INV-2022-0009473,AGX-2022-010193-AGC-00027
2022-12-04,2022,12,December,Dec,Q4,267650.13,179499.38,88150.75,32.94,Theo Price,Meridian Offshore Engineering,AGC-00116,Meridian Offshore Engineering,Meridian Offshore Engineering,Keystone Holdings,Singapore,Meridian Offshore Engineering,INV-2022-0008488,AGX-2022-009132-AGC-00116
2022-12-05,2022,12,December,Dec,Q4,1564412.56,1103807.23,460605.33,29.44,Avery Morgan,Meridian Technical Services,AGC-00146,Meridian Technical Services,Meridian Technical Services,Redwood Holdings,Brazil,Meridian Technical Services,INV-2022-0009000,AGX-2022-009676-AGC-00146
2022-12-06,2022,12,December,Dec,Q4,828564.73,561339.69,267225.04,32.25,Grace Perry,Cobalt Industrial Group,AGC-00077,Cobalt Industrial Group,Cobalt Industrial Group,Noble Ridge Holdings,United Arab Emirates,Cobalt Industrial Group,INV-2022-0008897,AGX-2022-009566-AGC-00077
2022-12-08,2022,12,December,Dec,Q4,669908.86,435946.45,233962.41,34.92,Julian Howard,Cobalt Drilling Solutions,AGC-00092,Cobalt Drilling Solutions,Cobalt Drilling Solutions,Helios Holdings,Nigeria,Cobalt Drilling Solutions,INV-2022-0009078,AGX-2022-009758-AGC-00092
2022-12-09,2022,12,December,Dec,Q4,314393.48,204322.5,110070.98,35.01,Eva Lewis,Cobalt Mining Services,AGC-00083,Cobalt Mining Services,Cobalt Mining Services,Trident Holdings,Singapore,Cobalt Mining Services,INV-2022-0009310,AGX-2022-010013-AGC-00083
2022-12-10,2022,12,December,Dec,Q4,836157.52,554623.16,281534.36,33.67,Priya Nguyen,Helios Offshore Engineering,AGC-00042,Helios Offshore Engineering,Helios Offshore Engineering,Rivermark Holdings,Canada,Helios Offshore Engineering,INV-2022-0008395,AGX-2022-009035-AGC-00042
2022-12-11,2022,12,December,Dec,Q4,395442.09,278522.54,116919.55,29.57,Eva Lewis,Northstar Field Services,AGC-00013,Northstar Field Services,Northstar Field Services,Crescent Holdings,South Korea,Northstar Field Services,INV-2022-0008596,AGX-2022-009250-AGC-00013
2022-12-12,2022,12,December,Dec,Q4,183760.56,136015.21,47745.35,25.98,Grace Perry,Arcadia Marine Engineering,AGC-00175,Arcadia Marine Engineering,Arcadia Marine Engineering,Independent Entity,France,Arcadia Marine Engineering,INV-2022-0009109,AGX-2022-009794-AGC-00175
2022-12-13,2022,12,December,Dec,Q4,1189153.98,874576.26,314577.72,26.45,Noah Keller,Arcadia Infrastructure,AGC-00155,Arcadia Infrastructure,Arcadia Infrastructure,Independent Entity,United States,Arcadia Infrastructure,INV-2022-0009657,AGX-2022-010396-AGC-00155
2022-12-14,2022,12,December,Dec,Q4,2251416.75,1338844.77,912571.98,40.53,Eva Lewis,Meridian Mechanical,AGC-00125,Meridian Mechanical,Meridian Mechanical,Independent Entity,Nigeria,Meridian Mechanical,INV-2022-0008874,AGX-2022-009542-AGC-00125
2022-12-15,2022,12,December,Dec,Q4,193724.18,151398.86,42325.32,21.85,Adrian Walker,Helios Resources,AGC-00058,Helios Resources,Helios Resources,Crescent Holdings,Poland,Helios Resources,INV-2022-0009599,AGX-2022-010331-AGC-00058
2022-12-18,2022,12,December,Dec,Q4,696349.61,477998.89,218350.72,31.36,Camille Martin,Arcadia Marine Services,AGC-00150,Arcadia Marine Services,Arcadia Marine Services,Independent Entity,Thailand,Arcadia Marine Services,INV-2022-0008783,AGX-2022-009447-AGC-00150
2022-12-18,2022,12,December,Dec,Q4,131879.09,87811.37,44067.72,33.42,Lina Sato,Arcadia Controls,AGC-00177,Arcadia Controls,Arcadia Controls,Rivermark Holdings,Kenya,Arcadia Controls,INV-2022-0009079,AGX-2022-009759-AGC-00177
2022-12-21,2022,12,December,Dec,Q4,1485139.48,981568.65,503570.83,33.91,Priya Nguyen,Arcadia Industrial Maintenance,AGC-00168,Arcadia Industrial Maintenance,Arcadia Industrial Maintenance,Pacific Crest Holdings,Malaysia,Arcadia Industrial Maintenance,INV-2022-0008510,AGX-2022-009156-AGC-00168
2022-12-21,2022,12,December,Dec,Q4,342230.33,222962.37,119267.96,34.85,Grace Perry,Meridian Industrial Solutions,AGC-00147,Meridian Industrial Solutions,Meridian Industrial Solutions,NovaGrid Holdings,Netherlands,Meridian Industrial Solutions,INV-2022-0009242,AGX-2022-009937-AGC-00147
2022-12-31,2022,12,December,Dec,Q4,413070.75,283627.65,129443.1,31.34,Zara Grant,Meridian Process Solutions,AGC-00115,Meridian Process Solutions,Meridian Process Solutions,Independent Entity,Qatar,Meridian Process Solutions,INV-2022-0008332,AGX-2022-008965-AGC-00115
2022-12-31,2022,12,December,Dec,Q4,338574.62,215601.25,122973.37,36.32,Avery Morgan,Cobalt Process Controls,AGC-00090,Cobalt Process Controls,Cobalt Process Controls,Independent Entity,United Kingdom,Cobalt Process Controls,INV-2022-0009633,AGX-2022-010369-AGC-00090
2023-01-02,2023,1,January,Jan,Q1,18571.93,10987.95,7583.98,40.84,Julian Howard,Meridian Rotating Equipment,AGC-00134,Meridian Rotating Equipment,Meridian Rotating Equipment,Apex Holdings,Oman,Meridian Rotating Equipment,INV-2023-0008430,AGX-2022-009070-AGC-00134
2023-01-02,2023,1,January,Jan,Q1,544716.31,370204.76,174511.55,32.04,Julian Howard,Cobalt Drilling Solutions,AGC-00092,Cobalt Drilling Solutions,Cobalt Drilling Solutions,Helios Holdings,Nigeria,Cobalt Drilling Solutions,INV-2023-0008836,AGX-2022-009503-AGC-00092
2023-01-02,2023,1,January,Jan,Q1,136869.19,85284.18,51585.01,37.69,Priya Nguyen,Meridian Power Partners,AGC-00126,Meridian Power Partners,Meridian Power Partners,Monarch Holdings,Japan,Meridian Power Partners,INV-2023-0009084,AGX-2022-009764-AGC-00126
2023-01-05,2023,1,January,Jan,Q1,196198.83,132688.95,63509.88,32.37,Lucas Hayes,Arcadia Automation,AGC-00159,Arcadia Automation,Arcadia Automation,Sierra Holdings,Japan,Arcadia Automation,INV-2023-0008858,AGX-2022-009525-AGC-00159
2023-01-12,2023,1,January,Jan,Q1,494931.59,354279.46,140652.13,28.42,Lina Sato,Arcadia Power Partners,AGC-00163,Arcadia Power Partners,Arcadia Power Partners,Westbridge Holdings,Egypt,Arcadia Power Partners,INV-2023-0009756,AGX-2022-010500-AGC-00163
2023-01-14,2023,1,January,Jan,Q1,111586.51,80463.08,31123.43,27.89,Eva Lewis,Helios Drilling Solutions,AGC-00055,Helios Drilling Solutions,Helios Drilling Solutions,Independent Entity,Indonesia,Helios Drilling Solutions,INV-2023-0008807,AGX-2022-009472-AGC-00055
2023-01-17,2023,1,January,Jan,Q1,82360.58,53139.9,29220.68,35.48,Eva Lewis,Helios Industrial Services,AGC-00069,Helios Industrial Services,Helios Industrial Services,Sierra Holdings,Malaysia,Helios Industrial Services,INV-2023-0008477,AGX-2022-009121-AGC-00069
2023-01-17,2023,1,January,Jan,Q1,776559.79,496103.34,280456.45,36.12,Leo Foster,Helios Mechanical Group,AGC-00068,Helios Mechanical Group,Helios Mechanical Group,Falcon Holdings,Oman,Helios Mechanical Group,INV-2023-0009729,AGX-2022-010472-AGC-00068
2023-01-17,2023,1,January,Jan,Q1,261159.28,183877.13,77282.15,29.59,Eva Lewis,Cobalt Rotating Equipment,AGC-00097,Cobalt Rotating Equipment,Cobalt Rotating Equipment,BluePeak Holdings,Egypt,Cobalt Rotating Equipment,INV-2023-0009786,AGX-2022-010531-AGC-00097
2023-01-18,2023,1,January,Jan,Q1,2599629.74,1771184.82,828444.92,31.87,Julian Howard,Cobalt Industrial Services,AGC-00106,Cobalt Industrial Services,Cobalt Industrial Services,Granite Holdings,Ghana,Cobalt Industrial Services,INV-2023-0010795,AGX-2023-011625-AGC-00106
2023-01-22,2023,1,January,Jan,Q1,159059.06,114027.09,45031.97,28.31,Camille Martin,Northstar Technical Supply,AGC-00024,Northstar Technical Supply,Northstar Technical Supply,Sierra Holdings,United Kingdom,Northstar Technical Supply,INV-2023-0008848,AGX-2022-009515-AGC-00024
2023-01-24,2023,1,January,Jan,Q1,1293555.28,853104.19,440451.09,34.05,Noah Keller,Cobalt Automation,AGC-00085,Cobalt Automation,Cobalt Automation,Independent Entity,Chile,Cobalt Automation,INV-2023-0008277,AGX-2022-008905-AGC-00085
2023-01-25,2023,1,January,Jan,Q1,26403.71,16314.39,10089.32,38.21,Mila Diaz,Northstar Automation,AGC-00011,Northstar Automation,Northstar Automation,Redwood Holdings,United Arab Emirates,Northstar Automation,INV-2023-0011375,AGX-2023-012265-AGC-00011
2023-02-01,2023,2,February,Feb,Q1,1383161.62,792730.43,590431.19,42.69,Grace Perry,Northstar Infrastructure,AGC-00007,Northstar Infrastructure,Northstar Infrastructure,BluePeak Holdings,Ghana,Northstar Infrastructure,INV-2023-0010119,AGX-2023-010895-AGC-00007
2023-02-04,2023,2,February,Feb,Q1,524455.58,341493.95,182961.63,34.89,Lina Sato,Meridian Waterworks,AGC-00121,Meridian Waterworks,Meridian Waterworks,Silverline Holdings,Indonesia,Meridian Waterworks,INV-2023-0009782,AGX-2022-010526-AGC-00121
2023-02-05,2023,2,February,Feb,Q1,1286638.28,786837.43,499800.85,38.85,Lucas Hayes,Helios Waterworks,AGC-00047,Helios Waterworks,Helios Waterworks,Helios Holdings,Brazil,Helios Waterworks,INV-2023-0008747,AGX-2022-009410-AGC-00047
2023-02-08,2023,2,February,Feb,Q1,370509.56,259958.29,110551.27,29.84,Lina Sato,Northstar Mining Services,AGC-00009,Northstar Mining Services,Northstar Mining Services,Sterling Holdings,Canada,Northstar Mining Services,INV-2023-0010271,AGX-2023-011062-AGC-00009
2023-02-08,2023,2,February,Feb,Q1,1111234.4,782916.95,328317.45,29.55,Zara Grant,Helios Petro Systems,AGC-00045,Helios Petro Systems,Helios Petro Systems,Independent Entity,Kenya,Helios Petro Systems,INV-2023-0010837,AGX-2023-011678-AGC-00045
2023-02-09,2023,2,February,Feb,Q1,60690.42,38136.35,22554.07,37.16,Grace Perry,Meridian Industrial Solutions,AGC-00147,Meridian Industrial Solutions,Meridian Industrial Solutions,NovaGrid Holdings,Netherlands,Meridian Industrial Solutions,INV-2023-0008661,AGX-2022-009320-AGC-00147
2023-02-09,2023,2,February,Feb,Q1,262008.2,185305.79,76702.41,29.27,Julian Howard,Helios Field Services,AGC-00050,Helios Field Services,Helios Field Services,Independent Entity,Singapore,Helios Field Services,INV-2023-0009321,AGX-2022-010025-AGC-00050
2023-02-11,2023,2,February,Feb,Q1,288094.81,177839.41,110255.4,38.27,Zara Grant,Northstar Mechanical Group,AGC-00031,Northstar Mechanical Group,Northstar Mechanical Group,Silverline Holdings,Egypt,Northstar Mechanical Group,INV-2023-0008364,AGX-2022-009002-AGC-00031
2023-02-11,2023,2,February,Feb,Q1,275525.57,200491.66,75033.91,27.23,Lina Sato,Helios Mechanical,AGC-00051,Helios Mechanical,Helios Mechanical,Summit Holdings,Thailand,Helios Mechanical,INV-2023-0010246,AGX-2023-011036-AGC-00051
2023-02-13,2023,2,February,Feb,Q1,359074.72,228266.5,130808.22,36.43,Camille Martin,Helios Controls,AGC-00066,Helios Controls,Helios Controls,TerraNova Holdings,Colombia,Helios Controls,INV-2023-0008837,AGX-2022-009504-AGC-00066
2023-02-13,2023,2,February,Feb,Q1,241263.84,158456.26,82807.58,34.32,Grace Perry,Meridian Industrial Solutions,AGC-00147,Meridian Industrial Solutions,Meridian Industrial Solutions,NovaGrid Holdings,Netherlands,Meridian Industrial Solutions,INV-2023-0011680,AGX-2023-012596-AGC-00147
2023-02-15,2023,2,February,Feb,Q1,407858.99,269408.45,138450.54,33.95,Zara Grant,Helios Petro Systems,AGC-00045,Helios Petro Systems,Helios Petro Systems,Independent Entity,Kenya,Helios Petro Systems,INV-2023-0009269,AGX-2022-009967-AGC-00045
2023-02-19,2023,2,February,Feb,Q1,490387.06,352522.42,137864.64,28.11,Theo Price,Northstar Drilling Solutions,AGC-00018,Northstar Drilling Solutions,Northstar Drilling Solutions,Vertex Holdings,Thailand,Northstar Drilling Solutions,INV-2023-0011337,AGX-2023-012224-AGC-00018
2023-02-26,2023,2,February,Feb,Q1,248664.75,168954.61,79710.14,32.06,Julian Howard,Meridian Marine Supply,AGC-00148,Meridian Marine Supply,Meridian Marine Supply,Crescent Holdings,Qatar,Meridian Marine Supply,INV-2023-0009990,AGX-2023-010758-AGC-00148
2023-02-26,2023,2,February,Feb,Q1,789657.13,511008.3,278648.83,35.29,Priya Nguyen,Northstar Mechanical,AGC-00014,Northstar Mechanical,Northstar Mechanical,Ironwood Holdings,Brazil,Northstar Mechanical,INV-2023-0009998,AGX-2023-010768-AGC-00014
2023-02-26,2023,2,February,Feb,Q1,570467.86,383502.77,186965.09,32.77,Eva Lewis,Arcadia Compression,AGC-00167,Arcadia Compression,Arcadia Compression,Noble Ridge Holdings,Oman,Arcadia Compression,INV-2023-0011355,AGX-2023-012244-AGC-00167
2023-03-01,2023,3,March,Mar,Q1,75177.91,48915.07,26262.84,34.93,Lina Sato,Northstar Rotating Equipment,AGC-00023,Northstar Rotating Equipment,Northstar Rotating Equipment,Falcon Holdings,United States,Northstar Rotating Equipment,INV-2023-0009183,AGX-2022-009871-AGC-00023
2023-03-01,2023,3,March,Mar,Q1,582266.34,425611.15,156655.19,26.9,Julian Howard,Cobalt Drilling Solutions,AGC-00092,Cobalt Drilling Solutions,Cobalt Drilling Solutions,Helios Holdings,Nigeria,Cobalt Drilling Solutions,INV-2023-0011428,AGX-2023-012320-AGC-00092
2023-03-02,2023,3,March,Mar,Q1,228740.86,161235.84,67505.02,29.51,Theo Price,Cobalt Mechanical,AGC-00088,Cobalt Mechanical,Cobalt Mechanical,Lighthouse Holdings,Indonesia,Cobalt Mechanical,INV-2023-0010176,AGX-2023-010958-AGC-00088
2023-03-02,2023,3,March,Mar,Q1,278266.32,187413.78,90852.54,32.65,Lina Sato,Arcadia Power Partners,AGC-00163,Arcadia Power Partners,Arcadia Power Partners,Westbridge Holdings,Egypt,Arcadia Power Partners,INV-2023-0011125,AGX-2023-011994-AGC-00163
2023-03-08,2023,3,March,Mar,Q1,490496.21,326309.66,164186.55,33.47,Grace Perry,Northstar Technical Services,AGC-00035,Northstar Technical Services,Northstar Technical Services,Independent Entity,Oman,Northstar Technical Services,INV-2023-0011707,AGX-2023-012625-AGC-00035
2023-03-10,2023,3,March,Mar,Q1,53630.66,39403.38,14227.28,26.53,Zara Grant,Meridian Drilling Solutions,AGC-00129,Meridian Drilling Solutions,Meridian Drilling Solutions,Cascade Holdings,Saudi Arabia,Meridian Drilling Solutions,INV-2023-0010467,AGX-2023-011276-AGC-00129
2023-03-11,2023,3,March,Mar,Q1,2713690.29,1642813.76,1070876.53,39.46,Lina Sato,Meridian Waterworks,AGC-00121,Meridian Waterworks,Meridian Waterworks,Silverline Holdings,Indonesia,Meridian Waterworks,INV-2023-0010227,AGX-2023-011014-AGC-00121
2023-03-11,2023,3,March,Mar,Q1,134667.7,97583.35,37084.35,27.54,Priya Nguyen,Helios Offshore Engineering,AGC-00042,Helios Offshore Engineering,Helios Offshore Engineering,Rivermark Holdings,Canada,Helios Offshore Engineering,INV-2023-0010829,AGX-2023-011666-AGC-00042
2023-03-11,2023,3,March,Mar,Q1,2115552.71,1431543.24,684009.47,32.33,Lina Sato,Arcadia Controls,AGC-00177,Arcadia Controls,Arcadia Controls,Rivermark Holdings,Kenya,Arcadia Controls,INV-2023-0011205,AGX-2023-012080-AGC-00177
2023-03-16,2023,3,March,Mar,Q1,292756.78,191813.27,100943.51,34.48,Camille Martin,Arcadia Process Controls,AGC-00164,Arcadia Process Controls,Arcadia Process Controls,DeltaWorks Holdings,India,Arcadia Process Controls,INV-2023-0011616,AGX-2023-012526-AGC-00164
2023-03-16,2023,3,March,Mar,Q1,695346.73,443925.52,251421.21,36.16,Julian Howard,Meridian Mining Services,AGC-00120,Meridian Mining Services,Meridian Mining Services,Independent Entity,South Africa,Meridian Mining Services,INV-2023-0011677,AGX-2023-012592-AGC-00120
2023-03-17,2023,3,March,Mar,Q1,485210.82,333773.94,151436.88,31.21,Noah Keller,Helios Flow Technologies,AGC-00043,Helios Flow Technologies,Helios Flow Technologies,Lighthouse Holdings,France,Helios Flow Technologies,INV-2023-0010242,AGX-2023-011032-AGC-00043
2023-03-17,2023,3,March,Mar,Q1,328734.03,238782.58,89951.45,27.36,Lina Sato,Helios Mechanical,AGC-00051,Helios Mechanical,Helios Mechanical,Summit Holdings,Thailand,Helios Mechanical,INV-2023-0011732,AGX-2023-012652-AGC-00051
2023-03-18,2023,3,March,Mar,Q1,60339.03,48165.84,12173.19,20.17,Eva Lewis,Cobalt Mining Services,AGC-00083,Cobalt Mining Services,Cobalt Mining Services,Trident Holdings,Singapore,Cobalt Mining Services,INV-2023-0010404,AGX-2023-011208-AGC-00083
2023-03-18,2023,3,March,Mar,Q1,195375.86,124005.57,71370.29,36.53,Leo Foster,Helios Mechanical Group,AGC-00068,Helios Mechanical Group,Helios Mechanical Group,Falcon Holdings,Oman,Helios Mechanical Group,INV-2023-0010686,AGX-2023-011508-AGC-00068
2023-03-19,2023,3,March,Mar,Q1,210174.39,141386.56,68787.83,32.73,Mila Diaz,Meridian Utilities,AGC-00123,Meridian Utilities,Meridian Utilities,Pacific Crest Holdings,United Kingdom,Meridian Utilities,INV-2023-0010059,AGX-2023-010834-AGC-00123
2023-03-26,2023,3,March,Mar,Q1,301250.33,199691.5,101558.83,33.71,Lina Sato,Cobalt Offshore Engineering,AGC-00079,Cobalt Offshore Engineering,Cobalt Offshore Engineering,Beacon Holdings,South Korea,Cobalt Offshore Engineering,INV-2023-0010451,AGX-2023-011260-AGC-00079
2023-03-31,2023,3,March,Mar,Q1,226426.41,146215.29,80211.12,35.42,Priya Nguyen,Cobalt Waterworks,AGC-00084,Cobalt Waterworks,Cobalt Waterworks,Cascade Holdings,Thailand,Cobalt Waterworks,INV-2023-0011613,AGX-2023-012523-AGC-00084
2023-04-03,2023,4,April,Apr,Q2,142490.4,97081.31,45409.09,31.87,Adrian Walker,Arcadia Pipeline Services,AGC-00170,Arcadia Pipeline Services,Arcadia Pipeline Services,Independent Entity,Argentina,Arcadia Pipeline Services,INV-2023-0010116,AGX-2023-010892-AGC-00170
2023-04-06,2023,4,April,Apr,Q2,407390.39,249789.13,157601.26,38.69,Lina Sato,Northstar Rotating Equipment,AGC-00023,Northstar Rotating Equipment,Northstar Rotating Equipment,Falcon Holdings,United States,Northstar Rotating Equipment,INV-2023-0011720,AGX-2023-012640-AGC-00023
2023-04-11,2023,4,April,Apr,Q2,1976905.16,1235439.45,741465.71,37.51,Adrian Walker,Northstar Marine Services,AGC-00002,Northstar Marine Services,Northstar Marine Services,Helios Holdings,Oman,Northstar Marine Services,INV-2023-0011525,AGX-2023-012428-AGC-00002
2023-04-12,2023,4,April,Apr,Q2,144287.49,100202.7,44084.79,30.55,Priya Nguyen,Meridian Power Partners,AGC-00126,Meridian Power Partners,Meridian Power Partners,Monarch Holdings,Japan,Meridian Power Partners,INV-2023-0010615,AGX-2023-011432-AGC-00126
2023-04-13,2023,4,April,Apr,Q2,375208.31,250399.73,124808.58,33.26,Eva Lewis,Meridian Mechanical,AGC-00125,Meridian Mechanical,Meridian Mechanical,Independent Entity,Nigeria,Meridian Mechanical,INV-2023-0009976,AGX-2023-010743-AGC-00125
2023-04-14,2023,4,April,Apr,Q2,477857.49,314912.55,162944.94,34.1,Zara Grant,Cobalt Marine Engineering,AGC-00101,Cobalt Marine Engineering,Cobalt Marine Engineering,Redwood Holdings,Oman,Cobalt Marine Engineering,INV-2023-0011363,AGX-2023-012252-AGC-00101
2023-04-17,2023,4,April,Apr,Q2,640126.02,448642.47,191483.55,29.91,Eva Lewis,Helios Drilling Solutions,AGC-00055,Helios Drilling Solutions,Helios Drilling Solutions,Independent Entity,Indonesia,Helios Drilling Solutions,INV-2023-0010834,AGX-2023-011673-AGC-00055
2023-04-18,2023,4,April,Apr,Q2,656789.49,459866.92,196922.57,29.98,Avery Morgan,Northstar Instrumentation,AGC-00034,Northstar Instrumentation,Northstar Instrumentation,Beacon Holdings,Norway,Northstar Instrumentation,INV-2023-0010208,AGX-2023-010993-AGC-00034
2023-04-18,2023,4,April,Apr,Q2,756170.94,521443.33,234727.61,31.04,Noah Keller,Meridian Marine Services,AGC-00113,Meridian Marine Services,Meridian Marine Services,Falcon Holdings,Brazil,Meridian Marine Services,INV-2023-0010788,AGX-2023-011618-AGC-00113
2023-04-18,2023,4,April,Apr,Q2,182637.85,134652.51,47985.34,26.27,Lina Sato,Northstar Mining Services,AGC-00009,Northstar Mining Services,Northstar Mining Services,Sterling Holdings,Canada,Northstar Mining Services,INV-2023-0011114,AGX-2023-011983-AGC-00009
2023-04-20,2023,4,April,Apr,Q2,200502.6,142092.96,58409.64,29.13,Eva Lewis,Cobalt Marine Supply,AGC-00111,Cobalt Marine Supply,Cobalt Marine Supply,TerraNova Holdings,Kenya,Cobalt Marine Supply,INV-2023-0010188,AGX-2023-010971-AGC-00111
2023-04-21,2023,4,April,Apr,Q2,661923.16,509797.92,152125.24,22.98,Priya Nguyen,Arcadia Flow Technologies,AGC-00154,Arcadia Flow Technologies,Arcadia Flow Technologies,Pioneer Holdings,Indonesia,Arcadia Flow Technologies,INV-2023-0010887,AGX-2023-011733-AGC-00154
2023-04-21,2023,4,April,Apr,Q2,1712781.82,1209793.04,502988.78,29.37,Julian Howard,Arcadia Production Services,AGC-00176,Arcadia Production Services,Arcadia Production Services,Zenith Holdings,United Arab Emirates,Arcadia Production Services,INV-2023-0011767,AGX-2023-012689-AGC-00176
2023-04-22,2023,4,April,Apr,Q2,320734.71,201281.29,119453.42,37.24,Zara Grant,Cobalt Field Services,AGC-00087,Cobalt Field Services,Cobalt Field Services,Rivermark Holdings,South Africa,Cobalt Field Services,INV-2023-0009938,AGX-2023-010696-AGC-00087
2023-04-23,2023,4,April,Apr,Q2,856489.92,566202.39,290287.53,33.89,Camille Martin,Meridian Automation,AGC-00122,Meridian Automation,Meridian Automation,Noble Ridge Holdings,United States,Meridian Automation,INV-2023-0010263,AGX-2023-011054-AGC-00122
2023-04-24,2023,4,April,Apr,Q2,954631.35,627325.72,327305.63,34.29,Lucas Hayes,Meridian Industrial Maintenance,AGC-00131,Meridian Industrial Maintenance,Meridian Industrial Maintenance,Zenith Holdings,India,Meridian Industrial Maintenance,INV-2023-0010289,AGX-2023-011085-AGC-00131
2023-04-26,2023,4,April,Apr,Q2,635553.58,477699.31,157854.27,24.84,Lucas Hayes,Cobalt Energy Systems,AGC-00075,Cobalt Energy Systems,Cobalt Energy Systems,Independent Entity,Canada,Cobalt Energy Systems,INV-2023-0010507,AGX-2023-011319-AGC-00075
2023-04-28,2023,4,April,Apr,Q2,93584.03,62419.78,31164.25,33.3,Leo Foster,Meridian Field Services,AGC-00124,Meridian Field Services,Meridian Field Services,Beacon Holdings,Poland,Meridian Field Services,INV-2023-0010541,AGX-2023-011355-AGC-00124
2023-04-30,2023,4,April,Apr,Q2,2233539.01,1426602.44,806936.57,36.13,Priya Nguyen,Helios Flow Systems,AGC-00070,Helios Flow Systems,Helios Flow Systems,Independent Entity,Vietnam,Helios Flow Systems,INV-2023-0010605,AGX-2023-011422-AGC-00070
2023-04-30,2023,4,April,Apr,Q2,1584054.19,1093827.28,490226.91,30.95,Leo Foster,Meridian Marine Engineering,AGC-00138,Meridian Marine Engineering,Meridian Marine Engineering,Cobalt Holdings,Italy,Meridian Marine Engineering,INV-2023-0011566,AGX-2023-012473-AGC-00138
2023-05-02,2023,5,May,May,Q2,349085.3,243790.65,105294.65,30.16,Priya Nguyen,Meridian Energy Systems,AGC-00112,Meridian Energy Systems,Meridian Energy Systems,Clearwater Holdings,South Korea,Meridian Energy Systems,INV-2023-0010465,AGX-2023-011274-AGC-00112
2023-05-02,2023,5,May,May,Q2,1195649.49,810128.19,385521.3,32.24,Mila Diaz,Cobalt Technical Services,AGC-00109,Cobalt Technical Services,Cobalt Technical Services,Pioneer Holdings,France,Cobalt Technical Services,INV-2023-0011698,AGX-2023-012615-AGC-00109
2023-05-04,2023,5,May,May,Q2,2634307.21,1881087.01,753220.2,28.59,Camille Martin,Northstar Waterworks,AGC-00010,Northstar Waterworks,Northstar Waterworks,Independent Entity,France,Northstar Waterworks,INV-2023-0009927,AGX-2023-010685-AGC-00010
2023-05-06,2023,5,May,May,Q2,356018.64,241182.03,114836.61,32.26,Leo Foster,Northstar Energy Projects,AGC-00026,Northstar Energy Projects,Northstar Energy Projects,Keystone Holdings,Nigeria,Northstar Energy Projects,INV-2023-0010072,AGX-2023-010847-AGC-00026
2023-05-07,2023,5,May,May,Q2,204525.24,140248.82,64276.42,31.43,Mila Diaz,Helios Process Controls,AGC-00053,Helios Process Controls,Helios Process Controls,Vantage Holdings,Spain,Helios Process Controls,INV-2023-0010897,AGX-2023-011743-AGC-00053
2023-05-07,2023,5,May,May,Q2,79627.61,55419.83,24207.78,30.4,Leo Foster,Northstar Utilities,AGC-00012,Northstar Utilities,Northstar Utilities,NovaGrid Holdings,Kenya,Northstar Utilities,INV-2023-0011308,AGX-2023-012192-AGC-00012
2023-05-09,2023,5,May,May,Q2,764072.66,538084.65,225988.01,29.58,Grace Perry,Meridian Industrial Solutions,AGC-00147,Meridian Industrial Solutions,Meridian Industrial Solutions,NovaGrid Holdings,Netherlands,Meridian Industrial Solutions,INV-2023-0011099,AGX-2023-011967-AGC-00147
2023-05-11,2023,5,May,May,Q2,404378.23,283928.64,120449.59,29.79,Lucas Hayes,Cobalt Controls,AGC-00103,Cobalt Controls,Cobalt Controls,Crescent Holdings,Vietnam,Cobalt Controls,INV-2023-0010262,AGX-2023-011053-AGC-00103
2023-05-16,2023,5,May,May,Q2,89820.4,64914.08,24906.32,27.73,Avery Morgan,Cobalt Process Controls,AGC-00090,Cobalt Process Controls,Cobalt Process Controls,Independent Entity,United Kingdom,Cobalt Process Controls,INV-2023-0009944,AGX-2023-010703-AGC-00090
2023-05-16,2023,5,May,May,Q2,23545.22,15620.86,7924.36,33.66,Leo Foster,Cobalt Industrial Solutions,AGC-00110,Cobalt Industrial Solutions,Cobalt Industrial Solutions,Independent Entity,United Arab Emirates,Cobalt Industrial Solutions,INV-2023-0010380,AGX-2023-011178-AGC-00110
2023-05-20,2023,5,May,May,Q2,344943.19,241497.57,103445.62,29.99,Priya Nguyen,Meridian Controls,AGC-00140,Meridian Controls,Meridian Controls,Independent Entity,Australia,Meridian Controls,INV-2023-0010126,AGX-2023-010905-AGC-00140
2023-05-20,2023,5,May,May,Q2,153311.86,101749.09,51562.77,33.63,Eva Lewis,Cobalt Mining Services,AGC-00083,Cobalt Mining Services,Cobalt Mining Services,Trident Holdings,Singapore,Cobalt Mining Services,INV-2023-0010716,AGX-2023-011539-AGC-00083
2023-05-20,2023,5,May,May,Q2,611806.45,427109.45,184697.0,30.19,Grace Perry,Meridian Petro Systems,AGC-00119,Meridian Petro Systems,Meridian Petro Systems,DeltaWorks Holdings,Spain,Meridian Petro Systems,INV-2023-0011254,AGX-2023-012132-AGC-00119
2023-05-24,2023,5,May,May,Q2,156973.9,93191.59,63782.31,40.63,Lucas Hayes,Arcadia Refinery Services,AGC-00173,Arcadia Refinery Services,Arcadia Refinery Services,Trident Holdings,Australia,Arcadia Refinery Services,INV-2023-0010539,AGX-2023-011353-AGC-00173
2023-05-29,2023,5,May,May,Q2,624363.58,446155.9,178207.68,28.54,Noah Keller,Meridian Process Controls,AGC-00127,Meridian Process Controls,Meridian Process Controls,Frontier Holdings,Mexico,Meridian Process Controls,INV-2023-0010308,AGX-2023-011104-AGC-00127
2023-05-29,2023,5,May,May,Q2,603111.42,398309.45,204801.97,33.96,Lina Sato,Helios Mechanical,AGC-00051,Helios Mechanical,Helios Mechanical,Summit Holdings,Thailand,Helios Mechanical,INV-2023-0011630,AGX-2023-012543-AGC-00051
2023-05-30,2023,5,May,May,Q2,429391.43,275683.14,153708.29,35.8,Noah Keller,Arcadia Infrastructure,AGC-00155,Arcadia Infrastructure,Arcadia Infrastructure,Independent Entity,United States,Arcadia Infrastructure,INV-2023-0010489,AGX-2023-011300-AGC-00155
2023-05-31,2023,5,May,May,Q2,315833.53,211002.46,104831.07,33.19,Zara Grant,Helios Pipeline Services,AGC-00059,Helios Pipeline Services,Helios Pipeline Services,Ironwood Holdings,Nigeria,Helios Pipeline Services,INV-2023-0010512,AGX-2023-011324-AGC-00059
2023-05-31,2023,5,May,May,Q2,408956.69,287234.53,121722.16,29.76,Lucas Hayes,Meridian Industrial Maintenance,AGC-00131,Meridian Industrial Maintenance,Meridian Industrial Maintenance,Zenith Holdings,India,Meridian Industrial Maintenance,INV-2023-0010567,AGX-2023-011381-AGC-00131
2023-05-31,2023,5,May,May,Q2,608677.9,396825.35,211852.55,34.81,Mila Diaz,Cobalt Technical Services,AGC-00109,Cobalt Technical Services,Cobalt Technical Services,Pioneer Holdings,France,Cobalt Technical Services,INV-2023-0010596,AGX-2023-011413-AGC-00109
2023-06-01,2023,6,June,Jun,Q2,30913.32,19028.97,11884.35,38.44,Camille Martin,Helios Controls,AGC-00066,Helios Controls,Helios Controls,TerraNova Holdings,Colombia,Helios Controls,INV-2023-0010619,AGX-2023-011436-AGC-00066
2023-06-02,2023,6,June,Jun,Q2,63365.62,42360.29,21005.33,33.15,Lucas Hayes,Helios Waterworks,AGC-00047,Helios Waterworks,Helios Waterworks,Helios Holdings,Brazil,Helios Waterworks,INV-2023-0010937,AGX-2023-011784-AGC-00047
2023-06-05,2023,6,June,Jun,Q2,311626.24,214322.03,97304.21,31.22,Zara Grant,Arcadia Mining Services,AGC-00157,Arcadia Mining Services,Arcadia Mining Services,Clearwater Holdings,Poland,Arcadia Mining Services,INV-2023-0011184,AGX-2023-012058-AGC-00157
2023-06-05,2023,6,June,Jun,Q2,384927.9,255544.81,129383.09,33.61,Noah Keller,Cobalt Automation,AGC-00085,Cobalt Automation,Cobalt Automation,Independent Entity,Chile,Cobalt Automation,INV-2023-0011560,AGX-2023-012467-AGC-00085
2023-06-07,2023,6,June,Jun,Q2,381259.96,271722.09,109537.87,28.73,Mila Diaz,Arcadia Engineering,AGC-00165,Arcadia Engineering,Arcadia Engineering,Independent Entity,Colombia,Arcadia Engineering,INV-2023-0010476,AGX-2023-011286-AGC-00165
2023-06-08,2023,6,June,Jun,Q2,580493.49,381719.19,198774.3,34.24,Zara Grant,Northstar Engineering,AGC-00017,Northstar Engineering,Northstar Engineering,Harborline Holdings,Singapore,Northstar Engineering,INV-2023-0010730,AGX-2023-011556-AGC-00017
2023-06-08,2023,6,June,Jun,Q2,1866692.83,1144371.48,722321.35,38.7,Julian Howard,Meridian Rotating Equipment,AGC-00134,Meridian Rotating Equipment,Meridian Rotating Equipment,Apex Holdings,Oman,Meridian Rotating Equipment,INV-2023-0011539,AGX-2023-012442-AGC-00134
2023-06-09,2023,6,June,Jun,Q2,51675.06,35481.88,16193.18,31.34,Zara Grant,Meridian Industrial Services,AGC-00143,Meridian Industrial Services,Meridian Industrial Services,Vantage Holdings,United Arab Emirates,Meridian Industrial Services,INV-2023-0010247,AGX-2023-011037-AGC-00143
2023-06-12,2023,6,June,Jun,Q2,137746.21,95279.54,42466.67,30.83,Eva Lewis,Helios Industrial Services,AGC-00069,Helios Industrial Services,Helios Industrial Services,Sierra Holdings,Malaysia,Helios Industrial Services,INV-2023-0009925,AGX-2023-010683-AGC-00069
2023-06-12,2023,6,June,Jun,Q2,102323.79,69953.46,32370.33,31.64,Eva Lewis,Helios Process Solutions,AGC-00041,Helios Process Solutions,Helios Process Solutions,Zenith Holdings,Australia,Helios Process Solutions,INV-2023-0010438,AGX-2023-011245-AGC-00041
2023-06-12,2023,6,June,Jun,Q2,221272.75,153460.24,67812.51,30.65,Avery Morgan,Arcadia Energy Projects,AGC-00174,Arcadia Energy Projects,Arcadia Energy Projects,Cascade Holdings,Canada,Arcadia Energy Projects,INV-2023-0011294,AGX-2023-012175-AGC-00174
2023-06-15,2023,6,June,Jun,Q2,54903.25,37526.34,17376.91,31.65,Priya Nguyen,Meridian Controls,AGC-00140,Meridian Controls,Meridian Controls,Independent Entity,Australia,Meridian Controls,INV-2023-0010225,AGX-2023-011012-AGC-00140
2023-06-15,2023,6,June,Jun,Q2,416537.28,253829.63,162707.65,39.06,Theo Price,Meridian Offshore Engineering,AGC-00116,Meridian Offshore Engineering,Meridian Offshore Engineering,Keystone Holdings,Singapore,Meridian Offshore Engineering,INV-2023-0010384,AGX-2023-011182-AGC-00116
2023-06-15,2023,6,June,Jun,Q2,1165766.91,708977.78,456789.13,39.18,Grace Perry,Arcadia Field Services,AGC-00161,Arcadia Field Services,Arcadia Field Services,Keystone Holdings,Germany,Arcadia Field Services,INV-2023-0011082,AGX-2023-011947-AGC-00161
2023-06-15,2023,6,June,Jun,Q2,207657.51,145180.48,62477.03,30.09,Priya Nguyen,Cobalt Technical Supply,AGC-00098,Cobalt Technical Supply,Cobalt Technical Supply,Vantage Holdings,India,Cobalt Technical Supply,INV-2023-0011208,AGX-2023-012083-AGC-00098
2023-06-18,2023,6,June,Jun,Q2,7714.14,5165.16,2548.98,33.04,Avery Morgan,Arcadia Utilities,AGC-00160,Arcadia Utilities,Arcadia Utilities,Independent Entity,Mexico,Arcadia Utilities,INV-2023-0010400,AGX-2023-011201-AGC-00160
2023-06-21,2023,6,June,Jun,Q2,329781.07,216833.54,112947.53,34.25,Adrian Walker,Helios Infrastructure,AGC-00044,Helios Infrastructure,Helios Infrastructure,Apex Holdings,United Arab Emirates,Helios Infrastructure,INV-2023-0010268,AGX-2023-011059-AGC-00044
2023-06-22,2023,6,June,Jun,Q2,169140.96,114292.28,54848.68,32.43,Julian Howard,Arcadia Production Services,AGC-00176,Arcadia Production Services,Arcadia Production Services,Zenith Holdings,United Arab Emirates,Arcadia Production Services,INV-2023-0010062,AGX-2023-010837-AGC-00176
2023-06-25,2023,6,June,Jun,Q2,688450.77,428881.09,259569.68,37.7,Mila Diaz,Cobalt Resources,AGC-00095,Cobalt Resources,Cobalt Resources,Independent Entity,Germany,Cobalt Resources,INV-2023-0010362,AGX-2023-011158-AGC-00095
2023-06-30,2023,6,June,Jun,Q2,59146.38,40752.43,18393.95,31.1,Avery Morgan,Meridian Technical Services,AGC-00146,Meridian Technical Services,Meridian Technical Services,Redwood Holdings,Brazil,Meridian Technical Services,INV-2023-0010462,AGX-2023-011271-AGC-00146
2023-06-30,2023,6,June,Jun,Q2,1297280.01,822494.23,474785.78,36.6,Grace Perry,Cobalt Mechanical Group,AGC-00105,Cobalt Mechanical Group,Cobalt Mechanical Group,Independent Entity,Italy,Cobalt Mechanical Group,INV-2023-0010732,AGX-2023-011558-AGC-00105
2023-07-01,2023,7,July,Jul,Q3,755916.52,493498.55,262417.97,34.72,Lucas Hayes,Northstar Offshore Engineering,AGC-00005,Northstar Offshore Engineering,Northstar Offshore Engineering,Independent Entity,Argentina,Northstar Offshore Engineering,INV-2023-0010561,AGX-2023-011375-AGC-00005
2023-07-01,2023,7,July,Jul,Q3,1061881.31,749265.12,312616.19,29.44,Mila Diaz,Arcadia Engineering,AGC-00165,Arcadia Engineering,Arcadia Engineering,Independent Entity,Colombia,Arcadia Engineering,INV-2023-0011315,AGX-2023-012201-AGC-00165
2023-07-02,2023,7,July,Jul,Q3,1089234.58,702464.91,386769.67,35.51,Lucas Hayes,Meridian Instrumentation,AGC-00145,Meridian Instrumentation,Meridian Instrumentation,Independent Entity,South Korea,Meridian Instrumentation,INV-2023-0010551,AGX-2023-011365-AGC-00145
2023-07-03,2023,7,July,Jul,Q3,275383.83,198148.28,77235.55,28.05,Julian Howard,Helios Marine Engineering,AGC-00064,Helios Marine Engineering,Helios Marine Engineering,Pioneer Holdings,Egypt,Helios Marine Engineering,INV-2023-0010076,AGX-2023-010851-AGC-00064
2023-07-04,2023,7,July,Jul,Q3,1418164.15,921774.09,496390.06,35.0,Noah Keller,Cobalt Refinery Services,AGC-00099,Cobalt Refinery Services,Cobalt Refinery Services,Sterling Holdings,Colombia,Cobalt Refinery Services,INV-2023-0011289,AGX-2023-012170-AGC-00099
2023-07-05,2023,7,July,Jul,Q3,7078536.2,4993274.35,2085261.85,29.46,Lina Sato,Northstar Marine Supply,AGC-00037,Northstar Marine Supply,Northstar Marine Supply,Frontier Holdings,Vietnam,Northstar Marine Supply,INV-2023-0011772,AGX-2023-012694-AGC-00037
2023-07-07,2023,7,July,Jul,Q3,218341.84,149303.63,69038.21,31.62,Theo Price,Arcadia Waterworks,AGC-00158,Arcadia Waterworks,Arcadia Waterworks,Falcon Holdings,Nigeria,Arcadia Waterworks,INV-2023-0011048,AGX-2023-011908-AGC-00158
2023-07-10,2023,7,July,Jul,Q3,2809116.69,1904795.31,904321.38,32.19,Noah Keller,Northstar Energy Systems,AGC-00001,Northstar Energy Systems,Northstar Energy Systems,Northstar Holdings,Norway,Northstar Energy Systems,INV-2023-0010747,AGX-2023-011574-AGC-00001
2023-07-11,2023,7,July,Jul,Q3,1921894.04,1345841.47,576052.57,29.97,Noah Keller,Arcadia Resources,AGC-00169,Arcadia Resources,Arcadia Resources,Beacon Holdings,Vietnam,Arcadia Resources,INV-2023-0010814,AGX-2023-011647-AGC-00169
2023-07-12,2023,7,July,Jul,Q3,1402191.98,1033546.43,368645.55,26.29,Mila Diaz,Meridian Energy Projects,AGC-00137,Meridian Energy Projects,Meridian Energy Projects,Helios Holdings,Argentina,Meridian Energy Projects,INV-2023-0011250,AGX-2023-012127-AGC-00137
2023-07-15,2023,7,July,Jul,Q3,556937.6,352111.13,204826.47,36.78,Lucas Hayes,Cobalt Power Partners,AGC-00089,Cobalt Power Partners,Cobalt Power Partners,Apex Holdings,United States,Cobalt Power Partners,INV-2023-0010612,AGX-2023-011429-AGC-00089
2023-07-17,2023,7,July,Jul,Q3,515273.47,384722.18,130551.29,25.34,Lucas Hayes,Arcadia Refinery Services,AGC-00173,Arcadia Refinery Services,Arcadia Refinery Services,Trident Holdings,Australia,Arcadia Refinery Services,INV-2023-0009950,AGX-2023-010714-AGC-00173
2023-07-17,2023,7,July,Jul,Q3,492700.74,359749.67,132951.07,26.98,Julian Howard,Helios Marine Engineering,AGC-00064,Helios Marine Engineering,Helios Marine Engineering,Pioneer Holdings,Egypt,Helios Marine Engineering,INV-2023-0011651,AGX-2023-012564-AGC-00064
2023-07-18,2023,7,July,Jul,Q3,1809734.61,1243831.88,565902.73,31.27,Avery Morgan,Meridian Resources,AGC-00132,Meridian Resources,Meridian Resources,Rivermark Holdings,Colombia,Meridian Resources,INV-2023-0010908,AGX-2023-011754-AGC-00132
2023-07-22,2023,7,July,Jul,Q3,58008.97,39109.64,18899.33,32.58,Leo Foster,Arcadia Industrial Services,AGC-00180,Arcadia Industrial Services,Arcadia Industrial Services,Independent Entity,Netherlands,Arcadia Industrial Services,INV-2023-0010610,AGX-2023-011427-AGC-00180
2023-07-22,2023,7,July,Jul,Q3,829000.25,573893.51,255106.74,30.77,Priya Nguyen,Cobalt Waterworks,AGC-00084,Cobalt Waterworks,Cobalt Waterworks,Cascade Holdings,Thailand,Cobalt Waterworks,INV-2023-0011345,AGX-2023-012233-AGC-00084
2023-07-22,2023,7,July,Jul,Q3,748883.63,479168.64,269714.99,36.02,Theo Price,Cobalt Mechanical,AGC-00088,Cobalt Mechanical,Cobalt Mechanical,Lighthouse Holdings,Indonesia,Cobalt Mechanical,INV-2023-0011771,AGX-2023-012693-AGC-00088
2023-07-25,2023,7,July,Jul,Q3,1490896.36,963216.54,527679.82,35.39,Julian Howard,Meridian Rotating Equipment,AGC-00134,Meridian Rotating Equipment,Meridian Rotating Equipment,Apex Holdings,Oman,Meridian Rotating Equipment,INV-2023-0011673,AGX-2023-012588-AGC-00134
2023-07-29,2023,7,July,Jul,Q3,755548.92,456267.73,299281.19,39.61,Priya Nguyen,Helios Compression,AGC-00056,Helios Compression,Helios Compression,Redwood Holdings,United States,Helios Compression,INV-2023-0010679,AGX-2023-011500-AGC-00056
2023-07-30,2023,7,July,Jul,Q3,1099425.72,701807.67,397618.05,36.17,Avery Morgan,Cobalt Offshore Systems,AGC-00104,Cobalt Offshore Systems,Cobalt Offshore Systems,Ironwood Holdings,Argentina,Cobalt Offshore Systems,INV-2023-0010078,AGX-2023-010853-AGC-00104
2023-08-01,2023,8,August,Aug,Q3,771926.59,472226.07,299700.52,38.83,Zara Grant,Arcadia Mining Services,AGC-00157,Arcadia Mining Services,Arcadia Mining Services,Clearwater Holdings,Poland,Arcadia Mining Services,INV-2023-0011532,AGX-2023-012435-AGC-00157
2023-08-05,2023,8,August,Aug,Q3,591500.05,384810.44,206689.61,34.94,Lina Sato,Northstar Mining Services,AGC-00009,Northstar Mining Services,Northstar Mining Services,Sterling Holdings,Canada,Northstar Mining Services,INV-2023-0010323,AGX-2023-011119-AGC-00009
2023-08-08,2023,8,August,Aug,Q3,236320.72,174148.91,62171.81,26.31,Adrian Walker,Arcadia Petro Systems,AGC-00156,Arcadia Petro Systems,Arcadia Petro Systems,TerraNova Holdings,United Kingdom,Arcadia Petro Systems,INV-2023-0010312,AGX-2023-011108-AGC-00156
2023-08-08,2023,8,August,Aug,Q3,250266.52,158420.36,91846.16,36.7,Lucas Hayes,Helios Waterworks,AGC-00047,Helios Waterworks,Helios Waterworks,Helios Holdings,Brazil,Helios Waterworks,INV-2023-0011740,AGX-2023-012661-AGC-00047
2023-08-15,2023,8,August,Aug,Q3,334258.8,216479.72,117779.08,35.24,Zara Grant,Cobalt Marine Engineering,AGC-00101,Cobalt Marine Engineering,Cobalt Marine Engineering,Redwood Holdings,Oman,Cobalt Marine Engineering,INV-2023-0010527,AGX-2023-011340-AGC-00101
2023-08-16,2023,8,August,Aug,Q3,223651.27,145116.62,78534.65,35.11,Adrian Walker,Cobalt Utilities,AGC-00086,Cobalt Utilities,Cobalt Utilities,Zenith Holdings,Spain,Cobalt Utilities,INV-2023-0010694,AGX-2023-011516-AGC-00086
2023-08-19,2023,8,August,Aug,Q3,20143.64,12669.44,7474.2,37.1,Grace Perry,Northstar Resources,AGC-00021,Northstar Resources,Northstar Resources,TerraNova Holdings,South Africa,Northstar Resources,INV-2023-0010495,AGX-2023-011307-AGC-00021
2023-08-20,2023,8,August,Aug,Q3,405486.56,284435.51,121051.05,29.85,Eva Lewis,Cobalt Marine Supply,AGC-00111,Cobalt Marine Supply,Cobalt Marine Supply,TerraNova Holdings,Kenya,Cobalt Marine Supply,INV-2023-0010778,AGX-2023-011606-AGC-00111
2023-08-20,2023,8,August,Aug,Q3,1088199.34,706379.1,381820.24,35.09,Theo Price,Arcadia Waterworks,AGC-00158,Arcadia Waterworks,Arcadia Waterworks,Falcon Holdings,Nigeria,Arcadia Waterworks,INV-2023-0010780,AGX-2023-011608-AGC-00158
2023-08-21,2023,8,August,Aug,Q3,29487.08,22225.56,7261.52,24.63,Priya Nguyen,Helios Offshore Engineering,AGC-00042,Helios Offshore Engineering,Helios Offshore Engineering,Rivermark Holdings,Canada,Helios Offshore Engineering,INV-2023-0010367,AGX-2023-011163-AGC-00042
2023-08-23,2023,8,August,Aug,Q3,147290.68,94197.97,53092.71,36.05,Eva Lewis,Arcadia Offshore Engineering,AGC-00153,Arcadia Offshore Engineering,Arcadia Offshore Engineering,Vertex Holdings,South Africa,Arcadia Offshore Engineering,INV-2023-0010352,AGX-2023-011148-AGC-00153
2023-08-23,2023,8,August,Aug,Q3,300809.99,205220.37,95589.62,31.78,Lucas Hayes,Helios Technical Supply,AGC-00061,Helios Technical Supply,Helios Technical Supply,Granite Holdings,Mexico,Helios Technical Supply,INV-2023-0010731,AGX-2023-011557-AGC-00061
2023-08-23,2023,8,August,Aug,Q3,37540.89,24820.34,12720.55,33.88,Mila Diaz,Cobalt Infrastructure,AGC-00081,Cobalt Infrastructure,Cobalt Infrastructure,Monarch Holdings,Netherlands,Cobalt Infrastructure,INV-2023-0010839,AGX-2023-011680-AGC-00081
2023-08-24,2023,8,August,Aug,Q3,371077.99,276460.98,94617.01,25.5,Lucas Hayes,Northstar Offshore Engineering,AGC-00005,Northstar Offshore Engineering,Northstar Offshore Engineering,Independent Entity,Argentina,Northstar Offshore Engineering,INV-2023-0011637,AGX-2023-012550-AGC-00005
2023-08-26,2023,8,August,Aug,Q3,17035.69,10778.15,6257.54,36.73,Lina Sato,Cobalt Compression,AGC-00093,Cobalt Compression,Cobalt Compression,Cobalt Holdings,Japan,Cobalt Compression,INV-2023-0011255,AGX-2023-012133-AGC-00093
2023-08-27,2023,8,August,Aug,Q3,743765.32,520582.29,223183.03,30.01,Zara Grant,Meridian Process Solutions,AGC-00115,Meridian Process Solutions,Meridian Process Solutions,Independent Entity,Qatar,Meridian Process Solutions,INV-2023-0011073,AGX-2023-011936-AGC-00115
2023-08-28,2023,8,August,Aug,Q3,92723.71,63987.74,28735.97,30.99,Julian Howard,Arcadia Mechanical,AGC-00162,Arcadia Mechanical,Arcadia Mechanical,Equinox Holdings,Saudi Arabia,Arcadia Mechanical,INV-2023-0011012,AGX-2023-011866-AGC-00162
2023-08-28,2023,8,August,Aug,Q3,369177.37,229151.12,140026.25,37.93,Lina Sato,Arcadia Energy Systems,AGC-00149,Arcadia Energy Systems,Arcadia Energy Systems,Ironwood Holdings,Singapore,Arcadia Energy Systems,INV-2023-0011497,AGX-2023-012396-AGC-00149
2023-08-31,2023,8,August,Aug,Q3,157391.35,109908.87,47482.48,30.17,Noah Keller,Meridian Offshore Systems,AGC-00141,Meridian Offshore Systems,Meridian Offshore Systems,Summit Holdings,Canada,Meridian Offshore Systems,INV-2023-0010237,AGX-2023-011026-AGC-00141
2023-08-31,2023,8,August,Aug,Q3,160277.51,103772.58,56504.93,35.25,Mila Diaz,Cobalt Resources,AGC-00095,Cobalt Resources,Cobalt Resources,Independent Entity,Germany,Cobalt Resources,INV-2023-0011270,AGX-2023-012149-AGC-00095
2023-09-05,2023,9,September,Sep,Q3,495235.69,337323.81,157911.88,31.89,Adrian Walker,Meridian Engineering,AGC-00128,Meridian Engineering,Meridian Engineering,Trident Holdings,Germany,Meridian Engineering,INV-2023-0010675,AGX-2023-011496-AGC-00128
2023-09-07,2023,9,September,Sep,Q3,382748.6,272992.77,109755.83,28.68,Zara Grant,Meridian Process Solutions,AGC-00115,Meridian Process Solutions,Meridian Process Solutions,Independent Entity,Qatar,Meridian Process Solutions,INV-2023-0011134,AGX-2023-012004-AGC-00115
2023-09-08,2023,9,September,Sep,Q3,344222.29,259917.27,84305.02,24.49,Lina Sato,Northstar Marine Supply,AGC-00037,Northstar Marine Supply,Northstar Marine Supply,Frontier Holdings,Vietnam,Northstar Marine Supply,INV-2023-0010405,AGX-2023-011209-AGC-00037
2023-09-19,2023,9,September,Sep,Q3,884350.8,583228.54,301122.26,34.05,Priya Nguyen,Arcadia Flow Technologies,AGC-00154,Arcadia Flow Technologies,Arcadia Flow Technologies,Pioneer Holdings,Indonesia,Arcadia Flow Technologies,INV-2023-0011598,AGX-2023-012506-AGC-00154
2023-09-24,2023,9,September,Sep,Q3,126688.41,84902.56,41785.85,32.98,Camille Martin,Northstar Technical Supply,AGC-00024,Northstar Technical Supply,Northstar Technical Supply,Sierra Holdings,United Kingdom,Northstar Technical Supply,INV-2023-0010346,AGX-2023-011142-AGC-00024
2023-09-24,2023,9,September,Sep,Q3,170473.07,102359.85,68113.22,39.96,Eva Lewis,Meridian Production Services,AGC-00139,Meridian Production Services,Meridian Production Services,Meridian Holdings,Ghana,Meridian Production Services,INV-2023-0011141,AGX-2023-012011-AGC-00139
2023-09-26,2023,9,September,Sep,Q3,259838.54,171716.78,88121.76,33.91,Adrian Walker,Meridian Mechanical Group,AGC-00142,Meridian Mechanical Group,Meridian Mechanical Group,BluePeak Holdings,France,Meridian Mechanical Group,INV-2023-0010255,AGX-2023-011045-AGC-00142
2023-09-29,2023,9,September,Sep,Q3,1058993.03,723200.78,335792.25,31.71,Noah Keller,Northstar Controls,AGC-00029,Northstar Controls,Northstar Controls,DeltaWorks Holdings,Germany,Northstar Controls,INV-2023-0011626,AGX-2023-012538-AGC-00029
2023-09-30,2023,9,September,Sep,Q3,137384.44,94539.37,42845.07,31.19,Theo Price,Northstar Process Solutions,AGC-00004,Northstar Process Solutions,Northstar Process Solutions,Meridian Holdings,Vietnam,Northstar Process Solutions,INV-2023-0011063,AGX-2023-011926-AGC-00004
2023-09-30,2023,9,September,Sep,Q3,198412.88,128243.18,70169.7,35.37,Avery Morgan,Meridian Infrastructure,AGC-00118,Meridian Infrastructure,Meridian Infrastructure,Westbridge Holdings,Chile,Meridian Infrastructure,INV-2023-0011742,AGX-2023-012663-AGC-00118
2023-09-30,2023,9,September,Sep,Q3,44042.18,30000.71,14041.47,31.88,Julian Howard,Northstar Petro Systems,AGC-00008,Northstar Petro Systems,Northstar Petro Systems,Vantage Holdings,Australia,Northstar Petro Systems,INV-2023-0011768,AGX-2023-012690-AGC-00008
2023-10-01,2023,10,October,Oct,Q4,98467.07,68503.84,29963.23,30.43,Grace Perry,Helios Energy Projects,AGC-00063,Helios Energy Projects,Helios Energy Projects,Vertex Holdings,Saudi Arabia,Helios Energy Projects,INV-2023-0010802,AGX-2023-011634-AGC-00063
2023-10-02,2023,10,October,Oct,Q4,680728.13,452173.58,228554.55,33.58,Mila Diaz,Northstar Refinery Services,AGC-00025,Northstar Refinery Services,Northstar Refinery Services,Independent Entity,Poland,Northstar Refinery Services,INV-2023-0010102,AGX-2023-010877-AGC-00025
2023-10-03,2023,10,October,Oct,Q4,118063.04,86833.04,31230.0,26.45,Theo Price,Meridian Compression,AGC-00130,Meridian Compression,Meridian Compression,Independent Entity,Egypt,Meridian Compression,INV-2023-0010594,AGX-2023-011411-AGC-00130
2023-10-06,2023,10,October,Oct,Q4,1950523.96,1407460.78,543063.18,27.84,Julian Howard,Helios Field Services,AGC-00050,Helios Field Services,Helios Field Services,Independent Entity,Singapore,Helios Field Services,INV-2023-0010010,AGX-2023-010783-AGC-00050
2023-10-06,2023,10,October,Oct,Q4,54162.86,36343.57,17819.29,32.9,Mila Diaz,Meridian Utilities,AGC-00123,Meridian Utilities,Meridian Utilities,Pacific Crest Holdings,United Kingdom,Meridian Utilities,INV-2023-0011353,AGX-2023-012242-AGC-00123
2023-10-08,2023,10,October,Oct,Q4,46520.75,28793.52,17727.23,38.11,Camille Martin,Cobalt Flow Technologies,AGC-00080,Cobalt Flow Technologies,Cobalt Flow Technologies,Independent Entity,Brazil,Cobalt Flow Technologies,INV-2023-0010973,AGX-2023-011822-AGC-00080
2023-10-11,2023,10,October,Oct,Q4,409570.45,267529.11,142041.34,34.68,Zara Grant,Northstar Industrial Group,AGC-00003,Northstar Industrial Group,Northstar Industrial Group,Cobalt Holdings,Malaysia,Northstar Industrial Group,INV-2023-0010137,AGX-2023-010917-AGC-00003
2023-10-12,2023,10,October,Oct,Q4,90552.6,65411.63,25140.97,27.76,Avery Morgan,Northstar Instrumentation,AGC-00034,Northstar Instrumentation,Northstar Instrumentation,Beacon Holdings,Norway,Northstar Instrumentation,INV-2023-0010133,AGX-2023-010913-AGC-00034
2023-10-16,2023,10,October,Oct,Q4,118357.83,80408.12,37949.71,32.06,Eva Lewis,Arcadia Compression,AGC-00167,Arcadia Compression,Arcadia Compression,Noble Ridge Holdings,Oman,Arcadia Compression,INV-2023-0009935,AGX-2023-010693-AGC-00167
2023-10-16,2023,10,October,Oct,Q4,172935.45,114154.56,58780.89,33.99,Lucas Hayes,Arcadia Automation,AGC-00159,Arcadia Automation,Arcadia Automation,Sierra Holdings,Japan,Arcadia Automation,INV-2023-0010519,AGX-2023-011331-AGC-00159
2023-10-18,2023,10,October,Oct,Q4,554353.15,388188.35,166164.8,29.97,Leo Foster,Arcadia Process Solutions,AGC-00152,Arcadia Process Solutions,Arcadia Process Solutions,Harborline Holdings,Spain,Arcadia Process Solutions,INV-2023-0011339,AGX-2023-012226-AGC-00152
2023-10-19,2023,10,October,Oct,Q4,1059433.01,729333.56,330099.45,31.16,Lucas Hayes,Northstar Flow Systems,AGC-00033,Northstar Flow Systems,Northstar Flow Systems,Pacific Crest Holdings,Colombia,Northstar Flow Systems,INV-2023-0011436,AGX-2023-012329-AGC-00033
2023-10-26,2023,10,October,Oct,Q4,104155.63,68387.0,35768.63,34.34,Grace Perry,Cobalt Mechanical Group,AGC-00105,Cobalt Mechanical Group,Cobalt Mechanical Group,Independent Entity,Italy,Cobalt Mechanical Group,INV-2023-0009942,AGX-2023-010701-AGC-00105
2023-10-27,2023,10,October,Oct,Q4,404411.31,289251.6,115159.71,28.48,Eva Lewis,Northstar Marine Engineering,AGC-00027,Northstar Marine Engineering,Northstar Marine Engineering,Equinox Holdings,Japan,Northstar Marine Engineering,INV-2023-0011604,AGX-2023-012514-AGC-00027
2023-10-28,2023,10,October,Oct,Q4,646393.0,390276.27,256116.73,39.62,Theo Price,Helios Marine Supply,AGC-00074,Helios Marine Supply,Helios Marine Supply,DeltaWorks Holdings,Australia,Helios Marine Supply,INV-2023-0011283,AGX-2023-012163-AGC-00074
2023-10-29,2023,10,October,Oct,Q4,592106.35,407915.73,184190.62,31.11,Theo Price,Helios Rotating Equipment,AGC-00060,Helios Rotating Equipment,Helios Rotating Equipment,Independent Entity,Japan,Helios Rotating Equipment,INV-2023-0010183,AGX-2023-010965-AGC-00060
2023-11-03,2023,11,November,Nov,Q4,387382.86,257424.42,129958.44,33.55,Avery Morgan,Helios Refinery Services,AGC-00062,Helios Refinery Services,Helios Refinery Services,Harborline Holdings,Germany,Helios Refinery Services,INV-2023-0010435,AGX-2023-011242-AGC-00062
2023-11-04,2023,11,November,Nov,Q4,147528.43,101116.06,46412.37,31.46,Grace Perry,Cobalt Engineering,AGC-00091,Cobalt Engineering,Cobalt Engineering,Northstar Holdings,Poland,Cobalt Engineering,INV-2023-0010414,AGX-2023-011218-AGC-00091
2023-11-05,2023,11,November,Nov,Q4,175569.97,123984.82,51585.15,29.38,Lina Sato,Arcadia Controls,AGC-00177,Arcadia Controls,Arcadia Controls,Rivermark Holdings,Kenya,Arcadia Controls,INV-2023-0010057,AGX-2023-010832-AGC-00177
2023-11-05,2023,11,November,Nov,Q4,775265.41,527706.22,247559.19,31.93,Grace Perry,Helios Utilities,AGC-00049,Helios Utilities,Helios Utilities,Meridian Holdings,Qatar,Helios Utilities,INV-2023-0010832,AGX-2023-011671-AGC-00049
2023-11-05,2023,11,November,Nov,Q4,182441.11,114415.61,68025.5,37.29,Julian Howard,Meridian Rotating Equipment,AGC-00134,Meridian Rotating Equipment,Meridian Rotating Equipment,Apex Holdings,Oman,Meridian Rotating Equipment,INV-2023-0011511,AGX-2023-012413-AGC-00134
2023-11-07,2023,11,November,Nov,Q4,195544.34,139443.76,56100.58,28.69,Adrian Walker,Northstar Offshore Systems,AGC-00030,Northstar Offshore Systems,Northstar Offshore Systems,Independent Entity,Saudi Arabia,Northstar Offshore Systems,INV-2023-0009930,AGX-2023-010688-AGC-00030
2023-11-07,2023,11,November,Nov,Q4,49372.09,33626.46,15745.63,31.89,Camille Martin,Arcadia Marine Services,AGC-00150,Arcadia Marine Services,Arcadia Marine Services,Independent Entity,Thailand,Arcadia Marine Services,INV-2023-0011671,AGX-2023-012586-AGC-00150
2023-11-09,2023,11,November,Nov,Q4,2030108.89,1448563.16,581545.73,28.65,Grace Perry,Arcadia Marine Engineering,AGC-00175,Arcadia Marine Engineering,Arcadia Marine Engineering,Independent Entity,France,Arcadia Marine Engineering,INV-2023-0010510,AGX-2023-011322-AGC-00175
2023-11-12,2023,11,November,Nov,Q4,511301.57,388106.57,123195.0,24.09,Theo Price,Northstar Industrial Services,AGC-00032,Northstar Industrial Services,Northstar Industrial Services,Noble Ridge Holdings,India,Northstar Industrial Services,INV-2023-0010193,AGX-2023-010977-AGC-00032
2023-11-12,2023,11,November,Nov,Q4,871545.68,609243.75,262301.93,30.1,Zara Grant,Northstar Mechanical Group,AGC-00031,Northstar Mechanical Group,Northstar Mechanical Group,Silverline Holdings,Egypt,Northstar Mechanical Group,INV-2023-0011603,AGX-2023-012513-AGC-00031
2023-11-14,2023,11,November,Nov,Q4,137295.19,91524.5,45770.69,33.34,Adrian Walker,Arcadia Pipeline Services,AGC-00170,Arcadia Pipeline Services,Arcadia Pipeline Services,Independent Entity,Argentina,Arcadia Pipeline Services,INV-2023-0011135,AGX-2023-012005-AGC-00170
2023-11-15,2023,11,November,Nov,Q4,571487.43,390991.34,180496.09,31.58,Lina Sato,Helios Production Services,AGC-00065,Helios Production Services,Helios Production Services,Independent Entity,India,Helios Production Services,INV-2023-0011463,AGX-2023-012361-AGC-00065
2023-11-16,2023,11,November,Nov,Q4,198018.05,139087.63,58930.42,29.76,Avery Morgan,Northstar Industrial Maintenance,AGC-00020,Northstar Industrial Maintenance,Northstar Industrial Maintenance,Independent Entity,Spain,Northstar Industrial Maintenance,INV-2023-0010349,AGX-2023-011145-AGC-00020
2023-11-23,2023,11,November,Nov,Q4,483198.94,349823.77,133375.17,27.6,Grace Perry,Cobalt Mechanical Group,AGC-00105,Cobalt Mechanical Group,Cobalt Mechanical Group,Independent Entity,Italy,Cobalt Mechanical Group,INV-2023-0009910,AGX-2023-010668-AGC-00105
2023-11-23,2023,11,November,Nov,Q4,60315.08,36993.57,23321.51,38.67,Mila Diaz,Cobalt Infrastructure,AGC-00081,Cobalt Infrastructure,Cobalt Infrastructure,Monarch Holdings,Netherlands,Cobalt Infrastructure,INV-2023-0010989,AGX-2023-011840-AGC-00081
2023-11-23,2023,11,November,Nov,Q4,1540956.15,1064716.64,476239.51,30.91,Julian Howard,Helios Field Services,AGC-00050,Helios Field Services,Helios Field Services,Independent Entity,Singapore,Helios Field Services,INV-2023-0011605,AGX-2023-012515-AGC-00050
2023-11-25,2023,11,November,Nov,Q4,231232.81,143421.9,87810.91,37.98,Camille Martin,Cobalt Industrial Maintenance,AGC-00094,Cobalt Industrial Maintenance,Cobalt Industrial Maintenance,Meridian Holdings,Mexico,Cobalt Industrial Maintenance,INV-2023-0011216,AGX-2023-012091-AGC-00094
2023-11-27,2023,11,November,Nov,Q4,178611.32,116217.33,62393.99,34.93,Mila Diaz,Helios Process Controls,AGC-00053,Helios Process Controls,Helios Process Controls,Vantage Holdings,Spain,Helios Process Controls,INV-2023-0011410,AGX-2023-012302-AGC-00053
2023-11-27,2023,11,November,Nov,Q4,131347.86,82347.79,49000.07,37.31,Adrian Walker,Northstar Process Controls,AGC-00016,Northstar Process Controls,Northstar Process Controls,Granite Holdings,Qatar,Northstar Process Controls,INV-2023-0011751,AGX-2023-012672-AGC-00016
2023-12-01,2023,12,December,Dec,Q4,10242.19,6690.25,3551.94,34.68,Julian Howard,Meridian Mining Services,AGC-00120,Meridian Mining Services,Meridian Mining Services,Independent Entity,South Africa,Meridian Mining Services,INV-2023-0009921,AGX-2023-010679-AGC-00120
2023-12-05,2023,12,December,Dec,Q4,401929.74,276233.9,125695.84,31.27,Theo Price,Cobalt Production Services,AGC-00102,Cobalt Production Services,Cobalt Production Services,NovaGrid Holdings,Malaysia,Cobalt Production Services,INV-2023-0010938,AGX-2023-011785-AGC-00102
2023-12-05,2023,12,December,Dec,Q4,96388.07,71476.72,24911.35,25.84,Priya Nguyen,Arcadia Industrial Maintenance,AGC-00168,Arcadia Industrial Maintenance,Arcadia Industrial Maintenance,Pacific Crest Holdings,Malaysia,Arcadia Industrial Maintenance,INV-2023-0011681,AGX-2023-012597-AGC-00168
2023-12-07,2023,12,December,Dec,Q4,1984568.09,1403708.93,580859.16,29.27,Leo Foster,Arcadia Drilling Solutions,AGC-00166,Arcadia Drilling Solutions,Arcadia Drilling Solutions,Silverline Holdings,Norway,Arcadia Drilling Solutions,INV-2023-0011402,AGX-2023-012293-AGC-00166
2023-12-07,2023,12,December,Dec,Q4,276083.39,202912.23,73171.16,26.5,Priya Nguyen,Northstar Production Services,AGC-00028,Northstar Production Services,Northstar Production Services,Westbridge Holdings,Mexico,Northstar Production Services,INV-2023-0011619,AGX-2023-012529-AGC-00028
2023-12-08,2023,12,December,Dec,Q4,244457.42,160436.86,84020.56,34.37,Julian Howard,Cobalt Industrial Services,AGC-00106,Cobalt Industrial Services,Cobalt Industrial Services,Granite Holdings,Ghana,Cobalt Industrial Services,INV-2023-0010060,AGX-2023-010835-AGC-00106
2023-12-08,2023,12,December,Dec,Q4,411377.92,281248.84,130129.08,31.63,Avery Morgan,Northstar Instrumentation,AGC-00034,Northstar Instrumentation,Northstar Instrumentation,Beacon Holdings,Norway,Northstar Instrumentation,INV-2023-0011411,AGX-2023-012303-AGC-00034
2023-12-10,2023,12,December,Dec,Q4,292318.87,180975.24,111343.63,38.09,Lucas Hayes,Northstar Compression,AGC-00019,Northstar Compression,Northstar Compression,Pioneer Holdings,Chile,Northstar Compression,INV-2023-0010085,AGX-2023-010860-AGC-00019
2023-12-10,2023,12,December,Dec,Q4,314889.25,211059.78,103829.47,32.97,Adrian Walker,Helios Resources,AGC-00058,Helios Resources,Helios Resources,Crescent Holdings,Poland,Helios Resources,INV-2023-0010226,AGX-2023-011013-AGC-00058
2023-12-10,2023,12,December,Dec,Q4,681113.59,464370.22,216743.37,31.82,Grace Perry,Meridian Pipeline Services,AGC-00133,Meridian Pipeline Services,Meridian Pipeline Services,Lighthouse Holdings,Norway,Meridian Pipeline Services,INV-2023-0010870,AGX-2023-011713-AGC-00133
2023-12-13,2023,12,December,Dec,Q4,641784.66,414846.09,226938.57,35.36,Theo Price,Northstar Industrial Services,AGC-00032,Northstar Industrial Services,Northstar Industrial Services,Noble Ridge Holdings,India,Northstar Industrial Services,INV-2023-0010581,AGX-2023-011398-AGC-00032
2023-12-13,2023,12,December,Dec,Q4,139581.77,96826.32,42755.45,30.63,Eva Lewis,Northstar Field Services,AGC-00013,Northstar Field Services,Northstar Field Services,Crescent Holdings,South Korea,Northstar Field Services,INV-2023-0011520,AGX-2023-012423-AGC-00013
2023-12-15,2023,12,December,Dec,Q4,151448.45,105745.53,45702.92,30.18,Leo Foster,Cobalt Pipeline Services,AGC-00096,Cobalt Pipeline Services,Cobalt Pipeline Services,Summit Holdings,Saudi Arabia,Cobalt Pipeline Services,INV-2023-0010167,AGX-2023-010949-AGC-00096
2023-12-16,2023,12,December,Dec,Q4,671886.17,448734.97,223151.2,33.21,Camille Martin,Helios Power Partners,AGC-00052,Helios Power Partners,Helios Power Partners,BluePeak Holdings,Chile,Helios Power Partners,INV-2023-0011347,AGX-2023-012235-AGC-00052
2023-12-18,2023,12,December,Dec,Q4,82131.92,53989.0,28142.92,34.27,Adrian Walker,Meridian Industrial Group,AGC-00114,Meridian Industrial Group,Meridian Industrial Group,Sierra Holdings,Netherlands,Meridian Industrial Group,INV-2023-0010515,AGX-2023-011327-AGC-00114
2023-12-19,2023,12,December,Dec,Q4,667405.26,465986.92,201418.34,30.18,Grace Perry,Arcadia Marine Engineering,AGC-00175,Arcadia Marine Engineering,Arcadia Marine Engineering,Independent Entity,France,Arcadia Marine Engineering,INV-2023-0010319,AGX-2023-011115-AGC-00175
2023-12-21,2023,12,December,Dec,Q4,536144.6,326361.86,209782.74,39.13,Mila Diaz,Arcadia Industrial Group,AGC-00151,Arcadia Industrial Group,Arcadia Industrial Group,Granite Holdings,Chile,Arcadia Industrial Group,INV-2023-0011159,AGX-2023-012029-AGC-00151
2023-12-26,2023,12,December,Dec,Q4,591379.89,352617.19,238762.7,40.37,Mila Diaz,Northstar Automation,AGC-00011,Northstar Automation,Northstar Automation,Redwood Holdings,United Arab Emirates,Northstar Automation,INV-2023-0009978,AGX-2023-010745-AGC-00011
2023-12-28,2023,12,December,Dec,Q4,279737.41,188730.65,91006.76,32.53,Julian Howard,Northstar Industrial Solutions,AGC-00036,Northstar Industrial Solutions,Northstar Industrial Solutions,Monarch Holdings,Malaysia,Northstar Industrial Solutions,INV-2023-0011265,AGX-2023-012144-AGC-00036
2023-12-29,2023,12,December,Dec,Q4,376815.04,268486.4,108328.64,28.75,Noah Keller,Cobalt Automation,AGC-00085,Cobalt Automation,Cobalt Automation,Independent Entity,Chile,Cobalt Automation,INV-2023-0010002,AGX-2023-010774-AGC-00085
2023-12-30,2023,12,December,Dec,Q4,608520.51,412238.16,196282.35,32.26,Julian Howard,Cobalt Process Solutions,AGC-00078,Cobalt Process Solutions,Cobalt Process Solutions,Pacific Crest Holdings,Kenya,Cobalt Process Solutions,INV-2023-0010889,AGX-2023-011735-AGC-00078
2023-12-31,2023,12,December,Dec,Q4,1166774.08,737447.55,429326.53,36.8,Leo Foster,Helios Industrial Group,AGC-00040,Helios Industrial Group,Helios Industrial Group,Independent Entity,Ghana,Helios Industrial Group,INV-2023-0010038,AGX-2023-010813-AGC-00040
2023-12-31,2023,12,December,Dec,Q4,87919.99,52556.22,35363.77,40.22,Lina Sato,Cobalt Compression,AGC-00093,Cobalt Compression,Cobalt Compression,Cobalt Holdings,Japan,Cobalt Compression,INV-2023-0010739,AGX-2023-011566-AGC-00093
2023-12-31,2023,12,December,Dec,Q4,1980745.5,1390207.0,590538.5,29.81,Adrian Walker,Northstar Offshore Systems,AGC-00030,Northstar Offshore Systems,Northstar Offshore Systems,Independent Entity,Saudi Arabia,Northstar Offshore Systems,INV-2023-0010977,AGX-2023-011826-AGC-00030
2024-01-03,2024,1,January,Jan,Q1,1060753.32,759457.78,301295.54,28.4,Eva Lewis,Northstar Field Services,AGC-00013,Northstar Field Services,Northstar Field Services,Crescent Holdings,South Korea,Northstar Field Services,INV-2024-0011715,AGX-2023-012634-AGC-00013
2024-01-08,2024,1,January,Jan,Q1,270606.77,188362.54,82244.23,30.39,Adrian Walker,Helios Technical Services,AGC-00072,Helios Technical Services,Helios Technical Services,Equinox Holdings,Italy,Helios Technical Services,INV-2024-0009966,AGX-2023-010731-AGC-00072
2024-01-08,2024,1,January,Jan,Q1,5358210.8,3422248.88,1935961.92,36.13,Adrian Walker,Helios Infrastructure,AGC-00044,Helios Infrastructure,Helios Infrastructure,Apex Holdings,United Arab Emirates,Helios Infrastructure,INV-2024-0012229,AGX-2024-013189-AGC-00044
2024-01-14,2024,1,January,Jan,Q1,152805.26,105778.19,47027.07,30.78,Grace Perry,Northstar Technical Services,AGC-00035,Northstar Technical Services,Northstar Technical Services,Independent Entity,Oman,Northstar Technical Services,INV-2024-0013669,AGX-2024-014713-AGC-00035
2024-01-16,2024,1,January,Jan,Q1,644220.16,415023.14,229197.02,35.58,Camille Martin,Meridian Refinery Services,AGC-00136,Meridian Refinery Services,Meridian Refinery Services,Northstar Holdings,Vietnam,Meridian Refinery Services,INV-2024-0011395,AGX-2023-012286-AGC-00136
2024-01-16,2024,1,January,Jan,Q1,765885.87,548431.53,217454.34,28.39,Mila Diaz,Helios Marine Services,AGC-00039,Helios Marine Services,Helios Marine Services,Cascade Holdings,Italy,Helios Marine Services,INV-2024-0011699,AGX-2023-012616-AGC-00039
2024-01-18,2024,1,January,Jan,Q1,105000.86,66587.04,38413.82,36.58,Adrian Walker,Arcadia Pipeline Services,AGC-00170,Arcadia Pipeline Services,Arcadia Pipeline Services,Independent Entity,Argentina,Arcadia Pipeline Services,INV-2024-0010959,AGX-2023-011808-AGC-00170
2024-01-18,2024,1,January,Jan,Q1,962296.88,716821.14,245475.74,25.51,Priya Nguyen,Arcadia Industrial Maintenance,AGC-00168,Arcadia Industrial Maintenance,Arcadia Industrial Maintenance,Pacific Crest Holdings,Malaysia,Arcadia Industrial Maintenance,INV-2024-0012523,AGX-2024-013497-AGC-00168
2024-01-19,2024,1,January,Jan,Q1,1806902.88,1184335.3,622567.58,34.45,Avery Morgan,Helios Automation,AGC-00048,Helios Automation,Helios Automation,Cobalt Holdings,Netherlands,Helios Automation,INV-2024-0011448,AGX-2023-012342-AGC-00048
2024-01-22,2024,1,January,Jan,Q1,531239.3,349517.57,181721.73,34.21,Noah Keller,Helios Instrumentation,AGC-00071,Helios Instrumentation,Helios Instrumentation,Keystone Holdings,Argentina,Helios Instrumentation,INV-2024-0010483,AGX-2023-011294-AGC-00071
2024-01-24,2024,1,January,Jan,Q1,352059.62,245113.17,106946.45,30.38,Priya Nguyen,Cobalt Waterworks,AGC-00084,Cobalt Waterworks,Cobalt Waterworks,Cascade Holdings,Thailand,Cobalt Waterworks,INV-2024-0010166,AGX-2023-010948-AGC-00084
2024-01-24,2024,1,January,Jan,Q1,2075103.47,1394630.96,680472.51,32.79,Theo Price,Arcadia Technical Supply,AGC-00172,Arcadia Technical Supply,Arcadia Technical Supply,Frontier Holdings,Ghana,Arcadia Technical Supply,INV-2024-0010185,AGX-2023-010968-AGC-00172
2024-01-24,2024,1,January,Jan,Q1,597896.04,434015.66,163880.38,27.41,Zara Grant,Arcadia Rotating Equipment,AGC-00171,Arcadia Rotating Equipment,Arcadia Rotating Equipment,Monarch Holdings,Italy,Arcadia Rotating Equipment,INV-2024-0010585,AGX-2023-011402-AGC-00171
2024-01-26,2024,1,January,Jan,Q1,500015.33,321629.81,178385.52,35.68,Theo Price,Meridian Offshore Engineering,AGC-00116,Meridian Offshore Engineering,Meridian Offshore Engineering,Keystone Holdings,Singapore,Meridian Offshore Engineering,INV-2024-0010446,AGX-2023-011255-AGC-00116
2024-01-28,2024,1,January,Jan,Q1,663564.99,430549.98,233015.01,35.12,Eva Lewis,Cobalt Rotating Equipment,AGC-00097,Cobalt Rotating Equipment,Cobalt Rotating Equipment,BluePeak Holdings,Egypt,Cobalt Rotating Equipment,INV-2024-0010848,AGX-2023-011689-AGC-00097
2024-02-03,2024,2,February,Feb,Q1,93367.8,63070.12,30297.68,32.45,Adrian Walker,Meridian Industrial Group,AGC-00114,Meridian Industrial Group,Meridian Industrial Group,Sierra Holdings,Netherlands,Meridian Industrial Group,INV-2024-0013119,AGX-2024-014124-AGC-00114
2024-02-06,2024,2,February,Feb,Q1,233140.03,143127.99,90012.04,38.61,Zara Grant,Meridian Drilling Solutions,AGC-00129,Meridian Drilling Solutions,Meridian Drilling Solutions,Cascade Holdings,Saudi Arabia,Meridian Drilling Solutions,INV-2024-0011838,AGX-2024-012762-AGC-00129
2024-02-07,2024,2,February,Feb,Q1,152394.44,98708.0,53686.44,35.23,Leo Foster,Northstar Utilities,AGC-00012,Northstar Utilities,Northstar Utilities,NovaGrid Holdings,Kenya,Northstar Utilities,INV-2024-0013710,AGX-2024-014754-AGC-00012
2024-02-14,2024,2,February,Feb,Q1,153426.78,110206.27,43220.51,28.17,Noah Keller,Helios Instrumentation,AGC-00071,Helios Instrumentation,Helios Instrumentation,Keystone Holdings,Argentina,Helios Instrumentation,INV-2024-0013754,AGX-2024-014802-AGC-00071
2024-02-16,2024,2,February,Feb,Q1,16431.06,10790.34,5640.72,34.33,Mila Diaz,Arcadia Mechanical Group,AGC-00179,Arcadia Mechanical Group,Arcadia Mechanical Group,Apex Holdings,Brazil,Arcadia Mechanical Group,INV-2024-0010884,AGX-2023-011729-AGC-00179
2024-02-16,2024,2,February,Feb,Q1,82042.32,60169.56,21872.76,26.66,Avery Morgan,Meridian Infrastructure,AGC-00118,Meridian Infrastructure,Meridian Infrastructure,Westbridge Holdings,Chile,Meridian Infrastructure,INV-2024-0011916,AGX-2024-012847-AGC-00118
2024-02-17,2024,2,February,Feb,Q1,92680.57,54973.78,37706.79,40.68,Mila Diaz,Helios Offshore Systems,AGC-00067,Helios Offshore Systems,Helios Offshore Systems,Clearwater Holdings,Norway,Helios Offshore Systems,INV-2024-0013701,AGX-2024-014745-AGC-00067
2024-02-22,2024,2,February,Feb,Q1,630625.93,390474.26,240151.67,38.08,Noah Keller,Helios Industrial Maintenance,AGC-00057,Helios Industrial Maintenance,Helios Industrial Maintenance,NovaGrid Holdings,United Kingdom,Helios Industrial Maintenance,INV-2024-0010673,AGX-2023-011494-AGC-00057
2024-02-27,2024,2,February,Feb,Q1,357911.35,249940.2,107971.15,30.17,Avery Morgan,Northstar Instrumentation,AGC-00034,Northstar Instrumentation,Northstar Instrumentation,Beacon Holdings,Norway,Northstar Instrumentation,INV-2024-0013582,AGX-2024-014619-AGC-00034
2024-02-29,2024,2,February,Feb,Q1,242044.45,166073.11,75971.34,31.39,Mila Diaz,Cobalt Infrastructure,AGC-00081,Cobalt Infrastructure,Cobalt Infrastructure,Monarch Holdings,Netherlands,Cobalt Infrastructure,INV-2024-0011976,AGX-2024-012911-AGC-00081
2024-03-01,2024,3,March,Mar,Q1,1475389.04,1084818.66,390570.38,26.47,Zara Grant,Northstar Mechanical Group,AGC-00031,Northstar Mechanical Group,Northstar Mechanical Group,Silverline Holdings,Egypt,Northstar Mechanical Group,INV-2024-0011631,AGX-2023-012544-AGC-00031
2024-03-01,2024,3,March,Mar,Q1,711373.12,485713.26,225659.86,31.72,Adrian Walker,Helios Technical Services,AGC-00072,Helios Technical Services,Helios Technical Services,Equinox Holdings,Italy,Helios Technical Services,INV-2024-0012567,AGX-2024-013543-AGC-00072
2024-03-03,2024,3,March,Mar,Q1,250351.67,163168.42,87183.25,34.82,Priya Nguyen,Northstar Production Services,AGC-00028,Northstar Production Services,Northstar Production Services,Westbridge Holdings,Mexico,Northstar Production Services,INV-2024-0013130,AGX-2024-014139-AGC-00028
2024-03-07,2024,3,March,Mar,Q1,700189.96,457307.97,242881.99,34.69,Camille Martin,Helios Power Partners,AGC-00052,Helios Power Partners,Helios Power Partners,BluePeak Holdings,Chile,Helios Power Partners,INV-2024-0013113,AGX-2024-014117-AGC-00052
2024-03-07,2024,3,March,Mar,Q1,227619.37,152809.95,74809.42,32.87,Grace Perry,Meridian Industrial Solutions,AGC-00147,Meridian Industrial Solutions,Meridian Industrial Solutions,NovaGrid Holdings,Netherlands,Meridian Industrial Solutions,INV-2024-0013389,AGX-2024-014413-AGC-00147
2024-03-09,2024,3,March,Mar,Q1,430525.96,311305.74,119220.22,27.69,Lucas Hayes,Cobalt Energy Systems,AGC-00075,Cobalt Energy Systems,Cobalt Energy Systems,Independent Entity,Canada,Cobalt Energy Systems,INV-2024-0013156,AGX-2024-014165-AGC-00075
2024-03-10,2024,3,March,Mar,Q1,350340.18,225781.75,124558.43,35.55,Leo Foster,Helios Mechanical Group,AGC-00068,Helios Mechanical Group,Helios Mechanical Group,Falcon Holdings,Oman,Helios Mechanical Group,INV-2024-0012439,AGX-2024-013408-AGC-00068
2024-03-10,2024,3,March,Mar,Q1,64370.52,41272.57,23097.95,35.88,Zara Grant,Northstar Mechanical Group,AGC-00031,Northstar Mechanical Group,Northstar Mechanical Group,Silverline Holdings,Egypt,Northstar Mechanical Group,INV-2024-0013663,AGX-2024-014707-AGC-00031
2024-03-11,2024,3,March,Mar,Q1,410443.91,277739.21,132704.7,32.33,Noah Keller,Meridian Marine Services,AGC-00113,Meridian Marine Services,Meridian Marine Services,Falcon Holdings,Brazil,Meridian Marine Services,INV-2024-0012343,AGX-2024-013309-AGC-00113
2024-03-14,2024,3,March,Mar,Q1,865502.11,617652.73,247849.38,28.64,Leo Foster,Arcadia Industrial Services,AGC-00180,Arcadia Industrial Services,Arcadia Industrial Services,Independent Entity,Netherlands,Arcadia Industrial Services,INV-2024-0013553,AGX-2024-014587-AGC-00180
2024-03-15,2024,3,March,Mar,Q1,362161.3,249121.4,113039.9,31.21,Eva Lewis,Northstar Field Services,AGC-00013,Northstar Field Services,Northstar Field Services,Crescent Holdings,South Korea,Northstar Field Services,INV-2024-0012262,AGX-2024-013225-AGC-00013
2024-03-17,2024,3,March,Mar,Q1,850062.04,586990.29,263071.75,30.95,Noah Keller,Meridian Offshore Systems,AGC-00141,Meridian Offshore Systems,Meridian Offshore Systems,Summit Holdings,Canada,Meridian Offshore Systems,INV-2024-0011942,AGX-2024-012876-AGC-00141
2024-03-17,2024,3,March,Mar,Q1,159355.76,106293.86,53061.9,33.3,Lucas Hayes,Arcadia Refinery Services,AGC-00173,Arcadia Refinery Services,Arcadia Refinery Services,Trident Holdings,Australia,Arcadia Refinery Services,INV-2024-0012492,AGX-2024-013464-AGC-00173
2024-03-19,2024,3,March,Mar,Q1,779027.74,557597.64,221430.1,28.42,Lucas Hayes,Meridian Flow Technologies,AGC-00117,Meridian Flow Technologies,Meridian Flow Technologies,Equinox Holdings,Thailand,Meridian Flow Technologies,INV-2024-0011839,AGX-2024-012763-AGC-00117
2024-03-19,2024,3,March,Mar,Q1,185568.52,120289.16,65279.36,35.18,Noah Keller,Cobalt Automation,AGC-00085,Cobalt Automation,Cobalt Automation,Independent Entity,Chile,Cobalt Automation,INV-2024-0012187,AGX-2024-013141-AGC-00085
2024-03-19,2024,3,March,Mar,Q1,466814.54,314053.02,152761.52,32.72,Zara Grant,Northstar Engineering,AGC-00017,Northstar Engineering,Northstar Engineering,Harborline Holdings,Singapore,Northstar Engineering,INV-2024-0012718,AGX-2024-013704-AGC-00017
2024-03-19,2024,3,March,Mar,Q1,612552.55,389933.86,222618.69,36.34,Grace Perry,Cobalt Engineering,AGC-00091,Cobalt Engineering,Cobalt Engineering,Northstar Holdings,Poland,Cobalt Engineering,INV-2024-0013275,AGX-2024-014289-AGC-00091
2024-03-20,2024,3,March,Mar,Q1,31740.8,19859.33,11881.47,37.43,Avery Morgan,Northstar Flow Technologies,AGC-00006,Northstar Flow Technologies,Northstar Flow Technologies,Summit Holdings,Italy,Northstar Flow Technologies,INV-2024-0012258,AGX-2024-013221-AGC-00006
2024-03-20,2024,3,March,Mar,Q1,547484.93,411151.26,136333.67,24.9,Grace Perry,Arcadia Marine Engineering,AGC-00175,Arcadia Marine Engineering,Arcadia Marine Engineering,Independent Entity,France,Arcadia Marine Engineering,INV-2024-0012484,AGX-2024-013455-AGC-00175
2024-03-21,2024,3,March,Mar,Q1,1566356.75,967693.9,598662.85,38.22,Julian Howard,Northstar Pipeline Services,AGC-00022,Northstar Pipeline Services,Northstar Pipeline Services,Clearwater Holdings,Indonesia,Northstar Pipeline Services,INV-2024-0012221,AGX-2024-013180-AGC-00022
2024-03-23,2024,3,March,Mar,Q1,50250.14,32926.25,17323.89,34.48,Julian Howard,Arcadia Production Services,AGC-00176,Arcadia Production Services,Arcadia Production Services,Zenith Holdings,United Arab Emirates,Arcadia Production Services,INV-2024-0012884,AGX-2024-013879-AGC-00176
2024-03-23,2024,3,March,Mar,Q1,177833.06,127906.93,49926.13,28.07,Mila Diaz,Cobalt Technical Services,AGC-00109,Cobalt Technical Services,Cobalt Technical Services,Pioneer Holdings,France,Cobalt Technical Services,INV-2024-0013763,AGX-2024-014813-AGC-00109
2024-03-24,2024,3,March,Mar,Q1,1149547.19,786281.05,363266.14,31.6,Priya Nguyen,Meridian Energy Systems,AGC-00112,Meridian Energy Systems,Meridian Energy Systems,Clearwater Holdings,South Korea,Meridian Energy Systems,INV-2024-0012160,AGX-2024-013112-AGC-00112
2024-03-25,2024,3,March,Mar,Q1,2933730.97,1898377.78,1035353.19,35.29,Mila Diaz,Helios Offshore Systems,AGC-00067,Helios Offshore Systems,Helios Offshore Systems,Clearwater Holdings,Norway,Helios Offshore Systems,INV-2024-0012364,AGX-2024-013331-AGC-00067
2024-03-25,2024,3,March,Mar,Q1,16273.62,10585.18,5688.44,34.95,Grace Perry,Cobalt Engineering,AGC-00091,Cobalt Engineering,Cobalt Engineering,Northstar Holdings,Poland,Cobalt Engineering,INV-2024-0012869,AGX-2024-013863-AGC-00091
2024-03-28,2024,3,March,Mar,Q1,586854.13,398374.44,188479.69,32.12,Noah Keller,Northstar Energy Systems,AGC-00001,Northstar Energy Systems,Northstar Energy Systems,Northstar Holdings,Norway,Northstar Energy Systems,INV-2024-0012735,AGX-2024-013722-AGC-00001
2024-03-28,2024,3,March,Mar,Q1,242843.64,157556.95,85286.69,35.12,Mila Diaz,Northstar Automation,AGC-00011,Northstar Automation,Northstar Automation,Redwood Holdings,United Arab Emirates,Northstar Automation,INV-2024-0013047,AGX-2024-014049-AGC-00011
2024-03-28,2024,3,March,Mar,Q1,171895.52,132268.32,39627.2,23.05,Theo Price,Northstar Drilling Solutions,AGC-00018,Northstar Drilling Solutions,Northstar Drilling Solutions,Vertex Holdings,Thailand,Northstar Drilling Solutions,INV-2024-0013729,AGX-2024-014774-AGC-00018
2024-03-31,2024,3,March,Mar,Q1,821021.01,538266.87,282754.14,34.44,Lina Sato,Meridian Technical Supply,AGC-00135,Meridian Technical Supply,Meridian Technical Supply,Independent Entity,Malaysia,Meridian Technical Supply,INV-2024-0013723,AGX-2024-014768-AGC-00135
2024-04-02,2024,4,April,Apr,Q2,432466.21,262649.23,169816.98,39.27,Lucas Hayes,Arcadia Automation,AGC-00159,Arcadia Automation,Arcadia Automation,Sierra Holdings,Japan,Arcadia Automation,INV-2024-0012048,AGX-2024-012987-AGC-00159
2024-04-09,2024,4,April,Apr,Q2,127800.64,91780.71,36019.93,28.18,Lina Sato,Northstar Marine Supply,AGC-00037,Northstar Marine Supply,Northstar Marine Supply,Frontier Holdings,Vietnam,Northstar Marine Supply,INV-2024-0012098,AGX-2024-013044-AGC-00037
2024-04-11,2024,4,April,Apr,Q2,511531.6,342416.13,169115.47,33.06,Leo Foster,Northstar Energy Projects,AGC-00026,Northstar Energy Projects,Northstar Energy Projects,Keystone Holdings,Nigeria,Northstar Energy Projects,INV-2024-0012608,AGX-2024-013589-AGC-00026
2024-04-13,2024,4,April,Apr,Q2,446559.12,313809.07,132750.05,29.73,Camille Martin,Arcadia Marine Services,AGC-00150,Arcadia Marine Services,Arcadia Marine Services,Independent Entity,Thailand,Arcadia Marine Services,INV-2024-0012642,AGX-2024-013623-AGC-00150
2024-04-13,2024,4,April,Apr,Q2,90614.71,56719.14,33895.57,37.41,Grace Perry,Cobalt Industrial Group,AGC-00077,Cobalt Industrial Group,Cobalt Industrial Group,Noble Ridge Holdings,United Arab Emirates,Cobalt Industrial Group,INV-2024-0012852,AGX-2024-013845-AGC-00077
2024-04-16,2024,4,April,Apr,Q2,46000.71,32528.14,13472.57,29.29,Leo Foster,Meridian Marine Engineering,AGC-00138,Meridian Marine Engineering,Meridian Marine Engineering,Cobalt Holdings,Italy,Meridian Marine Engineering,INV-2024-0013599,AGX-2024-014636-AGC-00138
2024-04-17,2024,4,April,Apr,Q2,36283.31,26338.46,9944.85,27.41,Zara Grant,Helios Industrial Solutions,AGC-00073,Helios Industrial Solutions,Helios Industrial Solutions,Westbridge Holdings,Ghana,Helios Industrial Solutions,INV-2024-0013363,AGX-2024-014385-AGC-00073
2024-04-18,2024,4,April,Apr,Q2,486115.94,317652.82,168463.12,34.65,Lucas Hayes,Helios Waterworks,AGC-00047,Helios Waterworks,Helios Waterworks,Helios Holdings,Brazil,Helios Waterworks,INV-2024-0012153,AGX-2024-013105-AGC-00047
2024-04-20,2024,4,April,Apr,Q2,492236.68,315806.57,176430.11,35.84,Eva Lewis,Arcadia Compression,AGC-00167,Arcadia Compression,Arcadia Compression,Noble Ridge Holdings,Oman,Arcadia Compression,INV-2024-0013677,AGX-2024-014721-AGC-00167
2024-04-21,2024,4,April,Apr,Q2,599021.61,351088.74,247932.87,41.39,Julian Howard,Cobalt Industrial Services,AGC-00106,Cobalt Industrial Services,Cobalt Industrial Services,Granite Holdings,Ghana,Cobalt Industrial Services,INV-2024-0012863,AGX-2024-013857-AGC-00106
2024-04-22,2024,4,April,Apr,Q2,622458.71,431091.46,191367.25,30.74,Avery Morgan,Meridian Resources,AGC-00132,Meridian Resources,Meridian Resources,Rivermark Holdings,Colombia,Meridian Resources,INV-2024-0013268,AGX-2024-014282-AGC-00132
2024-04-25,2024,4,April,Apr,Q2,938220.81,622571.9,315648.91,33.64,Zara Grant,Arcadia Mining Services,AGC-00157,Arcadia Mining Services,Arcadia Mining Services,Clearwater Holdings,Poland,Arcadia Mining Services,INV-2024-0012402,AGX-2024-013370-AGC-00157
2024-04-27,2024,4,April,Apr,Q2,403188.84,281269.28,121919.56,30.24,Adrian Walker,Helios Resources,AGC-00058,Helios Resources,Helios Resources,Crescent Holdings,Poland,Helios Resources,INV-2024-0013691,AGX-2024-014735-AGC-00058
2024-05-01,2024,5,May,May,Q2,445987.33,326196.83,119790.5,26.86,Noah Keller,Cobalt Automation,AGC-00085,Cobalt Automation,Cobalt Automation,Independent Entity,Chile,Cobalt Automation,INV-2024-0012741,AGX-2024-013728-AGC-00085
2024-05-04,2024,5,May,May,Q2,403623.56,259173.8,144449.76,35.79,Lina Sato,Helios Mechanical,AGC-00051,Helios Mechanical,Helios Mechanical,Summit Holdings,Thailand,Helios Mechanical,INV-2024-0012007,AGX-2024-012942-AGC-00051
2024-05-05,2024,5,May,May,Q2,792673.1,514084.75,278588.35,35.15,Priya Nguyen,Northstar Mechanical,AGC-00014,Northstar Mechanical,Northstar Mechanical,Ironwood Holdings,Brazil,Northstar Mechanical,INV-2024-0012764,AGX-2024-013751-AGC-00014
2024-05-05,2024,5,May,May,Q2,593822.56,395316.19,198506.37,33.43,Mila Diaz,Helios Process Controls,AGC-00053,Helios Process Controls,Helios Process Controls,Vantage Holdings,Spain,Helios Process Controls,INV-2024-0013221,AGX-2024-014232-AGC-00053
2024-05-09,2024,5,May,May,Q2,6730805.89,4485265.28,2245540.61,33.36,Lina Sato,Arcadia Controls,AGC-00177,Arcadia Controls,Arcadia Controls,Rivermark Holdings,Kenya,Arcadia Controls,INV-2024-0012478,AGX-2024-013448-AGC-00177
2024-05-09,2024,5,May,May,Q2,79565.91,55156.88,24409.03,30.68,Eva Lewis,Helios Drilling Solutions,AGC-00055,Helios Drilling Solutions,Helios Drilling Solutions,Independent Entity,Indonesia,Helios Drilling Solutions,INV-2024-0013487,AGX-2024-014518-AGC-00055
2024-05-12,2024,5,May,May,Q2,43946.04,27178.51,16767.53,38.15,Priya Nguyen,Cobalt Technical Supply,AGC-00098,Cobalt Technical Supply,Cobalt Technical Supply,Vantage Holdings,India,Cobalt Technical Supply,INV-2024-0012699,AGX-2024-013683-AGC-00098
2024-05-13,2024,5,May,May,Q2,363673.78,250377.86,113295.92,31.15,Julian Howard,Arcadia Mechanical,AGC-00162,Arcadia Mechanical,Arcadia Mechanical,Equinox Holdings,Saudi Arabia,Arcadia Mechanical,INV-2024-0013236,AGX-2024-014248-AGC-00162
2024-05-14,2024,5,May,May,Q2,11125.26,7450.88,3674.38,33.03,Mila Diaz,Meridian Utilities,AGC-00123,Meridian Utilities,Meridian Utilities,Pacific Crest Holdings,United Kingdom,Meridian Utilities,INV-2024-0013497,AGX-2024-014528-AGC-00123
2024-05-14,2024,5,May,May,Q2,240583.56,150664.92,89918.64,37.38,Mila Diaz,Arcadia Industrial Group,AGC-00151,Arcadia Industrial Group,Arcadia Industrial Group,Granite Holdings,Chile,Arcadia Industrial Group,INV-2024-0013889,AGX-2024-014949-AGC-00151
2024-05-15,2024,5,May,May,Q2,7727264.73,4728647.54,2998617.19,38.81,Lina Sato,Cobalt Flow Systems,AGC-00107,Cobalt Flow Systems,Cobalt Flow Systems,Harborline Holdings,Australia,Cobalt Flow Systems,INV-2024-0011948,AGX-2024-012882-AGC-00107
2024-05-15,2024,5,May,May,Q2,202058.05,137345.1,64712.95,32.03,Camille Martin,Meridian Refinery Services,AGC-00136,Meridian Refinery Services,Meridian Refinery Services,Northstar Holdings,Vietnam,Meridian Refinery Services,INV-2024-0012630,AGX-2024-013611-AGC-00136
2024-05-15,2024,5,May,May,Q2,2603100.64,1685041.62,918059.02,35.27,Theo Price,Meridian Offshore Engineering,AGC-00116,Meridian Offshore Engineering,Meridian Offshore Engineering,Keystone Holdings,Singapore,Meridian Offshore Engineering,INV-2024-0012941,AGX-2024-013939-AGC-00116
2024-05-16,2024,5,May,May,Q2,1450103.17,976067.98,474035.19,32.69,Priya Nguyen,Meridian Power Partners,AGC-00126,Meridian Power Partners,Meridian Power Partners,Monarch Holdings,Japan,Meridian Power Partners,INV-2024-0012703,AGX-2024-013687-AGC-00126
2024-05-16,2024,5,May,May,Q2,104989.86,70304.05,34685.81,33.04,Lucas Hayes,Northstar Flow Systems,AGC-00033,Northstar Flow Systems,Northstar Flow Systems,Pacific Crest Holdings,Colombia,Northstar Flow Systems,INV-2024-0013869,AGX-2024-014929-AGC-00033
2024-05-18,2024,5,May,May,Q2,60128.09,39486.34,20641.75,34.33,Zara Grant,Helios Pipeline Services,AGC-00059,Helios Pipeline Services,Helios Pipeline Services,Ironwood Holdings,Nigeria,Helios Pipeline Services,INV-2024-0013542,AGX-2024-014575-AGC-00059
2024-05-19,2024,5,May,May,Q2,317729.7,199052.41,118677.29,37.35,Zara Grant,Northstar Engineering,AGC-00017,Northstar Engineering,Northstar Engineering,Harborline Holdings,Singapore,Northstar Engineering,INV-2024-0012355,AGX-2024-013322-AGC-00017
2024-05-21,2024,5,May,May,Q2,857055.48,599453.77,257601.71,30.06,Grace Perry,Meridian Pipeline Services,AGC-00133,Meridian Pipeline Services,Meridian Pipeline Services,Lighthouse Holdings,Norway,Meridian Pipeline Services,INV-2024-0013585,AGX-2024-014622-AGC-00133
2024-05-25,2024,5,May,May,Q2,266318.77,195525.39,70793.38,26.58,Noah Keller,Meridian Marine Services,AGC-00113,Meridian Marine Services,Meridian Marine Services,Falcon Holdings,Brazil,Meridian Marine Services,INV-2024-0011934,AGX-2024-012867-AGC-00113
2024-05-30,2024,5,May,May,Q2,989855.21,695940.97,293914.24,29.69,Mila Diaz,Arcadia Engineering,AGC-00165,Arcadia Engineering,Arcadia Engineering,Independent Entity,Colombia,Arcadia Engineering,INV-2024-0012300,AGX-2024-013264-AGC-00165
2024-05-30,2024,5,May,May,Q2,232317.35,151820.45,80496.9,34.65,Grace Perry,Northstar Infrastructure,AGC-00007,Northstar Infrastructure,Northstar Infrastructure,BluePeak Holdings,Ghana,Northstar Infrastructure,INV-2024-0013738,AGX-2024-014783-AGC-00007
2024-06-07,2024,6,June,Jun,Q2,289935.17,185016.7,104918.47,36.19,Noah Keller,Northstar Controls,AGC-00029,Northstar Controls,Northstar Controls,DeltaWorks Holdings,Germany,Northstar Controls,INV-2024-0012651,AGX-2024-013633-AGC-00029
2024-06-10,2024,6,June,Jun,Q2,44921.95,29920.23,15001.72,33.4,Lucas Hayes,Northstar Compression,AGC-00019,Northstar Compression,Northstar Compression,Pioneer Holdings,Chile,Northstar Compression,INV-2024-0011851,AGX-2024-012777-AGC-00019
2024-06-11,2024,6,June,Jun,Q2,490697.59,325103.07,165594.52,33.75,Theo Price,Northstar Industrial Services,AGC-00032,Northstar Industrial Services,Northstar Industrial Services,Noble Ridge Holdings,India,Northstar Industrial Services,INV-2024-0012349,AGX-2024-013316-AGC-00032
2024-06-13,2024,6,June,Jun,Q2,677315.76,481703.93,195611.83,28.88,Adrian Walker,Meridian Engineering,AGC-00128,Meridian Engineering,Meridian Engineering,Trident Holdings,Germany,Meridian Engineering,INV-2024-0013577,AGX-2024-014613-AGC-00128
2024-06-14,2024,6,June,Jun,Q2,337550.18,230316.1,107234.08,31.77,Leo Foster,Meridian Marine Engineering,AGC-00138,Meridian Marine Engineering,Meridian Marine Engineering,Cobalt Holdings,Italy,Meridian Marine Engineering,INV-2024-0012241,AGX-2024-013203-AGC-00138
2024-06-18,2024,6,June,Jun,Q2,44748.41,26890.87,17857.54,39.91,Noah Keller,Arcadia Infrastructure,AGC-00155,Arcadia Infrastructure,Arcadia Infrastructure,Independent Entity,United States,Arcadia Infrastructure,INV-2024-0012877,AGX-2024-013871-AGC-00155
2024-06-19,2024,6,June,Jun,Q2,2584508.41,1835624.68,748883.73,28.98,Lucas Hayes,Northstar Offshore Engineering,AGC-00005,Northstar Offshore Engineering,Northstar Offshore Engineering,Independent Entity,Argentina,Northstar Offshore Engineering,INV-2024-0012065,AGX-2024-013006-AGC-00005
2024-06-21,2024,6,June,Jun,Q2,343995.98,217954.39,126041.59,36.64,Adrian Walker,Northstar Offshore Systems,AGC-00030,Northstar Offshore Systems,Northstar Offshore Systems,Independent Entity,Saudi Arabia,Northstar Offshore Systems,INV-2024-0012426,AGX-2024-013395-AGC-00030
2024-06-21,2024,6,June,Jun,Q2,338953.42,230546.5,108406.92,31.98,Julian Howard,Northstar Petro Systems,AGC-00008,Northstar Petro Systems,Northstar Petro Systems,Vantage Holdings,Australia,Northstar Petro Systems,INV-2024-0013835,AGX-2024-014891-AGC-00008
2024-06-22,2024,6,June,Jun,Q2,504822.11,343741.14,161080.97,31.91,Eva Lewis,Meridian Mechanical,AGC-00125,Meridian Mechanical,Meridian Mechanical,Independent Entity,Nigeria,Meridian Mechanical,INV-2024-0013304,AGX-2024-014320-AGC-00125
2024-06-25,2024,6,June,Jun,Q2,725012.35,488422.94,236589.41,32.63,Leo Foster,Arcadia Drilling Solutions,AGC-00166,Arcadia Drilling Solutions,Arcadia Drilling Solutions,Silverline Holdings,Norway,Arcadia Drilling Solutions,INV-2024-0013324,AGX-2024-014342-AGC-00166
2024-06-25,2024,6,June,Jun,Q2,366264.44,238131.69,128132.75,34.98,Leo Foster,Northstar Utilities,AGC-00012,Northstar Utilities,Northstar Utilities,NovaGrid Holdings,Kenya,Northstar Utilities,INV-2024-0013495,AGX-2024-014526-AGC-00012
2024-06-26,2024,6,June,Jun,Q2,230433.57,151645.42,78788.15,34.19,Noah Keller,Northstar Power Partners,AGC-00015,Northstar Power Partners,Northstar Power Partners,Independent Entity,Netherlands,Northstar Power Partners,INV-2024-0012389,AGX-2024-013357-AGC-00015
2024-06-26,2024,6,June,Jun,Q2,707388.06,461993.77,245394.29,34.69,Theo Price,Meridian Flow Systems,AGC-00144,Meridian Flow Systems,Meridian Flow Systems,Sterling Holdings,Kenya,Meridian Flow Systems,INV-2024-0013309,AGX-2024-014326-AGC-00144
2024-06-27,2024,6,June,Jun,Q2,654599.55,440411.81,214187.74,32.72,Leo Foster,Meridian Field Services,AGC-00124,Meridian Field Services,Meridian Field Services,Beacon Holdings,Poland,Meridian Field Services,INV-2024-0012732,AGX-2024-013718-AGC-00124
2024-06-28,2024,6,June,Jun,Q2,688224.46,438275.79,249948.67,36.32,Julian Howard,Meridian Mining Services,AGC-00120,Meridian Mining Services,Meridian Mining Services,Independent Entity,South Africa,Meridian Mining Services,INV-2024-0011872,AGX-2024-012801-AGC-00120
2024-06-28,2024,6,June,Jun,Q2,394228.17,254511.36,139716.81,35.44,Adrian Walker,Northstar Marine Services,AGC-00002,Northstar Marine Services,Northstar Marine Services,Helios Holdings,Oman,Northstar Marine Services,INV-2024-0013836,AGX-2024-014892-AGC-00002
2024-06-29,2024,6,June,Jun,Q2,433034.71,291070.49,141964.22,32.78,Zara Grant,Meridian Industrial Services,AGC-00143,Meridian Industrial Services,Meridian Industrial Services,Vantage Holdings,United Arab Emirates,Meridian Industrial Services,INV-2024-0012399,AGX-2024-013367-AGC-00143
2024-07-02,2024,7,July,Jul,Q3,2338112.66,1561418.64,776694.02,33.22,Grace Perry,Arcadia Field Services,AGC-00161,Arcadia Field Services,Arcadia Field Services,Keystone Holdings,Germany,Arcadia Field Services,INV-2024-0011833,AGX-2024-012757-AGC-00161
2024-07-03,2024,7,July,Jul,Q3,615987.83,415626.64,200361.19,32.53,Leo Foster,Meridian Marine Engineering,AGC-00138,Meridian Marine Engineering,Meridian Marine Engineering,Cobalt Holdings,Italy,Meridian Marine Engineering,INV-2024-0013009,AGX-2024-014009-AGC-00138
2024-07-03,2024,7,July,Jul,Q3,810042.8,582304.14,227738.66,28.11,Mila Diaz,Cobalt Resources,AGC-00095,Cobalt Resources,Cobalt Resources,Independent Entity,Germany,Cobalt Resources,INV-2024-0013697,AGX-2024-014741-AGC-00095
2024-07-04,2024,7,July,Jul,Q3,4445368.9,3127760.12,1317608.78,29.64,Avery Morgan,Meridian Technical Services,AGC-00146,Meridian Technical Services,Meridian Technical Services,Redwood Holdings,Brazil,Meridian Technical Services,INV-2024-0013371,AGX-2024-014394-AGC-00146
2024-07-05,2024,7,July,Jul,Q3,632656.49,446438.9,186217.59,29.43,Zara Grant,Helios Petro Systems,AGC-00045,Helios Petro Systems,Helios Petro Systems,Independent Entity,Kenya,Helios Petro Systems,INV-2024-0013741,AGX-2024-014786-AGC-00045
2024-07-07,2024,7,July,Jul,Q3,44635.44,29438.32,15197.12,34.05,Adrian Walker,Cobalt Energy Projects,AGC-00100,Cobalt Energy Projects,Cobalt Energy Projects,Independent Entity,Norway,Cobalt Energy Projects,INV-2024-0012386,AGX-2024-013354-AGC-00100
2024-07-07,2024,7,July,Jul,Q3,1054029.97,778784.77,275245.2,26.11,Julian Howard,Helios Field Services,AGC-00050,Helios Field Services,Helios Field Services,Independent Entity,Singapore,Helios Field Services,INV-2024-0013206,AGX-2024-014217-AGC-00050
2024-07-12,2024,7,July,Jul,Q3,969142.81,673136.81,296006.0,30.54,Julian Howard,Meridian Rotating Equipment,AGC-00134,Meridian Rotating Equipment,Meridian Rotating Equipment,Apex Holdings,Oman,Meridian Rotating Equipment,INV-2024-0012069,AGX-2024-013010-AGC-00134
2024-07-13,2024,7,July,Jul,Q3,186772.48,125323.02,61449.46,32.9,Eva Lewis,Helios Industrial Services,AGC-00069,Helios Industrial Services,Helios Industrial Services,Sierra Holdings,Malaysia,Helios Industrial Services,INV-2024-0011940,AGX-2024-012874-AGC-00069
2024-07-15,2024,7,July,Jul,Q3,512850.49,347190.29,165660.2,32.3,Grace Perry,Helios Utilities,AGC-00049,Helios Utilities,Helios Utilities,Meridian Holdings,Qatar,Helios Utilities,INV-2024-0012844,AGX-2024-013837-AGC-00049
2024-07-16,2024,7,July,Jul,Q3,662161.04,419263.28,242897.76,36.68,Noah Keller,Arcadia Resources,AGC-00169,Arcadia Resources,Arcadia Resources,Beacon Holdings,Vietnam,Arcadia Resources,INV-2024-0012033,AGX-2024-012971-AGC-00169
2024-07-16,2024,7,July,Jul,Q3,743387.79,498845.93,244541.86,32.9,Leo Foster,Arcadia Process Solutions,AGC-00152,Arcadia Process Solutions,Arcadia Process Solutions,Harborline Holdings,Spain,Arcadia Process Solutions,INV-2024-0012094,AGX-2024-013040-AGC-00152
2024-07-16,2024,7,July,Jul,Q3,113820.56,78767.91,35052.65,30.8,Avery Morgan,Helios Refinery Services,AGC-00062,Helios Refinery Services,Helios Refinery Services,Harborline Holdings,Germany,Helios Refinery Services,INV-2024-0012976,AGX-2024-013974-AGC-00062
2024-07-16,2024,7,July,Jul,Q3,92926.54,71393.21,21533.33,23.17,Eva Lewis,Helios Process Solutions,AGC-00041,Helios Process Solutions,Helios Process Solutions,Zenith Holdings,Australia,Helios Process Solutions,INV-2024-0013173,AGX-2024-014184-AGC-00041
2024-07-16,2024,7,July,Jul,Q3,35721.8,25422.37,10299.43,28.83,Priya Nguyen,Meridian Controls,AGC-00140,Meridian Controls,Meridian Controls,Independent Entity,Australia,Meridian Controls,INV-2024-0013280,AGX-2024-014295-AGC-00140
2024-07-17,2024,7,July,Jul,Q3,141198.53,95387.09,45811.44,32.44,Adrian Walker,Northstar Marine Services,AGC-00002,Northstar Marine Services,Northstar Marine Services,Helios Holdings,Oman,Northstar Marine Services,INV-2024-0011871,AGX-2024-012800-AGC-00002
2024-07-18,2024,7,July,Jul,Q3,374469.13,222203.0,152266.13,40.66,Eva Lewis,Arcadia Offshore Engineering,AGC-00153,Arcadia Offshore Engineering,Arcadia Offshore Engineering,Vertex Holdings,South Africa,Arcadia Offshore Engineering,INV-2024-0012393,AGX-2024-013361-AGC-00153
2024-07-19,2024,7,July,Jul,Q3,78854.73,52027.48,26827.25,34.02,Julian Howard,Northstar Industrial Solutions,AGC-00036,Northstar Industrial Solutions,Northstar Industrial Solutions,Monarch Holdings,Malaysia,Northstar Industrial Solutions,INV-2024-0013812,AGX-2024-014866-AGC-00036
2024-07-21,2024,7,July,Jul,Q3,149519.56,99443.48,50076.08,33.49,Priya Nguyen,Cobalt Waterworks,AGC-00084,Cobalt Waterworks,Cobalt Waterworks,Cascade Holdings,Thailand,Cobalt Waterworks,INV-2024-0012600,AGX-2024-013579-AGC-00084
2024-07-29,2024,7,July,Jul,Q3,934918.15,573461.33,361456.82,38.66,Eva Lewis,Cobalt Marine Supply,AGC-00111,Cobalt Marine Supply,Cobalt Marine Supply,TerraNova Holdings,Kenya,Cobalt Marine Supply,INV-2024-0012932,AGX-2024-013928-AGC-00111
2024-08-10,2024,8,August,Aug,Q3,203358.87,145713.32,57645.55,28.35,Avery Morgan,Arcadia Utilities,AGC-00160,Arcadia Utilities,Arcadia Utilities,Independent Entity,Mexico,Arcadia Utilities,INV-2024-0011985,AGX-2024-012920-AGC-00160
2024-08-10,2024,8,August,Aug,Q3,126097.83,86972.25,39125.58,31.03,Camille Martin,Cobalt Instrumentation,AGC-00108,Cobalt Instrumentation,Cobalt Instrumentation,Vertex Holdings,Canada,Cobalt Instrumentation,INV-2024-0013391,AGX-2024-014415-AGC-00108
2024-08-11,2024,8,August,Aug,Q3,1187249.93,840095.48,347154.45,29.24,Grace Perry,Helios Utilities,AGC-00049,Helios Utilities,Helios Utilities,Meridian Holdings,Qatar,Helios Utilities,INV-2024-0012226,AGX-2024-013186-AGC-00049
2024-08-13,2024,8,August,Aug,Q3,1680198.66,1203900.39,476298.27,28.35,Priya Nguyen,Arcadia Flow Technologies,AGC-00154,Arcadia Flow Technologies,Arcadia Flow Technologies,Pioneer Holdings,Indonesia,Arcadia Flow Technologies,INV-2024-0013023,AGX-2024-014024-AGC-00154
2024-08-14,2024,8,August,Aug,Q3,285374.81,194169.06,91205.75,31.96,Theo Price,Northstar Process Solutions,AGC-00004,Northstar Process Solutions,Northstar Process Solutions,Meridian Holdings,Vietnam,Northstar Process Solutions,INV-2024-0012158,AGX-2024-013110-AGC-00004
2024-08-18,2024,8,August,Aug,Q3,1091955.08,686697.16,405257.92,37.11,Adrian Walker,Northstar Process Controls,AGC-00016,Northstar Process Controls,Northstar Process Controls,Granite Holdings,Qatar,Northstar Process Controls,INV-2024-0012377,AGX-2024-013345-AGC-00016
2024-08-21,2024,8,August,Aug,Q3,153900.33,108347.31,45553.02,29.6,Mila Diaz,Meridian Energy Projects,AGC-00137,Meridian Energy Projects,Meridian Energy Projects,Helios Holdings,Argentina,Meridian Energy Projects,INV-2024-0012053,AGX-2024-012992-AGC-00137
2024-08-21,2024,8,August,Aug,Q3,454080.36,302261.44,151818.92,33.43,Julian Howard,Meridian Marine Supply,AGC-00148,Meridian Marine Supply,Meridian Marine Supply,Crescent Holdings,Qatar,Meridian Marine Supply,INV-2024-0013866,AGX-2024-014926-AGC-00148
2024-08-22,2024,8,August,Aug,Q3,187884.7,127853.8,60030.9,31.95,Priya Nguyen,Helios Offshore Engineering,AGC-00042,Helios Offshore Engineering,Helios Offshore Engineering,Rivermark Holdings,Canada,Helios Offshore Engineering,INV-2024-0012789,AGX-2024-013779-AGC-00042
2024-08-22,2024,8,August,Aug,Q3,201995.72,137016.77,64978.95,32.17,Leo Foster,Arcadia Industrial Services,AGC-00180,Arcadia Industrial Services,Arcadia Industrial Services,Independent Entity,Netherlands,Arcadia Industrial Services,INV-2024-0013400,AGX-2024-014424-AGC-00180
2024-08-24,2024,8,August,Aug,Q3,931331.54,618630.0,312701.54,33.58,Julian Howard,Cobalt Drilling Solutions,AGC-00092,Cobalt Drilling Solutions,Cobalt Drilling Solutions,Helios Holdings,Nigeria,Cobalt Drilling Solutions,INV-2024-0011913,AGX-2024-012844-AGC-00092
2024-08-24,2024,8,August,Aug,Q3,1310191.46,850112.07,460079.39,35.12,Adrian Walker,Arcadia Pipeline Services,AGC-00170,Arcadia Pipeline Services,Arcadia Pipeline Services,Independent Entity,Argentina,Arcadia Pipeline Services,INV-2024-0013464,AGX-2024-014493-AGC-00170
2024-08-25,2024,8,August,Aug,Q3,606575.28,442683.9,163891.38,27.02,Grace Perry,Helios Utilities,AGC-00049,Helios Utilities,Helios Utilities,Meridian Holdings,Qatar,Helios Utilities,INV-2024-0013178,AGX-2024-014189-AGC-00049
2024-08-25,2024,8,August,Aug,Q3,2006672.82,1294626.0,712046.82,35.48,Camille Martin,Arcadia Offshore Systems,AGC-00178,Arcadia Offshore Systems,Arcadia Offshore Systems,Lighthouse Holdings,South Korea,Arcadia Offshore Systems,INV-2024-0013734,AGX-2024-014779-AGC-00178
2024-08-26,2024,8,August,Aug,Q3,3385463.96,2181389.75,1204074.21,35.57,Priya Nguyen,Helios Flow Systems,AGC-00070,Helios Flow Systems,Helios Flow Systems,Independent Entity,Vietnam,Helios Flow Systems,INV-2024-0013037,AGX-2024-014039-AGC-00070
2024-09-01,2024,9,September,Sep,Q3,651353.06,486549.12,164803.94,25.3,Lucas Hayes,Meridian Instrumentation,AGC-00145,Meridian Instrumentation,Meridian Instrumentation,Independent Entity,South Korea,Meridian Instrumentation,INV-2024-0013031,AGX-2024-014032-AGC-00145
2024-09-07,2024,9,September,Sep,Q3,616837.38,425876.23,190961.15,30.96,Camille Martin,Arcadia Process Controls,AGC-00164,Arcadia Process Controls,Arcadia Process Controls,DeltaWorks Holdings,India,Arcadia Process Controls,INV-2024-0012893,AGX-2024-013888-AGC-00164
2024-09-13,2024,9,September,Sep,Q3,1063568.33,735686.39,327881.94,30.83,Leo Foster,Cobalt Industrial Solutions,AGC-00110,Cobalt Industrial Solutions,Cobalt Industrial Solutions,Independent Entity,United Arab Emirates,Cobalt Industrial Solutions,INV-2024-0013888,AGX-2024-014948-AGC-00110
2024-09-14,2024,9,September,Sep,Q3,44223.8,31705.36,12518.44,28.31,Avery Morgan,Northstar Instrumentation,AGC-00034,Northstar Instrumentation,Northstar Instrumentation,Beacon Holdings,Norway,Northstar Instrumentation,INV-2024-0013844,AGX-2024-014901-AGC-00034
2024-09-15,2024,9,September,Sep,Q3,409942.91,283530.29,126412.62,30.84,Zara Grant,Arcadia Rotating Equipment,AGC-00171,Arcadia Rotating Equipment,Arcadia Rotating Equipment,Monarch Holdings,Italy,Arcadia Rotating Equipment,INV-2024-0013038,AGX-2024-014040-AGC-00171
2024-09-15,2024,9,September,Sep,Q3,621361.65,387086.31,234275.34,37.7,Mila Diaz,Northstar Refinery Services,AGC-00025,Northstar Refinery Services,Northstar Refinery Services,Independent Entity,Poland,Northstar Refinery Services,INV-2024-0013476,AGX-2024-014507-AGC-00025
2024-09-19,2024,9,September,Sep,Q3,643641.74,428262.81,215378.93,33.46,Theo Price,Arcadia Technical Supply,AGC-00172,Arcadia Technical Supply,Arcadia Technical Supply,Frontier Holdings,Ghana,Arcadia Technical Supply,INV-2024-0012569,AGX-2024-013545-AGC-00172
2024-09-19,2024,9,September,Sep,Q3,329713.91,214806.56,114907.35,34.85,Julian Howard,Arcadia Mechanical,AGC-00162,Arcadia Mechanical,Arcadia Mechanical,Equinox Holdings,Saudi Arabia,Arcadia Mechanical,INV-2024-0013404,AGX-2024-014428-AGC-00162
2024-09-23,2024,9,September,Sep,Q3,52628.02,38306.69,14321.33,27.21,Grace Perry,Cobalt Mechanical Group,AGC-00105,Cobalt Mechanical Group,Cobalt Mechanical Group,Independent Entity,Italy,Cobalt Mechanical Group,INV-2024-0012338,AGX-2024-013304-AGC-00105
2024-09-24,2024,9,September,Sep,Q3,2290521.57,1395500.57,895021.0,39.07,Camille Martin,Cobalt Flow Technologies,AGC-00080,Cobalt Flow Technologies,Cobalt Flow Technologies,Independent Entity,Brazil,Cobalt Flow Technologies,INV-2024-0011864,AGX-2024-012791-AGC-00080
2024-09-26,2024,9,September,Sep,Q3,2182191.16,1330735.2,851455.96,39.02,Lina Sato,Helios Production Services,AGC-00065,Helios Production Services,Helios Production Services,Independent Entity,India,Helios Production Services,INV-2024-0012113,AGX-2024-013061-AGC-00065
2024-09-26,2024,9,September,Sep,Q3,1295488.65,865070.32,430418.33,33.22,Zara Grant,Cobalt Marine Engineering,AGC-00101,Cobalt Marine Engineering,Cobalt Marine Engineering,Redwood Holdings,Oman,Cobalt Marine Engineering,INV-2024-0013498,AGX-2024-014529-AGC-00101
2024-09-29,2024,9,September,Sep,Q3,2502820.59,1696740.59,806080.0,32.21,Noah Keller,Meridian Process Controls,AGC-00127,Meridian Process Controls,Meridian Process Controls,Frontier Holdings,Mexico,Meridian Process Controls,INV-2024-0013564,AGX-2024-014598-AGC-00127
2024-10-01,2024,10,October,Oct,Q4,352129.81,253412.24,98717.57,28.03,Theo Price,Helios Rotating Equipment,AGC-00060,Helios Rotating Equipment,Helios Rotating Equipment,Independent Entity,Japan,Helios Rotating Equipment,INV-2024-0012865,AGX-2024-013859-AGC-00060
2024-10-04,2024,10,October,Oct,Q4,43188.1,28530.5,14657.6,33.94,Mila Diaz,Northstar Refinery Services,AGC-00025,Northstar Refinery Services,Northstar Refinery Services,Independent Entity,Poland,Northstar Refinery Services,INV-2024-0012455,AGX-2024-013424-AGC-00025
2024-10-04,2024,10,October,Oct,Q4,228977.02,147607.98,81369.04,35.54,Eva Lewis,Cobalt Rotating Equipment,AGC-00097,Cobalt Rotating Equipment,Cobalt Rotating Equipment,BluePeak Holdings,Egypt,Cobalt Rotating Equipment,INV-2024-0013215,AGX-2024-014226-AGC-00097
2024-10-06,2024,10,October,Oct,Q4,318725.96,218193.01,100532.95,31.54,Noah Keller,Helios Industrial Maintenance,AGC-00057,Helios Industrial Maintenance,Helios Industrial Maintenance,NovaGrid Holdings,United Kingdom,Helios Industrial Maintenance,INV-2024-0012867,AGX-2024-013861-AGC-00057
2024-10-07,2024,10,October,Oct,Q4,181453.44,126532.44,54921.0,30.27,Camille Martin,Meridian Automation,AGC-00122,Meridian Automation,Meridian Automation,Noble Ridge Holdings,United States,Meridian Automation,INV-2024-0013640,AGX-2024-014681-AGC-00122
2024-10-08,2024,10,October,Oct,Q4,369801.6,249179.51,120622.09,32.62,Julian Howard,Northstar Petro Systems,AGC-00008,Northstar Petro Systems,Northstar Petro Systems,Vantage Holdings,Australia,Northstar Petro Systems,INV-2024-0013103,AGX-2024-014107-AGC-00008
2024-10-09,2024,10,October,Oct,Q4,376574.57,247777.88,128796.69,34.2,Avery Morgan,Meridian Technical Services,AGC-00146,Meridian Technical Services,Meridian Technical Services,Redwood Holdings,Brazil,Meridian Technical Services,INV-2024-0011917,AGX-2024-012848-AGC-00146
2024-10-11,2024,10,October,Oct,Q4,313441.23,217325.55,96115.68,30.66,Zara Grant,Meridian Process Solutions,AGC-00115,Meridian Process Solutions,Meridian Process Solutions,Independent Entity,Qatar,Meridian Process Solutions,INV-2024-0013634,AGX-2024-014675-AGC-00115
2024-10-14,2024,10,October,Oct,Q4,1859881.19,1191380.23,668500.96,35.94,Grace Perry,Northstar Resources,AGC-00021,Northstar Resources,Northstar Resources,TerraNova Holdings,South Africa,Northstar Resources,INV-2024-0012917,AGX-2024-013913-AGC-00021
2024-10-19,2024,10,October,Oct,Q4,2754898.78,1738157.54,1016741.24,36.91,Lina Sato,Northstar Rotating Equipment,AGC-00023,Northstar Rotating Equipment,Northstar Rotating Equipment,Falcon Holdings,United States,Northstar Rotating Equipment,INV-2024-0012231,AGX-2024-013192-AGC-00023
2024-10-19,2024,10,October,Oct,Q4,320420.15,229282.86,91137.29,28.44,Lina Sato,Helios Mechanical,AGC-00051,Helios Mechanical,Helios Mechanical,Summit Holdings,Thailand,Helios Mechanical,INV-2024-0013088,AGX-2024-014092-AGC-00051
2024-10-19,2024,10,October,Oct,Q4,373459.51,256462.3,116997.21,31.33,Mila Diaz,Helios Marine Services,AGC-00039,Helios Marine Services,Helios Marine Services,Cascade Holdings,Italy,Helios Marine Services,INV-2024-0013860,AGX-2024-014919-AGC-00039
2024-10-20,2024,10,October,Oct,Q4,642989.79,461918.99,181070.8,28.16,Noah Keller,Meridian Process Controls,AGC-00127,Meridian Process Controls,Meridian Process Controls,Frontier Holdings,Mexico,Meridian Process Controls,INV-2024-0012378,AGX-2024-013346-AGC-00127
2024-10-20,2024,10,October,Oct,Q4,309820.5,226404.57,83415.93,26.92,Lucas Hayes,Cobalt Controls,AGC-00103,Cobalt Controls,Cobalt Controls,Crescent Holdings,Vietnam,Cobalt Controls,INV-2024-0012744,AGX-2024-013731-AGC-00103
2024-10-26,2024,10,October,Oct,Q4,444195.59,305308.4,138887.19,31.27,Camille Martin,Helios Controls,AGC-00066,Helios Controls,Helios Controls,TerraNova Holdings,Colombia,Helios Controls,INV-2024-0012673,AGX-2024-013656-AGC-00066
2024-10-27,2024,10,October,Oct,Q4,3414595.29,2388630.82,1025964.47,30.05,Lucas Hayes,Cobalt Energy Systems,AGC-00075,Cobalt Energy Systems,Cobalt Energy Systems,Independent Entity,Canada,Cobalt Energy Systems,INV-2024-0012874,AGX-2024-013868-AGC-00075
2024-10-28,2024,10,October,Oct,Q4,1193314.85,756216.17,437098.68,36.63,Avery Morgan,Arcadia Energy Projects,AGC-00174,Arcadia Energy Projects,Arcadia Energy Projects,Cascade Holdings,Canada,Arcadia Energy Projects,INV-2024-0012515,AGX-2024-013489-AGC-00174
2024-10-29,2024,10,October,Oct,Q4,1218031.92,884493.48,333538.44,27.38,Leo Foster,Cobalt Petro Systems,AGC-00082,Cobalt Petro Systems,Cobalt Petro Systems,Frontier Holdings,Qatar,Cobalt Petro Systems,INV-2024-0012196,AGX-2024-013150-AGC-00082
2024-10-29,2024,10,October,Oct,Q4,838986.7,490920.21,348066.49,41.49,Noah Keller,Cobalt Refinery Services,AGC-00099,Cobalt Refinery Services,Cobalt Refinery Services,Sterling Holdings,Colombia,Cobalt Refinery Services,INV-2024-0013930,AGX-2024-014993-AGC-00099
2024-10-30,2024,10,October,Oct,Q4,352096.07,256354.29,95741.78,27.19,Mila Diaz,Meridian Utilities,AGC-00123,Meridian Utilities,Meridian Utilities,Pacific Crest Holdings,United Kingdom,Meridian Utilities,INV-2024-0012603,AGX-2024-013583-AGC-00123
2024-10-30,2024,10,October,Oct,Q4,935466.03,645678.48,289787.55,30.98,Eva Lewis,Helios Process Solutions,AGC-00041,Helios Process Solutions,Helios Process Solutions,Zenith Holdings,Australia,Helios Process Solutions,INV-2024-0013048,AGX-2024-014050-AGC-00041
2024-10-31,2024,10,October,Oct,Q4,136394.63,101375.78,35018.85,25.67,Eva Lewis,Northstar Marine Engineering,AGC-00027,Northstar Marine Engineering,Northstar Marine Engineering,Equinox Holdings,Japan,Northstar Marine Engineering,INV-2024-0013515,AGX-2024-014547-AGC-00027
2024-11-03,2024,11,November,Nov,Q4,39521.53,29112.64,10408.89,26.34,Camille Martin,Helios Energy Systems,AGC-00038,Helios Energy Systems,Helios Energy Systems,Trident Holdings,Argentina,Helios Energy Systems,INV-2024-0012632,AGX-2024-013613-AGC-00038
2024-11-04,2024,11,November,Nov,Q4,472171.82,338417.93,133753.89,28.33,Avery Morgan,Helios Automation,AGC-00048,Helios Automation,Helios Automation,Cobalt Holdings,Netherlands,Helios Automation,INV-2024-0013857,AGX-2024-014915-AGC-00048
2024-11-07,2024,11,November,Nov,Q4,360408.92,251085.45,109323.47,30.33,Lina Sato,Cobalt Compression,AGC-00093,Cobalt Compression,Cobalt Compression,Cobalt Holdings,Japan,Cobalt Compression,INV-2024-0013711,AGX-2024-014755-AGC-00093
2024-11-08,2024,11,November,Nov,Q4,1287578.47,956808.24,330770.23,25.69,Leo Foster,Cobalt Petro Systems,AGC-00082,Cobalt Petro Systems,Cobalt Petro Systems,Frontier Holdings,Qatar,Cobalt Petro Systems,INV-2024-0012044,AGX-2024-012983-AGC-00082
2024-11-09,2024,11,November,Nov,Q4,915804.08,590628.83,325175.25,35.51,Grace Perry,Cobalt Industrial Group,AGC-00077,Cobalt Industrial Group,Cobalt Industrial Group,Noble Ridge Holdings,United Arab Emirates,Cobalt Industrial Group,INV-2024-0011782,AGX-2024-012704-AGC-00077
2024-11-12,2024,11,November,Nov,Q4,259571.67,159065.55,100506.12,38.72,Lina Sato,Arcadia Energy Systems,AGC-00149,Arcadia Energy Systems,Arcadia Energy Systems,Ironwood Holdings,Singapore,Arcadia Energy Systems,INV-2024-0013850,AGX-2024-014907-AGC-00149
2024-11-14,2024,11,November,Nov,Q4,88129.63,64283.27,23846.36,27.06,Lina Sato,Northstar Marine Supply,AGC-00037,Northstar Marine Supply,Northstar Marine Supply,Frontier Holdings,Vietnam,Northstar Marine Supply,INV-2024-0012517,AGX-2024-013491-AGC-00037
2024-11-14,2024,11,November,Nov,Q4,595262.55,397374.05,197888.5,33.24,Lina Sato,Northstar Mining Services,AGC-00009,Northstar Mining Services,Northstar Mining Services,Sterling Holdings,Canada,Northstar Mining Services,INV-2024-0013557,AGX-2024-014591-AGC-00009
2024-11-15,2024,11,November,Nov,Q4,954621.74,609534.88,345086.86,36.15,Mila Diaz,Helios Process Controls,AGC-00053,Helios Process Controls,Helios Process Controls,Vantage Holdings,Spain,Helios Process Controls,INV-2024-0013780,AGX-2024-014831-AGC-00053
2024-11-16,2024,11,November,Nov,Q4,590704.3,442340.14,148364.16,25.12,Avery Morgan,Meridian Technical Services,AGC-00146,Meridian Technical Services,Meridian Technical Services,Redwood Holdings,Brazil,Meridian Technical Services,INV-2024-0012116,AGX-2024-013065-AGC-00146
2024-11-18,2024,11,November,Nov,Q4,497276.29,324785.86,172490.43,34.69,Zara Grant,Arcadia Mining Services,AGC-00157,Arcadia Mining Services,Arcadia Mining Services,Clearwater Holdings,Poland,Arcadia Mining Services,INV-2024-0013536,AGX-2024-014569-AGC-00157
2024-11-19,2024,11,November,Nov,Q4,612237.19,419013.23,193223.96,31.56,Lina Sato,Meridian Waterworks,AGC-00121,Meridian Waterworks,Meridian Waterworks,Silverline Holdings,Indonesia,Meridian Waterworks,INV-2024-0013539,AGX-2024-014572-AGC-00121
2024-11-23,2024,11,November,Nov,Q4,43524.35,30094.84,13429.51,30.86,Eva Lewis,Northstar Marine Engineering,AGC-00027,Northstar Marine Engineering,Northstar Marine Engineering,Equinox Holdings,Japan,Northstar Marine Engineering,INV-2024-0011882,AGX-2024-012811-AGC-00027
2024-11-24,2024,11,November,Nov,Q4,592131.53,415888.93,176242.6,29.76,Noah Keller,Helios Instrumentation,AGC-00071,Helios Instrumentation,Helios Instrumentation,Keystone Holdings,Argentina,Helios Instrumentation,INV-2024-0012558,AGX-2024-013533-AGC-00071
2024-11-25,2024,11,November,Nov,Q4,696804.77,472492.27,224312.5,32.19,Theo Price,Cobalt Mechanical,AGC-00088,Cobalt Mechanical,Cobalt Mechanical,Lighthouse Holdings,Indonesia,Cobalt Mechanical,INV-2024-0013625,AGX-2024-014664-AGC-00088
2024-11-29,2024,11,November,Nov,Q4,536228.32,347717.51,188510.81,35.15,Eva Lewis,Arcadia Compression,AGC-00167,Arcadia Compression,Arcadia Compression,Noble Ridge Holdings,Oman,Arcadia Compression,INV-2024-0012617,AGX-2024-013598-AGC-00167
2024-12-01,2024,12,December,Dec,Q4,298554.4,193979.37,104575.03,35.03,Priya Nguyen,Helios Compression,AGC-00056,Helios Compression,Helios Compression,Redwood Holdings,United States,Helios Compression,INV-2024-0013761,AGX-2024-014811-AGC-00056
2024-12-04,2024,12,December,Dec,Q4,180126.11,114764.43,65361.68,36.29,Avery Morgan,Cobalt Marine Services,AGC-00076,Cobalt Marine Services,Cobalt Marine Services,Silverline Holdings,France,Cobalt Marine Services,INV-2024-0011902,AGX-2024-012832-AGC-00076
2024-12-04,2024,12,December,Dec,Q4,36991.0,24001.54,12989.46,35.12,Priya Nguyen,Meridian Power Partners,AGC-00126,Meridian Power Partners,Meridian Power Partners,Monarch Holdings,Japan,Meridian Power Partners,INV-2024-0013416,AGX-2024-014440-AGC-00126
2024-12-11,2024,12,December,Dec,Q4,346291.69,223760.42,122531.27,35.38,Leo Foster,Cobalt Pipeline Services,AGC-00096,Cobalt Pipeline Services,Cobalt Pipeline Services,Summit Holdings,Saudi Arabia,Cobalt Pipeline Services,INV-2024-0012560,AGX-2024-013535-AGC-00096
2024-12-12,2024,12,December,Dec,Q4,165104.03,111355.66,53748.37,32.55,Leo Foster,Helios Industrial Group,AGC-00040,Helios Industrial Group,Helios Industrial Group,Independent Entity,Ghana,Helios Industrial Group,INV-2024-0012024,AGX-2024-012960-AGC-00040
2024-12-12,2024,12,December,Dec,Q4,1082690.89,729139.1,353551.79,32.65,Mila Diaz,Arcadia Mechanical Group,AGC-00179,Arcadia Mechanical Group,Arcadia Mechanical Group,Apex Holdings,Brazil,Arcadia Mechanical Group,INV-2024-0012550,AGX-2024-013525-AGC-00179
2024-12-14,2024,12,December,Dec,Q4,448470.5,298264.65,150205.85,33.49,Noah Keller,Helios Flow Technologies,AGC-00043,Helios Flow Technologies,Helios Flow Technologies,Lighthouse Holdings,France,Helios Flow Technologies,INV-2024-0013200,AGX-2024-014211-AGC-00043
2024-12-15,2024,12,December,Dec,Q4,494490.16,321756.83,172733.33,34.93,Eva Lewis,Meridian Production Services,AGC-00139,Meridian Production Services,Meridian Production Services,Meridian Holdings,Ghana,Meridian Production Services,INV-2024-0012430,AGX-2024-013399-AGC-00139
2024-12-16,2024,12,December,Dec,Q4,151761.93,103919.65,47842.28,31.52,Theo Price,Cobalt Mechanical,AGC-00088,Cobalt Mechanical,Cobalt Mechanical,Lighthouse Holdings,Indonesia,Cobalt Mechanical,INV-2024-0013720,AGX-2024-014764-AGC-00088
2024-12-17,2024,12,December,Dec,Q4,1111652.08,742186.18,369465.9,33.24,Lina Sato,Helios Production Services,AGC-00065,Helios Production Services,Helios Production Services,Independent Entity,India,Helios Production Services,INV-2024-0013475,AGX-2024-014506-AGC-00065
2024-12-24,2024,12,December,Dec,Q4,445651.25,305874.71,139776.54,31.36,Theo Price,Arcadia Waterworks,AGC-00158,Arcadia Waterworks,Arcadia Waterworks,Falcon Holdings,Nigeria,Arcadia Waterworks,INV-2024-0012926,AGX-2024-013922-AGC-00158
2024-12-29,2024,12,December,Dec,Q4,43261.4,28145.68,15115.72,34.94,Zara Grant,Cobalt Field Services,AGC-00087,Cobalt Field Services,Cobalt Field Services,Rivermark Holdings,South Africa,Cobalt Field Services,INV-2024-0011794,AGX-2024-012716-AGC-00087
2024-12-29,2024,12,December,Dec,Q4,117164.8,78187.92,38976.88,33.27,Eva Lewis,Cobalt Mining Services,AGC-00083,Cobalt Mining Services,Cobalt Mining Services,Trident Holdings,Singapore,Cobalt Mining Services,INV-2024-0012489,AGX-2024-013460-AGC-00083
2024-12-30,2024,12,December,Dec,Q4,167278.11,120083.93,47194.18,28.21,Grace Perry,Northstar Resources,AGC-00021,Northstar Resources,Northstar Resources,TerraNova Holdings,South Africa,Northstar Resources,INV-2024-0011953,AGX-2024-012887-AGC-00021
2024-12-31,2024,12,December,Dec,Q4,575534.7,323418.86,252115.84,43.81,Leo Foster,Helios Engineering,AGC-00054,Helios Engineering,Helios Engineering,Sterling Holdings,South Africa,Helios Engineering,INV-2024-0013839,AGX-2024-014896-AGC-00054
2025-01-01,2025,1,January,Jan,Q1,198049.16,134268.22,63780.94,32.2,Lucas Hayes,Helios Technical Supply,AGC-00061,Helios Technical Supply,Helios Technical Supply,Granite Holdings,Mexico,Helios Technical Supply,INV-2025-0012660,AGX-2024-013642-AGC-00061
2025-01-04,2025,1,January,Jan,Q1,1098935.7,782095.25,316840.45,28.83,Theo Price,Helios Mining Services,AGC-00046,Helios Mining Services,Helios Mining Services,Northstar Holdings,South Korea,Helios Mining Services,INV-2025-0012212,AGX-2024-013171-AGC-00046
2025-01-05,2025,1,January,Jan,Q1,1170015.95,765058.68,404957.27,34.61,Theo Price,Cobalt Production Services,AGC-00102,Cobalt Production Services,Cobalt Production Services,NovaGrid Holdings,Malaysia,Cobalt Production Services,INV-2025-0013713,AGX-2024-014757-AGC-00102
2025-01-07,2025,1,January,Jan,Q1,844397.29,568951.98,275445.31,32.62,Zara Grant,Northstar Engineering,AGC-00017,Northstar Engineering,Northstar Engineering,Harborline Holdings,Singapore,Northstar Engineering,INV-2025-0012910,AGX-2024-013906-AGC-00017
2025-01-07,2025,1,January,Jan,Q1,466587.95,331515.69,135072.26,28.95,Lina Sato,Arcadia Power Partners,AGC-00163,Arcadia Power Partners,Arcadia Power Partners,Westbridge Holdings,Egypt,Arcadia Power Partners,INV-2025-0013321,AGX-2024-014339-AGC-00163
2025-01-07,2025,1,January,Jan,Q1,777755.34,489676.83,288078.51,37.04,Leo Foster,Northstar Utilities,AGC-00012,Northstar Utilities,Northstar Utilities,NovaGrid Holdings,Kenya,Northstar Utilities,INV-2025-0013922,AGX-2024-014984-AGC-00012
2025-01-10,2025,1,January,Jan,Q1,275265.01,182903.87,92361.14,33.55,Avery Morgan,Arcadia Utilities,AGC-00160,Arcadia Utilities,Arcadia Utilities,Independent Entity,Mexico,Arcadia Utilities,INV-2025-0012027,AGX-2024-012964-AGC-00160
2025-01-12,2025,1,January,Jan,Q1,805380.59,554613.5,250767.09,31.14,Lina Sato,Cobalt Offshore Engineering,AGC-00079,Cobalt Offshore Engineering,Cobalt Offshore Engineering,Beacon Holdings,South Korea,Cobalt Offshore Engineering,INV-2025-0013018,AGX-2024-014019-AGC-00079
2025-01-13,2025,1,January,Jan,Q1,227609.87,157245.15,70364.72,30.91,Theo Price,Meridian Offshore Engineering,AGC-00116,Meridian Offshore Engineering,Meridian Offshore Engineering,Keystone Holdings,Singapore,Meridian Offshore Engineering,INV-2025-0012986,AGX-2024-013985-AGC-00116
2025-01-14,2025,1,January,Jan,Q1,1407876.75,898634.33,509242.42,36.17,Noah Keller,Northstar Controls,AGC-00029,Northstar Controls,Northstar Controls,DeltaWorks Holdings,Germany,Northstar Controls,INV-2025-0014169,AGX-2025-015246-AGC-00029
2025-01-15,2025,1,January,Jan,Q1,137760.44,79409.73,58350.71,42.36,Lucas Hayes,Meridian Industrial Maintenance,AGC-00131,Meridian Industrial Maintenance,Meridian Industrial Maintenance,Zenith Holdings,India,Meridian Industrial Maintenance,INV-2025-0013036,AGX-2024-014037-AGC-00131
2025-01-15,2025,1,January,Jan,Q1,224861.64,137063.69,87797.95,39.05,Avery Morgan,Cobalt Marine Services,AGC-00076,Cobalt Marine Services,Cobalt Marine Services,Silverline Holdings,France,Cobalt Marine Services,INV-2025-0015819,AGX-2025-017010-AGC-00076
2025-01-16,2025,1,January,Jan,Q1,887437.93,562445.59,324992.34,36.62,Avery Morgan,Cobalt Process Controls,AGC-00090,Cobalt Process Controls,Cobalt Process Controls,Independent Entity,United Kingdom,Cobalt Process Controls,INV-2025-0012467,AGX-2024-013436-AGC-00090
2025-01-17,2025,1,January,Jan,Q1,1550784.02,1046326.94,504457.08,32.53,Theo Price,Meridian Compression,AGC-00130,Meridian Compression,Meridian Compression,Independent Entity,Egypt,Meridian Compression,INV-2025-0012445,AGX-2024-013414-AGC-00130
2025-01-22,2025,1,January,Jan,Q1,243229.1,163486.96,79742.14,32.78,Camille Martin,Northstar Waterworks,AGC-00010,Northstar Waterworks,Northstar Waterworks,Independent Entity,France,Northstar Waterworks,INV-2025-0012847,AGX-2024-013840-AGC-00010
2025-01-24,2025,1,January,Jan,Q1,381960.85,253391.12,128569.73,33.66,Noah Keller,Helios Industrial Maintenance,AGC-00057,Helios Industrial Maintenance,Helios Industrial Maintenance,NovaGrid Holdings,United Kingdom,Helios Industrial Maintenance,INV-2025-0015424,AGX-2025-016592-AGC-00057
2025-01-29,2025,1,January,Jan,Q1,146329.68,87122.15,59207.53,40.46,Avery Morgan,Meridian Infrastructure,AGC-00118,Meridian Infrastructure,Meridian Infrastructure,Westbridge Holdings,Chile,Meridian Infrastructure,INV-2025-0014888,AGX-2025-016017-AGC-00118
2025-01-31,2025,1,January,Jan,Q1,267355.46,171059.93,96295.53,36.02,Camille Martin,Northstar Technical Supply,AGC-00024,Northstar Technical Supply,Northstar Technical Supply,Sierra Holdings,United Kingdom,Northstar Technical Supply,INV-2025-0012697,AGX-2024-013681-AGC-00024
2025-02-02,2025,2,February,Feb,Q1,924784.49,598081.95,326702.54,35.33,Grace Perry,Meridian Petro Systems,AGC-00119,Meridian Petro Systems,Meridian Petro Systems,DeltaWorks Holdings,Spain,Meridian Petro Systems,INV-2025-0012384,AGX-2024-013352-AGC-00119
2025-02-04,2025,2,February,Feb,Q1,334026.87,216099.23,117927.64,35.3,Camille Martin,Cobalt Industrial Maintenance,AGC-00094,Cobalt Industrial Maintenance,Cobalt Industrial Maintenance,Meridian Holdings,Mexico,Cobalt Industrial Maintenance,INV-2025-0011909,AGX-2024-012839-AGC-00094
2025-02-04,2025,2,February,Feb,Q1,4458111.33,2972582.24,1485529.09,33.32,Lina Sato,Helios Production Services,AGC-00065,Helios Production Services,Helios Production Services,Independent Entity,India,Helios Production Services,INV-2025-0015138,AGX-2025-016283-AGC-00065
2025-02-08,2025,2,February,Feb,Q1,69802.06,48136.86,21665.2,31.04,Adrian Walker,Arcadia Petro Systems,AGC-00156,Arcadia Petro Systems,Arcadia Petro Systems,TerraNova Holdings,United Kingdom,Arcadia Petro Systems,INV-2025-0012224,AGX-2024-013183-AGC-00156
2025-02-09,2025,2,February,Feb,Q1,4661.27,2856.03,1805.24,38.73,Grace Perry,Helios Energy Projects,AGC-00063,Helios Energy Projects,Helios Energy Projects,Vertex Holdings,Saudi Arabia,Helios Energy Projects,INV-2025-0012631,AGX-2024-013612-AGC-00063
2025-02-14,2025,2,February,Feb,Q1,1032638.66,696673.34,335965.32,32.53,Theo Price,Meridian Flow Systems,AGC-00144,Meridian Flow Systems,Meridian Flow Systems,Sterling Holdings,Kenya,Meridian Flow Systems,INV-2025-0012711,AGX-2024-013697-AGC-00144
2025-02-15,2025,2,February,Feb,Q1,668329.47,427320.36,241009.11,36.06,Noah Keller,Northstar Energy Systems,AGC-00001,Northstar Energy Systems,Northstar Energy Systems,Northstar Holdings,Norway,Northstar Energy Systems,INV-2025-0015375,AGX-2025-016541-AGC-00001
2025-02-16,2025,2,February,Feb,Q1,939488.21,621611.57,317876.64,33.84,Theo Price,Helios Marine Supply,AGC-00074,Helios Marine Supply,Helios Marine Supply,DeltaWorks Holdings,Australia,Helios Marine Supply,INV-2025-0012240,AGX-2024-013202-AGC-00074
2025-02-17,2025,2,February,Feb,Q1,427396.5,298316.17,129080.33,30.2,Noah Keller,Cobalt Refinery Services,AGC-00099,Cobalt Refinery Services,Cobalt Refinery Services,Sterling Holdings,Colombia,Cobalt Refinery Services,INV-2025-0015590,AGX-2025-016764-AGC-00099
2025-02-17,2025,2,February,Feb,Q1,59605.95,39599.09,20006.86,33.57,Priya Nguyen,Meridian Controls,AGC-00140,Meridian Controls,Meridian Controls,Independent Entity,Australia,Meridian Controls,INV-2025-0016137,AGX-2025-017358-AGC-00140
2025-02-19,2025,2,February,Feb,Q1,769663.73,500875.98,268787.75,34.92,Avery Morgan,Northstar Instrumentation,AGC-00034,Northstar Instrumentation,Northstar Instrumentation,Beacon Holdings,Norway,Northstar Instrumentation,INV-2025-0015210,AGX-2025-016362-AGC-00034
2025-02-23,2025,2,February,Feb,Q1,1011817.07,725173.75,286643.32,28.33,Leo Foster,Cobalt Petro Systems,AGC-00082,Cobalt Petro Systems,Cobalt Petro Systems,Frontier Holdings,Qatar,Cobalt Petro Systems,INV-2025-0014353,AGX-2025-015442-AGC-00082
2025-02-27,2025,2,February,Feb,Q1,2194.13,1527.8,666.33,30.37,Adrian Walker,Helios Resources,AGC-00058,Helios Resources,Helios Resources,Crescent Holdings,Poland,Helios Resources,INV-2025-0016097,AGX-2025-017314-AGC-00058
2025-03-05,2025,3,March,Mar,Q1,540213.46,365379.78,174833.68,32.36,Theo Price,Meridian Offshore Engineering,AGC-00116,Meridian Offshore Engineering,Meridian Offshore Engineering,Keystone Holdings,Singapore,Meridian Offshore Engineering,INV-2025-0015045,AGX-2025-016188-AGC-00116
2025-03-05,2025,3,March,Mar,Q1,986388.1,668808.66,317579.44,32.2,Leo Foster,Helios Industrial Group,AGC-00040,Helios Industrial Group,Helios Industrial Group,Independent Entity,Ghana,Helios Industrial Group,INV-2025-0015382,AGX-2025-016548-AGC-00040
2025-03-06,2025,3,March,Mar,Q1,344862.83,237508.8,107354.03,31.13,Mila Diaz,Meridian Energy Projects,AGC-00137,Meridian Energy Projects,Meridian Energy Projects,Helios Holdings,Argentina,Meridian Energy Projects,INV-2025-0016293,AGX-2025-017524-AGC-00137
2025-03-10,2025,3,March,Mar,Q1,1117513.89,791752.26,325761.63,29.15,Adrian Walker,Cobalt Utilities,AGC-00086,Cobalt Utilities,Cobalt Utilities,Zenith Holdings,Spain,Cobalt Utilities,INV-2025-0011958,AGX-2024-012893-AGC-00086
2025-03-10,2025,3,March,Mar,Q1,15376.11,10826.26,4549.85,29.59,Camille Martin,Helios Controls,AGC-00066,Helios Controls,Helios Controls,TerraNova Holdings,Colombia,Helios Controls,INV-2025-0014179,AGX-2025-015256-AGC-00066
2025-03-12,2025,3,March,Mar,Q1,296536.64,183769.11,112767.53,38.03,Adrian Walker,Northstar Offshore Systems,AGC-00030,Northstar Offshore Systems,Northstar Offshore Systems,Independent Entity,Saudi Arabia,Northstar Offshore Systems,INV-2025-0014882,AGX-2025-016011-AGC-00030
2025-03-14,2025,3,March,Mar,Q1,4165101.85,2576743.3,1588358.55,38.13,Julian Howard,Northstar Industrial Solutions,AGC-00036,Northstar Industrial Solutions,Northstar Industrial Solutions,Monarch Holdings,Malaysia,Northstar Industrial Solutions,INV-2025-0014147,AGX-2025-015224-AGC-00036
2025-03-14,2025,3,March,Mar,Q1,3139326.51,2290422.15,848904.36,27.04,Eva Lewis,Helios Drilling Solutions,AGC-00055,Helios Drilling Solutions,Helios Drilling Solutions,Independent Entity,Indonesia,Helios Drilling Solutions,INV-2025-0014364,AGX-2025-015453-AGC-00055
2025-03-16,2025,3,March,Mar,Q1,505028.59,362712.08,142316.51,28.18,Adrian Walker,Cobalt Energy Projects,AGC-00100,Cobalt Energy Projects,Cobalt Energy Projects,Independent Entity,Norway,Cobalt Energy Projects,INV-2025-0014812,AGX-2025-015933-AGC-00100
2025-03-17,2025,3,March,Mar,Q1,824467.57,495729.9,328737.67,39.87,Avery Morgan,Cobalt Offshore Systems,AGC-00104,Cobalt Offshore Systems,Cobalt Offshore Systems,Ironwood Holdings,Argentina,Cobalt Offshore Systems,INV-2025-0015494,AGX-2025-016665-AGC-00104
2025-03-19,2025,3,March,Mar,Q1,238744.44,160342.74,78401.7,32.84,Zara Grant,Cobalt Marine Engineering,AGC-00101,Cobalt Marine Engineering,Cobalt Marine Engineering,Redwood Holdings,Oman,Cobalt Marine Engineering,INV-2025-0014434,AGX-2025-015527-AGC-00101
2025-03-21,2025,3,March,Mar,Q1,119249.1,80060.23,39188.87,32.86,Zara Grant,Northstar Industrial Group,AGC-00003,Northstar Industrial Group,Northstar Industrial Group,Cobalt Holdings,Malaysia,Northstar Industrial Group,INV-2025-0013974,AGX-2025-015037-AGC-00003
2025-03-21,2025,3,March,Mar,Q1,180397.41,106747.3,73650.11,40.83,Zara Grant,Helios Petro Systems,AGC-00045,Helios Petro Systems,Helios Petro Systems,Independent Entity,Kenya,Helios Petro Systems,INV-2025-0015205,AGX-2025-016357-AGC-00045
2025-03-27,2025,3,March,Mar,Q1,580670.32,390716.77,189953.55,32.71,Avery Morgan,Northstar Flow Technologies,AGC-00006,Northstar Flow Technologies,Northstar Flow Technologies,Summit Holdings,Italy,Northstar Flow Technologies,INV-2025-0014618,AGX-2025-015721-AGC-00006
2025-03-27,2025,3,March,Mar,Q1,3360577.84,1988171.39,1372406.45,40.84,Adrian Walker,Northstar Process Controls,AGC-00016,Northstar Process Controls,Northstar Process Controls,Granite Holdings,Qatar,Northstar Process Controls,INV-2025-0016124,AGX-2025-017343-AGC-00016
2025-03-29,2025,3,March,Mar,Q1,462470.41,295504.66,166965.75,36.1,Noah Keller,Arcadia Infrastructure,AGC-00155,Arcadia Infrastructure,Arcadia Infrastructure,Independent Entity,United States,Arcadia Infrastructure,INV-2025-0015398,AGX-2025-016566-AGC-00155
2025-03-30,2025,3,March,Mar,Q1,3662189.98,2457951.44,1204238.54,32.88,Mila Diaz,Northstar Refinery Services,AGC-00025,Northstar Refinery Services,Northstar Refinery Services,Independent Entity,Poland,Northstar Refinery Services,INV-2025-0015938,AGX-2025-017143-AGC-00025
2025-03-31,2025,3,March,Mar,Q1,330642.38,242511.52,88130.86,26.65,Avery Morgan,Meridian Resources,AGC-00132,Meridian Resources,Meridian Resources,Rivermark Holdings,Colombia,Meridian Resources,INV-2025-0014869,AGX-2025-015998-AGC-00132
2025-04-01,2025,4,April,Apr,Q2,26979.39,19447.72,7531.67,27.92,Grace Perry,Meridian Petro Systems,AGC-00119,Meridian Petro Systems,Meridian Petro Systems,DeltaWorks Holdings,Spain,Meridian Petro Systems,INV-2025-0015662,AGX-2025-016839-AGC-00119
2025-04-02,2025,4,April,Apr,Q2,119476.47,83610.54,35865.93,30.02,Theo Price,Northstar Industrial Services,AGC-00032,Northstar Industrial Services,Northstar Industrial Services,Noble Ridge Holdings,India,Northstar Industrial Services,INV-2025-0014290,AGX-2025-015373-AGC-00032
2025-04-08,2025,4,April,Apr,Q2,58679.32,37874.26,20805.06,35.46,Adrian Walker,Helios Resources,AGC-00058,Helios Resources,Helios Resources,Crescent Holdings,Poland,Helios Resources,INV-2025-0014452,AGX-2025-015546-AGC-00058
2025-04-09,2025,4,April,Apr,Q2,207149.81,126550.05,80599.76,38.91,Mila Diaz,Cobalt Technical Services,AGC-00109,Cobalt Technical Services,Cobalt Technical Services,Pioneer Holdings,France,Cobalt Technical Services,INV-2025-0016182,AGX-2025-017405-AGC-00109
2025-04-11,2025,4,April,Apr,Q2,65646.15,42013.45,23632.7,36.0,Julian Howard,Northstar Pipeline Services,AGC-00022,Northstar Pipeline Services,Northstar Pipeline Services,Clearwater Holdings,Indonesia,Northstar Pipeline Services,INV-2025-0016050,AGX-2025-017264-AGC-00022
2025-04-13,2025,4,April,Apr,Q2,1464171.98,948654.82,515517.16,35.21,Lina Sato,Northstar Rotating Equipment,AGC-00023,Northstar Rotating Equipment,Northstar Rotating Equipment,Falcon Holdings,United States,Northstar Rotating Equipment,INV-2025-0014019,AGX-2025-015085-AGC-00023
2025-04-16,2025,4,April,Apr,Q2,1619541.01,1078993.14,540547.87,33.38,Lucas Hayes,Helios Waterworks,AGC-00047,Helios Waterworks,Helios Waterworks,Helios Holdings,Brazil,Helios Waterworks,INV-2025-0014230,AGX-2025-015312-AGC-00047
2025-04-16,2025,4,April,Apr,Q2,223625.81,142507.08,81118.73,36.27,Eva Lewis,Meridian Mechanical,AGC-00125,Meridian Mechanical,Meridian Mechanical,Independent Entity,Nigeria,Meridian Mechanical,INV-2025-0015159,AGX-2025-016308-AGC-00125
2025-04-18,2025,4,April,Apr,Q2,52924.38,36372.51,16551.87,31.27,Theo Price,Meridian Flow Systems,AGC-00144,Meridian Flow Systems,Meridian Flow Systems,Sterling Holdings,Kenya,Meridian Flow Systems,INV-2025-0015256,AGX-2025-016412-AGC-00144
2025-04-20,2025,4,April,Apr,Q2,402475.91,269876.19,132599.72,32.95,Eva Lewis,Arcadia Compression,AGC-00167,Arcadia Compression,Arcadia Compression,Noble Ridge Holdings,Oman,Arcadia Compression,INV-2025-0014965,AGX-2025-016104-AGC-00167
2025-04-24,2025,4,April,Apr,Q2,62595.9,40033.91,22561.99,36.04,Noah Keller,Meridian Process Controls,AGC-00127,Meridian Process Controls,Meridian Process Controls,Frontier Holdings,Mexico,Meridian Process Controls,INV-2025-0014429,AGX-2025-015522-AGC-00127
2025-04-27,2025,4,April,Apr,Q2,286174.68,186752.19,99422.49,34.74,Leo Foster,Arcadia Drilling Solutions,AGC-00166,Arcadia Drilling Solutions,Arcadia Drilling Solutions,Silverline Holdings,Norway,Arcadia Drilling Solutions,INV-2025-0015122,AGX-2025-016266-AGC-00166
2025-04-27,2025,4,April,Apr,Q2,261596.03,161228.21,100367.82,38.37,Lucas Hayes,Northstar Compression,AGC-00019,Northstar Compression,Northstar Compression,Pioneer Holdings,Chile,Northstar Compression,INV-2025-0015661,AGX-2025-016838-AGC-00019
2025-04-28,2025,4,April,Apr,Q2,959268.27,614887.45,344380.82,35.9,Eva Lewis,Helios Industrial Services,AGC-00069,Helios Industrial Services,Helios Industrial Services,Sierra Holdings,Malaysia,Helios Industrial Services,INV-2025-0015875,AGX-2025-017076-AGC-00069
2025-04-29,2025,4,April,Apr,Q2,2001580.6,1308110.84,693469.76,34.65,Eva Lewis,Arcadia Compression,AGC-00167,Arcadia Compression,Arcadia Compression,Noble Ridge Holdings,Oman,Arcadia Compression,INV-2025-0015232,AGX-2025-016386-AGC-00167
2025-05-03,2025,5,May,May,Q2,683981.27,471208.31,212772.96,31.11,Mila Diaz,Arcadia Industrial Group,AGC-00151,Arcadia Industrial Group,Arcadia Industrial Group,Granite Holdings,Chile,Arcadia Industrial Group,INV-2025-0015248,AGX-2025-016404-AGC-00151
2025-05-04,2025,5,May,May,Q2,1009437.47,735245.55,274191.92,27.16,Leo Foster,Northstar Utilities,AGC-00012,Northstar Utilities,Northstar Utilities,NovaGrid Holdings,Kenya,Northstar Utilities,INV-2025-0014039,AGX-2025-015106-AGC-00012
2025-05-04,2025,5,May,May,Q2,259049.71,168203.19,90846.52,35.07,Priya Nguyen,Arcadia Industrial Maintenance,AGC-00168,Arcadia Industrial Maintenance,Arcadia Industrial Maintenance,Pacific Crest Holdings,Malaysia,Arcadia Industrial Maintenance,INV-2025-0015259,AGX-2025-016415-AGC-00168
2025-05-05,2025,5,May,May,Q2,918673.18,643226.23,275446.95,29.98,Mila Diaz,Helios Marine Services,AGC-00039,Helios Marine Services,Helios Marine Services,Cascade Holdings,Italy,Helios Marine Services,INV-2025-0014229,AGX-2025-015311-AGC-00039
2025-05-05,2025,5,May,May,Q2,778576.82,546590.18,231986.64,29.8,Camille Martin,Cobalt Industrial Maintenance,AGC-00094,Cobalt Industrial Maintenance,Cobalt Industrial Maintenance,Meridian Holdings,Mexico,Cobalt Industrial Maintenance,INV-2025-0014373,AGX-2025-015463-AGC-00094
2025-05-07,2025,5,May,May,Q2,275214.62,177370.06,97844.56,35.55,Priya Nguyen,Helios Flow Systems,AGC-00070,Helios Flow Systems,Helios Flow Systems,Independent Entity,Vietnam,Helios Flow Systems,INV-2025-0016087,AGX-2025-017303-AGC-00070
2025-05-09,2025,5,May,May,Q2,510255.93,323435.8,186820.13,36.61,Mila Diaz,Helios Offshore Systems,AGC-00067,Helios Offshore Systems,Helios Offshore Systems,Clearwater Holdings,Norway,Helios Offshore Systems,INV-2025-0014941,AGX-2025-016074-AGC-00067
2025-05-14,2025,5,May,May,Q2,15951.04,9637.58,6313.46,39.58,Lucas Hayes,Meridian Flow Technologies,AGC-00117,Meridian Flow Technologies,Meridian Flow Technologies,Equinox Holdings,Thailand,Meridian Flow Technologies,INV-2025-0014233,AGX-2025-015315-AGC-00117
2025-05-16,2025,5,May,May,Q2,379464.46,248472.71,130991.75,34.52,Lina Sato,Cobalt Offshore Engineering,AGC-00079,Cobalt Offshore Engineering,Cobalt Offshore Engineering,Beacon Holdings,South Korea,Cobalt Offshore Engineering,INV-2025-0014357,AGX-2025-015446-AGC-00079
2025-05-17,2025,5,May,May,Q2,1008006.08,723271.82,284734.26,28.25,Theo Price,Meridian Compression,AGC-00130,Meridian Compression,Meridian Compression,Independent Entity,Egypt,Meridian Compression,INV-2025-0015243,AGX-2025-016398-AGC-00130
2025-05-17,2025,5,May,May,Q2,338985.94,231498.99,107486.95,31.71,Avery Morgan,Meridian Technical Services,AGC-00146,Meridian Technical Services,Meridian Technical Services,Redwood Holdings,Brazil,Meridian Technical Services,INV-2025-0015971,AGX-2025-017178-AGC-00146
2025-05-18,2025,5,May,May,Q2,660086.28,442917.66,217168.62,32.9,Theo Price,Cobalt Production Services,AGC-00102,Cobalt Production Services,Cobalt Production Services,NovaGrid Holdings,Malaysia,Cobalt Production Services,INV-2025-0014370,AGX-2025-015459-AGC-00102
2025-05-19,2025,5,May,May,Q2,129002.69,91083.26,37919.43,29.39,Priya Nguyen,Meridian Power Partners,AGC-00126,Meridian Power Partners,Meridian Power Partners,Monarch Holdings,Japan,Meridian Power Partners,INV-2025-0014416,AGX-2025-015509-AGC-00126
2025-05-21,2025,5,May,May,Q2,280318.22,186876.21,93442.01,33.33,Leo Foster,Arcadia Industrial Services,AGC-00180,Arcadia Industrial Services,Arcadia Industrial Services,Independent Entity,Netherlands,Arcadia Industrial Services,INV-2025-0014210,AGX-2025-015288-AGC-00180
2025-05-22,2025,5,May,May,Q2,2219010.66,1375961.52,843049.14,37.99,Adrian Walker,Meridian Industrial Group,AGC-00114,Meridian Industrial Group,Meridian Industrial Group,Sierra Holdings,Netherlands,Meridian Industrial Group,INV-2025-0014148,AGX-2025-015225-AGC-00114
2025-05-28,2025,5,May,May,Q2,1332308.91,953378.54,378930.37,28.44,Zara Grant,Helios Industrial Solutions,AGC-00073,Helios Industrial Solutions,Helios Industrial Solutions,Westbridge Holdings,Ghana,Helios Industrial Solutions,INV-2025-0015090,AGX-2025-016234-AGC-00073
2025-06-06,2025,6,June,Jun,Q2,51753.46,33629.82,18123.64,35.02,Grace Perry,Northstar Infrastructure,AGC-00007,Northstar Infrastructure,Northstar Infrastructure,BluePeak Holdings,Ghana,Northstar Infrastructure,INV-2025-0014577,AGX-2025-015679-AGC-00007
2025-06-06,2025,6,June,Jun,Q2,839766.83,558119.16,281647.67,33.54,Theo Price,Helios Marine Supply,AGC-00074,Helios Marine Supply,Helios Marine Supply,DeltaWorks Holdings,Australia,Helios Marine Supply,INV-2025-0015705,AGX-2025-016886-AGC-00074
2025-06-09,2025,6,June,Jun,Q2,940589.18,674614.28,265974.9,28.28,Julian Howard,Cobalt Drilling Solutions,AGC-00092,Cobalt Drilling Solutions,Cobalt Drilling Solutions,Helios Holdings,Nigeria,Cobalt Drilling Solutions,INV-2025-0014448,AGX-2025-015542-AGC-00092
2025-06-11,2025,6,June,Jun,Q2,93660.13,58186.45,35473.68,37.87,Zara Grant,Arcadia Mining Services,AGC-00157,Arcadia Mining Services,Arcadia Mining Services,Clearwater Holdings,Poland,Arcadia Mining Services,INV-2025-0015761,AGX-2025-016946-AGC-00157
2025-06-11,2025,6,June,Jun,Q2,771483.82,485895.74,285588.08,37.02,Adrian Walker,Helios Technical Services,AGC-00072,Helios Technical Services,Helios Technical Services,Equinox Holdings,Italy,Helios Technical Services,INV-2025-0016100,AGX-2025-017317-AGC-00072
2025-06-14,2025,6,June,Jun,Q2,330355.84,236327.0,94028.84,28.46,Avery Morgan,Arcadia Energy Projects,AGC-00174,Arcadia Energy Projects,Arcadia Energy Projects,Cascade Holdings,Canada,Arcadia Energy Projects,INV-2025-0015849,AGX-2025-017048-AGC-00174
2025-06-15,2025,6,June,Jun,Q2,1717200.61,1140830.53,576370.08,33.56,Lina Sato,Cobalt Flow Systems,AGC-00107,Cobalt Flow Systems,Cobalt Flow Systems,Harborline Holdings,Australia,Cobalt Flow Systems,INV-2025-0014402,AGX-2025-015493-AGC-00107
2025-06-15,2025,6,June,Jun,Q2,422416.73,282344.8,140071.93,33.16,Camille Martin,Arcadia Process Controls,AGC-00164,Arcadia Process Controls,Arcadia Process Controls,DeltaWorks Holdings,India,Arcadia Process Controls,INV-2025-0014726,AGX-2025-015839-AGC-00164
2025-06-17,2025,6,June,Jun,Q2,119032.25,76913.11,42119.14,35.38,Camille Martin,Cobalt Flow Technologies,AGC-00080,Cobalt Flow Technologies,Cobalt Flow Technologies,Independent Entity,Brazil,Cobalt Flow Technologies,INV-2025-0015677,AGX-2025-016854-AGC-00080
2025-06-18,2025,6,June,Jun,Q2,222238.82,163949.45,58289.37,26.23,Julian Howard,Helios Marine Engineering,AGC-00064,Helios Marine Engineering,Helios Marine Engineering,Pioneer Holdings,Egypt,Helios Marine Engineering,INV-2025-0014081,AGX-2025-015154-AGC-00064
2025-06-19,2025,6,June,Jun,Q2,216728.33,148314.31,68414.02,31.57,Grace Perry,Cobalt Engineering,AGC-00091,Cobalt Engineering,Cobalt Engineering,Northstar Holdings,Poland,Cobalt Engineering,INV-2025-0014762,AGX-2025-015878-AGC-00091
2025-06-19,2025,6,June,Jun,Q2,227718.57,132663.99,95054.58,41.74,Priya Nguyen,Cobalt Technical Supply,AGC-00098,Cobalt Technical Supply,Cobalt Technical Supply,Vantage Holdings,India,Cobalt Technical Supply,INV-2025-0015075,AGX-2025-016218-AGC-00098
2025-06-20,2025,6,June,Jun,Q2,510350.71,324760.49,185590.22,36.37,Noah Keller,Helios Flow Technologies,AGC-00043,Helios Flow Technologies,Helios Flow Technologies,Lighthouse Holdings,France,Helios Flow Technologies,INV-2025-0015084,AGX-2025-016228-AGC-00043
2025-06-21,2025,6,June,Jun,Q2,224898.23,160459.42,64438.81,28.65,Eva Lewis,Helios Process Solutions,AGC-00041,Helios Process Solutions,Helios Process Solutions,Zenith Holdings,Australia,Helios Process Solutions,INV-2025-0014922,AGX-2025-016055-AGC-00041
2025-06-24,2025,6,June,Jun,Q2,6968.96,4352.22,2616.74,37.55,Lina Sato,Meridian Waterworks,AGC-00121,Meridian Waterworks,Meridian Waterworks,Silverline Holdings,Indonesia,Meridian Waterworks,INV-2025-0015062,AGX-2025-016205-AGC-00121
2025-06-24,2025,6,June,Jun,Q2,416249.87,271400.59,144849.28,34.8,Theo Price,Helios Mining Services,AGC-00046,Helios Mining Services,Helios Mining Services,Northstar Holdings,South Korea,Helios Mining Services,INV-2025-0016237,AGX-2025-017461-AGC-00046
2025-06-25,2025,6,June,Jun,Q2,813939.11,578413.97,235525.14,28.94,Zara Grant,Northstar Mechanical Group,AGC-00031,Northstar Mechanical Group,Northstar Mechanical Group,Silverline Holdings,Egypt,Northstar Mechanical Group,INV-2025-0014715,AGX-2025-015826-AGC-00031
2025-06-25,2025,6,June,Jun,Q2,6573564.19,4382065.99,2191498.2,33.34,Eva Lewis,Cobalt Marine Supply,AGC-00111,Cobalt Marine Supply,Cobalt Marine Supply,TerraNova Holdings,Kenya,Cobalt Marine Supply,INV-2025-0015679,AGX-2025-016856-AGC-00111
2025-06-27,2025,6,June,Jun,Q2,7830.76,5366.3,2464.46,31.47,Adrian Walker,Helios Infrastructure,AGC-00044,Helios Infrastructure,Helios Infrastructure,Apex Holdings,United Arab Emirates,Helios Infrastructure,INV-2025-0015889,AGX-2025-017090-AGC-00044
2025-07-01,2025,7,July,Jul,Q3,1511714.66,1054964.79,456749.87,30.21,Leo Foster,Helios Engineering,AGC-00054,Helios Engineering,Helios Engineering,Sterling Holdings,South Africa,Helios Engineering,INV-2025-0014420,AGX-2025-015513-AGC-00054
2025-07-02,2025,7,July,Jul,Q3,178482.42,113439.5,65042.92,36.44,Priya Nguyen,Meridian Energy Systems,AGC-00112,Meridian Energy Systems,Meridian Energy Systems,Clearwater Holdings,South Korea,Meridian Energy Systems,INV-2025-0015464,AGX-2025-016635-AGC-00112
2025-07-03,2025,7,July,Jul,Q3,4339963.3,3118719.83,1221243.47,28.14,Leo Foster,Meridian Marine Engineering,AGC-00138,Meridian Marine Engineering,Meridian Marine Engineering,Cobalt Holdings,Italy,Meridian Marine Engineering,INV-2025-0015436,AGX-2025-016605-AGC-00138
2025-07-04,2025,7,July,Jul,Q3,1053556.86,738782.12,314774.74,29.88,Eva Lewis,Helios Drilling Solutions,AGC-00055,Helios Drilling Solutions,Helios Drilling Solutions,Independent Entity,Indonesia,Helios Drilling Solutions,INV-2025-0015895,AGX-2025-017096-AGC-00055
2025-07-04,2025,7,July,Jul,Q3,293236.78,208958.29,84278.49,28.74,Leo Foster,Northstar Energy Projects,AGC-00026,Northstar Energy Projects,Northstar Energy Projects,Keystone Holdings,Nigeria,Northstar Energy Projects,INV-2025-0016067,AGX-2025-017282-AGC-00026
2025-07-04,2025,7,July,Jul,Q3,101179.01,69204.92,31974.09,31.6,Grace Perry,Cobalt Mechanical Group,AGC-00105,Cobalt Mechanical Group,Cobalt Mechanical Group,Independent Entity,Italy,Cobalt Mechanical Group,INV-2025-0016246,AGX-2025-017473-AGC-00105
2025-07-06,2025,7,July,Jul,Q3,468575.56,317346.48,151229.08,32.27,Grace Perry,Northstar Resources,AGC-00021,Northstar Resources,Northstar Resources,TerraNova Holdings,South Africa,Northstar Resources,INV-2025-0014203,AGX-2025-015281-AGC-00021
2025-07-07,2025,7,July,Jul,Q3,2059004.03,1281286.09,777717.94,37.77,Lina Sato,Helios Production Services,AGC-00065,Helios Production Services,Helios Production Services,Independent Entity,India,Helios Production Services,INV-2025-0014666,AGX-2025-015774-AGC-00065
2025-07-10,2025,7,July,Jul,Q3,1042758.31,721094.1,321664.21,30.85,Julian Howard,Cobalt Industrial Services,AGC-00106,Cobalt Industrial Services,Cobalt Industrial Services,Granite Holdings,Ghana,Cobalt Industrial Services,INV-2025-0014693,AGX-2025-015803-AGC-00106
2025-07-11,2025,7,July,Jul,Q3,130668.77,92741.36,37927.41,29.03,Grace Perry,Arcadia Marine Engineering,AGC-00175,Arcadia Marine Engineering,Arcadia Marine Engineering,Independent Entity,France,Arcadia Marine Engineering,INV-2025-0014306,AGX-2025-015390-AGC-00175
2025-07-11,2025,7,July,Jul,Q3,829678.6,533474.46,296204.14,35.7,Theo Price,Arcadia Technical Supply,AGC-00172,Arcadia Technical Supply,Arcadia Technical Supply,Frontier Holdings,Ghana,Arcadia Technical Supply,INV-2025-0015089,AGX-2025-016233-AGC-00172
2025-07-12,2025,7,July,Jul,Q3,2216179.86,1483322.86,732857.0,33.07,Julian Howard,Cobalt Drilling Solutions,AGC-00092,Cobalt Drilling Solutions,Cobalt Drilling Solutions,Helios Holdings,Nigeria,Cobalt Drilling Solutions,INV-2025-0015031,AGX-2025-016171-AGC-00092
2025-07-14,2025,7,July,Jul,Q3,318674.83,206818.09,111856.74,35.1,Grace Perry,Northstar Resources,AGC-00021,Northstar Resources,Northstar Resources,TerraNova Holdings,South Africa,Northstar Resources,INV-2025-0014248,AGX-2025-015330-AGC-00021
2025-07-16,2025,7,July,Jul,Q3,509881.51,352859.14,157022.37,30.8,Eva Lewis,Helios Process Solutions,AGC-00041,Helios Process Solutions,Helios Process Solutions,Zenith Holdings,Australia,Helios Process Solutions,INV-2025-0014665,AGX-2025-015773-AGC-00041
2025-07-17,2025,7,July,Jul,Q3,141651.99,104078.12,37573.87,26.53,Zara Grant,Arcadia Rotating Equipment,AGC-00171,Arcadia Rotating Equipment,Arcadia Rotating Equipment,Monarch Holdings,Italy,Arcadia Rotating Equipment,INV-2025-0016200,AGX-2025-017424-AGC-00171
2025-07-20,2025,7,July,Jul,Q3,833286.12,550383.16,282902.96,33.95,Avery Morgan,Cobalt Offshore Systems,AGC-00104,Cobalt Offshore Systems,Cobalt Offshore Systems,Ironwood Holdings,Argentina,Cobalt Offshore Systems,INV-2025-0014342,AGX-2025-015430-AGC-00104
2025-07-20,2025,7,July,Jul,Q3,57538.55,38198.13,19340.42,33.61,Mila Diaz,Arcadia Engineering,AGC-00165,Arcadia Engineering,Arcadia Engineering,Independent Entity,Colombia,Arcadia Engineering,INV-2025-0015922,AGX-2025-017124-AGC-00165
2025-07-22,2025,7,July,Jul,Q3,156046.73,97671.08,58375.65,37.41,Avery Morgan,Cobalt Process Controls,AGC-00090,Cobalt Process Controls,Cobalt Process Controls,Independent Entity,United Kingdom,Cobalt Process Controls,INV-2025-0014736,AGX-2025-015850-AGC-00090
2025-07-22,2025,7,July,Jul,Q3,169487.94,134071.34,35416.6,20.9,Noah Keller,Meridian Offshore Systems,AGC-00141,Meridian Offshore Systems,Meridian Offshore Systems,Summit Holdings,Canada,Meridian Offshore Systems,INV-2025-0014976,AGX-2025-016115-AGC-00141
2025-07-23,2025,7,July,Jul,Q3,379980.52,247614.84,132365.68,34.83,Theo Price,Northstar Drilling Solutions,AGC-00018,Northstar Drilling Solutions,Northstar Drilling Solutions,Vertex Holdings,Thailand,Northstar Drilling Solutions,INV-2025-0014076,AGX-2025-015147-AGC-00018
2025-07-26,2025,7,July,Jul,Q3,588737.89,433339.52,155398.37,26.4,Eva Lewis,Cobalt Mining Services,AGC-00083,Cobalt Mining Services,Cobalt Mining Services,Trident Holdings,Singapore,Cobalt Mining Services,INV-2025-0014838,AGX-2025-015962-AGC-00083
2025-07-26,2025,7,July,Jul,Q3,24018.94,17147.35,6871.59,28.61,Lucas Hayes,Arcadia Refinery Services,AGC-00173,Arcadia Refinery Services,Arcadia Refinery Services,Trident Holdings,Australia,Arcadia Refinery Services,INV-2025-0014966,AGX-2025-016105-AGC-00173
2025-07-28,2025,7,July,Jul,Q3,218543.26,140989.51,77553.75,35.49,Julian Howard,Helios Field Services,AGC-00050,Helios Field Services,Helios Field Services,Independent Entity,Singapore,Helios Field Services,INV-2025-0015169,AGX-2025-016318-AGC-00050
2025-07-30,2025,7,July,Jul,Q3,49432.81,33268.94,16163.87,32.7,Eva Lewis,Helios Process Solutions,AGC-00041,Helios Process Solutions,Helios Process Solutions,Zenith Holdings,Australia,Helios Process Solutions,INV-2025-0014951,AGX-2025-016087-AGC-00041
2025-07-30,2025,7,July,Jul,Q3,63463.5,43165.27,20298.23,31.98,Adrian Walker,Helios Infrastructure,AGC-00044,Helios Infrastructure,Helios Infrastructure,Apex Holdings,United Arab Emirates,Helios Infrastructure,INV-2025-0015251,AGX-2025-016407-AGC-00044
2025-08-01,2025,8,August,Aug,Q3,2726628.29,2076606.91,650021.38,23.84,Lucas Hayes,Meridian Instrumentation,AGC-00145,Meridian Instrumentation,Meridian Instrumentation,Independent Entity,South Korea,Meridian Instrumentation,INV-2025-0015930,AGX-2025-017133-AGC-00145
2025-08-05,2025,8,August,Aug,Q3,1138474.54,753920.24,384554.3,33.78,Lucas Hayes,Cobalt Energy Systems,AGC-00075,Cobalt Energy Systems,Cobalt Energy Systems,Independent Entity,Canada,Cobalt Energy Systems,INV-2025-0014814,AGX-2025-015935-AGC-00075
2025-08-08,2025,8,August,Aug,Q3,4549620.49,3021001.47,1528619.02,33.6,Noah Keller,Helios Instrumentation,AGC-00071,Helios Instrumentation,Helios Instrumentation,Keystone Holdings,Argentina,Helios Instrumentation,INV-2025-0014114,AGX-2025-015188-AGC-00071
2025-08-09,2025,8,August,Aug,Q3,1755529.48,1125456.13,630073.35,35.89,Zara Grant,Meridian Drilling Solutions,AGC-00129,Meridian Drilling Solutions,Meridian Drilling Solutions,Cascade Holdings,Saudi Arabia,Meridian Drilling Solutions,INV-2025-0016035,AGX-2025-017247-AGC-00129
2025-08-10,2025,8,August,Aug,Q3,328177.23,235310.84,92866.39,28.3,Lina Sato,Northstar Mining Services,AGC-00009,Northstar Mining Services,Northstar Mining Services,Sterling Holdings,Canada,Northstar Mining Services,INV-2025-0014389,AGX-2025-015480-AGC-00009
2025-08-12,2025,8,August,Aug,Q3,5561.54,3953.12,1608.42,28.92,Zara Grant,Meridian Industrial Services,AGC-00143,Meridian Industrial Services,Meridian Industrial Services,Vantage Holdings,United Arab Emirates,Meridian Industrial Services,INV-2025-0015921,AGX-2025-017123-AGC-00143
2025-08-13,2025,8,August,Aug,Q3,7359996.15,4952221.37,2407774.78,32.71,Lina Sato,Meridian Technical Supply,AGC-00135,Meridian Technical Supply,Meridian Technical Supply,Independent Entity,Malaysia,Meridian Technical Supply,INV-2025-0014289,AGX-2025-015372-AGC-00135
2025-08-16,2025,8,August,Aug,Q3,585662.24,378712.94,206949.3,35.34,Camille Martin,Cobalt Instrumentation,AGC-00108,Cobalt Instrumentation,Cobalt Instrumentation,Vertex Holdings,Canada,Cobalt Instrumentation,INV-2025-0014133,AGX-2025-015210-AGC-00108
2025-08-19,2025,8,August,Aug,Q3,478291.52,316231.8,162059.72,33.88,Lucas Hayes,Northstar Flow Systems,AGC-00033,Northstar Flow Systems,Northstar Flow Systems,Pacific Crest Holdings,Colombia,Northstar Flow Systems,INV-2025-0015845,AGX-2025-017044-AGC-00033
2025-08-21,2025,8,August,Aug,Q3,1127014.84,740440.47,386574.37,34.3,Adrian Walker,Northstar Marine Services,AGC-00002,Northstar Marine Services,Northstar Marine Services,Helios Holdings,Oman,Northstar Marine Services,INV-2025-0015515,AGX-2025-016686-AGC-00002
2025-08-22,2025,8,August,Aug,Q3,510300.43,343127.33,167173.1,32.76,Lina Sato,Northstar Rotating Equipment,AGC-00023,Northstar Rotating Equipment,Northstar Rotating Equipment,Falcon Holdings,United States,Northstar Rotating Equipment,INV-2025-0014455,AGX-2025-015550-AGC-00023
2025-08-22,2025,8,August,Aug,Q3,214013.08,137577.57,76435.51,35.72,Camille Martin,Northstar Technical Supply,AGC-00024,Northstar Technical Supply,Northstar Technical Supply,Sierra Holdings,United Kingdom,Northstar Technical Supply,INV-2025-0015531,AGX-2025-016702-AGC-00024
2025-08-25,2025,8,August,Aug,Q3,325122.62,218918.23,106204.39,32.67,Grace Perry,Northstar Technical Services,AGC-00035,Northstar Technical Services,Northstar Technical Services,Independent Entity,Oman,Northstar Technical Services,INV-2025-0016167,AGX-2025-017388-AGC-00035
2025-08-26,2025,8,August,Aug,Q3,522061.58,322679.18,199382.4,38.19,Zara Grant,Helios Pipeline Services,AGC-00059,Helios Pipeline Services,Helios Pipeline Services,Ironwood Holdings,Nigeria,Helios Pipeline Services,INV-2025-0014532,AGX-2025-015631-AGC-00059
2025-08-26,2025,8,August,Aug,Q3,51850.28,32029.4,19820.88,38.23,Lucas Hayes,Meridian Industrial Maintenance,AGC-00131,Meridian Industrial Maintenance,Meridian Industrial Maintenance,Zenith Holdings,India,Meridian Industrial Maintenance,INV-2025-0014819,AGX-2025-015942-AGC-00131
2025-08-26,2025,8,August,Aug,Q3,207380.19,155141.44,52238.75,25.19,Eva Lewis,Northstar Field Services,AGC-00013,Northstar Field Services,Northstar Field Services,Crescent Holdings,South Korea,Northstar Field Services,INV-2025-0015901,AGX-2025-017102-AGC-00013
2025-08-27,2025,8,August,Aug,Q3,2324014.14,1419129.98,904884.16,38.94,Leo Foster,Cobalt Industrial Solutions,AGC-00110,Cobalt Industrial Solutions,Cobalt Industrial Solutions,Independent Entity,United Arab Emirates,Cobalt Industrial Solutions,INV-2025-0014810,AGX-2025-015930-AGC-00110
2025-09-01,2025,9,September,Sep,Q3,64113.96,41555.38,22558.58,35.19,Lina Sato,Arcadia Controls,AGC-00177,Arcadia Controls,Arcadia Controls,Rivermark Holdings,Kenya,Arcadia Controls,INV-2025-0014504,AGX-2025-015600-AGC-00177
2025-09-03,2025,9,September,Sep,Q3,700225.12,484143.91,216081.21,30.86,Mila Diaz,Arcadia Engineering,AGC-00165,Arcadia Engineering,Arcadia Engineering,Independent Entity,Colombia,Arcadia Engineering,INV-2025-0015431,AGX-2025-016600-AGC-00165
2025-09-03,2025,9,September,Sep,Q3,402414.47,272247.34,130167.13,32.35,Lucas Hayes,Helios Waterworks,AGC-00047,Helios Waterworks,Helios Waterworks,Helios Holdings,Brazil,Helios Waterworks,INV-2025-0015839,AGX-2025-017037-AGC-00047
2025-09-04,2025,9,September,Sep,Q3,2405.92,1541.47,864.45,35.93,Zara Grant,Northstar Engineering,AGC-00017,Northstar Engineering,Northstar Engineering,Harborline Holdings,Singapore,Northstar Engineering,INV-2025-0015192,AGX-2025-016343-AGC-00017
2025-09-04,2025,9,September,Sep,Q3,1392254.49,924850.51,467403.98,33.57,Julian Howard,Meridian Marine Supply,AGC-00148,Meridian Marine Supply,Meridian Marine Supply,Crescent Holdings,Qatar,Meridian Marine Supply,INV-2025-0016069,AGX-2025-017284-AGC-00148
2025-09-05,2025,9,September,Sep,Q3,1123093.44,815232.43,307861.01,27.41,Leo Foster,Cobalt Industrial Solutions,AGC-00110,Cobalt Industrial Solutions,Cobalt Industrial Solutions,Independent Entity,United Arab Emirates,Cobalt Industrial Solutions,INV-2025-0014770,AGX-2025-015887-AGC-00110
2025-09-05,2025,9,September,Sep,Q3,352919.15,272315.86,80603.29,22.84,Lina Sato,Northstar Marine Supply,AGC-00037,Northstar Marine Supply,Northstar Marine Supply,Frontier Holdings,Vietnam,Northstar Marine Supply,INV-2025-0015103,AGX-2025-016247-AGC-00037
2025-09-09,2025,9,September,Sep,Q3,158607.68,121360.59,37247.09,23.48,Eva Lewis,Helios Process Solutions,AGC-00041,Helios Process Solutions,Helios Process Solutions,Zenith Holdings,Australia,Helios Process Solutions,INV-2025-0015303,AGX-2025-016465-AGC-00041
2025-09-11,2025,9,September,Sep,Q3,275891.35,191090.06,84801.29,30.74,Eva Lewis,Arcadia Compression,AGC-00167,Arcadia Compression,Arcadia Compression,Noble Ridge Holdings,Oman,Arcadia Compression,INV-2025-0014699,AGX-2025-015809-AGC-00167
2025-09-12,2025,9,September,Sep,Q3,408756.12,270176.66,138579.46,33.9,Camille Martin,Meridian Refinery Services,AGC-00136,Meridian Refinery Services,Meridian Refinery Services,Northstar Holdings,Vietnam,Meridian Refinery Services,INV-2025-0015000,AGX-2025-016140-AGC-00136
2025-09-13,2025,9,September,Sep,Q3,725289.25,528648.54,196640.71,27.11,Eva Lewis,Arcadia Offshore Engineering,AGC-00153,Arcadia Offshore Engineering,Arcadia Offshore Engineering,Vertex Holdings,South Africa,Arcadia Offshore Engineering,INV-2025-0014244,AGX-2025-015326-AGC-00153
2025-09-17,2025,9,September,Sep,Q3,209996.71,142459.25,67537.46,32.16,Priya Nguyen,Helios Offshore Engineering,AGC-00042,Helios Offshore Engineering,Helios Offshore Engineering,Rivermark Holdings,Canada,Helios Offshore Engineering,INV-2025-0014359,AGX-2025-015448-AGC-00042
2025-09-17,2025,9,September,Sep,Q3,492518.02,339916.63,152601.39,30.98,Leo Foster,Northstar Utilities,AGC-00012,Northstar Utilities,Northstar Utilities,NovaGrid Holdings,Kenya,Northstar Utilities,INV-2025-0014872,AGX-2025-016001-AGC-00012
2025-09-21,2025,9,September,Sep,Q3,225752.34,138595.84,87156.5,38.61,Lina Sato,Arcadia Energy Systems,AGC-00149,Arcadia Energy Systems,Arcadia Energy Systems,Ironwood Holdings,Singapore,Arcadia Energy Systems,INV-2025-0014245,AGX-2025-015327-AGC-00149
2025-09-22,2025,9,September,Sep,Q3,395880.47,297806.05,98074.42,24.77,Theo Price,Meridian Compression,AGC-00130,Meridian Compression,Meridian Compression,Independent Entity,Egypt,Meridian Compression,INV-2025-0015288,AGX-2025-016449-AGC-00130
2025-09-29,2025,9,September,Sep,Q3,603137.7,419059.51,184078.19,30.52,Theo Price,Cobalt Mechanical,AGC-00088,Cobalt Mechanical,Cobalt Mechanical,Lighthouse Holdings,Indonesia,Cobalt Mechanical,INV-2025-0015246,AGX-2025-016402-AGC-00088
2025-09-30,2025,9,September,Sep,Q3,1022683.45,640265.86,382417.59,37.39,Priya Nguyen,Meridian Controls,AGC-00140,Meridian Controls,Meridian Controls,Independent Entity,Australia,Meridian Controls,INV-2025-0014536,AGX-2025-015635-AGC-00140
2025-09-30,2025,9,September,Sep,Q3,1669504.13,1075241.85,594262.28,35.6,Grace Perry,Helios Energy Projects,AGC-00063,Helios Energy Projects,Helios Energy Projects,Vertex Holdings,Saudi Arabia,Helios Energy Projects,INV-2025-0014546,AGX-2025-015647-AGC-00063
2025-09-30,2025,9,September,Sep,Q3,114479.39,77477.33,37002.06,32.32,Theo Price,Cobalt Production Services,AGC-00102,Cobalt Production Services,Cobalt Production Services,NovaGrid Holdings,Malaysia,Cobalt Production Services,INV-2025-0015131,AGX-2025-016275-AGC-00102
2025-10-01,2025,10,October,Oct,Q4,243446.8,174702.32,68744.48,28.24,Zara Grant,Meridian Process Solutions,AGC-00115,Meridian Process Solutions,Meridian Process Solutions,Independent Entity,Qatar,Meridian Process Solutions,INV-2025-0014667,AGX-2025-015775-AGC-00115
2025-10-03,2025,10,October,Oct,Q4,2629277.5,1637907.24,991370.26,37.71,Grace Perry,Meridian Industrial Solutions,AGC-00147,Meridian Industrial Solutions,Meridian Industrial Solutions,NovaGrid Holdings,Netherlands,Meridian Industrial Solutions,INV-2025-0016147,AGX-2025-017368-AGC-00147
2025-10-04,2025,10,October,Oct,Q4,70198.05,53695.77,16502.28,23.51,Leo Foster,Arcadia Drilling Solutions,AGC-00166,Arcadia Drilling Solutions,Arcadia Drilling Solutions,Silverline Holdings,Norway,Arcadia Drilling Solutions,INV-2025-0015060,AGX-2025-016203-AGC-00166
2025-10-04,2025,10,October,Oct,Q4,596815.7,387839.24,208976.46,35.02,Lina Sato,Arcadia Power Partners,AGC-00163,Arcadia Power Partners,Arcadia Power Partners,Westbridge Holdings,Egypt,Arcadia Power Partners,INV-2025-0015644,AGX-2025-016819-AGC-00163
2025-10-04,2025,10,October,Oct,Q4,406360.38,275328.3,131032.08,32.25,Grace Perry,Arcadia Field Services,AGC-00161,Arcadia Field Services,Arcadia Field Services,Keystone Holdings,Germany,Arcadia Field Services,INV-2025-0015809,AGX-2025-016999-AGC-00161
2025-10-05,2025,10,October,Oct,Q4,403708.94,298244.26,105464.68,26.12,Lucas Hayes,Cobalt Energy Systems,AGC-00075,Cobalt Energy Systems,Cobalt Energy Systems,Independent Entity,Canada,Cobalt Energy Systems,INV-2025-0015164,AGX-2025-016313-AGC-00075
2025-10-05,2025,10,October,Oct,Q4,6644.8,4642.55,2002.25,30.13,Mila Diaz,Northstar Automation,AGC-00011,Northstar Automation,Northstar Automation,Redwood Holdings,United Arab Emirates,Northstar Automation,INV-2025-0016233,AGX-2025-017457-AGC-00011
2025-10-08,2025,10,October,Oct,Q4,1033161.98,768638.74,264523.24,25.6,Zara Grant,Meridian Process Solutions,AGC-00115,Meridian Process Solutions,Meridian Process Solutions,Independent Entity,Qatar,Meridian Process Solutions,INV-2025-0015402,AGX-2025-016570-AGC-00115
2025-10-12,2025,10,October,Oct,Q4,168320.2,122291.54,46028.66,27.35,Avery Morgan,Helios Automation,AGC-00048,Helios Automation,Helios Automation,Cobalt Holdings,Netherlands,Helios Automation,INV-2025-0014708,AGX-2025-015819-AGC-00048
2025-10-13,2025,10,October,Oct,Q4,89053.42,59860.14,29193.28,32.78,Lucas Hayes,Arcadia Automation,AGC-00159,Arcadia Automation,Arcadia Automation,Sierra Holdings,Japan,Arcadia Automation,INV-2025-0015497,AGX-2025-016668-AGC-00159
2025-10-17,2025,10,October,Oct,Q4,257562.35,165082.27,92480.08,35.91,Priya Nguyen,Cobalt Waterworks,AGC-00084,Cobalt Waterworks,Cobalt Waterworks,Cascade Holdings,Thailand,Cobalt Waterworks,INV-2025-0014132,AGX-2025-015209-AGC-00084
2025-10-17,2025,10,October,Oct,Q4,1212487.69,808240.46,404247.23,33.34,Theo Price,Helios Rotating Equipment,AGC-00060,Helios Rotating Equipment,Helios Rotating Equipment,Independent Entity,Japan,Helios Rotating Equipment,INV-2025-0015472,AGX-2025-016643-AGC-00060
2025-10-20,2025,10,October,Oct,Q4,743674.49,532660.9,211013.59,28.37,Leo Foster,Northstar Utilities,AGC-00012,Northstar Utilities,Northstar Utilities,NovaGrid Holdings,Kenya,Northstar Utilities,INV-2025-0014803,AGX-2025-015923-AGC-00012
2025-10-24,2025,10,October,Oct,Q4,69679.25,49212.17,20467.08,29.37,Eva Lewis,Cobalt Rotating Equipment,AGC-00097,Cobalt Rotating Equipment,Cobalt Rotating Equipment,BluePeak Holdings,Egypt,Cobalt Rotating Equipment,INV-2025-0014115,AGX-2025-015189-AGC-00097
2025-10-24,2025,10,October,Oct,Q4,374023.63,254456.85,119566.78,31.97,Julian Howard,Helios Marine Engineering,AGC-00064,Helios Marine Engineering,Helios Marine Engineering,Pioneer Holdings,Egypt,Helios Marine Engineering,INV-2025-0016041,AGX-2025-017255-AGC-00064
2025-10-25,2025,10,October,Oct,Q4,1741315.04,1190690.04,550625.0,31.62,Priya Nguyen,Northstar Production Services,AGC-00028,Northstar Production Services,Northstar Production Services,Westbridge Holdings,Mexico,Northstar Production Services,INV-2025-0014371,AGX-2025-015461-AGC-00028
2025-10-25,2025,10,October,Oct,Q4,36676.31,24919.8,11756.51,32.05,Camille Martin,Northstar Waterworks,AGC-00010,Northstar Waterworks,Northstar Waterworks,Independent Entity,France,Northstar Waterworks,INV-2025-0015101,AGX-2025-016245-AGC-00010
2025-10-26,2025,10,October,Oct,Q4,1609595.74,1235072.07,374523.67,23.27,Camille Martin,Arcadia Offshore Systems,AGC-00178,Arcadia Offshore Systems,Arcadia Offshore Systems,Lighthouse Holdings,South Korea,Arcadia Offshore Systems,INV-2025-0015289,AGX-2025-016450-AGC-00178
2025-10-27,2025,10,October,Oct,Q4,1063624.84,738984.93,324639.91,30.52,Theo Price,Northstar Industrial Services,AGC-00032,Northstar Industrial Services,Northstar Industrial Services,Noble Ridge Holdings,India,Northstar Industrial Services,INV-2025-0015537,AGX-2025-016709-AGC-00032
2025-10-28,2025,10,October,Oct,Q4,175923.18,114086.29,61836.89,35.15,Lina Sato,Northstar Rotating Equipment,AGC-00023,Northstar Rotating Equipment,Northstar Rotating Equipment,Falcon Holdings,United States,Northstar Rotating Equipment,INV-2025-0014281,AGX-2025-015364-AGC-00023
2025-11-02,2025,11,November,Nov,Q4,682917.91,448762.19,234155.72,34.29,Leo Foster,Arcadia Process Solutions,AGC-00152,Arcadia Process Solutions,Arcadia Process Solutions,Harborline Holdings,Spain,Arcadia Process Solutions,INV-2025-0015673,AGX-2025-016850-AGC-00152
2025-11-04,2025,11,November,Nov,Q4,30857.12,20872.7,9984.42,32.36,Lina Sato,Cobalt Compression,AGC-00093,Cobalt Compression,Cobalt Compression,Cobalt Holdings,Japan,Cobalt Compression,INV-2025-0013970,AGX-2025-015033-AGC-00093
2025-11-07,2025,11,November,Nov,Q4,2033242.91,1235800.1,797442.81,39.22,Priya Nguyen,Northstar Mechanical,AGC-00014,Northstar Mechanical,Northstar Mechanical,Ironwood Holdings,Brazil,Northstar Mechanical,INV-2025-0015473,AGX-2025-016644-AGC-00014
2025-11-09,2025,11,November,Nov,Q4,105057.84,78565.25,26492.59,25.22,Leo Foster,Arcadia Industrial Services,AGC-00180,Arcadia Industrial Services,Arcadia Industrial Services,Independent Entity,Netherlands,Arcadia Industrial Services,INV-2025-0014855,AGX-2025-015982-AGC-00180
2025-11-10,2025,11,November,Nov,Q4,192556.78,132377.86,60178.92,31.25,Mila Diaz,Arcadia Mechanical Group,AGC-00179,Arcadia Mechanical Group,Arcadia Mechanical Group,Apex Holdings,Brazil,Arcadia Mechanical Group,INV-2025-0014519,AGX-2025-015617-AGC-00179
2025-11-12,2025,11,November,Nov,Q4,598878.58,432218.48,166660.1,27.83,Mila Diaz,Cobalt Resources,AGC-00095,Cobalt Resources,Cobalt Resources,Independent Entity,Germany,Cobalt Resources,INV-2025-0015125,AGX-2025-016269-AGC-00095
2025-11-12,2025,11,November,Nov,Q4,992636.56,613664.73,378971.83,38.18,Lucas Hayes,Cobalt Controls,AGC-00103,Cobalt Controls,Cobalt Controls,Crescent Holdings,Vietnam,Cobalt Controls,INV-2025-0015492,AGX-2025-016663-AGC-00103
2025-11-13,2025,11,November,Nov,Q4,350474.21,224002.13,126472.08,36.09,Noah Keller,Cobalt Automation,AGC-00085,Cobalt Automation,Cobalt Automation,Independent Entity,Chile,Cobalt Automation,INV-2025-0016171,AGX-2025-017393-AGC-00085
2025-11-15,2025,11,November,Nov,Q4,705756.74,474090.85,231665.89,32.83,Lucas Hayes,Cobalt Power Partners,AGC-00089,Cobalt Power Partners,Cobalt Power Partners,Apex Holdings,United States,Cobalt Power Partners,INV-2025-0013967,AGX-2025-015030-AGC-00089
2025-11-21,2025,11,November,Nov,Q4,159362.45,111550.55,47811.9,30.0,Eva Lewis,Helios Process Solutions,AGC-00041,Helios Process Solutions,Helios Process Solutions,Zenith Holdings,Australia,Helios Process Solutions,INV-2025-0015004,AGX-2025-016144-AGC-00041
2025-11-23,2025,11,November,Nov,Q4,59396.47,39343.68,20052.79,33.76,Mila Diaz,Meridian Utilities,AGC-00123,Meridian Utilities,Meridian Utilities,Pacific Crest Holdings,United Kingdom,Meridian Utilities,INV-2025-0016265,AGX-2025-017492-AGC-00123
2025-11-24,2025,11,November,Nov,Q4,6437519.15,4612537.33,1824981.82,28.35,Noah Keller,Meridian Marine Services,AGC-00113,Meridian Marine Services,Meridian Marine Services,Falcon Holdings,Brazil,Meridian Marine Services,INV-2025-0014151,AGX-2025-015228-AGC-00113
2025-11-24,2025,11,November,Nov,Q4,77441.89,50536.02,26905.87,34.74,Theo Price,Northstar Process Solutions,AGC-00004,Northstar Process Solutions,Northstar Process Solutions,Meridian Holdings,Vietnam,Northstar Process Solutions,INV-2025-0015452,AGX-2025-016622-AGC-00004
2025-11-30,2025,11,November,Nov,Q4,260116.46,172019.47,88096.99,33.87,Adrian Walker,Meridian Mechanical Group,AGC-00142,Meridian Mechanical Group,Meridian Mechanical Group,BluePeak Holdings,France,Meridian Mechanical Group,INV-2025-0014858,AGX-2025-015986-AGC-00142
2025-12-01,2025,12,December,Dec,Q4,789294.12,513179.89,276114.23,34.98,Noah Keller,Northstar Energy Systems,AGC-00001,Northstar Energy Systems,Northstar Energy Systems,Northstar Holdings,Norway,Northstar Energy Systems,INV-2025-0015708,AGX-2025-016889-AGC-00001
2025-12-04,2025,12,December,Dec,Q4,476572.58,302949.98,173622.6,36.43,Camille Martin,Arcadia Marine Services,AGC-00150,Arcadia Marine Services,Arcadia Marine Services,Independent Entity,Thailand,Arcadia Marine Services,INV-2025-0015032,AGX-2025-016172-AGC-00150
2025-12-07,2025,12,December,Dec,Q4,301147.65,185631.45,115516.2,38.36,Leo Foster,Arcadia Process Solutions,AGC-00152,Arcadia Process Solutions,Arcadia Process Solutions,Harborline Holdings,Spain,Arcadia Process Solutions,INV-2025-0015305,AGX-2025-016467-AGC-00152
2025-12-10,2025,12,December,Dec,Q4,609667.39,425572.26,184095.13,30.2,Avery Morgan,Arcadia Utilities,AGC-00160,Arcadia Utilities,Arcadia Utilities,Independent Entity,Mexico,Arcadia Utilities,INV-2025-0014194,AGX-2025-015272-AGC-00160
2025-12-10,2025,12,December,Dec,Q4,384757.32,282063.73,102693.59,26.69,Priya Nguyen,Arcadia Flow Technologies,AGC-00154,Arcadia Flow Technologies,Arcadia Flow Technologies,Pioneer Holdings,Indonesia,Arcadia Flow Technologies,INV-2025-0016283,AGX-2025-017512-AGC-00154
2025-12-11,2025,12,December,Dec,Q4,1669293.21,1005114.21,664179.0,39.79,Camille Martin,Helios Power Partners,AGC-00052,Helios Power Partners,Helios Power Partners,BluePeak Holdings,Chile,Helios Power Partners,INV-2025-0014028,AGX-2025-015094-AGC-00052
2025-12-12,2025,12,December,Dec,Q4,262382.06,187812.66,74569.4,28.42,Grace Perry,Helios Utilities,AGC-00049,Helios Utilities,Helios Utilities,Meridian Holdings,Qatar,Helios Utilities,INV-2025-0015118,AGX-2025-016262-AGC-00049
2025-12-15,2025,12,December,Dec,Q4,123239.8,75547.82,47691.98,38.7,Grace Perry,Cobalt Industrial Group,AGC-00077,Cobalt Industrial Group,Cobalt Industrial Group,Noble Ridge Holdings,United Arab Emirates,Cobalt Industrial Group,INV-2025-0015595,AGX-2025-016769-AGC-00077
2025-12-15,2025,12,December,Dec,Q4,1424441.13,992921.36,431519.77,30.29,Mila Diaz,Arcadia Engineering,AGC-00165,Arcadia Engineering,Arcadia Engineering,Independent Entity,Colombia,Arcadia Engineering,INV-2025-0015998,AGX-2025-017207-AGC-00165
2025-12-17,2025,12,December,Dec,Q4,201569.29,126337.16,75232.13,37.32,Noah Keller,Arcadia Resources,AGC-00169,Arcadia Resources,Arcadia Resources,Beacon Holdings,Vietnam,Arcadia Resources,INV-2025-0015496,AGX-2025-016667-AGC-00169
2025-12-18,2025,12,December,Dec,Q4,142554.85,96926.43,45628.42,32.01,Grace Perry,Meridian Pipeline Services,AGC-00133,Meridian Pipeline Services,Meridian Pipeline Services,Lighthouse Holdings,Norway,Meridian Pipeline Services,INV-2025-0014435,AGX-2025-015528-AGC-00133
2025-12-18,2025,12,December,Dec,Q4,297699.32,199138.52,98560.8,33.11,Theo Price,Arcadia Waterworks,AGC-00158,Arcadia Waterworks,Arcadia Waterworks,Falcon Holdings,Nigeria,Arcadia Waterworks,INV-2025-0015646,AGX-2025-016822-AGC-00158
2025-12-19,2025,12,December,Dec,Q4,4192284.34,2793929.89,1398354.45,33.36,Julian Howard,Arcadia Mechanical,AGC-00162,Arcadia Mechanical,Arcadia Mechanical,Equinox Holdings,Saudi Arabia,Arcadia Mechanical,INV-2025-0014915,AGX-2025-016048-AGC-00162
2025-12-25,2025,12,December,Dec,Q4,1140593.41,829767.15,310826.26,27.25,Priya Nguyen,Northstar Production Services,AGC-00028,Northstar Production Services,Northstar Production Services,Westbridge Holdings,Mexico,Northstar Production Services,INV-2025-0015599,AGX-2025-016773-AGC-00028
2025-12-28,2025,12,December,Dec,Q4,4132132.43,2799593.55,1332538.88,32.25,Grace Perry,Arcadia Field Services,AGC-00161,Arcadia Field Services,Arcadia Field Services,Keystone Holdings,Germany,Arcadia Field Services,INV-2025-0015951,AGX-2025-017156-AGC-00161
2025-12-30,2025,12,December,Dec,Q4,2351735.77,1570669.34,781066.43,33.21,Julian Howard,Meridian Rotating Equipment,AGC-00134,Meridian Rotating Equipment,Meridian Rotating Equipment,Apex Holdings,Oman,Meridian Rotating Equipment,INV-2025-0014330,AGX-2025-015418-AGC-00134
2025-12-31,2025,12,December,Dec,Q4,1881177.32,1363716.93,517460.39,27.51,Lucas Hayes,Helios Technical Supply,AGC-00061,Helios Technical Supply,Helios Technical Supply,Granite Holdings,Mexico,Helios Technical Supply,INV-2025-0014249,AGX-2025-015331-AGC-00061
2026-01-06,2026,1,January,Jan,Q1,1162441.26,774107.97,388333.29,33.41,Julian Howard,Meridian Mining Services,AGC-00120,Meridian Mining Services,Meridian Mining Services,Independent Entity,South Africa,Meridian Mining Services,INV-2026-0014063,AGX-2025-015133-AGC-00120
2026-01-08,2026,1,January,Jan,Q1,79169.31,46179.09,32990.22,41.67,Eva Lewis,Meridian Production Services,AGC-00139,Meridian Production Services,Meridian Production Services,Meridian Holdings,Ghana,Meridian Production Services,INV-2026-0014510,AGX-2025-015606-AGC-00139
2026-01-10,2026,1,January,Jan,Q1,2035691.66,1410634.25,625057.41,30.7,Avery Morgan,Helios Refinery Services,AGC-00062,Helios Refinery Services,Helios Refinery Services,Harborline Holdings,Germany,Helios Refinery Services,INV-2026-0015112,AGX-2025-016256-AGC-00062
2026-01-10,2026,1,January,Jan,Q1,998911.0,699447.24,299463.76,29.98,Julian Howard,Arcadia Mechanical,AGC-00162,Arcadia Mechanical,Arcadia Mechanical,Equinox Holdings,Saudi Arabia,Arcadia Mechanical,INV-2026-0015186,AGX-2025-016336-AGC-00162
2026-01-10,2026,1,January,Jan,Q1,630723.72,435686.13,195037.59,30.92,Lucas Hayes,Northstar Offshore Engineering,AGC-00005,Northstar Offshore Engineering,Northstar Offshore Engineering,Independent Entity,Argentina,Northstar Offshore Engineering,INV-2026-0015423,AGX-2025-016591-AGC-00005
2026-01-11,2026,1,January,Jan,Q1,2249098.5,1461711.82,787386.68,35.01,Julian Howard,Cobalt Process Solutions,AGC-00078,Cobalt Process Solutions,Cobalt Process Solutions,Pacific Crest Holdings,Kenya,Cobalt Process Solutions,INV-2026-0015865,AGX-2025-017065-AGC-00078
2026-01-15,2026,1,January,Jan,Q1,221465.84,155121.39,66344.45,29.96,Lina Sato,Cobalt Flow Systems,AGC-00107,Cobalt Flow Systems,Cobalt Flow Systems,Harborline Holdings,Australia,Cobalt Flow Systems,INV-2026-0016143,AGX-2025-017364-AGC-00107
2026-01-18,2026,1,January,Jan,Q1,461496.47,296246.59,165249.88,35.81,Lina Sato,Helios Mechanical,AGC-00051,Helios Mechanical,Helios Mechanical,Summit Holdings,Thailand,Helios Mechanical,INV-2026-0014595,AGX-2025-015698-AGC-00051
2026-01-19,2026,1,January,Jan,Q1,373623.15,255346.85,118276.3,31.66,Lucas Hayes,Cobalt Controls,AGC-00103,Cobalt Controls,Cobalt Controls,Crescent Holdings,Vietnam,Cobalt Controls,INV-2026-0014579,AGX-2025-015681-AGC-00103
2026-01-20,2026,1,January,Jan,Q1,1102487.96,762127.42,340360.54,30.87,Leo Foster,Helios Mechanical Group,AGC-00068,Helios Mechanical Group,Helios Mechanical Group,Falcon Holdings,Oman,Helios Mechanical Group,INV-2026-0015639,AGX-2025-016814-AGC-00068
2026-01-22,2026,1,January,Jan,Q1,522333.15,341610.21,180722.94,34.6,Lina Sato,Helios Mechanical,AGC-00051,Helios Mechanical,Helios Mechanical,Summit Holdings,Thailand,Helios Mechanical,INV-2026-0015010,AGX-2025-016150-AGC-00051
2026-01-24,2026,1,January,Jan,Q1,281342.63,205056.23,76286.4,27.12,Camille Martin,Helios Energy Systems,AGC-00038,Helios Energy Systems,Helios Energy Systems,Trident Holdings,Argentina,Helios Energy Systems,INV-2026-0015117,AGX-2025-016261-AGC-00038
2026-01-24,2026,1,January,Jan,Q1,411546.9,295030.34,116516.56,28.31,Julian Howard,Helios Field Services,AGC-00050,Helios Field Services,Helios Field Services,Independent Entity,Singapore,Helios Field Services,INV-2026-0017502,AGX-2026-018839-AGC-00050
2026-01-25,2026,1,January,Jan,Q1,543186.59,372098.46,171088.13,31.5,Mila Diaz,Meridian Utilities,AGC-00123,Meridian Utilities,Meridian Utilities,Pacific Crest Holdings,United Kingdom,Meridian Utilities,INV-2026-0017355,AGX-2026-018680-AGC-00123
2026-01-27,2026,1,January,Jan,Q1,173432.98,114767.89,58665.09,33.83,Avery Morgan,Northstar Industrial Maintenance,AGC-00020,Northstar Industrial Maintenance,Northstar Industrial Maintenance,Independent Entity,Spain,Northstar Industrial Maintenance,INV-2026-0014725,AGX-2025-015838-AGC-00020
2026-02-01,2026,2,February,Feb,Q1,216778.84,157769.6,59009.24,27.22,Lina Sato,Northstar Marine Supply,AGC-00037,Northstar Marine Supply,Northstar Marine Supply,Frontier Holdings,Vietnam,Northstar Marine Supply,INV-2026-0014830,AGX-2025-015954-AGC-00037
2026-02-01,2026,2,February,Feb,Q1,20019.64,12508.85,7510.79,37.52,Eva Lewis,Helios Industrial Services,AGC-00069,Helios Industrial Services,Helios Industrial Services,Sierra Holdings,Malaysia,Helios Industrial Services,INV-2026-0015877,AGX-2025-017078-AGC-00069
2026-02-04,2026,2,February,Feb,Q1,567351.03,407310.71,160040.32,28.21,Zara Grant,Helios Petro Systems,AGC-00045,Helios Petro Systems,Helios Petro Systems,Independent Entity,Kenya,Helios Petro Systems,INV-2026-0016817,AGX-2026-018098-AGC-00045
2026-02-12,2026,2,February,Feb,Q1,159163.11,117212.63,41950.48,26.36,Mila Diaz,Arcadia Engineering,AGC-00165,Arcadia Engineering,Arcadia Engineering,Independent Entity,Colombia,Arcadia Engineering,INV-2026-0016336,AGX-2026-017575-AGC-00165
2026-02-13,2026,2,February,Feb,Q1,329852.64,233988.67,95863.97,29.06,Eva Lewis,Cobalt Marine Supply,AGC-00111,Cobalt Marine Supply,Cobalt Marine Supply,TerraNova Holdings,Kenya,Cobalt Marine Supply,INV-2026-0016853,AGX-2026-018137-AGC-00111
2026-02-14,2026,2,February,Feb,Q1,391453.57,256101.99,135351.58,34.58,Theo Price,Northstar Process Solutions,AGC-00004,Northstar Process Solutions,Northstar Process Solutions,Meridian Holdings,Vietnam,Northstar Process Solutions,INV-2026-0016341,AGX-2026-017580-AGC-00004
2026-02-14,2026,2,February,Feb,Q1,524794.86,343520.17,181274.69,34.54,Mila Diaz,Helios Offshore Systems,AGC-00067,Helios Offshore Systems,Helios Offshore Systems,Clearwater Holdings,Norway,Helios Offshore Systems,INV-2026-0016944,AGX-2026-018238-AGC-00067
2026-02-14,2026,2,February,Feb,Q1,808732.84,578144.73,230588.11,28.51,Leo Foster,Meridian Marine Engineering,AGC-00138,Meridian Marine Engineering,Meridian Marine Engineering,Cobalt Holdings,Italy,Meridian Marine Engineering,INV-2026-0017614,AGX-2026-018958-AGC-00138
2026-02-16,2026,2,February,Feb,Q1,957194.56,682507.23,274687.33,28.7,Julian Howard,Helios Field Services,AGC-00050,Helios Field Services,Helios Field Services,Independent Entity,Singapore,Helios Field Services,INV-2026-0017467,AGX-2026-018802-AGC-00050
2026-02-17,2026,2,February,Feb,Q1,633123.81,422616.77,210507.04,33.25,Mila Diaz,Helios Process Controls,AGC-00053,Helios Process Controls,Helios Process Controls,Vantage Holdings,Spain,Helios Process Controls,INV-2026-0016316,AGX-2025-017550-AGC-00053
2026-02-21,2026,2,February,Feb,Q1,2162329.11,1444042.26,718286.85,33.22,Noah Keller,Helios Instrumentation,AGC-00071,Helios Instrumentation,Helios Instrumentation,Keystone Holdings,Argentina,Helios Instrumentation,INV-2026-0017313,AGX-2026-018636-AGC-00071
2026-02-21,2026,2,February,Feb,Q1,1003563.87,602803.6,400760.27,39.93,Lina Sato,Helios Production Services,AGC-00065,Helios Production Services,Helios Production Services,Independent Entity,India,Helios Production Services,INV-2026-0017603,AGX-2026-018947-AGC-00065
2026-02-23,2026,2,February,Feb,Q1,768320.55,529178.73,239141.82,31.13,Avery Morgan,Northstar Instrumentation,AGC-00034,Northstar Instrumentation,Northstar Instrumentation,Beacon Holdings,Norway,Northstar Instrumentation,INV-2026-0014094,AGX-2025-015167-AGC-00034
2026-02-23,2026,2,February,Feb,Q1,696750.87,469987.33,226763.54,32.55,Camille Martin,Meridian Automation,AGC-00122,Meridian Automation,Meridian Automation,Noble Ridge Holdings,United States,Meridian Automation,INV-2026-0014924,AGX-2025-016057-AGC-00122
2026-02-24,2026,2,February,Feb,Q1,453353.21,301255.18,152098.03,33.55,Zara Grant,Northstar Mechanical Group,AGC-00031,Northstar Mechanical Group,Northstar Mechanical Group,Silverline Holdings,Egypt,Northstar Mechanical Group,INV-2026-0017548,AGX-2026-018888-AGC-00031
2026-02-25,2026,2,February,Feb,Q1,3352927.53,2243946.15,1108981.38,33.08,Priya Nguyen,Arcadia Flow Technologies,AGC-00154,Arcadia Flow Technologies,Arcadia Flow Technologies,Pioneer Holdings,Indonesia,Arcadia Flow Technologies,INV-2026-0014145,AGX-2025-015222-AGC-00154
2026-02-28,2026,2,February,Feb,Q1,610947.93,411394.2,199553.73,32.66,Adrian Walker,Northstar Offshore Systems,AGC-00030,Northstar Offshore Systems,Northstar Offshore Systems,Independent Entity,Saudi Arabia,Northstar Offshore Systems,INV-2026-0017213,AGX-2026-018531-AGC-00030
2026-02-28,2026,2,February,Feb,Q1,2101697.7,1485115.16,616582.54,29.34,Zara Grant,Northstar Mechanical Group,AGC-00031,Northstar Mechanical Group,Northstar Mechanical Group,Silverline Holdings,Egypt,Northstar Mechanical Group,INV-2026-0017346,AGX-2026-018671-AGC-00031
2026-03-01,2026,3,March,Mar,Q1,217375.84,148120.57,69255.27,31.86,Zara Grant,Helios Industrial Solutions,AGC-00073,Helios Industrial Solutions,Helios Industrial Solutions,Westbridge Holdings,Ghana,Helios Industrial Solutions,INV-2026-0016640,AGX-2026-017906-AGC-00073
2026-03-03,2026,3,March,Mar,Q1,665236.85,422392.33,242844.52,36.5,Theo Price,Helios Mining Services,AGC-00046,Helios Mining Services,Helios Mining Services,Northstar Holdings,South Korea,Helios Mining Services,INV-2026-0017454,AGX-2026-018788-AGC-00046
2026-03-04,2026,3,March,Mar,Q1,2114079.01,1462437.38,651641.63,30.82,Lina Sato,Arcadia Power Partners,AGC-00163,Arcadia Power Partners,Arcadia Power Partners,Westbridge Holdings,Egypt,Arcadia Power Partners,INV-2026-0016761,AGX-2026-018034-AGC-00163
2026-03-04,2026,3,March,Mar,Q1,469359.28,327828.81,141530.47,30.15,Leo Foster,Arcadia Drilling Solutions,AGC-00166,Arcadia Drilling Solutions,Arcadia Drilling Solutions,Silverline Holdings,Norway,Arcadia Drilling Solutions,INV-2026-0017166,AGX-2026-018477-AGC-00166
2026-03-04,2026,3,March,Mar,Q1,1050896.61,694807.86,356088.75,33.88,Zara Grant,Cobalt Field Services,AGC-00087,Cobalt Field Services,Cobalt Field Services,Rivermark Holdings,South Africa,Cobalt Field Services,INV-2026-0017258,AGX-2026-018579-AGC-00087
2026-03-04,2026,3,March,Mar,Q1,1062054.92,798098.62,263956.3,24.85,Grace Perry,Arcadia Marine Engineering,AGC-00175,Arcadia Marine Engineering,Arcadia Marine Engineering,Independent Entity,France,Arcadia Marine Engineering,INV-2026-0017272,AGX-2026-018595-AGC-00175
2026-03-05,2026,3,March,Mar,Q1,899065.02,576508.98,322556.04,35.88,Adrian Walker,Northstar Process Controls,AGC-00016,Northstar Process Controls,Northstar Process Controls,Granite Holdings,Qatar,Northstar Process Controls,INV-2026-0017734,AGX-2026-019088-AGC-00016
2026-03-06,2026,3,March,Mar,Q1,1085628.5,707243.13,378385.37,34.85,Avery Morgan,Arcadia Energy Projects,AGC-00174,Arcadia Energy Projects,Arcadia Energy Projects,Cascade Holdings,Canada,Arcadia Energy Projects,INV-2026-0017825,AGX-2026-019186-AGC-00174
2026-03-07,2026,3,March,Mar,Q1,1634898.21,1072309.54,562588.67,34.41,Julian Howard,Meridian Rotating Equipment,AGC-00134,Meridian Rotating Equipment,Meridian Rotating Equipment,Apex Holdings,Oman,Meridian Rotating Equipment,INV-2026-0016446,AGX-2026-017693-AGC-00134
2026-03-09,2026,3,March,Mar,Q1,222043.47,155853.18,66190.29,29.81,Lina Sato,Cobalt Compression,AGC-00093,Cobalt Compression,Cobalt Compression,Cobalt Holdings,Japan,Cobalt Compression,INV-2026-0017204,AGX-2026-018521-AGC-00093
2026-03-11,2026,3,March,Mar,Q1,1496478.91,969596.27,526882.64,35.21,Noah Keller,Helios Industrial Maintenance,AGC-00057,Helios Industrial Maintenance,Helios Industrial Maintenance,NovaGrid Holdings,United Kingdom,Helios Industrial Maintenance,INV-2026-0016323,AGX-2026-017560-AGC-00057
2026-03-11,2026,3,March,Mar,Q1,4298866.23,3103491.54,1195374.69,27.81,Noah Keller,Northstar Power Partners,AGC-00015,Northstar Power Partners,Northstar Power Partners,Independent Entity,Netherlands,Northstar Power Partners,INV-2026-0016752,AGX-2026-018025-AGC-00015
2026-03-12,2026,3,March,Mar,Q1,1758064.69,1163700.3,594364.39,33.81,Theo Price,Northstar Drilling Solutions,AGC-00018,Northstar Drilling Solutions,Northstar Drilling Solutions,Vertex Holdings,Thailand,Northstar Drilling Solutions,INV-2026-0017707,AGX-2026-019059-AGC-00018
2026-03-13,2026,3,March,Mar,Q1,3760306.22,2552725.15,1207581.07,32.11,Mila Diaz,Northstar Refinery Services,AGC-00025,Northstar Refinery Services,Northstar Refinery Services,Independent Entity,Poland,Northstar Refinery Services,INV-2026-0016850,AGX-2026-018134-AGC-00025
2026-03-15,2026,3,March,Mar,Q1,298338.03,196158.09,102179.94,34.25,Lucas Hayes,Cobalt Power Partners,AGC-00089,Cobalt Power Partners,Cobalt Power Partners,Apex Holdings,United States,Cobalt Power Partners,INV-2026-0017463,AGX-2026-018797-AGC-00089
2026-03-19,2026,3,March,Mar,Q1,953468.75,726405.32,227063.43,23.81,Leo Foster,Cobalt Industrial Solutions,AGC-00110,Cobalt Industrial Solutions,Cobalt Industrial Solutions,Independent Entity,United Arab Emirates,Cobalt Industrial Solutions,INV-2026-0016757,AGX-2026-018030-AGC-00110
2026-03-19,2026,3,March,Mar,Q1,222601.28,159127.82,63473.46,28.51,Camille Martin,Helios Energy Systems,AGC-00038,Helios Energy Systems,Helios Energy Systems,Trident Holdings,Argentina,Helios Energy Systems,INV-2026-0017740,AGX-2026-019094-AGC-00038
2026-03-21,2026,3,March,Mar,Q1,200609.99,136166.49,64443.5,32.12,Lina Sato,Northstar Rotating Equipment,AGC-00023,Northstar Rotating Equipment,Northstar Rotating Equipment,Falcon Holdings,United States,Northstar Rotating Equipment,INV-2026-0017581,AGX-2026-018924-AGC-00023
2026-03-23,2026,3,March,Mar,Q1,2477873.13,1522617.95,955255.18,38.55,Lucas Hayes,Meridian Flow Technologies,AGC-00117,Meridian Flow Technologies,Meridian Flow Technologies,Equinox Holdings,Thailand,Meridian Flow Technologies,INV-2026-0016425,AGX-2026-017671-AGC-00117
2026-03-24,2026,3,March,Mar,Q1,319708.8,208329.03,111379.77,34.84,Lina Sato,Cobalt Compression,AGC-00093,Cobalt Compression,Cobalt Compression,Cobalt Holdings,Japan,Cobalt Compression,INV-2026-0017476,AGX-2026-018813-AGC-00093
2026-03-30,2026,3,March,Mar,Q1,1144957.84,750073.08,394884.76,34.49,Zara Grant,Northstar Engineering,AGC-00017,Northstar Engineering,Northstar Engineering,Harborline Holdings,Singapore,Northstar Engineering,INV-2026-0016501,AGX-2026-017754-AGC-00017
2026-03-30,2026,3,March,Mar,Q1,584948.45,381224.94,203723.51,34.83,Avery Morgan,Meridian Resources,AGC-00132,Meridian Resources,Meridian Resources,Rivermark Holdings,Colombia,Meridian Resources,INV-2026-0017244,AGX-2026-018564-AGC-00132
2026-03-30,2026,3,March,Mar,Q1,316200.86,213858.91,102341.95,32.37,Zara Grant,Meridian Drilling Solutions,AGC-00129,Meridian Drilling Solutions,Meridian Drilling Solutions,Cascade Holdings,Saudi Arabia,Meridian Drilling Solutions,INV-2026-0017713,AGX-2026-019065-AGC-00129
2026-04-01,2026,4,April,Apr,Q2,268287.57,184627.14,83660.43,31.18,Julian Howard,Northstar Pipeline Services,AGC-00022,Northstar Pipeline Services,Northstar Pipeline Services,Clearwater Holdings,Indonesia,Northstar Pipeline Services,INV-2026-0017237,AGX-2026-018557-AGC-00022
2026-04-01,2026,4,April,Apr,Q2,14543.84,9864.69,4679.15,32.17,Grace Perry,Cobalt Engineering,AGC-00091,Cobalt Engineering,Cobalt Engineering,Northstar Holdings,Poland,Cobalt Engineering,INV-2026-0017322,AGX-2026-018645-AGC-00091
2026-04-02,2026,4,April,Apr,Q2,119745.87,82153.36,37592.51,31.39,Lina Sato,Cobalt Offshore Engineering,AGC-00079,Cobalt Offshore Engineering,Cobalt Offshore Engineering,Beacon Holdings,South Korea,Cobalt Offshore Engineering,INV-2026-0017561,AGX-2026-018904-AGC-00079
2026-04-04,2026,4,April,Apr,Q2,347691.92,226317.84,121374.08,34.91,Noah Keller,Northstar Controls,AGC-00029,Northstar Controls,Northstar Controls,DeltaWorks Holdings,Germany,Northstar Controls,INV-2026-0016403,AGX-2026-017648-AGC-00029
2026-04-06,2026,4,April,Apr,Q2,905417.98,554896.0,350521.98,38.71,Adrian Walker,Helios Infrastructure,AGC-00044,Helios Infrastructure,Helios Infrastructure,Apex Holdings,United Arab Emirates,Helios Infrastructure,INV-2026-0016550,AGX-2026-017808-AGC-00044
2026-04-06,2026,4,April,Apr,Q2,170522.16,106713.35,63808.81,37.42,Grace Perry,Meridian Petro Systems,AGC-00119,Meridian Petro Systems,Meridian Petro Systems,DeltaWorks Holdings,Spain,Meridian Petro Systems,INV-2026-0016920,AGX-2026-018212-AGC-00119
2026-04-08,2026,4,April,Apr,Q2,176959.74,121422.39,55537.35,31.38,Priya Nguyen,Arcadia Flow Technologies,AGC-00154,Arcadia Flow Technologies,Arcadia Flow Technologies,Pioneer Holdings,Indonesia,Arcadia Flow Technologies,INV-2026-0016584,AGX-2026-017845-AGC-00154
2026-04-09,2026,4,April,Apr,Q2,299887.71,203298.39,96589.32,32.21,Leo Foster,Helios Mechanical Group,AGC-00068,Helios Mechanical Group,Helios Mechanical Group,Falcon Holdings,Oman,Helios Mechanical Group,INV-2026-0017784,AGX-2026-019141-AGC-00068
2026-04-10,2026,4,April,Apr,Q2,1687730.42,1044699.63,643030.79,38.1,Lucas Hayes,Northstar Compression,AGC-00019,Northstar Compression,Northstar Compression,Pioneer Holdings,Chile,Northstar Compression,INV-2026-0016893,AGX-2026-018178-AGC-00019
2026-04-10,2026,4,April,Apr,Q2,232881.74,150858.21,82023.53,35.22,Noah Keller,Northstar Controls,AGC-00029,Northstar Controls,Northstar Controls,DeltaWorks Holdings,Germany,Northstar Controls,INV-2026-0017368,AGX-2026-018693-AGC-00029
2026-04-10,2026,4,April,Apr,Q2,1283750.79,973803.69,309947.1,24.14,Priya Nguyen,Northstar Production Services,AGC-00028,Northstar Production Services,Northstar Production Services,Westbridge Holdings,Mexico,Northstar Production Services,INV-2026-0017430,AGX-2026-018760-AGC-00028
2026-04-13,2026,4,April,Apr,Q2,379352.05,255154.13,124197.92,32.74,Eva Lewis,Cobalt Rotating Equipment,AGC-00097,Cobalt Rotating Equipment,Cobalt Rotating Equipment,BluePeak Holdings,Egypt,Cobalt Rotating Equipment,INV-2026-0017196,AGX-2026-018513-AGC-00097
2026-04-13,2026,4,April,Apr,Q2,47073.74,32794.47,14279.27,30.33,Zara Grant,Cobalt Marine Engineering,AGC-00101,Cobalt Marine Engineering,Cobalt Marine Engineering,Redwood Holdings,Oman,Cobalt Marine Engineering,INV-2026-0017594,AGX-2026-018937-AGC-00101
2026-04-15,2026,4,April,Apr,Q2,110769.42,77687.55,33081.87,29.87,Zara Grant,Meridian Process Solutions,AGC-00115,Meridian Process Solutions,Meridian Process Solutions,Independent Entity,Qatar,Meridian Process Solutions,INV-2026-0017465,AGX-2026-018800-AGC-00115
2026-04-16,2026,4,April,Apr,Q2,26434.44,17871.03,8563.41,32.39,Theo Price,Meridian Offshore Engineering,AGC-00116,Meridian Offshore Engineering,Meridian Offshore Engineering,Keystone Holdings,Singapore,Meridian Offshore Engineering,INV-2026-0016861,AGX-2026-018145-AGC-00116
2026-04-16,2026,4,April,Apr,Q2,468985.32,295304.09,173681.23,37.03,Zara Grant,Northstar Industrial Group,AGC-00003,Northstar Industrial Group,Northstar Industrial Group,Cobalt Holdings,Malaysia,Northstar Industrial Group,INV-2026-0017583,AGX-2026-018926-AGC-00003
2026-04-16,2026,4,April,Apr,Q2,174939.83,119070.46,55869.37,31.94,Mila Diaz,Cobalt Technical Services,AGC-00109,Cobalt Technical Services,Cobalt Technical Services,Pioneer Holdings,France,Cobalt Technical Services,INV-2026-0017655,AGX-2026-019004-AGC-00109
2026-04-17,2026,4,April,Apr,Q2,1052869.74,712811.18,340058.56,32.3,Lucas Hayes,Arcadia Refinery Services,AGC-00173,Arcadia Refinery Services,Arcadia Refinery Services,Trident Holdings,Australia,Arcadia Refinery Services,INV-2026-0016470,AGX-2026-017719-AGC-00173
2026-04-19,2026,4,April,Apr,Q2,71876.72,47536.32,24340.4,33.86,Grace Perry,Northstar Resources,AGC-00021,Northstar Resources,Northstar Resources,TerraNova Holdings,South Africa,Northstar Resources,INV-2026-0017330,AGX-2026-018654-AGC-00021
2026-04-20,2026,4,April,Apr,Q2,439830.62,304432.96,135397.66,30.78,Lucas Hayes,Cobalt Power Partners,AGC-00089,Cobalt Power Partners,Cobalt Power Partners,Apex Holdings,United States,Cobalt Power Partners,INV-2026-0016687,AGX-2026-017957-AGC-00089
2026-04-20,2026,4,April,Apr,Q2,611857.22,429431.16,182426.06,29.82,Eva Lewis,Cobalt Mining Services,AGC-00083,Cobalt Mining Services,Cobalt Mining Services,Trident Holdings,Singapore,Cobalt Mining Services,INV-2026-0017771,AGX-2026-019128-AGC-00083
2026-04-21,2026,4,April,Apr,Q2,157564.03,120752.25,36811.78,23.36,Eva Lewis,Arcadia Compression,AGC-00167,Arcadia Compression,Arcadia Compression,Noble Ridge Holdings,Oman,Arcadia Compression,INV-2026-0017455,AGX-2026-018789-AGC-00167
2026-04-21,2026,4,April,Apr,Q2,362529.09,246599.99,115929.1,31.98,Eva Lewis,Northstar Field Services,AGC-00013,Northstar Field Services,Northstar Field Services,Crescent Holdings,South Korea,Northstar Field Services,INV-2026-0017669,AGX-2026-019020-AGC-00013
2026-04-23,2026,4,April,Apr,Q2,1432974.62,953977.59,478997.03,33.43,Adrian Walker,Cobalt Energy Projects,AGC-00100,Cobalt Energy Projects,Cobalt Energy Projects,Independent Entity,Norway,Cobalt Energy Projects,INV-2026-0016664,AGX-2026-017932-AGC-00100
2026-04-24,2026,4,April,Apr,Q2,14130.56,9841.4,4289.16,30.35,Priya Nguyen,Meridian Power Partners,AGC-00126,Meridian Power Partners,Meridian Power Partners,Monarch Holdings,Japan,Meridian Power Partners,INV-2026-0016596,AGX-2026-017858-AGC-00126
2026-04-25,2026,4,April,Apr,Q2,1161222.73,808522.56,352700.17,30.37,Grace Perry,Meridian Pipeline Services,AGC-00133,Meridian Pipeline Services,Meridian Pipeline Services,Lighthouse Holdings,Norway,Meridian Pipeline Services,INV-2026-0017488,AGX-2026-018825-AGC-00133
2026-04-28,2026,4,April,Apr,Q2,156066.78,106795.73,49271.05,31.57,Julian Howard,Northstar Industrial Solutions,AGC-00036,Northstar Industrial Solutions,Northstar Industrial Solutions,Monarch Holdings,Malaysia,Northstar Industrial Solutions,INV-2026-0017337,AGX-2026-018662-AGC-00036
2026-04-30,2026,4,April,Apr,Q2,344434.9,238235.51,106199.39,30.83,Zara Grant,Meridian Industrial Services,AGC-00143,Meridian Industrial Services,Meridian Industrial Services,Vantage Holdings,United Arab Emirates,Meridian Industrial Services,INV-2026-0016517,AGX-2026-017771-AGC-00143
2026-04-30,2026,4,April,Apr,Q2,746165.71,494791.23,251374.48,33.69,Julian Howard,Arcadia Production Services,AGC-00176,Arcadia Production Services,Arcadia Production Services,Zenith Holdings,United Arab Emirates,Arcadia Production Services,INV-2026-0016958,AGX-2026-018254-AGC-00176
2026-05-01,2026,5,May,May,Q2,317529.16,185441.89,132087.27,41.6,Adrian Walker,Meridian Mechanical Group,AGC-00142,Meridian Mechanical Group,Meridian Mechanical Group,BluePeak Holdings,France,Meridian Mechanical Group,INV-2026-0016526,AGX-2026-017782-AGC-00142
2026-05-01,2026,5,May,May,Q2,595948.35,414976.76,180971.59,30.37,Avery Morgan,Northstar Industrial Maintenance,AGC-00020,Northstar Industrial Maintenance,Northstar Industrial Maintenance,Independent Entity,Spain,Northstar Industrial Maintenance,INV-2026-0017750,AGX-2026-019105-AGC-00020
2026-05-02,2026,5,May,May,Q2,797679.87,524999.65,272680.22,34.18,Avery Morgan,Arcadia Utilities,AGC-00160,Arcadia Utilities,Arcadia Utilities,Independent Entity,Mexico,Arcadia Utilities,INV-2026-0017019,AGX-2026-018320-AGC-00160
2026-05-03,2026,5,May,May,Q2,89365.99,69560.65,19805.34,22.16,Eva Lewis,Northstar Field Services,AGC-00013,Northstar Field Services,Northstar Field Services,Crescent Holdings,South Korea,Northstar Field Services,INV-2026-0016495,AGX-2026-017748-AGC-00013
2026-05-03,2026,5,May,May,Q2,6301.58,4260.91,2040.67,32.38,Theo Price,Meridian Flow Systems,AGC-00144,Meridian Flow Systems,Meridian Flow Systems,Sterling Holdings,Kenya,Meridian Flow Systems,INV-2026-0016919,AGX-2026-018211-AGC-00144
2026-05-06,2026,5,May,May,Q2,84481.43,57212.57,27268.86,32.28,Lina Sato,Helios Mechanical,AGC-00051,Helios Mechanical,Helios Mechanical,Summit Holdings,Thailand,Helios Mechanical,INV-2026-0016374,AGX-2026-017615-AGC-00051
2026-05-06,2026,5,May,May,Q2,212219.49,144570.83,67648.66,31.88,Adrian Walker,Meridian Engineering,AGC-00128,Meridian Engineering,Meridian Engineering,Trident Holdings,Germany,Meridian Engineering,INV-2026-0017894,AGX-2026-019260-AGC-00128
2026-05-07,2026,5,May,May,Q2,208376.21,146911.48,61464.73,29.5,Leo Foster,Northstar Utilities,AGC-00012,Northstar Utilities,Northstar Utilities,NovaGrid Holdings,Kenya,Northstar Utilities,INV-2026-0017333,AGX-2026-018657-AGC-00012
2026-05-10,2026,5,May,May,Q2,101999.35,67456.75,34542.6,33.87,Avery Morgan,Meridian Infrastructure,AGC-00118,Meridian Infrastructure,Meridian Infrastructure,Westbridge Holdings,Chile,Meridian Infrastructure,INV-2026-0016510,AGX-2026-017763-AGC-00118
2026-05-10,2026,5,May,May,Q2,431046.73,253938.9,177107.83,41.09,Adrian Walker,Meridian Industrial Group,AGC-00114,Meridian Industrial Group,Meridian Industrial Group,Sierra Holdings,Netherlands,Meridian Industrial Group,INV-2026-0017399,AGX-2026-018727-AGC-00114
2026-05-11,2026,5,May,May,Q2,381968.83,244851.17,137117.66,35.9,Avery Morgan,Cobalt Marine Services,AGC-00076,Cobalt Marine Services,Cobalt Marine Services,Silverline Holdings,France,Cobalt Marine Services,INV-2026-0016852,AGX-2026-018136-AGC-00076
2026-05-11,2026,5,May,May,Q2,4670368.31,3130855.7,1539512.61,32.96,Lucas Hayes,Cobalt Controls,AGC-00103,Cobalt Controls,Cobalt Controls,Crescent Holdings,Vietnam,Cobalt Controls,INV-2026-0017844,AGX-2026-019206-AGC-00103
2026-05-13,2026,5,May,May,Q2,1710520.11,1051874.41,658645.7,38.51,Avery Morgan,Meridian Technical Services,AGC-00146,Meridian Technical Services,Meridian Technical Services,Redwood Holdings,Brazil,Meridian Technical Services,INV-2026-0017114,AGX-2026-018421-AGC-00146
2026-05-13,2026,5,May,May,Q2,323490.62,215930.97,107559.65,33.25,Eva Lewis,Meridian Production Services,AGC-00139,Meridian Production Services,Meridian Production Services,Meridian Holdings,Ghana,Meridian Production Services,INV-2026-0017517,AGX-2026-018855-AGC-00139
2026-05-14,2026,5,May,May,Q2,26080.3,17822.82,8257.48,31.66,Priya Nguyen,Arcadia Industrial Maintenance,AGC-00168,Arcadia Industrial Maintenance,Arcadia Industrial Maintenance,Pacific Crest Holdings,Malaysia,Arcadia Industrial Maintenance,INV-2026-0016583,AGX-2026-017844-AGC-00168
2026-05-14,2026,5,May,May,Q2,279318.32,179496.48,99821.84,35.74,Zara Grant,Helios Pipeline Services,AGC-00059,Helios Pipeline Services,Helios Pipeline Services,Ironwood Holdings,Nigeria,Helios Pipeline Services,INV-2026-0016874,AGX-2026-018158-AGC-00059
2026-05-14,2026,5,May,May,Q2,284667.75,206414.62,78253.13,27.49,Priya Nguyen,Helios Offshore Engineering,AGC-00042,Helios Offshore Engineering,Helios Offshore Engineering,Rivermark Holdings,Canada,Helios Offshore Engineering,INV-2026-0017153,AGX-2026-018463-AGC-00042
2026-05-15,2026,5,May,May,Q2,83758.43,56538.07,27220.36,32.5,Leo Foster,Cobalt Industrial Solutions,AGC-00110,Cobalt Industrial Solutions,Cobalt Industrial Solutions,Independent Entity,United Arab Emirates,Cobalt Industrial Solutions,INV-2026-0017278,AGX-2026-018601-AGC-00110
2026-05-16,2026,5,May,May,Q2,221312.97,138563.26,82749.71,37.39,Noah Keller,Helios Industrial Maintenance,AGC-00057,Helios Industrial Maintenance,Helios Industrial Maintenance,NovaGrid Holdings,United Kingdom,Helios Industrial Maintenance,INV-2026-0017311,AGX-2026-018634-AGC-00057
2026-05-16,2026,5,May,May,Q2,152521.91,101210.04,51311.87,33.64,Avery Morgan,Northstar Instrumentation,AGC-00034,Northstar Instrumentation,Northstar Instrumentation,Beacon Holdings,Norway,Northstar Instrumentation,INV-2026-0017383,AGX-2026-018709-AGC-00034
2026-05-18,2026,5,May,May,Q2,1753270.28,1124751.12,628519.16,35.85,Camille Martin,Arcadia Marine Services,AGC-00150,Arcadia Marine Services,Arcadia Marine Services,Independent Entity,Thailand,Arcadia Marine Services,INV-2026-0016756,AGX-2026-018029-AGC-00150
2026-05-19,2026,5,May,May,Q2,361317.74,242798.17,118519.57,32.8,Theo Price,Cobalt Production Services,AGC-00102,Cobalt Production Services,Cobalt Production Services,NovaGrid Holdings,Malaysia,Cobalt Production Services,INV-2026-0017484,AGX-2026-018821-AGC-00102
2026-05-20,2026,5,May,May,Q2,801775.03,571593.96,230181.07,28.71,Zara Grant,Helios Industrial Solutions,AGC-00073,Helios Industrial Solutions,Helios Industrial Solutions,Westbridge Holdings,Ghana,Helios Industrial Solutions,INV-2026-0017471,AGX-2026-018808-AGC-00073
2026-05-21,2026,5,May,May,Q2,290369.97,188288.21,102081.76,35.16,Adrian Walker,Meridian Mechanical Group,AGC-00142,Meridian Mechanical Group,Meridian Mechanical Group,BluePeak Holdings,France,Meridian Mechanical Group,INV-2026-0016812,AGX-2026-018092-AGC-00142
2026-05-21,2026,5,May,May,Q2,228922.6,161533.5,67389.1,29.44,Eva Lewis,Helios Process Solutions,AGC-00041,Helios Process Solutions,Helios Process Solutions,Zenith Holdings,Australia,Helios Process Solutions,INV-2026-0016831,AGX-2026-018114-AGC-00041
2026-05-23,2026,5,May,May,Q2,70195.1,48668.5,21526.6,30.67,Lucas Hayes,Arcadia Automation,AGC-00159,Arcadia Automation,Arcadia Automation,Sierra Holdings,Japan,Arcadia Automation,INV-2026-0016922,AGX-2026-018214-AGC-00159
2026-05-27,2026,5,May,May,Q2,3382743.65,2338073.76,1044669.89,30.88,Zara Grant,Meridian Process Solutions,AGC-00115,Meridian Process Solutions,Meridian Process Solutions,Independent Entity,Qatar,Meridian Process Solutions,INV-2026-0016445,AGX-2026-017692-AGC-00115
2026-05-27,2026,5,May,May,Q2,599900.87,406640.25,193260.62,32.22,Noah Keller,Cobalt Automation,AGC-00085,Cobalt Automation,Cobalt Automation,Independent Entity,Chile,Cobalt Automation,INV-2026-0016448,AGX-2026-017695-AGC-00085
2026-05-28,2026,5,May,May,Q2,942930.9,650370.8,292560.1,31.03,Camille Martin,Helios Power Partners,AGC-00052,Helios Power Partners,Helios Power Partners,BluePeak Holdings,Chile,Helios Power Partners,INV-2026-0017259,AGX-2026-018580-AGC-00052
2026-05-28,2026,5,May,May,Q2,281797.43,190697.79,91099.64,32.33,Theo Price,Arcadia Waterworks,AGC-00158,Arcadia Waterworks,Arcadia Waterworks,Falcon Holdings,Nigeria,Arcadia Waterworks,INV-2026-0017857,AGX-2026-019220-AGC-00158
2026-05-29,2026,5,May,May,Q2,3975.51,2943.0,1032.51,25.97,Grace Perry,Arcadia Marine Engineering,AGC-00175,Arcadia Marine Engineering,Arcadia Marine Engineering,Independent Entity,France,Arcadia Marine Engineering,INV-2026-0017053,AGX-2026-018354-AGC-00175
2026-05-30,2026,5,May,May,Q2,815919.26,545037.02,270882.24,33.2,Grace Perry,Helios Utilities,AGC-00049,Helios Utilities,Helios Utilities,Meridian Holdings,Qatar,Helios Utilities,INV-2026-0016413,AGX-2026-017658-AGC-00049
2026-05-30,2026,5,May,May,Q2,376444.36,243050.53,133393.83,35.44,Noah Keller,Cobalt Refinery Services,AGC-00099,Cobalt Refinery Services,Cobalt Refinery Services,Sterling Holdings,Colombia,Cobalt Refinery Services,INV-2026-0017008,AGX-2026-018309-AGC-00099
2026-06-02,2026,6,June,Jun,Q2,709771.85,478260.24,231511.61,32.62,Adrian Walker,Arcadia Pipeline Services,AGC-00170,Arcadia Pipeline Services,Arcadia Pipeline Services,Independent Entity,Argentina,Arcadia Pipeline Services,INV-2026-0017533,AGX-2026-018873-AGC-00170
2026-06-02,2026,6,June,Jun,Q2,46464.85,32059.25,14405.6,31.0,Adrian Walker,Northstar Offshore Systems,AGC-00030,Northstar Offshore Systems,Northstar Offshore Systems,Independent Entity,Saudi Arabia,Northstar Offshore Systems,INV-2026-0017827,AGX-2026-019189-AGC-00030
2026-06-03,2026,6,June,Jun,Q2,237408.9,162003.32,75405.58,31.76,Lina Sato,Arcadia Controls,AGC-00177,Arcadia Controls,Arcadia Controls,Rivermark Holdings,Kenya,Arcadia Controls,INV-2026-0017017,AGX-2026-018318-AGC-00177
2026-06-03,2026,6,June,Jun,Q2,1593841.65,1112538.78,481302.87,30.2,Theo Price,Cobalt Mechanical,AGC-00088,Cobalt Mechanical,Cobalt Mechanical,Lighthouse Holdings,Indonesia,Cobalt Mechanical,INV-2026-0017228,AGX-2026-018548-AGC-00088
2026-06-03,2026,6,June,Jun,Q2,122903.63,79191.16,43712.47,35.57,Camille Martin,Northstar Waterworks,AGC-00010,Northstar Waterworks,Northstar Waterworks,Independent Entity,France,Northstar Waterworks,INV-2026-0017230,AGX-2026-018550-AGC-00010
2026-06-04,2026,6,June,Jun,Q2,14514.22,9171.52,5342.7,36.81,Leo Foster,Arcadia Process Solutions,AGC-00152,Arcadia Process Solutions,Arcadia Process Solutions,Harborline Holdings,Spain,Arcadia Process Solutions,INV-2026-0016777,AGX-2026-018052-AGC-00152
2026-06-05,2026,6,June,Jun,Q2,322652.55,201944.27,120708.28,37.41,Avery Morgan,Cobalt Process Controls,AGC-00090,Cobalt Process Controls,Cobalt Process Controls,Independent Entity,United Kingdom,Cobalt Process Controls,INV-2026-0016779,AGX-2026-018055-AGC-00090
2026-06-05,2026,6,June,Jun,Q2,543438.17,350934.57,192503.6,35.42,Noah Keller,Arcadia Infrastructure,AGC-00155,Arcadia Infrastructure,Arcadia Infrastructure,Independent Entity,United States,Arcadia Infrastructure,INV-2026-0017119,AGX-2026-018426-AGC-00155
2026-06-05,2026,6,June,Jun,Q2,1599828.23,1055562.48,544265.75,34.02,Priya Nguyen,Meridian Energy Systems,AGC-00112,Meridian Energy Systems,Meridian Energy Systems,Clearwater Holdings,South Korea,Meridian Energy Systems,INV-2026-0017862,AGX-2026-019227-AGC-00112
2026-06-06,2026,6,June,Jun,Q2,96976.89,61756.46,35220.43,36.32,Mila Diaz,Arcadia Industrial Group,AGC-00151,Arcadia Industrial Group,Arcadia Industrial Group,Granite Holdings,Chile,Arcadia Industrial Group,INV-2026-0016661,AGX-2026-017929-AGC-00151
2026-06-06,2026,6,June,Jun,Q2,574537.57,373326.86,201210.71,35.02,Eva Lewis,Helios Industrial Services,AGC-00069,Helios Industrial Services,Helios Industrial Services,Sierra Holdings,Malaysia,Helios Industrial Services,INV-2026-0017447,AGX-2026-018778-AGC-00069
2026-06-07,2026,6,June,Jun,Q2,1466219.0,999947.52,466271.48,31.8,Lucas Hayes,Cobalt Energy Systems,AGC-00075,Cobalt Energy Systems,Cobalt Energy Systems,Independent Entity,Canada,Cobalt Energy Systems,INV-2026-0017101,AGX-2026-018407-AGC-00075
2026-06-07,2026,6,June,Jun,Q2,415180.14,264400.17,150779.97,36.32,Camille Martin,Cobalt Flow Technologies,AGC-00080,Cobalt Flow Technologies,Cobalt Flow Technologies,Independent Entity,Brazil,Cobalt Flow Technologies,INV-2026-0017446,AGX-2026-018777-AGC-00080
2026-06-08,2026,6,June,Jun,Q2,607004.87,427117.56,179887.31,29.64,Julian Howard,Cobalt Drilling Solutions,AGC-00092,Cobalt Drilling Solutions,Cobalt Drilling Solutions,Helios Holdings,Nigeria,Cobalt Drilling Solutions,INV-2026-0016643,AGX-2026-017909-AGC-00092
2026-06-08,2026,6,June,Jun,Q2,324877.26,237993.9,86883.36,26.74,Lucas Hayes,Meridian Instrumentation,AGC-00145,Meridian Instrumentation,Meridian Instrumentation,Independent Entity,South Korea,Meridian Instrumentation,INV-2026-0017154,AGX-2026-018464-AGC-00145
2026-06-08,2026,6,June,Jun,Q2,1740783.61,1098470.43,642313.18,36.9,Zara Grant,Helios Pipeline Services,AGC-00059,Helios Pipeline Services,Helios Pipeline Services,Ironwood Holdings,Nigeria,Helios Pipeline Services,INV-2026-0017369,AGX-2026-018694-AGC-00059
2026-06-08,2026,6,June,Jun,Q2,253817.53,177801.41,76016.12,29.95,Eva Lewis,Cobalt Mining Services,AGC-00083,Cobalt Mining Services,Cobalt Mining Services,Trident Holdings,Singapore,Cobalt Mining Services,INV-2026-0017703,AGX-2026-019055-AGC-00083
2026-06-09,2026,6,June,Jun,Q2,20124.97,13291.06,6833.91,33.96,Theo Price,Meridian Compression,AGC-00130,Meridian Compression,Meridian Compression,Independent Entity,Egypt,Meridian Compression,INV-2026-0016913,AGX-2026-018202-AGC-00130
2026-06-09,2026,6,June,Jun,Q2,712094.61,488884.25,223210.36,31.35,Theo Price,Northstar Industrial Services,AGC-00032,Northstar Industrial Services,Northstar Industrial Services,Noble Ridge Holdings,India,Northstar Industrial Services,INV-2026-0017427,AGX-2026-018757-AGC-00032
2026-06-09,2026,6,June,Jun,Q2,263673.38,192189.23,71484.15,27.11,Lucas Hayes,Northstar Flow Systems,AGC-00033,Northstar Flow Systems,Northstar Flow Systems,Pacific Crest Holdings,Colombia,Northstar Flow Systems,INV-2026-0017437,AGX-2026-018767-AGC-00033
2026-06-10,2026,6,June,Jun,Q2,498471.36,339207.9,159263.46,31.95,Zara Grant,Helios Industrial Solutions,AGC-00073,Helios Industrial Solutions,Helios Industrial Solutions,Westbridge Holdings,Ghana,Helios Industrial Solutions,INV-2026-0016899,AGX-2026-018184-AGC-00073
2026-06-10,2026,6,June,Jun,Q2,535965.85,378829.34,157136.51,29.32,Grace Perry,Helios Energy Projects,AGC-00063,Helios Energy Projects,Helios Energy Projects,Vertex Holdings,Saudi Arabia,Helios Energy Projects,INV-2026-0017157,AGX-2026-018467-AGC-00063
2026-06-11,2026,6,June,Jun,Q2,321363.38,208089.3,113274.08,35.25,Lina Sato,Meridian Technical Supply,AGC-00135,Meridian Technical Supply,Meridian Technical Supply,Independent Entity,Malaysia,Meridian Technical Supply,INV-2026-0016401,AGX-2026-017646-AGC-00135
2026-06-12,2026,6,June,Jun,Q2,80229.19,55921.61,24307.58,30.3,Adrian Walker,Helios Resources,AGC-00058,Helios Resources,Helios Resources,Crescent Holdings,Poland,Helios Resources,INV-2026-0016928,AGX-2026-018221-AGC-00058
2026-06-15,2026,6,June,Jun,Q2,321502.55,199356.61,122145.94,37.99,Priya Nguyen,Helios Compression,AGC-00056,Helios Compression,Helios Compression,Redwood Holdings,United States,Helios Compression,INV-2026-0016690,AGX-2026-017960-AGC-00056
2026-06-17,2026,6,June,Jun,Q2,645250.83,467770.92,177479.91,27.51,Lucas Hayes,Arcadia Refinery Services,AGC-00173,Arcadia Refinery Services,Arcadia Refinery Services,Trident Holdings,Australia,Arcadia Refinery Services,INV-2026-0017075,AGX-2026-018379-AGC-00173
2026-06-18,2026,6,June,Jun,Q2,482597.67,305903.16,176694.51,36.61,Lucas Hayes,Northstar Flow Systems,AGC-00033,Northstar Flow Systems,Northstar Flow Systems,Pacific Crest Holdings,Colombia,Northstar Flow Systems,INV-2026-0016825,AGX-2026-018108-AGC-00033
2026-06-18,2026,6,June,Jun,Q2,2947600.67,2060344.98,887255.69,30.1,Leo Foster,Arcadia Industrial Services,AGC-00180,Arcadia Industrial Services,Arcadia Industrial Services,Independent Entity,Netherlands,Arcadia Industrial Services,INV-2026-0017460,AGX-2026-018794-AGC-00180
2026-06-19,2026,6,June,Jun,Q2,856274.48,580458.39,275816.09,32.21,Theo Price,Arcadia Waterworks,AGC-00158,Arcadia Waterworks,Arcadia Waterworks,Falcon Holdings,Nigeria,Arcadia Waterworks,INV-2026-0016389,AGX-2026-017634-AGC-00158
2026-06-19,2026,6,June,Jun,Q2,46167.26,31212.21,14955.05,32.39,Julian Howard,Meridian Marine Supply,AGC-00148,Meridian Marine Supply,Meridian Marine Supply,Crescent Holdings,Qatar,Meridian Marine Supply,INV-2026-0016499,AGX-2026-017752-AGC-00148
2026-06-20,2026,6,June,Jun,Q2,3848237.73,2596093.19,1252144.54,32.54,Adrian Walker,Cobalt Utilities,AGC-00086,Cobalt Utilities,Cobalt Utilities,Zenith Holdings,Spain,Cobalt Utilities,INV-2026-0017623,AGX-2026-018968-AGC-00086
2026-06-25,2026,6,June,Jun,Q2,174377.42,112197.29,62180.13,35.66,Noah Keller,Meridian Marine Services,AGC-00113,Meridian Marine Services,Meridian Marine Services,Falcon Holdings,Brazil,Meridian Marine Services,INV-2026-0016391,AGX-2026-017636-AGC-00113
2026-06-25,2026,6,June,Jun,Q2,94149.71,62902.88,31246.83,33.19,Avery Morgan,Cobalt Offshore Systems,AGC-00104,Cobalt Offshore Systems,Cobalt Offshore Systems,Ironwood Holdings,Argentina,Cobalt Offshore Systems,INV-2026-0017319,AGX-2026-018642-AGC-00104
2026-06-26,2026,6,June,Jun,Q2,635636.87,397958.17,237678.7,37.39,Priya Nguyen,Meridian Controls,AGC-00140,Meridian Controls,Meridian Controls,Independent Entity,Australia,Meridian Controls,INV-2026-0017235,AGX-2026-018555-AGC-00140
2026-06-27,2026,6,June,Jun,Q2,1171798.53,792613.96,379184.57,32.36,Julian Howard,Cobalt Industrial Services,AGC-00106,Cobalt Industrial Services,Cobalt Industrial Services,Granite Holdings,Ghana,Cobalt Industrial Services,INV-2026-0017826,AGX-2026-019187-AGC-00106
2026-06-28,2026,6,June,Jun,Q2,407908.44,271171.65,136736.79,33.52,Leo Foster,Helios Industrial Group,AGC-00040,Helios Industrial Group,Helios Industrial Group,Independent Entity,Ghana,Helios Industrial Group,INV-2026-0016708,AGX-2026-017978-AGC-00040
2026-06-28,2026,6,June,Jun,Q2,601103.78,394502.77,206601.01,34.37,Grace Perry,Arcadia Field Services,AGC-00161,Arcadia Field Services,Arcadia Field Services,Keystone Holdings,Germany,Arcadia Field Services,INV-2026-0017378,AGX-2026-018704-AGC-00161
2026-06-28,2026,6,June,Jun,Q2,119687.18,75074.49,44612.69,37.27,Camille Martin,Meridian Automation,AGC-00122,Meridian Automation,Meridian Automation,Noble Ridge Holdings,United States,Meridian Automation,INV-2026-0017428,AGX-2026-018758-AGC-00122
2026-06-29,2026,6,June,Jun,Q2,829882.17,565863.32,264018.85,31.81,Mila Diaz,Cobalt Infrastructure,AGC-00081,Cobalt Infrastructure,Cobalt Infrastructure,Monarch Holdings,Netherlands,Cobalt Infrastructure,INV-2026-0016624,AGX-2026-017888-AGC-00081
2026-06-30,2026,6,June,Jun,Q2,467032.23,301546.09,165486.14,35.43,Noah Keller,Cobalt Automation,AGC-00085,Cobalt Automation,Cobalt Automation,Independent Entity,Chile,Cobalt Automation,INV-2026-0016737,AGX-2026-018010-AGC-00085
2026-07-03,2026,7,July,Jul,Q3,1611373.49,1073877.59,537495.9,33.36,Julian Howard,Northstar Petro Systems,AGC-00008,Northstar Petro Systems,Northstar Petro Systems,Vantage Holdings,Australia,Northstar Petro Systems,INV-2026-0017198,AGX-2026-018515-AGC-00008
2026-07-06,2026,7,July,Jul,Q3,897871.77,616191.27,281680.5,31.37,Mila Diaz,Cobalt Resources,AGC-00095,Cobalt Resources,Cobalt Resources,Independent Entity,Germany,Cobalt Resources,INV-2026-0016480,AGX-2026-017730-AGC-00095
2026-07-06,2026,7,July,Jul,Q3,203487.81,141724.07,61763.74,30.35,Noah Keller,Arcadia Resources,AGC-00169,Arcadia Resources,Arcadia Resources,Beacon Holdings,Vietnam,Arcadia Resources,INV-2026-0016610,AGX-2026-017873-AGC-00169
2026-07-06,2026,7,July,Jul,Q3,910487.35,654617.2,255870.15,28.1,Grace Perry,Northstar Technical Services,AGC-00035,Northstar Technical Services,Northstar Technical Services,Independent Entity,Oman,Northstar Technical Services,INV-2026-0016829,AGX-2026-018112-AGC-00035
2026-07-07,2026,7,July,Jul,Q3,49889.89,31459.92,18429.97,36.94,Mila Diaz,Arcadia Mechanical Group,AGC-00179,Arcadia Mechanical Group,Arcadia Mechanical Group,Apex Holdings,Brazil,Arcadia Mechanical Group,INV-2026-0016814,AGX-2026-018094-AGC-00179
2026-07-07,2026,7,July,Jul,Q3,157056.56,103446.52,53610.04,34.13,Grace Perry,Cobalt Industrial Group,AGC-00077,Cobalt Industrial Group,Cobalt Industrial Group,Noble Ridge Holdings,United Arab Emirates,Cobalt Industrial Group,INV-2026-0016907,AGX-2026-018194-AGC-00077
2026-07-07,2026,7,July,Jul,Q3,210301.69,145299.29,65002.4,30.91,Zara Grant,Arcadia Mining Services,AGC-00157,Arcadia Mining Services,Arcadia Mining Services,Clearwater Holdings,Poland,Arcadia Mining Services,INV-2026-0017253,AGX-2026-018574-AGC-00157
2026-07-08,2026,7,July,Jul,Q3,1120314.36,739672.2,380642.16,33.98,Eva Lewis,Helios Drilling Solutions,AGC-00055,Helios Drilling Solutions,Helios Drilling Solutions,Independent Entity,Indonesia,Helios Drilling Solutions,INV-2026-0016408,AGX-2026-017653-AGC-00055
2026-07-08,2026,7,July,Jul,Q3,124028.37,82104.68,41923.69,33.8,Camille Martin,Helios Controls,AGC-00066,Helios Controls,Helios Controls,TerraNova Holdings,Colombia,Helios Controls,INV-2026-0017115,AGX-2026-018422-AGC-00066
2026-07-08,2026,7,July,Jul,Q3,400813.24,261434.57,139378.67,34.77,Leo Foster,Meridian Marine Engineering,AGC-00138,Meridian Marine Engineering,Meridian Marine Engineering,Cobalt Holdings,Italy,Meridian Marine Engineering,INV-2026-0017144,AGX-2026-018452-AGC-00138
2026-07-08,2026,7,July,Jul,Q3,14605.85,10469.34,4136.51,28.32,Noah Keller,Cobalt Refinery Services,AGC-00099,Cobalt Refinery Services,Cobalt Refinery Services,Sterling Holdings,Colombia,Cobalt Refinery Services,INV-2026-0017160,AGX-2026-018470-AGC-00099
2026-07-09,2026,7,July,Jul,Q3,18207.68,10764.58,7443.1,40.88,Priya Nguyen,Meridian Controls,AGC-00140,Meridian Controls,Meridian Controls,Independent Entity,Australia,Meridian Controls,INV-2026-0017526,AGX-2026-018865-AGC-00140
2026-07-10,2026,7,July,Jul,Q3,192541.3,132112.82,60428.48,31.38,Lucas Hayes,Helios Waterworks,AGC-00047,Helios Waterworks,Helios Waterworks,Helios Holdings,Brazil,Helios Waterworks,INV-2026-0016694,AGX-2026-017964-AGC-00047
2026-07-10,2026,7,July,Jul,Q3,538869.86,360871.77,177998.09,33.03,Lina Sato,Northstar Mining Services,AGC-00009,Northstar Mining Services,Northstar Mining Services,Sterling Holdings,Canada,Northstar Mining Services,INV-2026-0017664,AGX-2026-019014-AGC-00009
2026-07-18,2026,7,July,Jul,Q3,91910.45,63378.13,28532.32,31.04,Lina Sato,Northstar Marine Supply,AGC-00037,Northstar Marine Supply,Northstar Marine Supply,Frontier Holdings,Vietnam,Northstar Marine Supply,INV-2026-0017357,AGX-2026-018682-AGC-00037
2026-07-18,2026,7,July,Jul,Q3,546829.39,375294.96,171534.43,31.37,Julian Howard,Meridian Mining Services,AGC-00120,Meridian Mining Services,Meridian Mining Services,Independent Entity,South Africa,Meridian Mining Services,INV-2026-0017747,AGX-2026-019102-AGC-00120
2026-07-18,2026,7,July,Jul,Q3,787009.26,569240.3,217768.96,27.67,Grace Perry,Meridian Industrial Solutions,AGC-00147,Meridian Industrial Solutions,Meridian Industrial Solutions,NovaGrid Holdings,Netherlands,Meridian Industrial Solutions,INV-2026-0017873,AGX-2026-019238-AGC-00147
2026-07-21,2026,7,July,Jul,Q3,4426805.71,3033959.1,1392846.61,31.46,Priya Nguyen,Cobalt Waterworks,AGC-00084,Cobalt Waterworks,Cobalt Waterworks,Cascade Holdings,Thailand,Cobalt Waterworks,INV-2026-0016948,AGX-2026-018242-AGC-00084
2026-07-21,2026,7,July,Jul,Q3,48866.85,34097.55,14769.3,30.22,Leo Foster,Northstar Energy Projects,AGC-00026,Northstar Energy Projects,Northstar Energy Projects,Keystone Holdings,Nigeria,Northstar Energy Projects,INV-2026-0017543,AGX-2026-018883-AGC-00026
2026-07-22,2026,7,July,Jul,Q3,461861.85,299860.74,162001.11,35.08,Camille Martin,Cobalt Flow Technologies,AGC-00080,Cobalt Flow Technologies,Cobalt Flow Technologies,Independent Entity,Brazil,Cobalt Flow Technologies,INV-2026-0017478,AGX-2026-018815-AGC-00080
2026-07-23,2026,7,July,Jul,Q3,1846413.8,1162362.17,684051.63,37.05,Lucas Hayes,Northstar Offshore Engineering,AGC-00005,Northstar Offshore Engineering,Northstar Offshore Engineering,Independent Entity,Argentina,Northstar Offshore Engineering,INV-2026-0017061,AGX-2026-018363-AGC-00005
2026-07-26,2026,7,July,Jul,Q3,473992.57,293837.79,180154.78,38.01,Camille Martin,Cobalt Industrial Maintenance,AGC-00094,Cobalt Industrial Maintenance,Cobalt Industrial Maintenance,Meridian Holdings,Mexico,Cobalt Industrial Maintenance,INV-2026-0017560,AGX-2026-018903-AGC-00094
2026-07-26,2026,7,July,Jul,Q3,149569.17,104440.41,45128.76,30.17,Julian Howard,Helios Marine Engineering,AGC-00064,Helios Marine Engineering,Helios Marine Engineering,Pioneer Holdings,Egypt,Helios Marine Engineering,INV-2026-0017724,AGX-2026-019076-AGC-00064
2026-07-28,2026,7,July,Jul,Q3,710036.44,454616.19,255420.25,35.97,Leo Foster,Meridian Field Services,AGC-00124,Meridian Field Services,Meridian Field Services,Beacon Holdings,Poland,Meridian Field Services,INV-2026-0017309,AGX-2026-018632-AGC-00124
2026-07-30,2026,7,July,Jul,Q3,82604.29,61824.48,20779.81,25.16,Leo Foster,Cobalt Petro Systems,AGC-00082,Cobalt Petro Systems,Cobalt Petro Systems,Frontier Holdings,Qatar,Cobalt Petro Systems,INV-2026-0016714,AGX-2026-017985-AGC-00082
2026-07-30,2026,7,July,Jul,Q3,4516711.86,2706674.25,1810037.61,40.07,Priya Nguyen,Helios Flow Systems,AGC-00070,Helios Flow Systems,Helios Flow Systems,Independent Entity,Vietnam,Helios Flow Systems,INV-2026-0017528,AGX-2026-018868-AGC-00070
2026-07-31,2026,7,July,Jul,Q3,64901.44,41153.42,23748.02,36.59,Camille Martin,Helios Power Partners,AGC-00052,Helios Power Partners,Helios Power Partners,BluePeak Holdings,Chile,Helios Power Partners,INV-2026-0017106,AGX-2026-018413-AGC-00052
2026-08-01,2026,8,August,Aug,Q3,25894.71,15227.66,10667.05,41.19,Grace Perry,Cobalt Mechanical Group,AGC-00105,Cobalt Mechanical Group,Cobalt Mechanical Group,Independent Entity,Italy,Cobalt Mechanical Group,INV-2026-0017910,AGX-2026-019276-AGC-00105
2026-08-03,2026,8,August,Aug,Q3,123982.96,84864.66,39118.3,31.55,Avery Morgan,Northstar Flow Technologies,AGC-00006,Northstar Flow Technologies,Northstar Flow Technologies,Summit Holdings,Italy,Northstar Flow Technologies,INV-2026-0017223,AGX-2026-018543-AGC-00006
2026-08-04,2026,8,August,Aug,Q3,99550.17,62939.91,36610.26,36.78,Grace Perry,Northstar Infrastructure,AGC-00007,Northstar Infrastructure,Northstar Infrastructure,BluePeak Holdings,Ghana,Northstar Infrastructure,INV-2026-0016348,AGX-2026-017587-AGC-00007
2026-08-04,2026,8,August,Aug,Q3,856582.74,627899.31,228683.43,26.7,Camille Martin,Helios Controls,AGC-00066,Helios Controls,Helios Controls,TerraNova Holdings,Colombia,Helios Controls,INV-2026-0016721,AGX-2026-017992-AGC-00066
2026-08-04,2026,8,August,Aug,Q3,163392.1,119909.98,43482.12,26.61,Grace Perry,Northstar Resources,AGC-00021,Northstar Resources,Northstar Resources,TerraNova Holdings,South Africa,Northstar Resources,INV-2026-0016734,AGX-2026-018007-AGC-00021
2026-08-04,2026,8,August,Aug,Q3,1037756.33,689938.91,347817.42,33.52,Theo Price,Arcadia Technical Supply,AGC-00172,Arcadia Technical Supply,Arcadia Technical Supply,Frontier Holdings,Ghana,Arcadia Technical Supply,INV-2026-0017068,AGX-2026-018370-AGC-00172
2026-08-04,2026,8,August,Aug,Q3,434540.96,283897.99,150642.97,34.67,Theo Price,Helios Marine Supply,AGC-00074,Helios Marine Supply,Helios Marine Supply,DeltaWorks Holdings,Australia,Helios Marine Supply,INV-2026-0017739,AGX-2026-019093-AGC-00074
2026-08-04,2026,8,August,Aug,Q3,263918.45,177240.69,86677.76,32.84,Camille Martin,Arcadia Offshore Systems,AGC-00178,Arcadia Offshore Systems,Arcadia Offshore Systems,Lighthouse Holdings,South Korea,Arcadia Offshore Systems,INV-2026-0017931,AGX-2026-019298-AGC-00178
2026-08-05,2026,8,August,Aug,Q3,201913.78,128779.28,73134.5,36.22,Lucas Hayes,Meridian Industrial Maintenance,AGC-00131,Meridian Industrial Maintenance,Meridian Industrial Maintenance,Zenith Holdings,India,Meridian Industrial Maintenance,INV-2026-0016710,AGX-2026-017981-AGC-00131
2026-08-05,2026,8,August,Aug,Q3,913537.99,592699.77,320838.22,35.12,Avery Morgan,Helios Refinery Services,AGC-00062,Helios Refinery Services,Helios Refinery Services,Harborline Holdings,Germany,Helios Refinery Services,INV-2026-0017529,AGX-2026-018869-AGC-00062
2026-08-06,2026,8,August,Aug,Q3,294175.63,189205.51,104970.12,35.68,Julian Howard,Arcadia Mechanical,AGC-00162,Arcadia Mechanical,Arcadia Mechanical,Equinox Holdings,Saudi Arabia,Arcadia Mechanical,INV-2026-0016637,AGX-2026-017902-AGC-00162
2026-08-06,2026,8,August,Aug,Q3,58989.29,40377.0,18612.29,31.55,Julian Howard,Meridian Mining Services,AGC-00120,Meridian Mining Services,Meridian Mining Services,Independent Entity,South Africa,Meridian Mining Services,INV-2026-0016932,AGX-2026-018225-AGC-00120
2026-08-06,2026,8,August,Aug,Q3,144057.66,101165.91,42891.75,29.77,Eva Lewis,Arcadia Offshore Engineering,AGC-00153,Arcadia Offshore Engineering,Arcadia Offshore Engineering,Vertex Holdings,South Africa,Arcadia Offshore Engineering,INV-2026-0017662,AGX-2026-019012-AGC-00153
2026-08-07,2026,8,August,Aug,Q3,196696.35,144237.72,52458.63,26.67,Lina Sato,Arcadia Energy Systems,AGC-00149,Arcadia Energy Systems,Arcadia Energy Systems,Ironwood Holdings,Singapore,Arcadia Energy Systems,INV-2026-0016484,AGX-2026-017735-AGC-00149
2026-08-07,2026,8,August,Aug,Q3,131818.69,81402.88,50415.81,38.25,Avery Morgan,Northstar Flow Technologies,AGC-00006,Northstar Flow Technologies,Northstar Flow Technologies,Summit Holdings,Italy,Northstar Flow Technologies,INV-2026-0016487,AGX-2026-017739-AGC-00006
2026-08-07,2026,8,August,Aug,Q3,481943.47,322138.14,159805.33,33.16,Julian Howard,Northstar Pipeline Services,AGC-00022,Northstar Pipeline Services,Northstar Pipeline Services,Clearwater Holdings,Indonesia,Northstar Pipeline Services,INV-2026-0016701,AGX-2026-017971-AGC-00022
2026-08-07,2026,8,August,Aug,Q3,36406.52,23989.2,12417.32,34.11,Theo Price,Northstar Industrial Services,AGC-00032,Northstar Industrial Services,Northstar Industrial Services,Noble Ridge Holdings,India,Northstar Industrial Services,INV-2026-0017221,AGX-2026-018541-AGC-00032
2026-08-07,2026,8,August,Aug,Q3,230317.51,157653.88,72663.63,31.55,Camille Martin,Arcadia Process Controls,AGC-00164,Arcadia Process Controls,Arcadia Process Controls,DeltaWorks Holdings,India,Arcadia Process Controls,INV-2026-0017276,AGX-2026-018599-AGC-00164
2026-08-07,2026,8,August,Aug,Q3,1147448.52,864419.38,283029.14,24.67,Lina Sato,Northstar Marine Supply,AGC-00037,Northstar Marine Supply,Northstar Marine Supply,Frontier Holdings,Vietnam,Northstar Marine Supply,INV-2026-0017342,AGX-2026-018667-AGC-00037
2026-08-07,2026,8,August,Aug,Q3,632445.96,419570.78,212875.18,33.66,Noah Keller,Helios Flow Technologies,AGC-00043,Helios Flow Technologies,Helios Flow Technologies,Lighthouse Holdings,France,Helios Flow Technologies,INV-2026-0017731,AGX-2026-019085-AGC-00043
2026-08-07,2026,8,August,Aug,Q3,121475.09,87546.99,33928.1,27.93,Noah Keller,Northstar Energy Systems,AGC-00001,Northstar Energy Systems,Northstar Energy Systems,Northstar Holdings,Norway,Northstar Energy Systems,INV-2026-0017796,AGX-2026-019153-AGC-00001
2026-08-07,2026,8,August,Aug,Q3,18065.41,13002.74,5062.67,28.02,Lina Sato,Meridian Waterworks,AGC-00121,Meridian Waterworks,Meridian Waterworks,Silverline Holdings,Indonesia,Meridian Waterworks,INV-2026-0017808,AGX-2026-019167-AGC-00121
2026-08-07,2026,8,August,Aug,Q3,263636.03,165688.1,97947.93,37.15,Avery Morgan,Arcadia Energy Projects,AGC-00174,Arcadia Energy Projects,Arcadia Energy Projects,Cascade Holdings,Canada,Arcadia Energy Projects,INV-2026-0017831,AGX-2026-019193-AGC-00174
2026-08-08,2026,8,August,Aug,Q3,10270.0,6501.29,3768.71,36.7,Adrian Walker,Arcadia Petro Systems,AGC-00156,Arcadia Petro Systems,Arcadia Petro Systems,TerraNova Holdings,United Kingdom,Arcadia Petro Systems,INV-2026-0017073,AGX-2026-018377-AGC-00156
2026-08-09,2026,8,August,Aug,Q3,10229.67,6636.4,3593.27,35.13,Lucas Hayes,Meridian Flow Technologies,AGC-00117,Meridian Flow Technologies,Meridian Flow Technologies,Equinox Holdings,Thailand,Meridian Flow Technologies,INV-2026-0016518,AGX-2026-017773-AGC-00117
2026-08-09,2026,8,August,Aug,Q3,757502.71,529021.81,228480.9,30.16,Avery Morgan,Meridian Resources,AGC-00132,Meridian Resources,Meridian Resources,Rivermark Holdings,Colombia,Meridian Resources,INV-2026-0016588,AGX-2026-017849-AGC-00132
2026-08-09,2026,8,August,Aug,Q3,269185.28,154963.99,114221.29,42.43,Avery Morgan,Arcadia Energy Projects,AGC-00174,Arcadia Energy Projects,Arcadia Energy Projects,Cascade Holdings,Canada,Arcadia Energy Projects,INV-2026-0017776,AGX-2026-019133-AGC-00174
2026-08-09,2026,8,August,Aug,Q3,1030171.58,759606.75,270564.83,26.26,Camille Martin,Cobalt Instrumentation,AGC-00108,Cobalt Instrumentation,Cobalt Instrumentation,Vertex Holdings,Canada,Cobalt Instrumentation,INV-2026-0017790,AGX-2026-019147-AGC-00108
2026-08-10,2026,8,August,Aug,Q3,419451.46,261764.24,157687.22,37.59,Mila Diaz,Northstar Automation,AGC-00011,Northstar Automation,Northstar Automation,Redwood Holdings,United Arab Emirates,Northstar Automation,INV-2026-0016785,AGX-2026-018062-AGC-00011
2026-08-10,2026,8,August,Aug,Q3,181045.07,134767.03,46278.04,25.56,Eva Lewis,Meridian Mechanical,AGC-00125,Meridian Mechanical,Meridian Mechanical,Independent Entity,Nigeria,Meridian Mechanical,INV-2026-0016973,AGX-2026-018269-AGC-00125
2026-08-10,2026,8,August,Aug,Q3,95088.92,58970.57,36118.35,37.98,Leo Foster,Helios Engineering,AGC-00054,Helios Engineering,Helios Engineering,Sterling Holdings,South Africa,Helios Engineering,INV-2026-0017748,AGX-2026-019103-AGC-00054
2026-08-11,2026,8,August,Aug,Q3,402326.42,266861.87,135464.55,33.67,Priya Nguyen,Cobalt Technical Supply,AGC-00098,Cobalt Technical Supply,Cobalt Technical Supply,Vantage Holdings,India,Cobalt Technical Supply,INV-2026-0017847,AGX-2026-019209-AGC-00098
2026-08-12,2026,8,August,Aug,Q3,4974092.72,3482451.19,1491641.53,29.99,Theo Price,Northstar Drilling Solutions,AGC-00018,Northstar Drilling Solutions,Northstar Drilling Solutions,Vertex Holdings,Thailand,Northstar Drilling Solutions,INV-2026-0016519,AGX-2026-017774-AGC-00018
2026-08-12,2026,8,August,Aug,Q3,858085.56,585584.57,272500.99,31.76,Priya Nguyen,Northstar Mechanical,AGC-00014,Northstar Mechanical,Northstar Mechanical,Ironwood Holdings,Brazil,Northstar Mechanical,INV-2026-0016871,AGX-2026-018155-AGC-00014
2026-08-12,2026,8,August,Aug,Q3,211883.64,139050.95,72832.69,34.37,Mila Diaz,Northstar Automation,AGC-00011,Northstar Automation,Northstar Automation,Redwood Holdings,United Arab Emirates,Northstar Automation,INV-2026-0017028,AGX-2026-018329-AGC-00011
2026-08-12,2026,8,August,Aug,Q3,425683.68,297403.14,128280.54,30.14,Eva Lewis,Northstar Marine Engineering,AGC-00027,Northstar Marine Engineering,Northstar Marine Engineering,Equinox Holdings,Japan,Northstar Marine Engineering,INV-2026-0017260,AGX-2026-018581-AGC-00027
2026-08-12,2026,8,August,Aug,Q3,409021.46,277911.31,131110.15,32.05,Zara Grant,Arcadia Rotating Equipment,AGC-00171,Arcadia Rotating Equipment,Arcadia Rotating Equipment,Monarch Holdings,Italy,Arcadia Rotating Equipment,INV-2026-0017341,AGX-2026-018666-AGC-00171
2026-08-12,2026,8,August,Aug,Q3,1761968.67,1034439.86,727528.81,41.29,Lucas Hayes,Arcadia Automation,AGC-00159,Arcadia Automation,Arcadia Automation,Sierra Holdings,Japan,Arcadia Automation,INV-2026-0017652,AGX-2026-019001-AGC-00159
