Item_Code,Item_Description,Warehouse,Bin_Location,Supplier,On_Hand,Allocated,Available,On_Order,Reorder_Point,Unit_Cost,Monthly_Demand,Months_Of_Cover,Inventory_Value,Last_Updated,Stock_Status,Data_Source
AUR-PMP-00001,Centrifugal Pump Series 101,West Coast Fulfillment,B-02-02,VectorValve Hydraulics,40,14,26,2,11,15967.83,9.1,2.86,638713.2,2026-08-12 15:00:00,Available,Aurelis Synthetic Warehouse Network
AUR-VLV-00002,Control Valve Series 102,Central Distribution Hub,C-03-03,VectorValve Fabrication,22,4,18,20,16,10392.15,9.7,1.86,228627.3,2026-08-12 12:15:00,Available,Aurelis Synthetic Warehouse Network
AUR-BRG-00003,Industrial Bearing Series 103,West Coast Fulfillment,D-04-04,VectorValve Compressor Parts,0,5,-5,35,12,5446.12,14.1,0.0,0.0,2026-08-12 14:48:00,Negative Availability,Aurelis Synthetic Warehouse Network
AUR-INS-00004,Pressure Instrument Series 104,Central Distribution Hub,E-05-05,VectorValve Motion Controls,0,8,-8,9,12,3669.57,7.2,0.0,0.0,2026-08-12 14:52:00,Negative Availability,Aurelis Synthetic Warehouse Network
AUR-MTR-00005,Electric Motor Series 105,West Coast Fulfillment,F-06-06,PrimeFlow Industries,25,8,17,9,12,7119.61,10.9,1.56,177990.25,2026-08-12 11:47:00,Available,Aurelis Synthetic Warehouse Network
AUR-SEA-00006,Mechanical Seal Series 106,Central Distribution Hub,G-07-07,PrimeFlow Gasket & Seal,44,26,18,10,21,6157.95,14.9,1.21,270949.8,2026-08-12 13:27:00,Reorder Required,Aurelis Synthetic Warehouse Network
AUR-FLT-00007,Process Filter Series 107,West Coast Fulfillment,H-08-08,PrimeFlow Filter Technologies,43,0,43,24,13,8782.58,9.5,4.53,377650.94,2026-08-12 12:24:00,Available,Aurelis Synthetic Warehouse Network
AUR-ACT-00008,Valve Actuator Series 108,Central Distribution Hub,I-09-01,PrimeFlow Valve Automation,3,5,-2,16,9,3921.0,5.5,0.0,11763.0,2026-08-12 14:02:00,Negative Availability,Aurelis Synthetic Warehouse Network
AUR-GSK-00009,Industrial Gasket Series 109,West Coast Fulfillment,J-10-02,NorthForge Manufacturing,53,30,23,29,27,10584.54,23.2,0.99,560980.62,2026-08-12 14:50:00,Reorder Required,Aurelis Synthetic Warehouse Network
AUR-HOS-00010,Hydraulic Hose Series 110,Central Distribution Hub,K-11-03,NorthForge Hydraulics,24,5,19,12,7,10218.24,6.0,3.17,245237.76,2026-08-12 13:46:00,Available,Aurelis Synthetic Warehouse Network
AUR-FIT-00011,Pipe Fitting Series 111,West Coast Fulfillment,L-12-04,NorthForge Fabrication,16,13,3,7,9,8704.09,10.9,0.28,139265.44,2026-08-12 12:06:00,Reorder Required,Aurelis Synthetic Warehouse Network
AUR-CAB-00012,Instrumentation Cable Series 112,Central Distribution Hub,A-13-05,VectorValve Manufacturing,14,0,14,4,10,4042.07,5.9,2.37,56588.98,2026-08-12 14:13:00,Available,Aurelis Synthetic Warehouse Network
AUR-SEN-00013,Process Sensor Series 113,West Coast Fulfillment,B-14-06,VectorValve Hydraulics,10,15,-5,19,19,5207.41,11.8,0.0,52074.1,2026-08-12 11:24:00,Negative Availability,Aurelis Synthetic Warehouse Network
AUR-CMP-00014,Compressor Component Series 114,Central Distribution Hub,C-15-07,VectorValve Fabrication,35,4,31,5,16,12055.47,9.4,3.3,421941.45,2026-08-12 11:23:00,Available,Aurelis Synthetic Warehouse Network
AUR-SAF-00015,Safety Equipment Series 115,West Coast Fulfillment,D-16-08,VectorValve Compressor Parts,30,28,2,45,31,8660.05,22.9,0.09,259801.5,2026-08-12 11:31:00,Reorder Required,Aurelis Synthetic Warehouse Network
AUR-PLC-00016,Automation Controller Series 116,Central Distribution Hub,E-17-01,VectorValve Motion Controls,24,13,11,32,11,4714.7,12.0,0.92,113152.8,2026-08-12 11:49:00,Reorder Required,Aurelis Synthetic Warehouse Network
AUR-DRV-00017,Variable Frequency Drive Series 117,West Coast Fulfillment,F-18-02,PrimeFlow Industries,62,21,41,25,27,1171.88,19.5,2.1,72656.56,2026-08-12 14:01:00,Available,Aurelis Synthetic Warehouse Network
AUR-HEX-00018,Heat Exchanger Part Series 118,Central Distribution Hub,G-19-03,PrimeFlow Electric,252,71,181,183,42,30767.88,52.8,3.43,7753505.76,2026-08-12 14:17:00,Available,Aurelis Synthetic Warehouse Network
AUR-LUB-00019,Industrial Lubrication Series 119,West Coast Fulfillment,H-20-04,PrimeFlow Safety Supply,178,49,129,57,41,8914.21,45.9,2.81,1586729.38,2026-08-12 12:05:00,Available,Aurelis Synthetic Warehouse Network
AUR-TOL-00020,Specialty Tooling Series 120,Central Distribution Hub,I-21-05,PrimeFlow Sensor Labs,107,14,93,71,27,2383.71,24.1,3.86,255056.97,2026-08-12 12:42:00,Available,Aurelis Synthetic Warehouse Network
AUR-PMP-00021,Centrifugal Pump Series 121,West Coast Fulfillment,J-22-06,NorthForge Manufacturing,4,10,-6,18,7,13795.2,8.1,0.0,55180.8,2026-08-12 14:21:00,Negative Availability,Aurelis Synthetic Warehouse Network
AUR-VLV-00022,Control Valve Series 122,Central Distribution Hub,K-23-07,NorthForge Hydraulics,33,8,25,30,28,8430.04,16.8,1.49,278191.32,2026-08-12 13:21:00,Reorder Required,Aurelis Synthetic Warehouse Network
AUR-BRG-00023,Industrial Bearing Series 123,West Coast Fulfillment,L-24-08,NorthForge Fabrication,106,24,82,54,26,6320.48,20.0,4.1,669970.88,2026-08-12 13:14:00,Available,Aurelis Synthetic Warehouse Network
AUR-INS-00024,Pressure Instrument Series 124,Central Distribution Hub,A-25-01,VectorValve Manufacturing,8,2,6,20,16,4176.62,14.9,0.4,33412.96,2026-08-12 13:55:00,Reorder Required,Aurelis Synthetic Warehouse Network
AUR-MTR-00025,Electric Motor Series 125,West Coast Fulfillment,B-26-02,VectorValve Hydraulics,31,22,9,7,17,17444.83,12.8,0.7,540789.73,2026-08-12 13:04:00,Reorder Required,Aurelis Synthetic Warehouse Network
AUR-SEA-00026,Mechanical Seal Series 126,Central Distribution Hub,C-27-03,VectorValve Fabrication,61,2,59,19,27,3535.14,17.5,3.37,215643.54,2026-08-12 13:10:00,Available,Aurelis Synthetic Warehouse Network
AUR-FLT-00027,Process Filter Series 127,West Coast Fulfillment,D-28-04,VectorValve Industrial Plastics,46,16,30,24,22,6996.91,15.4,1.95,321857.86,2026-08-12 13:02:00,Available,Aurelis Synthetic Warehouse Network
AUR-ACT-00028,Valve Actuator Series 128,Central Distribution Hub,E-29-05,VectorValve Mechanical Supply,63,21,42,66,40,5445.04,26.2,1.6,343037.52,2026-08-12 14:00:00,Available,Aurelis Synthetic Warehouse Network
AUR-GSK-00029,Industrial Gasket Series 129,West Coast Fulfillment,F-30-06,PrimeFlow Instrumentation,18,15,3,34,17,1648.86,13.9,0.22,29679.48,2026-08-12 13:11:00,Reorder Required,Aurelis Synthetic Warehouse Network
AUR-HOS-00030,Hydraulic Hose Series 130,Central Distribution Hub,G-01-07,PrimeFlow Electric,12,3,9,4,7,3082.38,3.8,2.37,36988.56,2026-08-12 14:52:00,Available,Aurelis Synthetic Warehouse Network
AUR-FIT-00031,Pipe Fitting Series 131,West Coast Fulfillment,H-02-08,PrimeFlow Safety Supply,89,4,85,53,30,3004.1,25.2,3.37,267364.9,2026-08-12 11:56:00,Available,Aurelis Synthetic Warehouse Network
AUR-CAB-00032,Instrumentation Cable Series 132,Central Distribution Hub,I-03-01,PrimeFlow Sensor Labs,117,34,83,63,27,10244.24,21.2,3.92,1198576.08,2026-08-12 12:51:00,Available,Aurelis Synthetic Warehouse Network
AUR-SEN-00033,Process Sensor Series 133,West Coast Fulfillment,J-04-02,NorthForge Manufacturing,119,21,98,13,17,7059.3,17.9,5.47,840056.7,2026-08-12 13:38:00,Available,Aurelis Synthetic Warehouse Network
AUR-CMP-00034,Compressor Component Series 134,Central Distribution Hub,K-05-03,NorthForge Hydraulics,36,17,19,31,16,6878.15,13.3,1.43,247613.4,2026-08-12 13:53:00,Available,Aurelis Synthetic Warehouse Network
AUR-SAF-00035,Safety Equipment Series 135,West Coast Fulfillment,L-06-04,NorthForge Fabrication,30,0,30,17,17,4831.18,11.7,2.56,144935.4,2026-08-12 14:32:00,Available,Aurelis Synthetic Warehouse Network
AUR-PLC-00036,Automation Controller Series 136,Central Distribution Hub,A-07-05,VectorValve Components,73,0,73,42,25,5925.01,22.9,3.19,432525.73,2026-08-12 13:37:00,Available,Aurelis Synthetic Warehouse Network
AUR-DRV-00037,Variable Frequency Drive Series 137,West Coast Fulfillment,B-08-06,VectorValve Actuation,55,10,45,26,25,7738.06,14.5,3.1,425593.3,2026-08-12 12:16:00,Available,Aurelis Synthetic Warehouse Network
AUR-HEX-00038,Heat Exchanger Part Series 138,Central Distribution Hub,C-09-07,VectorValve Process Equipment,25,3,22,25,13,11515.92,8.6,2.56,287898.0,2026-08-12 13:30:00,Available,Aurelis Synthetic Warehouse Network
AUR-LUB-00039,Industrial Lubrication Series 139,West Coast Fulfillment,D-10-08,VectorValve Industrial Plastics,64,8,56,32,29,2370.25,18.7,2.99,151696.0,2026-08-12 13:54:00,Available,Aurelis Synthetic Warehouse Network
AUR-TOL-00040,Specialty Tooling Series 140,Central Distribution Hub,E-11-01,VectorValve Mechanical Supply,24,5,19,18,12,2450.09,7.2,2.64,58802.16,2026-08-12 13:21:00,Available,Aurelis Synthetic Warehouse Network
AUR-PMP-00041,Centrifugal Pump Series 141,West Coast Fulfillment,F-12-02,PrimeFlow Instrumentation,29,16,13,31,14,33680.08,15.5,0.84,976722.32,2026-08-12 11:06:00,Reorder Required,Aurelis Synthetic Warehouse Network
AUR-VLV-00042,Control Valve Series 142,Central Distribution Hub,G-13-03,PrimeFlow Electric,77,15,62,57,31,1858.68,19.8,3.13,143118.36,2026-08-12 14:02:00,Available,Aurelis Synthetic Warehouse Network
AUR-BRG-00043,Industrial Bearing Series 143,West Coast Fulfillment,H-14-04,PrimeFlow Safety Supply,25,26,-1,43,30,1255.76,17.1,0.0,31394.0,2026-08-12 11:45:00,Negative Availability,Aurelis Synthetic Warehouse Network
AUR-INS-00044,Pressure Instrument Series 144,Central Distribution Hub,I-15-05,PrimeFlow Sensor Labs,15,18,-3,18,10,2018.38,8.4,0.0,30275.7,2026-08-12 11:48:00,Negative Availability,Aurelis Synthetic Warehouse Network
AUR-MTR-00045,Electric Motor Series 145,West Coast Fulfillment,J-16-06,NorthForge Components,35,7,28,10,19,35672.53,13.6,2.06,1248538.55,2026-08-12 12:11:00,Available,Aurelis Synthetic Warehouse Network
AUR-SEA-00046,Mechanical Seal Series 146,Central Distribution Hub,K-17-07,NorthForge Actuation,22,5,17,16,20,2239.64,13.9,1.22,49272.08,2026-08-12 14:36:00,Reorder Required,Aurelis Synthetic Warehouse Network
AUR-FLT-00047,Process Filter Series 147,West Coast Fulfillment,L-18-08,NorthForge Process Equipment,24,5,19,18,16,9853.24,9.1,2.09,236477.76,2026-08-12 14:04:00,Available,Aurelis Synthetic Warehouse Network
AUR-ACT-00048,Valve Actuator Series 148,Central Distribution Hub,A-19-01,VectorValve Components,41,7,34,61,23,5632.45,13.4,2.54,230930.45,2026-08-12 13:58:00,Available,Aurelis Synthetic Warehouse Network
AUR-GSK-00049,Industrial Gasket Series 149,West Coast Fulfillment,B-20-02,VectorValve Actuation,53,5,48,22,14,6313.83,11.1,4.32,334632.99,2026-08-12 11:12:00,Available,Aurelis Synthetic Warehouse Network
AUR-HOS-00050,Hydraulic Hose Series 150,Central Distribution Hub,C-21-03,VectorValve Process Equipment,49,14,35,31,16,8155.76,16.8,2.08,399632.24,2026-08-12 12:00:00,Available,Aurelis Synthetic Warehouse Network
AUR-FIT-00051,Pipe Fitting Series 151,West Coast Fulfillment,D-22-04,VectorValve Industrial Plastics,43,0,43,17,22,4941.89,13.8,3.12,212501.27,2026-08-12 13:29:00,Available,Aurelis Synthetic Warehouse Network
AUR-CAB-00052,Instrumentation Cable Series 152,Central Distribution Hub,E-23-05,VectorValve Mechanical Supply,34,7,27,10,8,2865.91,5.7,4.74,97440.94,2026-08-12 11:28:00,Available,Aurelis Synthetic Warehouse Network
AUR-SEN-00053,Process Sensor Series 153,West Coast Fulfillment,F-24-06,PrimeFlow Instrumentation,13,7,6,6,8,1557.29,6.3,0.95,20244.77,2026-08-12 14:53:00,Reorder Required,Aurelis Synthetic Warehouse Network
AUR-CMP-00054,Compressor Component Series 154,Central Distribution Hub,G-25-07,PrimeFlow Controls,32,9,23,24,16,6429.84,11.6,1.98,205754.88,2026-08-12 13:00:00,Available,Aurelis Synthetic Warehouse Network
AUR-SAF-00055,Safety Equipment Series 155,West Coast Fulfillment,H-26-08,PrimeFlow Gearworks,45,0,45,13,17,155.84,17.8,2.53,7012.8,2026-08-12 14:45:00,Available,Aurelis Synthetic Warehouse Network
AUR-PLC-00056,Automation Controller Series 156,Central Distribution Hub,I-27-01,PrimeFlow Technical Metals,23,0,23,20,16,3377.76,9.7,2.37,77688.48,2026-08-12 14:12:00,Available,Aurelis Synthetic Warehouse Network
AUR-DRV-00057,Variable Frequency Drive Series 157,West Coast Fulfillment,J-28-02,NorthForge Components,6,2,4,13,10,306.94,6.5,0.62,1841.64,2026-08-12 14:46:00,Reorder Required,Aurelis Synthetic Warehouse Network
AUR-HEX-00058,Heat Exchanger Part Series 158,Central Distribution Hub,K-29-03,NorthForge Actuation,40,5,35,11,28,26892.25,18.5,1.89,1075690.0,2026-08-12 14:57:00,Available,Aurelis Synthetic Warehouse Network
AUR-LUB-00059,Industrial Lubrication Series 159,West Coast Fulfillment,L-30-04,NorthForge Process Equipment,45,27,18,40,15,8298.08,16.3,1.1,373413.6,2026-08-12 12:15:00,Available,Aurelis Synthetic Warehouse Network
AUR-TOL-00060,Specialty Tooling Series 160,Central Distribution Hub,A-01-05,VectorValve Components,17,20,-3,16,19,6504.08,14.5,0.0,110569.36,2026-08-12 14:57:00,Negative Availability,Aurelis Synthetic Warehouse Network
AUR-PMP-00061,Centrifugal Pump Series 161,West Coast Fulfillment,B-02-06,VectorValve Actuation,11,14,-3,3,11,921.1,10.8,0.0,10132.1,2026-08-12 11:39:00,Negative Availability,Aurelis Synthetic Warehouse Network
AUR-VLV-00062,Control Valve Series 162,Central Distribution Hub,C-03-07,VectorValve Process Equipment,18,8,10,36,20,8336.56,20.6,0.49,150058.08,2026-08-12 12:19:00,Reorder Required,Aurelis Synthetic Warehouse Network
AUR-BRG-00063,Industrial Bearing Series 163,West Coast Fulfillment,D-04-08,VectorValve Heat Transfer,50,6,44,14,23,7762.16,13.8,3.19,388108.0,2026-08-12 14:44:00,Available,Aurelis Synthetic Warehouse Network
AUR-INS-00064,Pressure Instrument Series 164,Central Distribution Hub,E-05-01,VectorValve Process Instruments,57,12,45,31,16,636.45,19.6,2.3,36277.65,2026-08-12 13:12:00,Available,Aurelis Synthetic Warehouse Network
AUR-MTR-00065,Electric Motor Series 165,West Coast Fulfillment,F-06-02,PrimeFlow Systems,42,0,42,20,19,19585.75,13.5,3.11,822601.5,2026-08-12 11:53:00,Available,Aurelis Synthetic Warehouse Network
AUR-SEA-00066,Mechanical Seal Series 166,Central Distribution Hub,G-07-03,PrimeFlow Controls,130,49,81,33,58,948.91,37.4,2.17,123358.3,2026-08-12 12:56:00,Available,Aurelis Synthetic Warehouse Network
AUR-FLT-00067,Process Filter Series 167,West Coast Fulfillment,H-08-04,PrimeFlow Gearworks,29,13,16,28,21,9787.9,12.9,1.24,283849.1,2026-08-12 14:45:00,Reorder Required,Aurelis Synthetic Warehouse Network
AUR-ACT-00068,Valve Actuator Series 168,Central Distribution Hub,I-09-05,PrimeFlow Technical Metals,71,0,71,25,16,4196.68,14.2,5.0,297964.28,2026-08-12 14:47:00,Available,Aurelis Synthetic Warehouse Network
AUR-GSK-00069,Industrial Gasket Series 169,West Coast Fulfillment,J-10-06,NorthForge Components,57,14,43,60,32,5145.06,19.3,2.23,293268.42,2026-08-12 11:33:00,Available,Aurelis Synthetic Warehouse Network
AUR-HOS-00070,Hydraulic Hose Series 170,Central Distribution Hub,K-11-07,NorthForge Actuation,19,5,14,3,15,8285.46,8.6,1.63,157423.74,2026-08-12 13:06:00,Reorder Required,Aurelis Synthetic Warehouse Network
AUR-FIT-00071,Pipe Fitting Series 171,West Coast Fulfillment,L-12-08,NorthForge Process Equipment,12,14,-2,22,12,7663.9,14.6,0.0,91966.8,2026-08-12 14:36:00,Negative Availability,Aurelis Synthetic Warehouse Network
AUR-CAB-00072,Instrumentation Cable Series 172,Central Distribution Hub,A-13-01,VectorValve Pumps,82,25,57,9,20,3768.66,18.3,3.11,309030.12,2026-08-12 14:45:00,Available,Aurelis Synthetic Warehouse Network
AUR-SEN-00073,Process Sensor Series 173,West Coast Fulfillment,B-14-02,VectorValve Technologies,20,23,-3,27,34,7522.1,26.9,0.0,150442.0,2026-08-12 12:41:00,Negative Availability,Aurelis Synthetic Warehouse Network
AUR-CMP-00074,Compressor Component Series 174,Central Distribution Hub,C-15-03,VectorValve Cable Systems,29,2,27,23,11,10118.74,8.0,3.38,293443.46,2026-08-12 14:06:00,Available,Aurelis Synthetic Warehouse Network
AUR-SAF-00075,Safety Equipment Series 175,West Coast Fulfillment,D-16-04,VectorValve Heat Transfer,51,14,37,40,24,1005.61,19.9,1.86,51286.11,2026-08-12 12:12:00,Available,Aurelis Synthetic Warehouse Network
AUR-PLC-00076,Automation Controller Series 176,Central Distribution Hub,E-17-05,VectorValve Process Instruments,38,9,29,20,15,3418.15,14.1,2.06,129889.7,2026-08-12 13:34:00,Available,Aurelis Synthetic Warehouse Network
AUR-DRV-00077,Variable Frequency Drive Series 177,West Coast Fulfillment,F-18-06,PrimeFlow Systems,10,12,-2,26,15,10237.51,18.5,0.0,102375.1,2026-08-12 12:00:00,Negative Availability,Aurelis Synthetic Warehouse Network
AUR-HEX-00078,Heat Exchanger Part Series 178,Central Distribution Hub,G-19-07,PrimeFlow Controls,118,24,94,59,57,627.25,50.8,1.85,74015.5,2026-08-12 14:15:00,Available,Aurelis Synthetic Warehouse Network
AUR-LUB-00079,Industrial Lubrication Series 179,West Coast Fulfillment,H-20-08,PrimeFlow Gearworks,98,9,89,107,53,7367.1,30.0,2.97,721975.8,2026-08-12 11:10:00,Available,Aurelis Synthetic Warehouse Network
AUR-TOL-00080,Specialty Tooling Series 180,Central Distribution Hub,I-21-01,PrimeFlow Technical Metals,32,11,21,19,13,4795.36,12.5,1.68,153451.52,2026-08-12 12:48:00,Available,Aurelis Synthetic Warehouse Network
AUR-PMP-00081,Centrifugal Pump Series 181,West Coast Fulfillment,J-22-02,NorthForge Pumps,109,40,69,77,27,33417.39,32.7,2.11,3642495.51,2026-08-12 14:02:00,Available,Aurelis Synthetic Warehouse Network
AUR-VLV-00082,Control Valve Series 182,Central Distribution Hub,K-23-03,NorthForge Technologies,12,7,5,21,14,5701.0,8.5,0.59,68412.0,2026-08-12 11:51:00,Reorder Required,Aurelis Synthetic Warehouse Network
AUR-BRG-00083,Industrial Bearing Series 183,West Coast Fulfillment,L-24-04,NorthForge Cable Systems,58,0,58,17,16,3222.25,16.2,3.58,186890.5,2026-08-12 11:12:00,Available,Aurelis Synthetic Warehouse Network
AUR-INS-00084,Pressure Instrument Series 184,Central Distribution Hub,A-25-05,VectorValve Pumps,24,12,12,34,15,8174.2,8.4,1.43,196180.8,2026-08-12 12:52:00,Reorder Required,Aurelis Synthetic Warehouse Network
AUR-MTR-00085,Electric Motor Series 185,West Coast Fulfillment,B-26-06,VectorValve Technologies,106,55,51,64,58,10442.14,41.5,1.23,1106866.84,2026-08-12 14:44:00,Reorder Required,Aurelis Synthetic Warehouse Network
AUR-SEA-00086,Mechanical Seal Series 186,Central Distribution Hub,C-27-07,VectorValve Cable Systems,22,19,3,21,10,2111.26,10.8,0.28,46447.72,2026-08-12 14:11:00,Reorder Required,Aurelis Synthetic Warehouse Network
AUR-FLT-00087,Process Filter Series 187,West Coast Fulfillment,D-28-08,VectorValve Heat Transfer,94,27,67,43,49,3813.15,32.1,2.09,358436.1,2026-08-12 11:01:00,Available,Aurelis Synthetic Warehouse Network
AUR-ACT-00088,Valve Actuator Series 188,Central Distribution Hub,E-29-01,VectorValve Process Instruments,43,20,23,42,23,4194.48,13.5,1.7,180362.64,2026-08-12 11:25:00,Reorder Required,Aurelis Synthetic Warehouse Network
AUR-GSK-00089,Industrial Gasket Series 189,West Coast Fulfillment,F-30-02,PrimeFlow Systems,193,67,126,55,92,7822.75,70.3,1.79,1509790.75,2026-08-12 14:18:00,Available,Aurelis Synthetic Warehouse Network
AUR-HOS-00090,Hydraulic Hose Series 190,Central Distribution Hub,G-01-03,PrimeFlow Fasteners,6,38,-32,34,38,5762.66,22.0,0.0,34575.96,2026-08-12 12:57:00,Negative Availability,Aurelis Synthetic Warehouse Network
AUR-FIT-00091,Pipe Fitting Series 191,West Coast Fulfillment,H-02-04,PrimeFlow Marine Components,33,2,31,32,23,4714.21,14.8,2.09,155568.93,2026-08-12 13:43:00,Available,Aurelis Synthetic Warehouse Network
AUR-CAB-00092,Instrumentation Cable Series 192,Central Distribution Hub,I-03-05,PrimeFlow Hose & Fittings,51,12,39,61,43,9412.73,29.8,1.31,480049.23,2026-08-12 14:22:00,Reorder Required,Aurelis Synthetic Warehouse Network
AUR-SEN-00093,Process Sensor Series 193,West Coast Fulfillment,J-04-06,NorthForge Pumps,71,19,52,52,37,3272.45,23.9,2.18,232343.95,2026-08-12 13:59:00,Available,Aurelis Synthetic Warehouse Network
AUR-CMP-00094,Compressor Component Series 194,Central Distribution Hub,K-05-07,NorthForge Technologies,23,11,12,7,15,5024.43,14.8,0.81,115561.89,2026-08-12 11:40:00,Reorder Required,Aurelis Synthetic Warehouse Network
AUR-SAF-00095,Safety Equipment Series 195,West Coast Fulfillment,L-06-08,NorthForge Cable Systems,73,16,57,45,39,10593.31,23.5,2.43,773311.63,2026-08-12 12:04:00,Available,Aurelis Synthetic Warehouse Network
AUR-PLC-00096,Automation Controller Series 196,Central Distribution Hub,A-07-01,VectorValve Pumps,149,31,118,315,94,3075.29,80.5,1.47,458218.21,2026-08-12 13:24:00,Available,Aurelis Synthetic Warehouse Network
AUR-DRV-00097,Variable Frequency Drive Series 197,West Coast Fulfillment,B-08-02,VectorValve Technologies,18,4,14,9,10,3813.99,7.3,1.92,68651.82,2026-08-12 13:25:00,Available,Aurelis Synthetic Warehouse Network
AUR-HEX-00098,Heat Exchanger Part Series 198,Central Distribution Hub,C-09-03,VectorValve Cable Systems,86,7,79,28,40,13049.31,27.9,2.83,1122240.66,2026-08-12 11:46:00,Available,Aurelis Synthetic Warehouse Network
AUR-LUB-00099,Industrial Lubrication Series 199,West Coast Fulfillment,D-10-04,VectorValve Valve Automation,25,32,-7,57,55,1807.44,37.9,0.0,45186.0,2026-08-12 12:36:00,Negative Availability,Aurelis Synthetic Warehouse Network
AUR-TOL-00100,Specialty Tooling Series 200,Central Distribution Hub,E-11-05,VectorValve Specialty Alloys,58,24,34,0,29,8740.03,24.1,1.41,506921.74,2026-08-12 13:18:00,Available,Aurelis Synthetic Warehouse Network
AUR-PMP-00101,Centrifugal Pump Series 201,West Coast Fulfillment,F-12-06,PrimeFlow Bearing Works,27,4,23,7,20,2598.82,15.2,1.51,70168.14,2026-08-12 11:43:00,Available,Aurelis Synthetic Warehouse Network
AUR-VLV-00102,Control Valve Series 202,Central Distribution Hub,G-13-07,PrimeFlow Fasteners,33,5,28,63,25,2011.79,15.1,1.85,66389.07,2026-08-12 11:20:00,Available,Aurelis Synthetic Warehouse Network
AUR-BRG-00103,Industrial Bearing Series 203,West Coast Fulfillment,H-14-08,PrimeFlow Marine Components,81,4,77,34,18,4959.94,19.8,3.89,401755.14,2026-08-12 13:59:00,Available,Aurelis Synthetic Warehouse Network
AUR-INS-00104,Pressure Instrument Series 204,Central Distribution Hub,I-15-01,PrimeFlow Hose & Fittings,48,0,48,0,14,4096.41,12.2,3.93,196627.68,2026-08-12 12:18:00,Available,Aurelis Synthetic Warehouse Network
AUR-MTR-00105,Electric Motor Series 205,West Coast Fulfillment,J-16-02,NorthForge Pumps,95,9,86,68,22,17393.65,27.2,3.16,1652396.75,2026-08-12 11:21:00,Available,Aurelis Synthetic Warehouse Network
AUR-SEA-00106,Mechanical Seal Series 206,Central Distribution Hub,K-17-03,NorthForge Technologies,88,32,56,33,33,10254.67,36.2,1.55,902410.96,2026-08-12 12:46:00,Available,Aurelis Synthetic Warehouse Network
AUR-FLT-00107,Process Filter Series 207,West Coast Fulfillment,L-18-04,NorthForge Cable Systems,7,7,0,19,11,7264.12,9.8,0.0,50848.84,2026-08-12 14:27:00,Reorder Required,Aurelis Synthetic Warehouse Network
AUR-ACT-00108,Valve Actuator Series 208,Central Distribution Hub,A-19-05,VectorValve Industries,52,0,52,25,20,3793.76,14.1,3.69,197275.52,2026-08-12 11:35:00,Available,Aurelis Synthetic Warehouse Network
AUR-GSK-00109,Industrial Gasket Series 209,West Coast Fulfillment,B-20-06,VectorValve Gasket & Seal,51,20,31,13,35,5870.08,22.1,1.4,299374.08,2026-08-12 12:05:00,Reorder Required,Aurelis Synthetic Warehouse Network
AUR-HOS-00110,Hydraulic Hose Series 210,Central Distribution Hub,C-21-07,VectorValve Filter Technologies,20,4,16,6,5,10091.12,4.5,3.56,201822.4,2026-08-12 12:17:00,Available,Aurelis Synthetic Warehouse Network
AUR-FIT-00111,Pipe Fitting Series 211,West Coast Fulfillment,D-22-08,VectorValve Valve Automation,66,25,41,28,29,5029.05,16.7,2.46,331917.3,2026-08-12 12:52:00,Available,Aurelis Synthetic Warehouse Network
AUR-CAB-00112,Instrumentation Cable Series 212,Central Distribution Hub,E-23-01,VectorValve Specialty Alloys,79,21,58,15,22,8153.67,15.1,3.84,644139.93,2026-08-12 14:24:00,Available,Aurelis Synthetic Warehouse Network
AUR-SEN-00113,Process Sensor Series 213,West Coast Fulfillment,F-24-02,PrimeFlow Bearing Works,38,16,22,45,16,9678.21,11.9,1.85,367771.98,2026-08-12 11:41:00,Available,Aurelis Synthetic Warehouse Network
AUR-CMP-00114,Compressor Component Series 214,Central Distribution Hub,G-25-03,PrimeFlow Fasteners,30,17,13,30,41,10535.39,29.5,0.44,316061.7,2026-08-12 11:49:00,Reorder Required,Aurelis Synthetic Warehouse Network
AUR-SAF-00115,Safety Equipment Series 215,West Coast Fulfillment,H-26-04,PrimeFlow Marine Components,49,33,16,36,31,5076.04,28.7,0.56,248725.96,2026-08-12 14:19:00,Reorder Required,Aurelis Synthetic Warehouse Network
AUR-PLC-00116,Automation Controller Series 216,Central Distribution Hub,I-27-05,PrimeFlow Hose & Fittings,126,0,126,32,33,5024.36,24.5,5.14,633069.36,2026-08-12 12:32:00,Available,Aurelis Synthetic Warehouse Network
AUR-DRV-00117,Variable Frequency Drive Series 217,West Coast Fulfillment,J-28-06,NorthForge Industries,36,9,27,0,28,1665.96,17.9,1.51,59974.56,2026-08-12 12:58:00,Reorder Required,Aurelis Synthetic Warehouse Network
AUR-HEX-00118,Heat Exchanger Part Series 218,Central Distribution Hub,K-29-07,NorthForge Gasket & Seal,27,11,16,44,16,18979.8,13.8,1.16,512454.6,2026-08-12 13:46:00,Reorder Required,Aurelis Synthetic Warehouse Network
AUR-LUB-00119,Industrial Lubrication Series 219,West Coast Fulfillment,L-30-08,NorthForge Filter Technologies,47,0,47,10,30,3799.95,17.1,2.75,178597.65,2026-08-12 11:36:00,Available,Aurelis Synthetic Warehouse Network
AUR-TOL-00120,Specialty Tooling Series 220,Central Distribution Hub,A-01-01,VectorValve Industries,14,6,8,26,13,5245.5,9.9,0.81,73437.0,2026-08-12 12:44:00,Reorder Required,Aurelis Synthetic Warehouse Network
AUR-PMP-00121,Centrifugal Pump Series 221,West Coast Fulfillment,B-02-02,VectorValve Gasket & Seal,81,4,77,30,22,11032.3,17.8,4.33,893616.3,2026-08-12 12:37:00,Available,Aurelis Synthetic Warehouse Network
AUR-VLV-00122,Control Valve Series 222,Central Distribution Hub,C-03-03,VectorValve Filter Technologies,19,6,13,26,11,10043.88,9.4,1.38,190833.72,2026-08-12 13:56:00,Available,Aurelis Synthetic Warehouse Network
AUR-BRG-00123,Industrial Bearing Series 223,West Coast Fulfillment,D-04-04,VectorValve Valve Automation,20,11,9,44,24,5799.81,20.6,0.44,115996.2,2026-08-12 11:09:00,Reorder Required,Aurelis Synthetic Warehouse Network
AUR-INS-00124,Pressure Instrument Series 224,Central Distribution Hub,E-05-05,VectorValve Specialty Alloys,14,6,8,10,6,1988.15,7.5,1.07,27834.1,2026-08-12 11:35:00,Available,Aurelis Synthetic Warehouse Network
AUR-MTR-00125,Electric Motor Series 225,West Coast Fulfillment,F-06-06,PrimeFlow Bearing Works,60,0,60,45,34,2089.66,20.1,2.99,125379.6,2026-08-12 13:25:00,Available,Aurelis Synthetic Warehouse Network
AUR-SEA-00126,Mechanical Seal Series 226,Central Distribution Hub,G-07-07,PrimeFlow Fabrication,46,22,24,30,28,3178.53,20.8,1.15,146212.38,2026-08-12 14:01:00,Reorder Required,Aurelis Synthetic Warehouse Network
AUR-FLT-00127,Process Filter Series 227,West Coast Fulfillment,H-08-08,PrimeFlow Compressor Parts,73,13,60,17,33,5801.43,23.1,2.6,423504.39,2026-08-12 13:27:00,Available,Aurelis Synthetic Warehouse Network
AUR-ACT-00128,Valve Actuator Series 228,Central Distribution Hub,I-09-01,PrimeFlow Motion Controls,36,4,32,0,25,3091.74,13.9,2.3,111302.64,2026-08-12 13:59:00,Available,Aurelis Synthetic Warehouse Network
AUR-GSK-00129,Industrial Gasket Series 229,West Coast Fulfillment,J-10-02,NorthForge Industries,82,7,75,45,31,9571.3,21.7,3.46,784846.6,2026-08-12 12:28:00,Available,Aurelis Synthetic Warehouse Network
AUR-HOS-00130,Hydraulic Hose Series 230,Central Distribution Hub,K-11-03,NorthForge Gasket & Seal,32,11,21,36,10,9009.61,9.9,2.12,288307.52,2026-08-12 12:49:00,Available,Aurelis Synthetic Warehouse Network
AUR-FIT-00131,Pipe Fitting Series 231,West Coast Fulfillment,L-12-04,NorthForge Filter Technologies,48,12,36,33,12,8590.48,14.1,2.55,412343.04,2026-08-12 13:14:00,Available,Aurelis Synthetic Warehouse Network
AUR-CAB-00132,Instrumentation Cable Series 232,Central Distribution Hub,A-13-05,VectorValve Industries,71,3,68,23,17,7414.26,18.2,3.74,526412.46,2026-08-12 14:53:00,Available,Aurelis Synthetic Warehouse Network
AUR-SEN-00133,Process Sensor Series 233,West Coast Fulfillment,B-14-06,VectorValve Gasket & Seal,30,7,23,45,32,8356.49,18.0,1.28,250694.7,2026-08-12 12:00:00,Reorder Required,Aurelis Synthetic Warehouse Network
AUR-CMP-00134,Compressor Component Series 234,Central Distribution Hub,C-15-07,VectorValve Filter Technologies,107,18,89,41,41,10531.31,23.1,3.85,1126850.17,2026-08-12 11:44:00,Available,Aurelis Synthetic Warehouse Network
AUR-SAF-00135,Safety Equipment Series 235,West Coast Fulfillment,D-16-08,VectorValve Sensor Labs,55,8,47,22,11,8317.49,13.6,3.46,457461.95,2026-08-12 14:23:00,Available,Aurelis Synthetic Warehouse Network
AUR-PLC-00136,Automation Controller Series 236,Central Distribution Hub,E-17-01,PrimeFlow Manufacturing,34,3,31,10,11,5904.36,7.9,3.92,200748.24,2026-08-12 12:41:00,Available,Aurelis Synthetic Warehouse Network
AUR-DRV-00137,Variable Frequency Drive Series 237,West Coast Fulfillment,F-18-02,PrimeFlow Hydraulics,11,12,-1,13,13,2851.96,9.4,0.0,31371.56,2026-08-12 11:36:00,Negative Availability,Aurelis Synthetic Warehouse Network
AUR-HEX-00138,Heat Exchanger Part Series 238,Central Distribution Hub,G-19-03,PrimeFlow Fabrication,69,10,59,29,16,1908.44,15.8,3.73,131682.36,2026-08-12 12:31:00,Available,Aurelis Synthetic Warehouse Network
AUR-LUB-00139,Industrial Lubrication Series 239,West Coast Fulfillment,H-20-04,PrimeFlow Compressor Parts,4,0,4,11,12,3205.82,12.0,0.33,12823.28,2026-08-12 13:52:00,Reorder Required,Aurelis Synthetic Warehouse Network
AUR-TOL-00140,Specialty Tooling Series 240,Central Distribution Hub,I-21-05,PrimeFlow Motion Controls,72,16,56,15,36,9030.27,23.4,2.39,650179.44,2026-08-12 13:07:00,Available,Aurelis Synthetic Warehouse Network
AUR-PMP-00141,Centrifugal Pump Series 241,West Coast Fulfillment,J-22-06,NorthForge Industries,33,19,14,20,18,28080.05,13.4,1.04,926641.65,2026-08-12 14:40:00,Reorder Required,Aurelis Synthetic Warehouse Network
AUR-VLV-00142,Control Valve Series 242,Central Distribution Hub,K-23-07,NorthForge Gasket & Seal,5,10,-5,10,16,3376.62,10.1,0.0,16883.1,2026-08-12 14:17:00,Negative Availability,Aurelis Synthetic Warehouse Network
AUR-BRG-00143,Industrial Bearing Series 243,West Coast Fulfillment,L-24-08,NorthForge Filter Technologies,43,19,24,15,22,7209.41,17.3,1.39,310004.63,2026-08-12 11:37:00,Available,Aurelis Synthetic Warehouse Network
AUR-INS-00144,Pressure Instrument Series 244,Central Distribution Hub,A-25-01,VectorValve Instrumentation,58,7,51,34,23,10163.76,15.2,3.36,589498.08,2026-08-12 14:20:00,Available,Aurelis Synthetic Warehouse Network
AUR-MTR-00145,Electric Motor Series 245,West Coast Fulfillment,B-26-02,VectorValve Electric,17,1,16,5,8,28105.99,4.8,3.33,477801.83,2026-08-12 12:45:00,Available,Aurelis Synthetic Warehouse Network
AUR-SEA-00146,Mechanical Seal Series 246,Central Distribution Hub,C-27-03,VectorValve Safety Supply,41,11,30,45,18,253.01,17.6,1.7,10373.41,2026-08-12 14:46:00,Available,Aurelis Synthetic Warehouse Network
AUR-FLT-00147,Process Filter Series 247,West Coast Fulfillment,D-28-04,VectorValve Sensor Labs,17,7,10,19,10,5340.92,6.8,1.47,90795.64,2026-08-12 12:45:00,Reorder Required,Aurelis Synthetic Warehouse Network
AUR-ACT-00148,Valve Actuator Series 248,Central Distribution Hub,E-29-05,PrimeFlow Manufacturing,39,20,19,25,19,3381.14,14.0,1.36,131864.46,2026-08-12 14:07:00,Reorder Required,Aurelis Synthetic Warehouse Network
AUR-GSK-00149,Industrial Gasket Series 249,West Coast Fulfillment,F-30-06,PrimeFlow Hydraulics,60,23,37,28,34,3140.66,20.3,1.82,188439.6,2026-08-12 14:59:00,Available,Aurelis Synthetic Warehouse Network
AUR-HOS-00150,Hydraulic Hose Series 250,Central Distribution Hub,G-01-07,PrimeFlow Fabrication,39,5,34,0,9,2239.82,9.4,3.62,87352.98,2026-08-12 13:12:00,Available,Aurelis Synthetic Warehouse Network
AUR-FIT-00151,Pipe Fitting Series 251,West Coast Fulfillment,H-02-08,PrimeFlow Compressor Parts,25,9,16,12,13,7910.19,10.7,1.5,197754.75,2026-08-12 12:40:00,Available,Aurelis Synthetic Warehouse Network
AUR-CAB-00152,Instrumentation Cable Series 252,Central Distribution Hub,I-03-01,PrimeFlow Motion Controls,35,14,21,19,22,3512.54,19.8,1.06,122938.9,2026-08-12 14:49:00,Reorder Required,Aurelis Synthetic Warehouse Network
AUR-SEN-00153,Process Sensor Series 253,West Coast Fulfillment,J-04-02,NorthForge Instrumentation,6,0,6,3,5,8457.06,4.2,1.43,50742.36,2026-08-12 12:33:00,Available,Aurelis Synthetic Warehouse Network
AUR-CMP-00154,Compressor Component Series 254,Central Distribution Hub,K-05-03,NorthForge Electric,19,11,8,12,10,10593.96,12.2,0.66,201285.24,2026-08-12 12:11:00,Reorder Required,Aurelis Synthetic Warehouse Network
AUR-SAF-00155,Safety Equipment Series 255,West Coast Fulfillment,L-06-04,NorthForge Safety Supply,12,4,8,20,13,7268.66,9.1,0.88,87223.92,2026-08-12 12:52:00,Reorder Required,Aurelis Synthetic Warehouse Network
AUR-PLC-00156,Automation Controller Series 256,Central Distribution Hub,A-07-05,VectorValve Instrumentation,57,5,52,33,23,5521.54,21.2,2.45,314727.78,2026-08-12 11:05:00,Available,Aurelis Synthetic Warehouse Network
AUR-DRV-00157,Variable Frequency Drive Series 257,West Coast Fulfillment,B-08-06,VectorValve Electric,80,16,64,59,33,2154.1,20.4,3.14,172328.0,2026-08-12 14:00:00,Available,Aurelis Synthetic Warehouse Network
AUR-HEX-00158,Heat Exchanger Part Series 258,Central Distribution Hub,C-09-07,VectorValve Safety Supply,40,0,40,24,22,4542.59,18.6,2.15,181703.6,2026-08-12 11:31:00,Available,Aurelis Synthetic Warehouse Network
AUR-LUB-00159,Industrial Lubrication Series 259,West Coast Fulfillment,D-10-08,VectorValve Sensor Labs,31,4,27,21,7,880.56,7.7,3.51,27297.36,2026-08-12 14:28:00,Available,Aurelis Synthetic Warehouse Network
AUR-TOL-00160,Specialty Tooling Series 260,Central Distribution Hub,E-11-01,PrimeFlow Manufacturing,35,16,19,40,32,8695.64,20.0,0.95,304347.4,2026-08-12 12:02:00,Reorder Required,Aurelis Synthetic Warehouse Network
AUR-PMP-00161,Centrifugal Pump Series 261,West Coast Fulfillment,F-12-02,PrimeFlow Hydraulics,63,14,49,78,19,10831.75,21.5,2.28,682400.25,2026-08-12 11:33:00,Available,Aurelis Synthetic Warehouse Network
AUR-VLV-00162,Control Valve Series 262,Central Distribution Hub,G-13-03,PrimeFlow Process Equipment,62,8,54,26,34,5247.39,28.4,1.9,325338.18,2026-08-12 12:16:00,Available,Aurelis Synthetic Warehouse Network
AUR-BRG-00163,Industrial Bearing Series 263,West Coast Fulfillment,H-14-04,PrimeFlow Industrial Plastics,62,18,44,13,25,1863.88,18.9,2.33,115560.56,2026-08-12 11:39:00,Available,Aurelis Synthetic Warehouse Network
AUR-INS-00164,Pressure Instrument Series 264,Central Distribution Hub,I-15-05,PrimeFlow Mechanical Supply,65,13,52,19,34,10183.91,22.2,2.34,661954.15,2026-08-12 14:03:00,Available,Aurelis Synthetic Warehouse Network
AUR-MTR-00165,Electric Motor Series 265,West Coast Fulfillment,J-16-06,NorthForge Instrumentation,16,0,16,0,21,18363.03,14.1,1.13,293808.48,2026-08-12 11:59:00,Reorder Required,Aurelis Synthetic Warehouse Network
AUR-SEA-00166,Mechanical Seal Series 266,Central Distribution Hub,K-17-07,NorthForge Electric,31,7,24,0,22,10528.96,12.2,1.97,326397.76,2026-08-12 12:27:00,Available,Aurelis Synthetic Warehouse Network
AUR-FLT-00167,Process Filter Series 267,West Coast Fulfillment,L-18-08,NorthForge Safety Supply,153,46,107,106,83,5128.02,52.6,2.03,784587.06,2026-08-12 13:50:00,Available,Aurelis Synthetic Warehouse Network
AUR-ACT-00168,Valve Actuator Series 268,Central Distribution Hub,A-19-01,VectorValve Instrumentation,15,5,10,8,5,3192.91,5.4,1.85,47893.65,2026-08-12 14:33:00,Available,Aurelis Synthetic Warehouse Network
AUR-GSK-00169,Industrial Gasket Series 269,West Coast Fulfillment,B-20-02,VectorValve Electric,110,29,81,73,51,1025.45,32.8,2.47,112799.5,2026-08-12 13:15:00,Available,Aurelis Synthetic Warehouse Network
AUR-HOS-00170,Hydraulic Hose Series 270,Central Distribution Hub,C-21-03,VectorValve Safety Supply,116,72,44,55,58,524.59,62.2,0.71,60852.44,2026-08-12 12:32:00,Reorder Required,Aurelis Synthetic Warehouse Network
AUR-FIT-00171,Pipe Fitting Series 271,West Coast Fulfillment,D-22-04,VectorValve Technical Metals,98,39,59,96,65,9279.36,38.6,1.53,909377.28,2026-08-12 12:27:00,Reorder Required,Aurelis Synthetic Warehouse Network
AUR-CAB-00172,Instrumentation Cable Series 272,Central Distribution Hub,E-23-05,PrimeFlow Components,113,8,105,55,28,7889.01,24.4,4.3,891458.13,2026-08-12 11:33:00,Available,Aurelis Synthetic Warehouse Network
AUR-SEN-00173,Process Sensor Series 273,West Coast Fulfillment,F-24-06,PrimeFlow Actuation,19,0,19,9,22,5919.77,17.8,1.07,112475.63,2026-08-12 14:29:00,Reorder Required,Aurelis Synthetic Warehouse Network
AUR-CMP-00174,Compressor Component Series 274,Central Distribution Hub,G-25-07,PrimeFlow Process Equipment,11,2,9,10,9,27403.0,5.3,1.7,301433.0,2026-08-12 13:14:00,Reorder Required,Aurelis Synthetic Warehouse Network
AUR-SAF-00175,Safety Equipment Series 275,West Coast Fulfillment,H-26-08,PrimeFlow Industrial Plastics,221,52,169,61,78,4096.11,48.3,3.5,905240.31,2026-08-12 13:34:00,Available,Aurelis Synthetic Warehouse Network
AUR-PLC-00176,Automation Controller Series 276,Central Distribution Hub,I-27-01,PrimeFlow Mechanical Supply,26,16,10,22,18,4443.82,11.5,0.87,115539.32,2026-08-12 11:37:00,Reorder Required,Aurelis Synthetic Warehouse Network
AUR-DRV-00177,Variable Frequency Drive Series 277,West Coast Fulfillment,J-28-02,NorthForge Instrumentation,0,7,-7,34,26,228.92,17.6,0.0,0.0,2026-08-12 11:44:00,Negative Availability,Aurelis Synthetic Warehouse Network
AUR-HEX-00178,Heat Exchanger Part Series 278,Central Distribution Hub,K-29-03,NorthForge Electric,27,6,21,24,12,10938.49,11.3,1.86,295339.23,2026-08-12 13:57:00,Available,Aurelis Synthetic Warehouse Network
AUR-LUB-00179,Industrial Lubrication Series 279,West Coast Fulfillment,L-30-04,NorthForge Safety Supply,20,10,10,0,15,367.29,9.0,1.11,7345.8,2026-08-12 14:54:00,Reorder Required,Aurelis Synthetic Warehouse Network
AUR-TOL-00180,Specialty Tooling Series 100,Central Distribution Hub,A-01-05,VectorValve Systems,23,3,20,2,13,5753.89,11.8,1.69,132339.47,2026-08-12 13:23:00,Available,Aurelis Synthetic Warehouse Network
AUR-PMP-00181,Centrifugal Pump Series 101,West Coast Fulfillment,B-02-06,VectorValve Controls,8,0,8,29,24,18106.56,14.6,0.55,144852.48,2026-08-12 13:33:00,Reorder Required,Aurelis Synthetic Warehouse Network
AUR-VLV-00182,Control Valve Series 102,Central Distribution Hub,C-03-07,VectorValve Gearworks,26,10,16,7,19,3881.64,11.4,1.4,100922.64,2026-08-12 11:12:00,Reorder Required,Aurelis Synthetic Warehouse Network
AUR-BRG-00183,Industrial Bearing Series 103,West Coast Fulfillment,D-04-08,VectorValve Technical Metals,24,14,10,45,24,1013.96,20.5,0.49,24335.04,2026-08-12 14:11:00,Reorder Required,Aurelis Synthetic Warehouse Network
AUR-INS-00184,Pressure Instrument Series 104,Central Distribution Hub,E-05-01,PrimeFlow Components,25,12,13,13,20,2138.78,11.6,1.12,53469.5,2026-08-12 13:06:00,Reorder Required,Aurelis Synthetic Warehouse Network
AUR-MTR-00185,Electric Motor Series 105,West Coast Fulfillment,F-06-02,PrimeFlow Actuation,44,10,34,8,33,20783.76,21.9,1.55,914485.44,2026-08-12 14:13:00,Available,Aurelis Synthetic Warehouse Network
AUR-SEA-00186,Mechanical Seal Series 106,Central Distribution Hub,G-07-03,PrimeFlow Process Equipment,88,23,65,0,25,5932.09,22.4,2.9,522023.92,2026-08-12 11:15:00,Available,Aurelis Synthetic Warehouse Network
AUR-FLT-00187,Process Filter Series 107,West Coast Fulfillment,H-08-04,PrimeFlow Industrial Plastics,0,23,-23,16,34,3201.82,20.5,0.0,0.0,2026-08-12 14:04:00,Negative Availability,Aurelis Synthetic Warehouse Network
AUR-ACT-00188,Valve Actuator Series 108,Central Distribution Hub,I-09-05,PrimeFlow Mechanical Supply,30,6,24,18,9,2275.32,5.6,4.29,68259.6,2026-08-12 11:15:00,Available,Aurelis Synthetic Warehouse Network
AUR-GSK-00189,Industrial Gasket Series 109,West Coast Fulfillment,J-10-06,NorthForge Systems,37,47,-10,46,40,3693.3,23.7,0.0,136652.1,2026-08-12 11:26:00,Negative Availability,Aurelis Synthetic Warehouse Network
AUR-HOS-00190,Hydraulic Hose Series 110,Central Distribution Hub,K-11-07,NorthForge Controls,28,30,-2,22,12,3893.12,12.2,0.0,109007.36,2026-08-12 12:24:00,Negative Availability,Aurelis Synthetic Warehouse Network
AUR-FIT-00191,Pipe Fitting Series 111,West Coast Fulfillment,L-12-08,NorthForge Gearworks,24,6,18,13,14,1688.51,8.2,2.2,40524.24,2026-08-12 13:57:00,Available,Aurelis Synthetic Warehouse Network
AUR-CAB-00192,Instrumentation Cable Series 112,Central Distribution Hub,A-13-01,VectorValve Systems,93,13,80,32,58,3266.31,35.9,2.23,303766.83,2026-08-12 13:02:00,Available,Aurelis Synthetic Warehouse Network
AUR-SEN-00193,Process Sensor Series 113,West Coast Fulfillment,B-14-02,VectorValve Controls,0,12,-12,17,13,3274.04,10.2,0.0,0.0,2026-08-12 14:13:00,Negative Availability,Aurelis Synthetic Warehouse Network
AUR-CMP-00194,Compressor Component Series 114,Central Distribution Hub,C-15-03,VectorValve Gearworks,14,6,8,20,8,17514.17,7.7,1.04,245198.38,2026-08-12 12:18:00,Reorder Required,Aurelis Synthetic Warehouse Network
AUR-SAF-00195,Safety Equipment Series 115,West Coast Fulfillment,D-16-04,VectorValve Technical Metals,38,20,18,7,16,6643.12,14.3,1.26,252438.56,2026-08-12 11:19:00,Available,Aurelis Synthetic Warehouse Network
AUR-PLC-00196,Automation Controller Series 116,Central Distribution Hub,E-17-05,PrimeFlow Components,54,21,33,41,20,6275.77,17.6,1.87,338891.58,2026-08-12 12:43:00,Available,Aurelis Synthetic Warehouse Network
AUR-DRV-00197,Variable Frequency Drive Series 117,West Coast Fulfillment,F-18-06,PrimeFlow Actuation,38,11,27,23,13,9536.4,15.0,1.8,362383.2,2026-08-12 11:37:00,Available,Aurelis Synthetic Warehouse Network
AUR-HEX-00198,Heat Exchanger Part Series 118,Central Distribution Hub,G-19-07,PrimeFlow Cable Systems,72,19,53,42,37,13176.46,24.7,2.15,948705.12,2026-08-12 13:01:00,Available,Aurelis Synthetic Warehouse Network
AUR-LUB-00199,Industrial Lubrication Series 119,West Coast Fulfillment,H-20-08,PrimeFlow Heat Transfer,33,30,3,38,13,1423.68,13.2,0.23,46981.44,2026-08-12 13:54:00,Reorder Required,Aurelis Synthetic Warehouse Network
AUR-TOL-00200,Specialty Tooling Series 120,Central Distribution Hub,I-21-01,PrimeFlow Process Instruments,63,15,48,49,23,7273.14,21.7,2.21,458207.82,2026-08-12 14:32:00,Available,Aurelis Synthetic Warehouse Network
AUR-PMP-00201,Centrifugal Pump Series 121,West Coast Fulfillment,J-22-02,NorthForge Systems,50,10,40,48,13,22203.06,12.5,3.2,1110153.0,2026-08-12 14:12:00,Available,Aurelis Synthetic Warehouse Network
AUR-VLV-00202,Control Valve Series 122,Central Distribution Hub,K-23-03,NorthForge Controls,9,15,-6,23,16,4903.75,15.1,0.0,44133.75,2026-08-12 12:12:00,Negative Availability,Aurelis Synthetic Warehouse Network
AUR-BRG-00203,Industrial Bearing Series 123,West Coast Fulfillment,L-24-04,NorthForge Gearworks,73,8,65,76,44,4913.31,26.2,2.48,358671.63,2026-08-12 13:20:00,Available,Aurelis Synthetic Warehouse Network
AUR-INS-00204,Pressure Instrument Series 124,Central Distribution Hub,A-25-05,VectorValve Systems,111,1,110,49,36,3493.06,23.5,4.68,387729.66,2026-08-12 12:22:00,Available,Aurelis Synthetic Warehouse Network
AUR-MTR-00205,Electric Motor Series 125,West Coast Fulfillment,B-26-06,VectorValve Controls,17,3,14,3,9,12778.96,7.6,1.84,217242.32,2026-08-12 12:28:00,Available,Aurelis Synthetic Warehouse Network
AUR-SEA-00206,Mechanical Seal Series 126,Central Distribution Hub,C-27-07,VectorValve Gearworks,15,14,1,27,22,1620.41,13.8,0.07,24306.15,2026-08-12 11:41:00,Reorder Required,Aurelis Synthetic Warehouse Network
AUR-FLT-00207,Process Filter Series 127,West Coast Fulfillment,D-28-08,VectorValve Hose & Fittings,23,10,13,12,7,7876.91,7.4,1.76,181168.93,2026-08-12 13:05:00,Available,Aurelis Synthetic Warehouse Network
AUR-ACT-00208,Valve Actuator Series 128,Central Distribution Hub,E-29-01,PrimeFlow Pumps,22,9,13,17,23,10517.08,17.5,0.74,231375.76,2026-08-12 11:52:00,Reorder Required,Aurelis Synthetic Warehouse Network
AUR-GSK-00209,Industrial Gasket Series 129,West Coast Fulfillment,F-30-02,PrimeFlow Technologies,65,17,48,39,32,5205.95,19.2,2.5,338386.75,2026-08-12 14:10:00,Available,Aurelis Synthetic Warehouse Network
AUR-HOS-00210,Hydraulic Hose Series 130,Central Distribution Hub,G-01-03,PrimeFlow Cable Systems,63,25,38,0,46,6374.32,25.8,1.47,401582.16,2026-08-12 14:26:00,Reorder Required,Aurelis Synthetic Warehouse Network
AUR-FIT-00211,Pipe Fitting Series 131,West Coast Fulfillment,H-02-04,PrimeFlow Heat Transfer,48,40,8,30,35,6411.51,20.2,0.4,307752.48,2026-08-12 14:32:00,Reorder Required,Aurelis Synthetic Warehouse Network
AUR-CAB-00212,Instrumentation Cable Series 132,Central Distribution Hub,I-03-05,PrimeFlow Process Instruments,10,2,8,28,12,5386.21,13.8,0.58,53862.1,2026-08-12 11:12:00,Reorder Required,Aurelis Synthetic Warehouse Network
AUR-SEN-00213,Process Sensor Series 133,West Coast Fulfillment,J-04-06,NorthForge Systems,16,5,11,14,13,6911.11,9.3,1.18,110577.76,2026-08-12 12:45:00,Reorder Required,Aurelis Synthetic Warehouse Network
AUR-CMP-00214,Compressor Component Series 134,Central Distribution Hub,K-05-07,NorthForge Controls,17,13,4,14,12,26289.86,11.1,0.36,446927.62,2026-08-12 14:10:00,Reorder Required,Aurelis Synthetic Warehouse Network
AUR-SAF-00215,Safety Equipment Series 135,West Coast Fulfillment,L-06-08,NorthForge Gearworks,138,58,80,43,56,2077.45,36.6,2.19,286688.1,2026-08-12 13:19:00,Available,Aurelis Synthetic Warehouse Network
AUR-PLC-00216,Automation Controller Series 136,Central Distribution Hub,A-07-01,VectorValve Bearing Works,51,17,34,22,30,6972.04,19.7,1.73,355574.04,2026-08-12 11:52:00,Available,Aurelis Synthetic Warehouse Network
AUR-DRV-00217,Variable Frequency Drive Series 137,West Coast Fulfillment,B-08-02,VectorValve Fasteners,40,14,26,35,23,2948.5,16.4,1.59,117940.0,2026-08-12 13:33:00,Available,Aurelis Synthetic Warehouse Network
AUR-HEX-00218,Heat Exchanger Part Series 138,Central Distribution Hub,C-09-03,VectorValve Marine Components,6,10,-4,33,16,15417.7,11.9,0.0,92506.2,2026-08-12 13:16:00,Negative Availability,Aurelis Synthetic Warehouse Network
AUR-LUB-00219,Industrial Lubrication Series 139,West Coast Fulfillment,D-10-04,VectorValve Hose & Fittings,36,0,36,16,21,5965.46,14.2,2.54,214756.56,2026-08-12 12:28:00,Available,Aurelis Synthetic Warehouse Network
AUR-TOL-00220,Specialty Tooling Series 140,Central Distribution Hub,E-11-05,PrimeFlow Pumps,93,11,82,51,47,1266.99,33.5,2.45,117830.07,2026-08-12 11:46:00,Available,Aurelis Synthetic Warehouse Network
AUR-PMP-00221,Centrifugal Pump Series 141,West Coast Fulfillment,F-12-06,PrimeFlow Technologies,110,49,61,77,31,1174.9,30.7,1.99,129239.0,2026-08-12 14:02:00,Available,Aurelis Synthetic Warehouse Network
AUR-VLV-00222,Control Valve Series 142,Central Distribution Hub,G-13-07,PrimeFlow Cable Systems,33,7,26,33,34,76.35,22.3,1.17,2519.55,2026-08-12 12:52:00,Reorder Required,Aurelis Synthetic Warehouse Network
AUR-BRG-00223,Industrial Bearing Series 143,West Coast Fulfillment,H-14-08,PrimeFlow Heat Transfer,113,13,100,41,54,9341.89,31.9,3.13,1055633.57,2026-08-12 14:04:00,Available,Aurelis Synthetic Warehouse Network
AUR-INS-00224,Pressure Instrument Series 144,Central Distribution Hub,I-15-01,PrimeFlow Process Instruments,8,0,8,12,5,5286.16,3.7,2.16,42289.28,2026-08-12 12:10:00,Available,Aurelis Synthetic Warehouse Network
AUR-MTR-00225,Electric Motor Series 145,West Coast Fulfillment,J-16-02,NorthForge Bearing Works,38,0,38,29,16,16833.3,12.7,2.99,639665.4,2026-08-12 14:30:00,Available,Aurelis Synthetic Warehouse Network
AUR-SEA-00226,Mechanical Seal Series 146,Central Distribution Hub,K-17-03,NorthForge Fasteners,34,9,25,24,23,2423.09,15.1,1.66,82385.06,2026-08-12 12:57:00,Available,Aurelis Synthetic Warehouse Network
AUR-FLT-00227,Process Filter Series 147,West Coast Fulfillment,L-18-04,NorthForge Marine Components,67,22,45,49,20,1296.99,20.9,2.15,86898.33,2026-08-12 11:27:00,Available,Aurelis Synthetic Warehouse Network
AUR-ACT-00228,Valve Actuator Series 148,Central Distribution Hub,A-19-05,VectorValve Bearing Works,32,10,22,9,19,2440.66,11.0,2.0,78101.12,2026-08-12 12:15:00,Available,Aurelis Synthetic Warehouse Network
AUR-GSK-00229,Industrial Gasket Series 149,West Coast Fulfillment,B-20-06,VectorValve Fasteners,73,11,62,56,41,1314.33,25.7,2.41,95946.09,2026-08-12 15:00:00,Available,Aurelis Synthetic Warehouse Network
AUR-HOS-00230,Hydraulic Hose Series 150,Central Distribution Hub,C-21-07,VectorValve Marine Components,20,11,9,56,19,4242.01,18.5,0.49,84840.2,2026-08-12 13:07:00,Reorder Required,Aurelis Synthetic Warehouse Network
AUR-FIT-00231,Pipe Fitting Series 151,West Coast Fulfillment,D-22-08,VectorValve Hose & Fittings,54,18,36,29,35,2793.26,24.0,1.5,150836.04,2026-08-12 13:18:00,Available,Aurelis Synthetic Warehouse Network
AUR-CAB-00232,Instrumentation Cable Series 152,Central Distribution Hub,E-23-01,PrimeFlow Pumps,29,7,22,24,15,6470.73,10.4,2.12,187651.17,2026-08-12 14:57:00,Available,Aurelis Synthetic Warehouse Network
AUR-SEN-00233,Process Sensor Series 153,West Coast Fulfillment,F-24-02,PrimeFlow Technologies,33,3,30,23,11,9399.66,10.3,2.91,310188.78,2026-08-12 13:16:00,Available,Aurelis Synthetic Warehouse Network
AUR-CMP-00234,Compressor Component Series 154,Central Distribution Hub,G-25-03,PrimeFlow Filter Technologies,55,6,49,34,15,18598.01,12.7,3.86,1022890.55,2026-08-12 13:08:00,Available,Aurelis Synthetic Warehouse Network
AUR-SAF-00235,Safety Equipment Series 155,West Coast Fulfillment,H-26-04,PrimeFlow Valve Automation,81,14,67,38,25,3961.06,22.8,2.94,320845.86,2026-08-12 14:31:00,Available,Aurelis Synthetic Warehouse Network
AUR-PLC-00236,Automation Controller Series 156,Central Distribution Hub,I-27-05,PrimeFlow Specialty Alloys,18,6,12,23,16,6730.09,9.1,1.32,121141.62,2026-08-12 13:03:00,Reorder Required,Aurelis Synthetic Warehouse Network
AUR-DRV-00237,Variable Frequency Drive Series 157,West Coast Fulfillment,J-28-06,NorthForge Bearing Works,14,6,8,3,6,6965.43,6.6,1.21,97516.02,2026-08-12 11:15:00,Available,Aurelis Synthetic Warehouse Network
AUR-HEX-00238,Heat Exchanger Part Series 158,Central Distribution Hub,K-29-07,NorthForge Fasteners,24,35,-11,40,26,4244.48,19.4,0.0,101867.52,2026-08-12 14:12:00,Negative Availability,Aurelis Synthetic Warehouse Network
AUR-LUB-00239,Industrial Lubrication Series 159,West Coast Fulfillment,L-30-08,NorthForge Marine Components,67,11,56,36,18,9509.71,15.1,3.71,637150.57,2026-08-12 14:31:00,Available,Aurelis Synthetic Warehouse Network
AUR-TOL-00240,Specialty Tooling Series 160,Central Distribution Hub,A-01-01,VectorValve Bearing Works,22,8,14,17,9,7499.34,8.6,1.63,164985.48,2026-08-12 14:39:00,Available,Aurelis Synthetic Warehouse Network
AUR-PMP-00241,Centrifugal Pump Series 161,West Coast Fulfillment,B-02-02,VectorValve Fasteners,50,6,44,28,17,24833.55,14.3,3.08,1241677.5,2026-08-12 13:16:00,Available,Aurelis Synthetic Warehouse Network
AUR-VLV-00242,Control Valve Series 162,Central Distribution Hub,C-03-03,VectorValve Marine Components,25,5,20,15,12,8032.96,6.6,3.03,200824.0,2026-08-12 14:11:00,Available,Aurelis Synthetic Warehouse Network
AUR-BRG-00243,Industrial Bearing Series 163,West Coast Fulfillment,D-04-04,VectorValve Motion Controls,62,29,33,18,14,7230.89,17.1,1.93,448315.18,2026-08-12 13:19:00,Available,Aurelis Synthetic Warehouse Network
AUR-INS-00244,Pressure Instrument Series 164,Central Distribution Hub,E-05-05,PrimeFlow Industries,30,2,28,7,8,8069.62,8.9,3.15,242088.6,2026-08-12 13:22:00,Available,Aurelis Synthetic Warehouse Network
AUR-MTR-00245,Electric Motor Series 165,West Coast Fulfillment,F-06-06,PrimeFlow Gasket & Seal,24,33,-9,24,34,19473.49,25.3,0.0,467363.76,2026-08-12 13:06:00,Negative Availability,Aurelis Synthetic Warehouse Network
AUR-SEA-00246,Mechanical Seal Series 166,Central Distribution Hub,G-07-07,PrimeFlow Filter Technologies,25,9,16,19,15,3388.55,10.8,1.48,84713.75,2026-08-12 12:48:00,Available,Aurelis Synthetic Warehouse Network
AUR-FLT-00247,Process Filter Series 167,West Coast Fulfillment,H-08-08,PrimeFlow Valve Automation,62,3,59,41,22,8643.06,14.7,4.01,535869.72,2026-08-12 14:44:00,Available,Aurelis Synthetic Warehouse Network
AUR-ACT-00248,Valve Actuator Series 168,Central Distribution Hub,I-09-01,PrimeFlow Specialty Alloys,12,0,12,9,7,4678.97,4.8,2.5,56147.64,2026-08-12 12:36:00,Available,Aurelis Synthetic Warehouse Network
AUR-GSK-00249,Industrial Gasket Series 169,West Coast Fulfillment,J-10-02,NorthForge Bearing Works,42,11,31,90,31,4666.51,24.4,1.27,195993.42,2026-08-12 14:01:00,Reorder Required,Aurelis Synthetic Warehouse Network
AUR-HOS-00250,Hydraulic Hose Series 170,Central Distribution Hub,K-11-03,NorthForge Fasteners,20,22,-2,37,15,10092.58,15.0,0.0,201851.6,2026-08-12 14:19:00,Negative Availability,Aurelis Synthetic Warehouse Network
AUR-FIT-00251,Pipe Fitting Series 171,West Coast Fulfillment,L-12-04,NorthForge Marine Components,64,1,63,47,25,2806.65,14.9,4.23,179625.6,2026-08-12 11:54:00,Available,Aurelis Synthetic Warehouse Network
AUR-CAB-00252,Instrumentation Cable Series 172,Central Distribution Hub,A-13-05,VectorValve Hydraulics,51,22,29,38,26,9138.56,18.3,1.58,466066.56,2026-08-12 11:12:00,Available,Aurelis Synthetic Warehouse Network
AUR-SEN-00253,Process Sensor Series 173,West Coast Fulfillment,B-14-06,VectorValve Fabrication,16,1,15,16,14,2118.3,8.1,1.85,33892.8,2026-08-12 11:49:00,Available,Aurelis Synthetic Warehouse Network
AUR-CMP-00254,Compressor Component Series 174,Central Distribution Hub,C-15-07,VectorValve Compressor Parts,53,14,39,18,24,30388.95,17.3,2.25,1610614.35,2026-08-12 13:42:00,Available,Aurelis Synthetic Warehouse Network
AUR-SAF-00255,Safety Equipment Series 175,West Coast Fulfillment,D-16-08,VectorValve Motion Controls,72,0,72,46,22,3403.94,18.0,4.0,245083.68,2026-08-12 12:28:00,Available,Aurelis Synthetic Warehouse Network
AUR-PLC-00256,Automation Controller Series 176,Central Distribution Hub,E-17-01,PrimeFlow Industries,44,29,15,39,23,3280.98,18.6,0.81,144363.12,2026-08-12 14:24:00,Reorder Required,Aurelis Synthetic Warehouse Network
AUR-DRV-00257,Variable Frequency Drive Series 177,West Coast Fulfillment,F-18-02,PrimeFlow Gasket & Seal,7,2,5,25,20,4999.94,16.3,0.31,34999.58,2026-08-12 14:42:00,Reorder Required,Aurelis Synthetic Warehouse Network
AUR-HEX-00258,Heat Exchanger Part Series 178,Central Distribution Hub,G-19-03,PrimeFlow Filter Technologies,46,9,37,44,27,27195.88,19.1,1.94,1251010.48,2026-08-12 11:04:00,Available,Aurelis Synthetic Warehouse Network
AUR-LUB-00259,Industrial Lubrication Series 179,West Coast Fulfillment,H-20-04,PrimeFlow Valve Automation,8,0,8,57,48,10276.98,31.6,0.25,82215.84,2026-08-12 12:14:00,Reorder Required,Aurelis Synthetic Warehouse Network
AUR-TOL-00260,Specialty Tooling Series 180,Central Distribution Hub,I-21-05,PrimeFlow Specialty Alloys,17,45,-28,15,24,4782.36,27.1,0.0,81300.12,2026-08-12 12:27:00,Negative Availability,Aurelis Synthetic Warehouse Network
AUR-PMP-00261,Centrifugal Pump Series 181,West Coast Fulfillment,J-22-06,NorthForge Hydraulics,34,8,26,52,24,14063.5,15.9,1.64,478159.0,2026-08-12 12:49:00,Available,Aurelis Synthetic Warehouse Network
AUR-VLV-00262,Control Valve Series 182,Central Distribution Hub,K-23-07,NorthForge Fabrication,37,3,34,12,8,1894.58,8.7,3.91,70099.46,2026-08-12 12:36:00,Available,Aurelis Synthetic Warehouse Network
AUR-BRG-00263,Industrial Bearing Series 183,West Coast Fulfillment,L-24-08,VectorValve Manufacturing,48,14,34,37,17,7630.26,15.7,2.17,366252.48,2026-08-12 14:53:00,Available,Aurelis Synthetic Warehouse Network
AUR-INS-00264,Pressure Instrument Series 184,Central Distribution Hub,A-25-01,VectorValve Hydraulics,40,31,9,69,36,5172.41,31.3,0.29,206896.4,2026-08-12 12:29:00,Reorder Required,Aurelis Synthetic Warehouse Network
AUR-MTR-00265,Electric Motor Series 185,West Coast Fulfillment,B-26-02,VectorValve Fabrication,3,6,-3,8,6,34296.66,5.0,0.0,102889.98,2026-08-12 13:31:00,Negative Availability,Aurelis Synthetic Warehouse Network
AUR-SEA-00266,Mechanical Seal Series 186,Central Distribution Hub,C-27-03,VectorValve Compressor Parts,6,0,6,44,26,460.21,17.0,0.35,2761.26,2026-08-12 14:38:00,Reorder Required,Aurelis Synthetic Warehouse Network
AUR-FLT-00267,Process Filter Series 187,West Coast Fulfillment,D-28-04,VectorValve Motion Controls,6,10,-4,14,13,2020.06,10.7,0.0,12120.36,2026-08-12 11:11:00,Negative Availability,Aurelis Synthetic Warehouse Network
AUR-ACT-00268,Valve Actuator Series 188,Central Distribution Hub,E-29-05,PrimeFlow Industries,43,5,38,30,20,7360.89,15.6,2.44,316518.27,2026-08-12 13:28:00,Available,Aurelis Synthetic Warehouse Network
AUR-GSK-00269,Industrial Gasket Series 189,West Coast Fulfillment,F-30-06,PrimeFlow Gasket & Seal,58,3,55,8,32,993.19,21.1,2.61,57605.02,2026-08-12 11:40:00,Available,Aurelis Synthetic Warehouse Network
AUR-HOS-00270,Hydraulic Hose Series 190,Central Distribution Hub,G-01-07,PrimeFlow Safety Supply,117,21,96,23,33,10460.64,22.8,4.21,1223894.88,2026-08-12 13:07:00,Available,Aurelis Synthetic Warehouse Network
AUR-FIT-00271,Pipe Fitting Series 191,West Coast Fulfillment,H-02-08,PrimeFlow Sensor Labs,36,28,8,7,26,5524.12,19.3,0.41,198868.32,2026-08-12 14:55:00,Reorder Required,Aurelis Synthetic Warehouse Network
AUR-CAB-00272,Instrumentation Cable Series 192,Central Distribution Hub,I-03-01,NorthForge Manufacturing,7,0,7,42,14,5482.8,16.7,0.42,38379.6,2026-08-12 12:16:00,Reorder Required,Aurelis Synthetic Warehouse Network
AUR-SEN-00273,Process Sensor Series 193,West Coast Fulfillment,J-04-02,NorthForge Hydraulics,32,11,21,29,9,1530.53,9.9,2.12,48976.96,2026-08-12 12:32:00,Available,Aurelis Synthetic Warehouse Network
AUR-CMP-00274,Compressor Component Series 194,Central Distribution Hub,K-05-03,NorthForge Fabrication,25,5,20,35,19,3905.95,12.0,1.67,97648.75,2026-08-12 13:39:00,Available,Aurelis Synthetic Warehouse Network
AUR-SAF-00275,Safety Equipment Series 195,West Coast Fulfillment,L-06-04,VectorValve Manufacturing,41,10,31,29,16,3527.33,15.9,1.95,144620.53,2026-08-12 12:20:00,Available,Aurelis Synthetic Warehouse Network
AUR-PLC-00276,Automation Controller Series 196,Central Distribution Hub,A-07-05,VectorValve Hydraulics,16,26,-10,21,21,8010.36,17.7,0.0,128165.76,2026-08-12 13:56:00,Negative Availability,Aurelis Synthetic Warehouse Network
AUR-DRV-00277,Variable Frequency Drive Series 197,West Coast Fulfillment,B-08-06,VectorValve Fabrication,25,4,21,4,8,4443.29,6.2,3.39,111082.25,2026-08-12 14:48:00,Available,Aurelis Synthetic Warehouse Network
AUR-HEX-00278,Heat Exchanger Part Series 198,Central Distribution Hub,C-09-07,VectorValve Compressor Parts,90,18,72,64,35,4801.4,21.2,3.4,432126.0,2026-08-12 11:02:00,Available,Aurelis Synthetic Warehouse Network
AUR-LUB-00279,Industrial Lubrication Series 199,West Coast Fulfillment,D-10-08,VectorValve Mechanical Supply,31,7,24,7,9,3666.42,5.5,4.36,113659.02,2026-08-12 13:22:00,Available,Aurelis Synthetic Warehouse Network
AUR-TOL-00280,Specialty Tooling Series 200,Central Distribution Hub,E-11-01,PrimeFlow Instrumentation,24,10,14,2,7,6360.81,7.7,1.82,152659.44,2026-08-12 14:47:00,Available,Aurelis Synthetic Warehouse Network
AUR-PMP-00281,Centrifugal Pump Series 201,West Coast Fulfillment,F-12-02,PrimeFlow Electric,83,25,58,46,30,11014.94,24.4,2.38,914240.02,2026-08-12 14:46:00,Available,Aurelis Synthetic Warehouse Network
AUR-VLV-00282,Control Valve Series 202,Central Distribution Hub,G-13-03,PrimeFlow Safety Supply,54,18,36,36,23,6436.38,14.1,2.55,347564.52,2026-08-12 13:05:00,Available,Aurelis Synthetic Warehouse Network
AUR-BRG-00283,Industrial Bearing Series 203,West Coast Fulfillment,H-14-04,PrimeFlow Sensor Labs,77,32,45,25,37,2258.72,23.2,1.94,173921.44,2026-08-12 14:59:00,Available,Aurelis Synthetic Warehouse Network
AUR-INS-00284,Pressure Instrument Series 204,Central Distribution Hub,I-15-05,NorthForge Manufacturing,46,0,46,70,20,983.3,19.0,2.42,45231.8,2026-08-12 14:01:00,Available,Aurelis Synthetic Warehouse Network
AUR-MTR-00285,Electric Motor Series 205,West Coast Fulfillment,J-16-06,NorthForge Hydraulics,72,16,56,31,29,15766.35,29.0,1.93,1135177.2,2026-08-12 11:39:00,Available,Aurelis Synthetic Warehouse Network
AUR-SEA-00286,Mechanical Seal Series 206,Central Distribution Hub,K-17-07,NorthForge Fabrication,19,6,13,1,7,7086.94,5.7,2.28,134651.86,2026-08-12 13:12:00,Available,Aurelis Synthetic Warehouse Network
AUR-FLT-00287,Process Filter Series 207,West Coast Fulfillment,L-18-08,VectorValve Manufacturing,68,21,47,29,27,2727.75,15.4,3.05,185487.0,2026-08-12 11:15:00,Available,Aurelis Synthetic Warehouse Network
AUR-ACT-00288,Valve Actuator Series 208,Central Distribution Hub,A-19-01,VectorValve Actuation,12,6,6,13,13,10377.84,10.3,0.58,124534.08,2026-08-12 12:38:00,Reorder Required,Aurelis Synthetic Warehouse Network
AUR-GSK-00289,Industrial Gasket Series 209,West Coast Fulfillment,B-20-02,VectorValve Process Equipment,15,6,9,12,13,10333.21,9.7,0.93,154998.15,2026-08-12 11:42:00,Reorder Required,Aurelis Synthetic Warehouse Network
AUR-HOS-00290,Hydraulic Hose Series 210,Central Distribution Hub,C-21-03,VectorValve Industrial Plastics,60,4,56,11,22,9251.21,16.0,3.5,555072.6,2026-08-12 14:08:00,Available,Aurelis Synthetic Warehouse Network
AUR-FIT-00291,Pipe Fitting Series 211,West Coast Fulfillment,D-22-04,VectorValve Mechanical Supply,58,5,53,10,17,6548.56,14.0,3.79,379816.48,2026-08-12 14:13:00,Available,Aurelis Synthetic Warehouse Network
AUR-CAB-00292,Instrumentation Cable Series 212,Central Distribution Hub,E-23-05,PrimeFlow Instrumentation,44,15,29,33,30,587.46,21.5,1.35,25848.24,2026-08-12 12:26:00,Reorder Required,Aurelis Synthetic Warehouse Network
AUR-SEN-00293,Process Sensor Series 213,West Coast Fulfillment,F-24-06,PrimeFlow Electric,38,7,31,20,9,5793.29,9.5,3.26,220145.02,2026-08-12 14:30:00,Available,Aurelis Synthetic Warehouse Network
AUR-CMP-00294,Compressor Component Series 214,Central Distribution Hub,G-25-07,PrimeFlow Safety Supply,42,16,26,8,21,14605.52,16.6,1.57,613431.84,2026-08-12 14:05:00,Available,Aurelis Synthetic Warehouse Network
AUR-SAF-00295,Safety Equipment Series 215,West Coast Fulfillment,H-26-08,PrimeFlow Sensor Labs,32,10,22,17,10,2299.85,9.5,2.32,73595.2,2026-08-12 12:14:00,Available,Aurelis Synthetic Warehouse Network
AUR-PLC-00296,Automation Controller Series 216,Central Distribution Hub,I-27-01,NorthForge Manufacturing,50,16,34,5,22,2120.21,24.5,1.39,106010.5,2026-08-12 11:15:00,Available,Aurelis Synthetic Warehouse Network
AUR-DRV-00297,Variable Frequency Drive Series 217,West Coast Fulfillment,J-28-02,NorthForge Actuation,66,22,44,62,30,2994.99,24.4,1.8,197669.34,2026-08-12 14:49:00,Available,Aurelis Synthetic Warehouse Network
AUR-HEX-00298,Heat Exchanger Part Series 218,Central Distribution Hub,K-29-03,NorthForge Process Equipment,37,14,23,12,17,13707.4,10.5,2.19,507173.8,2026-08-12 11:59:00,Available,Aurelis Synthetic Warehouse Network
AUR-LUB-00299,Industrial Lubrication Series 219,West Coast Fulfillment,L-30-04,VectorValve Components,66,9,57,42,24,4691.62,22.6,2.52,309646.92,2026-08-12 14:02:00,Available,Aurelis Synthetic Warehouse Network
AUR-TOL-00300,Specialty Tooling Series 220,Central Distribution Hub,A-01-05,VectorValve Actuation,17,1,16,6,5,8719.24,5.0,3.2,148227.08,2026-08-12 13:59:00,Available,Aurelis Synthetic Warehouse Network
AUR-PMP-00301,Centrifugal Pump Series 221,West Coast Fulfillment,B-02-06,VectorValve Process Equipment,31,20,11,8,32,13825.76,17.8,0.62,428598.56,2026-08-12 11:04:00,Reorder Required,Aurelis Synthetic Warehouse Network
AUR-VLV-00302,Control Valve Series 222,Central Distribution Hub,C-03-07,VectorValve Industrial Plastics,31,9,22,30,14,1269.45,10.6,2.08,39352.95,2026-08-12 11:34:00,Available,Aurelis Synthetic Warehouse Network
AUR-BRG-00303,Industrial Bearing Series 223,West Coast Fulfillment,D-04-08,VectorValve Mechanical Supply,28,14,14,34,24,4922.7,13.7,1.02,137835.6,2026-08-12 12:12:00,Reorder Required,Aurelis Synthetic Warehouse Network
AUR-INS-00304,Pressure Instrument Series 224,Central Distribution Hub,E-05-01,PrimeFlow Instrumentation,39,4,35,30,18,1817.65,9.9,3.54,70888.35,2026-08-12 14:45:00,Available,Aurelis Synthetic Warehouse Network
AUR-MTR-00305,Electric Motor Series 225,West Coast Fulfillment,F-06-02,PrimeFlow Electric,17,0,17,17,7,13034.7,6.2,2.74,221589.9,2026-08-12 14:39:00,Available,Aurelis Synthetic Warehouse Network
AUR-SEA-00306,Mechanical Seal Series 226,Central Distribution Hub,G-07-03,PrimeFlow Gearworks,9,3,6,12,7,9424.44,5.5,1.09,84819.96,2026-08-12 11:34:00,Reorder Required,Aurelis Synthetic Warehouse Network
AUR-FLT-00307,Process Filter Series 227,West Coast Fulfillment,H-08-04,PrimeFlow Technical Metals,2,4,-2,1,6,7590.21,6.2,0.0,15180.42,2026-08-12 11:41:00,Negative Availability,Aurelis Synthetic Warehouse Network
AUR-ACT-00308,Valve Actuator Series 228,Central Distribution Hub,I-09-05,NorthForge Components,39,11,28,34,13,7902.6,14.9,1.88,308201.4,2026-08-12 11:40:00,Available,Aurelis Synthetic Warehouse Network
AUR-GSK-00309,Industrial Gasket Series 229,West Coast Fulfillment,J-10-06,NorthForge Actuation,85,10,75,19,19,4367.81,16.0,4.69,371263.85,2026-08-12 13:59:00,Available,Aurelis Synthetic Warehouse Network
AUR-HOS-00310,Hydraulic Hose Series 230,Central Distribution Hub,K-11-07,NorthForge Process Equipment,84,0,84,0,25,7841.58,16.5,5.09,658692.72,2026-08-12 13:45:00,Available,Aurelis Synthetic Warehouse Network
AUR-FIT-00311,Pipe Fitting Series 231,West Coast Fulfillment,L-12-08,VectorValve Components,79,9,70,22,43,2367.16,26.3,2.66,187005.64,2026-08-12 12:10:00,Available,Aurelis Synthetic Warehouse Network
AUR-CAB-00312,Instrumentation Cable Series 232,Central Distribution Hub,A-13-01,VectorValve Actuation,114,53,61,25,37,1120.54,34.9,1.75,127741.56,2026-08-12 14:17:00,Available,Aurelis Synthetic Warehouse Network
AUR-SEN-00313,Process Sensor Series 233,West Coast Fulfillment,B-14-02,VectorValve Process Equipment,33,19,14,13,24,7520.26,15.5,0.9,248168.58,2026-08-12 11:21:00,Reorder Required,Aurelis Synthetic Warehouse Network
AUR-CMP-00314,Compressor Component Series 234,Central Distribution Hub,C-15-03,VectorValve Industrial Plastics,75,21,54,42,23,14285.26,22.0,2.45,1071394.5,2026-08-12 14:12:00,Available,Aurelis Synthetic Warehouse Network
AUR-SAF-00315,Safety Equipment Series 235,West Coast Fulfillment,D-16-04,VectorValve Process Instruments,9,19,-10,0,21,2292.94,15.1,0.0,20636.46,2026-08-12 13:55:00,Negative Availability,Aurelis Synthetic Warehouse Network
AUR-PLC-00316,Automation Controller Series 236,Central Distribution Hub,E-17-05,PrimeFlow Systems,40,36,4,34,17,4598.34,15.1,0.26,183933.6,2026-08-12 13:50:00,Reorder Required,Aurelis Synthetic Warehouse Network
AUR-DRV-00317,Variable Frequency Drive Series 237,West Coast Fulfillment,F-18-06,PrimeFlow Controls,26,10,16,46,25,2015.07,20.7,0.77,52391.82,2026-08-12 13:19:00,Reorder Required,Aurelis Synthetic Warehouse Network
AUR-HEX-00318,Heat Exchanger Part Series 238,Central Distribution Hub,G-19-07,PrimeFlow Gearworks,26,6,20,15,11,16910.75,8.8,2.27,439679.5,2026-08-12 11:22:00,Available,Aurelis Synthetic Warehouse Network
AUR-LUB-00319,Industrial Lubrication Series 239,West Coast Fulfillment,H-20-08,PrimeFlow Technical Metals,37,8,29,23,30,5254.14,18.0,1.61,194403.18,2026-08-12 11:32:00,Reorder Required,Aurelis Synthetic Warehouse Network
AUR-TOL-00320,Specialty Tooling Series 240,Central Distribution Hub,I-21-01,NorthForge Components,107,45,62,133,55,7195.21,33.0,1.88,769887.47,2026-08-12 13:10:00,Available,Aurelis Synthetic Warehouse Network
AUR-PMP-00321,Centrifugal Pump Series 241,West Coast Fulfillment,J-22-02,NorthForge Actuation,17,25,-8,54,50,21167.19,30.8,0.0,359842.23,2026-08-12 11:14:00,Negative Availability,Aurelis Synthetic Warehouse Network
AUR-VLV-00322,Control Valve Series 242,Central Distribution Hub,K-23-03,NorthForge Process Equipment,69,11,58,0,23,2334.16,17.2,3.37,161057.04,2026-08-12 13:41:00,Available,Aurelis Synthetic Warehouse Network
AUR-BRG-00323,Industrial Bearing Series 243,West Coast Fulfillment,L-24-04,VectorValve Components,30,5,25,30,18,3346.88,11.7,2.14,100406.4,2026-08-12 13:39:00,Available,Aurelis Synthetic Warehouse Network
AUR-INS-00324,Pressure Instrument Series 244,Central Distribution Hub,A-25-05,VectorValve Technologies,25,8,17,14,23,9135.35,15.9,1.07,228383.75,2026-08-12 14:12:00,Reorder Required,Aurelis Synthetic Warehouse Network
AUR-MTR-00325,Electric Motor Series 245,West Coast Fulfillment,B-26-06,VectorValve Cable Systems,21,7,14,23,9,23846.09,8.7,1.61,500767.89,2026-08-12 14:31:00,Available,Aurelis Synthetic Warehouse Network
AUR-SEA-00326,Mechanical Seal Series 246,Central Distribution Hub,C-27-07,VectorValve Heat Transfer,57,29,28,48,39,4917.02,25.8,1.09,280270.14,2026-08-12 12:45:00,Reorder Required,Aurelis Synthetic Warehouse Network
AUR-FLT-00327,Process Filter Series 247,West Coast Fulfillment,D-28-08,VectorValve Process Instruments,19,5,14,0,12,5428.95,9.0,1.56,103150.05,2026-08-12 14:47:00,Available,Aurelis Synthetic Warehouse Network
AUR-ACT-00328,Valve Actuator Series 248,Central Distribution Hub,E-29-01,PrimeFlow Systems,39,3,36,20,18,971.2,11.6,3.1,37876.8,2026-08-12 11:55:00,Available,Aurelis Synthetic Warehouse Network
AUR-GSK-00329,Industrial Gasket Series 249,West Coast Fulfillment,F-30-02,PrimeFlow Controls,33,19,14,21,13,3262.54,13.8,1.01,107663.82,2026-08-12 14:54:00,Available,Aurelis Synthetic Warehouse Network
AUR-HOS-00330,Hydraulic Hose Series 250,Central Distribution Hub,G-01-03,PrimeFlow Gearworks,4,5,-1,16,19,9045.79,10.8,0.0,36183.16,2026-08-12 11:26:00,Negative Availability,Aurelis Synthetic Warehouse Network
AUR-FIT-00331,Pipe Fitting Series 251,West Coast Fulfillment,H-02-04,PrimeFlow Technical Metals,66,19,47,59,23,3686.69,18.7,2.51,243321.54,2026-08-12 11:19:00,Available,Aurelis Synthetic Warehouse Network
AUR-CAB-00332,Instrumentation Cable Series 252,Central Distribution Hub,I-03-05,NorthForge Components,17,23,-6,15,19,6678.57,14.4,0.0,113535.69,2026-08-12 11:57:00,Negative Availability,Aurelis Synthetic Warehouse Network
AUR-SEN-00333,Process Sensor Series 253,West Coast Fulfillment,J-04-06,NorthForge Technologies,30,3,27,16,16,717.75,9.0,3.0,21532.5,2026-08-12 13:04:00,Available,Aurelis Synthetic Warehouse Network
AUR-CMP-00334,Compressor Component Series 254,Central Distribution Hub,K-05-07,NorthForge Cable Systems,21,3,18,35,13,1911.61,13.2,1.36,40143.81,2026-08-12 12:57:00,Available,Aurelis Synthetic Warehouse Network
AUR-SAF-00335,Safety Equipment Series 255,West Coast Fulfillment,L-06-08,VectorValve Pumps,58,6,52,29,16,1144.84,15.0,3.47,66400.72,2026-08-12 11:33:00,Available,Aurelis Synthetic Warehouse Network
AUR-PLC-00336,Automation Controller Series 256,Central Distribution Hub,A-07-01,VectorValve Technologies,25,11,14,19,12,4119.09,8.0,1.75,102977.25,2026-08-12 11:03:00,Available,Aurelis Synthetic Warehouse Network
AUR-DRV-00337,Variable Frequency Drive Series 257,West Coast Fulfillment,B-08-02,VectorValve Cable Systems,31,24,7,10,21,1587.26,14.5,0.48,49205.06,2026-08-12 12:30:00,Reorder Required,Aurelis Synthetic Warehouse Network
AUR-HEX-00338,Heat Exchanger Part Series 258,Central Distribution Hub,C-09-03,VectorValve Heat Transfer,37,15,22,22,50,16466.52,29.2,0.75,609261.24,2026-08-12 13:12:00,Reorder Required,Aurelis Synthetic Warehouse Network
AUR-LUB-00339,Industrial Lubrication Series 259,West Coast Fulfillment,D-10-04,VectorValve Process Instruments,24,7,17,10,19,4058.86,11.7,1.45,97412.64,2026-08-12 13:21:00,Reorder Required,Aurelis Synthetic Warehouse Network
AUR-TOL-00340,Specialty Tooling Series 260,Central Distribution Hub,E-11-05,PrimeFlow Systems,129,8,121,19,58,1322.47,58.9,2.05,170598.63,2026-08-12 11:52:00,Available,Aurelis Synthetic Warehouse Network
AUR-PMP-00341,Centrifugal Pump Series 261,West Coast Fulfillment,F-12-06,PrimeFlow Controls,35,16,19,8,8,4503.88,8.9,2.13,157635.8,2026-08-12 11:28:00,Available,Aurelis Synthetic Warehouse Network
AUR-VLV-00342,Control Valve Series 262,Central Distribution Hub,G-13-07,PrimeFlow Marine Components,21,20,1,22,16,1675.26,11.6,0.09,35180.46,2026-08-12 11:26:00,Reorder Required,Aurelis Synthetic Warehouse Network
AUR-BRG-00343,Industrial Bearing Series 263,West Coast Fulfillment,H-14-08,PrimeFlow Hose & Fittings,53,8,45,29,20,870.59,20.3,2.22,46141.27,2026-08-12 14:45:00,Available,Aurelis Synthetic Warehouse Network
AUR-INS-00344,Pressure Instrument Series 264,Central Distribution Hub,I-15-01,NorthForge Pumps,4,3,1,23,9,356.44,7.5,0.13,1425.76,2026-08-12 11:01:00,Reorder Required,Aurelis Synthetic Warehouse Network
AUR-MTR-00345,Electric Motor Series 265,West Coast Fulfillment,J-16-02,NorthForge Technologies,35,12,23,49,26,2345.35,15.7,1.46,82087.25,2026-08-12 14:50:00,Reorder Required,Aurelis Synthetic Warehouse Network
AUR-SEA-00346,Mechanical Seal Series 266,Central Distribution Hub,K-17-03,NorthForge Cable Systems,95,9,86,28,46,3289.76,26.1,3.3,312527.2,2026-08-12 11:53:00,Available,Aurelis Synthetic Warehouse Network
AUR-FLT-00347,Process Filter Series 267,West Coast Fulfillment,L-18-04,VectorValve Pumps,41,7,34,7,11,7579.39,10.7,3.18,310754.99,2026-08-12 11:38:00,Available,Aurelis Synthetic Warehouse Network
AUR-ACT-00348,Valve Actuator Series 268,Central Distribution Hub,A-19-05,VectorValve Technologies,110,14,96,27,22,3782.6,23.1,4.16,416086.0,2026-08-12 12:20:00,Available,Aurelis Synthetic Warehouse Network
AUR-GSK-00349,Industrial Gasket Series 269,West Coast Fulfillment,B-20-06,VectorValve Cable Systems,89,19,70,33,17,5342.7,18.6,3.76,475500.3,2026-08-12 11:05:00,Available,Aurelis Synthetic Warehouse Network
AUR-HOS-00350,Hydraulic Hose Series 270,Central Distribution Hub,C-21-07,VectorValve Heat Transfer,57,23,34,70,22,7445.24,25.3,1.34,424378.68,2026-08-12 13:48:00,Available,Aurelis Synthetic Warehouse Network
AUR-FIT-00351,Pipe Fitting Series 271,West Coast Fulfillment,D-22-08,VectorValve Specialty Alloys,38,0,38,16,16,9132.65,9.3,4.09,347040.7,2026-08-12 14:25:00,Available,Aurelis Synthetic Warehouse Network
AUR-CAB-00352,Instrumentation Cable Series 272,Central Distribution Hub,E-23-01,PrimeFlow Bearing Works,67,58,9,14,36,2425.5,32.8,0.27,162508.5,2026-08-12 14:36:00,Reorder Required,Aurelis Synthetic Warehouse Network
AUR-SEN-00353,Process Sensor Series 273,West Coast Fulfillment,F-24-02,PrimeFlow Fasteners,83,24,59,42,22,2155.22,18.8,3.14,178883.26,2026-08-12 12:28:00,Available,Aurelis Synthetic Warehouse Network
AUR-CMP-00354,Compressor Component Series 274,Central Distribution Hub,G-25-03,PrimeFlow Marine Components,24,2,22,15,12,5265.33,7.4,2.97,126367.92,2026-08-12 14:49:00,Available,Aurelis Synthetic Warehouse Network
AUR-SAF-00355,Safety Equipment Series 275,West Coast Fulfillment,H-26-04,PrimeFlow Hose & Fittings,76,16,60,29,19,5126.61,17.5,3.43,389622.36,2026-08-12 11:44:00,Available,Aurelis Synthetic Warehouse Network
AUR-PLC-00356,Automation Controller Series 276,Central Distribution Hub,I-27-05,NorthForge Pumps,0,32,-32,79,57,1618.45,46.2,0.0,0.0,2026-08-12 14:10:00,Negative Availability,Aurelis Synthetic Warehouse Network
AUR-DRV-00357,Variable Frequency Drive Series 277,West Coast Fulfillment,J-28-06,NorthForge Technologies,96,40,56,65,40,8008.52,31.0,1.81,768817.92,2026-08-12 13:05:00,Available,Aurelis Synthetic Warehouse Network
AUR-HEX-00358,Heat Exchanger Part Series 278,Central Distribution Hub,K-29-07,NorthForge Cable Systems,5,6,-1,5,19,21788.62,13.5,0.0,108943.1,2026-08-12 12:14:00,Negative Availability,Aurelis Synthetic Warehouse Network
AUR-LUB-00359,Industrial Lubrication Series 279,West Coast Fulfillment,L-30-08,VectorValve Pumps,29,14,15,73,36,4474.43,34.8,0.43,129758.47,2026-08-12 14:00:00,Reorder Required,Aurelis Synthetic Warehouse Network
AUR-TOL-00360,Specialty Tooling Series 100,Central Distribution Hub,A-01-01,VectorValve Gasket & Seal,31,0,31,14,11,10366.75,9.6,3.23,321369.25,2026-08-12 14:00:00,Available,Aurelis Synthetic Warehouse Network
AUR-PMP-00361,Centrifugal Pump Series 101,West Coast Fulfillment,B-02-02,VectorValve Filter Technologies,14,11,3,11,9,30107.96,9.6,0.31,421511.44,2026-08-12 13:25:00,Reorder Required,Aurelis Synthetic Warehouse Network
AUR-VLV-00362,Control Valve Series 102,Central Distribution Hub,C-03-03,VectorValve Valve Automation,32,8,24,34,16,3365.69,13.6,1.76,107702.08,2026-08-12 12:12:00,Available,Aurelis Synthetic Warehouse Network
AUR-BRG-00363,Industrial Bearing Series 103,West Coast Fulfillment,D-04-04,VectorValve Specialty Alloys,17,17,0,29,13,5303.95,13.1,0.0,90167.15,2026-08-12 13:57:00,Reorder Required,Aurelis Synthetic Warehouse Network
AUR-INS-00364,Pressure Instrument Series 104,Central Distribution Hub,E-05-05,PrimeFlow Bearing Works,27,0,27,3,13,9032.61,7.5,3.6,243880.47,2026-08-12 13:10:00,Available,Aurelis Synthetic Warehouse Network
AUR-MTR-00365,Electric Motor Series 105,West Coast Fulfillment,F-06-06,PrimeFlow Fasteners,36,24,12,52,59,10518.81,41.0,0.29,378677.16,2026-08-12 11:25:00,Reorder Required,Aurelis Synthetic Warehouse Network
AUR-SEA-00366,Mechanical Seal Series 106,Central Distribution Hub,G-07-07,PrimeFlow Marine Components,32,20,12,0,13,7308.7,13.8,0.87,233878.4,2026-08-12 11:32:00,Reorder Required,Aurelis Synthetic Warehouse Network
AUR-FLT-00367,Process Filter Series 107,West Coast Fulfillment,H-08-08,PrimeFlow Hose & Fittings,16,5,11,7,7,6941.01,5.6,1.96,111056.16,2026-08-12 11:19:00,Available,Aurelis Synthetic Warehouse Network
AUR-ACT-00368,Valve Actuator Series 108,Central Distribution Hub,I-09-01,NorthForge Pumps,91,0,91,65,48,6289.61,27.3,3.33,572354.51,2026-08-12 13:09:00,Available,Aurelis Synthetic Warehouse Network
AUR-GSK-00369,Industrial Gasket Series 109,West Coast Fulfillment,J-10-02,NorthForge Gasket & Seal,148,15,133,93,50,2658.35,49.5,2.69,393435.8,2026-08-12 14:14:00,Available,Aurelis Synthetic Warehouse Network
AUR-HOS-00370,Hydraulic Hose Series 110,Central Distribution Hub,K-11-03,NorthForge Filter Technologies,34,8,26,18,23,7880.09,15.2,1.71,267923.06,2026-08-12 14:29:00,Available,Aurelis Synthetic Warehouse Network
AUR-FIT-00371,Pipe Fitting Series 111,West Coast Fulfillment,L-12-04,VectorValve Industries,0,11,-11,35,37,4269.08,21.6,0.0,0.0,2026-08-12 11:21:00,Negative Availability,Aurelis Synthetic Warehouse Network
AUR-CAB-00372,Instrumentation Cable Series 112,Central Distribution Hub,A-13-05,VectorValve Gasket & Seal,40,3,37,30,17,2241.89,14.7,2.52,89675.6,2026-08-12 11:05:00,Available,Aurelis Synthetic Warehouse Network
AUR-SEN-00373,Process Sensor Series 113,West Coast Fulfillment,B-14-06,VectorValve Filter Technologies,22,20,2,0,14,2777.09,11.6,0.17,61095.98,2026-08-12 12:35:00,Reorder Required,Aurelis Synthetic Warehouse Network
AUR-CMP-00374,Compressor Component Series 114,Central Distribution Hub,C-15-07,VectorValve Valve Automation,59,11,48,23,29,10364.2,18.5,2.59,611487.8,2026-08-12 14:12:00,Available,Aurelis Synthetic Warehouse Network
AUR-SAF-00375,Safety Equipment Series 115,West Coast Fulfillment,D-16-08,VectorValve Specialty Alloys,72,20,52,21,38,9705.03,27.4,1.9,698762.16,2026-08-12 14:52:00,Available,Aurelis Synthetic Warehouse Network
AUR-PLC-00376,Automation Controller Series 116,Central Distribution Hub,E-17-01,PrimeFlow Bearing Works,58,16,42,18,22,3770.99,13.4,3.13,218717.42,2026-08-12 12:00:00,Available,Aurelis Synthetic Warehouse Network
AUR-DRV-00377,Variable Frequency Drive Series 117,West Coast Fulfillment,F-18-02,PrimeFlow Fasteners,33,13,20,17,15,4063.61,11.8,1.69,134099.13,2026-08-12 11:15:00,Available,Aurelis Synthetic Warehouse Network
AUR-HEX-00378,Heat Exchanger Part Series 118,Central Distribution Hub,G-19-03,PrimeFlow Compressor Parts,7,20,-13,31,40,12798.39,26.2,0.0,89588.73,2026-08-12 13:15:00,Negative Availability,Aurelis Synthetic Warehouse Network
AUR-LUB-00379,Industrial Lubrication Series 119,West Coast Fulfillment,H-20-04,PrimeFlow Motion Controls,22,4,18,0,11,7970.62,11.3,1.59,175353.64,2026-08-12 12:40:00,Available,Aurelis Synthetic Warehouse Network
AUR-TOL-00380,Specialty Tooling Series 120,Central Distribution Hub,I-21-05,NorthForge Industries,6,4,2,11,11,161.51,9.0,0.22,969.06,2026-08-12 14:28:00,Reorder Required,Aurelis Synthetic Warehouse Network
AUR-PMP-00381,Centrifugal Pump Series 121,West Coast Fulfillment,J-22-06,NorthForge Gasket & Seal,46,21,25,34,12,21411.66,13.2,1.89,984936.36,2026-08-12 11:15:00,Available,Aurelis Synthetic Warehouse Network
AUR-VLV-00382,Control Valve Series 122,Central Distribution Hub,K-23-07,NorthForge Filter Technologies,36,22,14,1,18,2556.47,15.3,0.92,92032.92,2026-08-12 11:08:00,Reorder Required,Aurelis Synthetic Warehouse Network
AUR-BRG-00383,Industrial Bearing Series 123,West Coast Fulfillment,L-24-08,VectorValve Industries,12,10,2,15,16,9449.88,10.4,0.19,113398.56,2026-08-12 13:29:00,Reorder Required,Aurelis Synthetic Warehouse Network
AUR-INS-00384,Pressure Instrument Series 124,Central Distribution Hub,A-25-01,VectorValve Gasket & Seal,80,33,47,13,32,1328.21,24.7,1.9,106256.8,2026-08-12 12:32:00,Available,Aurelis Synthetic Warehouse Network
AUR-MTR-00385,Electric Motor Series 125,West Coast Fulfillment,B-26-02,VectorValve Filter Technologies,40,17,23,20,10,18154.38,12.6,1.83,726175.2,2026-08-12 14:14:00,Available,Aurelis Synthetic Warehouse Network
AUR-SEA-00386,Mechanical Seal Series 126,Central Distribution Hub,C-27-03,VectorValve Valve Automation,23,12,11,1,16,7716.1,12.8,0.86,177470.3,2026-08-12 11:28:00,Reorder Required,Aurelis Synthetic Warehouse Network
AUR-FLT-00387,Process Filter Series 127,West Coast Fulfillment,D-28-04,PrimeFlow Manufacturing,60,7,53,42,29,363.81,19.0,2.79,21828.6,2026-08-12 14:59:00,Available,Aurelis Synthetic Warehouse Network
AUR-ACT-00388,Valve Actuator Series 128,Central Distribution Hub,E-29-05,PrimeFlow Hydraulics,28,3,25,32,29,9410.06,16.2,1.54,263481.68,2026-08-12 12:42:00,Reorder Required,Aurelis Synthetic Warehouse Network
AUR-GSK-00389,Industrial Gasket Series 129,West Coast Fulfillment,F-30-06,PrimeFlow Fabrication,20,9,11,16,14,91.42,10.6,1.04,1828.4,2026-08-12 11:56:00,Reorder Required,Aurelis Synthetic Warehouse Network
AUR-HOS-00390,Hydraulic Hose Series 130,Central Distribution Hub,G-01-07,PrimeFlow Compressor Parts,75,2,73,8,12,1293.06,14.3,5.1,96979.5,2026-08-12 14:22:00,Available,Aurelis Synthetic Warehouse Network
AUR-FIT-00391,Pipe Fitting Series 131,West Coast Fulfillment,H-02-08,PrimeFlow Motion Controls,46,15,31,14,25,7767.75,17.1,1.81,357316.5,2026-08-12 12:45:00,Available,Aurelis Synthetic Warehouse Network
AUR-CAB-00392,Instrumentation Cable Series 132,Central Distribution Hub,I-03-01,NorthForge Industries,48,12,36,31,16,8847.69,17.2,2.09,424689.12,2026-08-12 12:41:00,Available,Aurelis Synthetic Warehouse Network
AUR-SEN-00393,Process Sensor Series 133,West Coast Fulfillment,J-04-02,NorthForge Gasket & Seal,65,0,65,38,25,6655.86,19.4,3.35,432630.9,2026-08-12 12:10:00,Available,Aurelis Synthetic Warehouse Network
AUR-CMP-00394,Compressor Component Series 134,Central Distribution Hub,K-05-03,NorthForge Filter Technologies,73,32,41,54,53,22441.93,31.2,1.31,1638260.89,2026-08-12 11:21:00,Reorder Required,Aurelis Synthetic Warehouse Network
AUR-SAF-00395,Safety Equipment Series 135,West Coast Fulfillment,L-06-04,VectorValve Industries,37,10,27,18,16,6057.11,19.1,1.41,224113.07,2026-08-12 11:26:00,Available,Aurelis Synthetic Warehouse Network
AUR-PLC-00396,Automation Controller Series 136,Central Distribution Hub,A-07-05,VectorValve Electric,56,0,56,32,12,2846.26,12.1,4.63,159390.56,2026-08-12 13:43:00,Available,Aurelis Synthetic Warehouse Network
AUR-DRV-00397,Variable Frequency Drive Series 137,West Coast Fulfillment,B-08-06,VectorValve Safety Supply,318,51,267,0,112,877.83,83.7,3.19,279149.94,2026-08-12 13:53:00,Available,Aurelis Synthetic Warehouse Network
AUR-HEX-00398,Heat Exchanger Part Series 138,Central Distribution Hub,C-09-07,VectorValve Sensor Labs,43,9,34,26,9,10170.35,10.6,3.21,437325.05,2026-08-12 12:19:00,Available,Aurelis Synthetic Warehouse Network
AUR-LUB-00399,Industrial Lubrication Series 139,West Coast Fulfillment,D-10-08,PrimeFlow Manufacturing,11,7,4,11,12,1521.34,7.4,0.54,16734.74,2026-08-12 13:03:00,Reorder Required,Aurelis Synthetic Warehouse Network
AUR-TOL-00400,Specialty Tooling Series 140,Central Distribution Hub,E-11-01,PrimeFlow Hydraulics,12,1,11,22,10,257.09,7.6,1.45,3085.08,2026-08-12 13:26:00,Available,Aurelis Synthetic Warehouse Network
AUR-PMP-00401,Centrifugal Pump Series 141,West Coast Fulfillment,F-12-02,PrimeFlow Fabrication,17,4,13,25,9,31454.04,8.0,1.62,534718.68,2026-08-12 14:35:00,Available,Aurelis Synthetic Warehouse Network
AUR-VLV-00402,Control Valve Series 142,Central Distribution Hub,G-13-03,PrimeFlow Compressor Parts,12,2,10,14,8,4123.94,8.7,1.15,49487.28,2026-08-12 11:22:00,Available,Aurelis Synthetic Warehouse Network
AUR-BRG-00403,Industrial Bearing Series 143,West Coast Fulfillment,H-14-04,PrimeFlow Motion Controls,62,6,56,13,24,10495.19,15.3,3.66,650701.78,2026-08-12 12:36:00,Available,Aurelis Synthetic Warehouse Network
AUR-INS-00404,Pressure Instrument Series 144,Central Distribution Hub,I-15-05,NorthForge Industries,20,23,-3,12,18,150.64,13.3,0.0,3012.8,2026-08-12 14:36:00,Negative Availability,Aurelis Synthetic Warehouse Network
AUR-MTR-00405,Electric Motor Series 145,West Coast Fulfillment,J-16-06,NorthForge Electric,2,3,-1,7,5,10868.05,3.3,0.0,21736.1,2026-08-12 13:30:00,Negative Availability,Aurelis Synthetic Warehouse Network
AUR-SEA-00406,Mechanical Seal Series 146,Central Distribution Hub,K-17-07,NorthForge Safety Supply,118,25,93,65,23,9616.09,27.4,3.39,1134698.62,2026-08-12 13:36:00,Available,Aurelis Synthetic Warehouse Network
AUR-FLT-00407,Process Filter Series 147,West Coast Fulfillment,L-18-08,VectorValve Instrumentation,16,10,6,0,14,9427.04,9.2,0.65,150832.64,2026-08-12 13:39:00,Reorder Required,Aurelis Synthetic Warehouse Network
AUR-ACT-00408,Valve Actuator Series 148,Central Distribution Hub,A-19-01,VectorValve Electric,10,4,6,18,10,4330.79,8.5,0.71,43307.9,2026-08-12 11:16:00,Reorder Required,Aurelis Synthetic Warehouse Network
AUR-GSK-00409,Industrial Gasket Series 149,West Coast Fulfillment,B-20-02,VectorValve Safety Supply,21,35,-14,47,17,678.45,19.6,0.0,14247.45,2026-08-12 14:46:00,Negative Availability,Aurelis Synthetic Warehouse Network
AUR-HOS-00410,Hydraulic Hose Series 150,Central Distribution Hub,C-21-03,VectorValve Sensor Labs,33,26,7,20,18,1109.26,18.7,0.37,36605.58,2026-08-12 13:01:00,Reorder Required,Aurelis Synthetic Warehouse Network
AUR-FIT-00411,Pipe Fitting Series 151,West Coast Fulfillment,D-22-04,PrimeFlow Manufacturing,58,10,48,50,37,6833.98,22.7,2.11,396370.84,2026-08-12 12:51:00,Available,Aurelis Synthetic Warehouse Network
AUR-CAB-00412,Instrumentation Cable Series 152,Central Distribution Hub,E-23-05,PrimeFlow Hydraulics,148,2,146,64,65,6800.9,39.4,3.71,1006533.2,2026-08-12 11:51:00,Available,Aurelis Synthetic Warehouse Network
AUR-SEN-00413,Process Sensor Series 153,West Coast Fulfillment,F-24-06,PrimeFlow Fabrication,38,1,37,11,13,7951.31,10.0,3.7,302149.78,2026-08-12 13:43:00,Available,Aurelis Synthetic Warehouse Network
AUR-CMP-00414,Compressor Component Series 154,Central Distribution Hub,G-25-07,PrimeFlow Industrial Plastics,4,43,-39,39,50,3280.41,27.6,0.0,13121.64,2026-08-12 13:15:00,Negative Availability,Aurelis Synthetic Warehouse Network
AUR-SAF-00415,Safety Equipment Series 155,West Coast Fulfillment,H-26-08,PrimeFlow Mechanical Supply,7,4,3,10,9,2623.16,7.6,0.39,18362.12,2026-08-12 12:13:00,Reorder Required,Aurelis Synthetic Warehouse Network
AUR-PLC-00416,Automation Controller Series 156,Central Distribution Hub,I-27-01,NorthForge Instrumentation,35,24,11,0,26,1854.54,27.0,0.41,64908.9,2026-08-12 13:36:00,Reorder Required,Aurelis Synthetic Warehouse Network
AUR-DRV-00417,Variable Frequency Drive Series 157,West Coast Fulfillment,J-28-02,NorthForge Electric,10,6,4,9,19,4309.48,12.1,0.33,43094.8,2026-08-12 11:10:00,Reorder Required,Aurelis Synthetic Warehouse Network
AUR-HEX-00418,Heat Exchanger Part Series 158,Central Distribution Hub,K-29-03,NorthForge Safety Supply,22,15,7,19,22,19765.57,15.9,0.44,434842.54,2026-08-12 14:10:00,Reorder Required,Aurelis Synthetic Warehouse Network
AUR-LUB-00419,Industrial Lubrication Series 159,West Coast Fulfillment,L-30-04,VectorValve Instrumentation,18,11,7,11,6,1906.16,6.4,1.09,34310.88,2026-08-12 13:58:00,Available,Aurelis Synthetic Warehouse Network
AUR-TOL-00420,Specialty Tooling Series 160,Central Distribution Hub,A-01-05,VectorValve Electric,16,0,16,21,16,6271.6,9.9,1.62,100345.6,2026-08-12 11:36:00,Reorder Required,Aurelis Synthetic Warehouse Network
AUR-PMP-00421,Centrifugal Pump Series 161,West Coast Fulfillment,B-02-06,VectorValve Safety Supply,104,31,73,27,55,23425.77,32.7,2.23,2436280.08,2026-08-12 11:44:00,Available,Aurelis Synthetic Warehouse Network
AUR-VLV-00422,Control Valve Series 162,Central Distribution Hub,C-03-07,VectorValve Sensor Labs,0,29,-29,48,51,8912.91,31.6,0.0,0.0,2026-08-12 11:03:00,Negative Availability,Aurelis Synthetic Warehouse Network
AUR-BRG-00423,Industrial Bearing Series 163,West Coast Fulfillment,D-04-08,PrimeFlow Components,25,9,16,16,23,7187.12,12.8,1.25,179678.0,2026-08-12 12:06:00,Reorder Required,Aurelis Synthetic Warehouse Network
AUR-INS-00424,Pressure Instrument Series 164,Central Distribution Hub,E-05-01,PrimeFlow Actuation,34,1,33,41,35,5596.86,21.4,1.54,190293.24,2026-08-12 13:29:00,Reorder Required,Aurelis Synthetic Warehouse Network
AUR-MTR-00425,Electric Motor Series 165,West Coast Fulfillment,F-06-02,PrimeFlow Process Equipment,34,43,-9,80,24,20773.81,29.0,0.0,706309.54,2026-08-12 14:49:00,Negative Availability,Aurelis Synthetic Warehouse Network
AUR-SEA-00426,Mechanical Seal Series 166,Central Distribution Hub,G-07-03,PrimeFlow Industrial Plastics,19,11,8,0,20,10594.7,11.3,0.71,201299.3,2026-08-12 12:05:00,Reorder Required,Aurelis Synthetic Warehouse Network
AUR-FLT-00427,Process Filter Series 167,West Coast Fulfillment,H-08-04,PrimeFlow Mechanical Supply,35,7,28,17,26,9449.67,15.5,1.81,330738.45,2026-08-12 11:10:00,Available,Aurelis Synthetic Warehouse Network
AUR-ACT-00428,Valve Actuator Series 168,Central Distribution Hub,I-09-05,NorthForge Instrumentation,7,22,-15,17,18,7813.56,16.5,0.0,54694.92,2026-08-12 11:59:00,Negative Availability,Aurelis Synthetic Warehouse Network
AUR-GSK-00429,Industrial Gasket Series 169,West Coast Fulfillment,J-10-06,NorthForge Electric,46,9,37,32,15,3468.58,17.7,2.09,159554.68,2026-08-12 13:09:00,Available,Aurelis Synthetic Warehouse Network
AUR-HOS-00430,Hydraulic Hose Series 170,Central Distribution Hub,K-11-07,NorthForge Safety Supply,29,0,29,64,18,6465.86,15.0,1.93,187509.94,2026-08-12 14:26:00,Available,Aurelis Synthetic Warehouse Network
AUR-FIT-00431,Pipe Fitting Series 171,West Coast Fulfillment,L-12-08,VectorValve Instrumentation,12,12,0,0,12,2785.81,7.4,0.0,33429.72,2026-08-12 14:52:00,Reorder Required,Aurelis Synthetic Warehouse Network
AUR-CAB-00432,Instrumentation Cable Series 172,Central Distribution Hub,A-13-01,VectorValve Controls,7,2,5,12,7,806.65,3.9,1.28,5646.55,2026-08-12 12:28:00,Reorder Required,Aurelis Synthetic Warehouse Network
AUR-SEN-00433,Process Sensor Series 173,West Coast Fulfillment,B-14-02,VectorValve Gearworks,18,6,12,8,6,6924.18,4.9,2.45,124635.24,2026-08-12 14:31:00,Available,Aurelis Synthetic Warehouse Network
AUR-CMP-00434,Compressor Component Series 174,Central Distribution Hub,C-15-03,VectorValve Technical Metals,77,17,60,13,25,7470.26,17.3,3.47,575210.02,2026-08-12 13:52:00,Available,Aurelis Synthetic Warehouse Network
AUR-SAF-00435,Safety Equipment Series 175,West Coast Fulfillment,D-16-04,PrimeFlow Components,2,17,-15,38,19,49.36,11.9,0.0,98.72,2026-08-12 12:25:00,Negative Availability,Aurelis Synthetic Warehouse Network
AUR-PLC-00436,Automation Controller Series 176,Central Distribution Hub,E-17-05,PrimeFlow Actuation,21,8,13,17,17,7934.89,10.0,1.3,166632.69,2026-08-12 11:43:00,Reorder Required,Aurelis Synthetic Warehouse Network
AUR-DRV-00437,Variable Frequency Drive Series 177,West Coast Fulfillment,F-18-06,PrimeFlow Process Equipment,41,18,23,28,21,1225.39,13.7,1.68,50240.99,2026-08-12 11:09:00,Available,Aurelis Synthetic Warehouse Network
AUR-HEX-00438,Heat Exchanger Part Series 178,Central Distribution Hub,G-19-07,PrimeFlow Industrial Plastics,9,6,3,18,13,19709.02,8.2,0.37,177381.18,2026-08-12 13:26:00,Reorder Required,Aurelis Synthetic Warehouse Network
AUR-LUB-00439,Industrial Lubrication Series 179,West Coast Fulfillment,H-20-08,PrimeFlow Mechanical Supply,38,4,34,11,20,7035.55,12.4,2.74,267350.9,2026-08-12 12:58:00,Available,Aurelis Synthetic Warehouse Network
AUR-TOL-00440,Specialty Tooling Series 180,Central Distribution Hub,I-21-01,NorthForge Instrumentation,56,0,56,36,33,9812.8,19.3,2.9,549516.8,2026-08-12 12:38:00,Available,Aurelis Synthetic Warehouse Network
AUR-PMP-00441,Centrifugal Pump Series 181,West Coast Fulfillment,J-22-02,NorthForge Controls,21,12,9,17,16,18585.74,13.9,0.65,390300.54,2026-08-12 12:35:00,Reorder Required,Aurelis Synthetic Warehouse Network
AUR-VLV-00442,Control Valve Series 182,Central Distribution Hub,K-23-03,NorthForge Gearworks,33,11,22,5,14,4779.64,7.6,2.89,157728.12,2026-08-12 11:14:00,Available,Aurelis Synthetic Warehouse Network
AUR-BRG-00443,Industrial Bearing Series 183,West Coast Fulfillment,L-24-04,VectorValve Systems,0,11,-11,24,19,4856.3,11.6,0.0,0.0,2026-08-12 12:09:00,Negative Availability,Aurelis Synthetic Warehouse Network
AUR-INS-00444,Pressure Instrument Series 184,Central Distribution Hub,A-25-05,VectorValve Controls,53,16,37,36,21,9995.06,17.8,2.08,529738.18,2026-08-12 14:11:00,Available,Aurelis Synthetic Warehouse Network
AUR-MTR-00445,Electric Motor Series 185,West Coast Fulfillment,B-26-06,VectorValve Gearworks,119,0,119,43,18,2681.45,19.4,6.13,319092.55,2026-08-12 11:02:00,Available,Aurelis Synthetic Warehouse Network
AUR-SEA-00446,Mechanical Seal Series 186,Central Distribution Hub,C-27-07,VectorValve Technical Metals,9,3,6,7,12,8880.55,8.0,0.75,79924.95,2026-08-12 12:08:00,Reorder Required,Aurelis Synthetic Warehouse Network
AUR-FLT-00447,Process Filter Series 187,West Coast Fulfillment,D-28-08,PrimeFlow Components,45,19,26,41,15,4715.2,15.0,1.73,212184.0,2026-08-12 12:10:00,Available,Aurelis Synthetic Warehouse Network
AUR-ACT-00448,Valve Actuator Series 188,Central Distribution Hub,E-29-01,PrimeFlow Actuation,54,32,22,44,17,5950.3,20.0,1.1,321316.2,2026-08-12 12:27:00,Available,Aurelis Synthetic Warehouse Network
AUR-GSK-00449,Industrial Gasket Series 189,West Coast Fulfillment,F-30-02,PrimeFlow Process Equipment,30,11,19,14,13,7951.02,9.9,1.92,238530.6,2026-08-12 12:43:00,Available,Aurelis Synthetic Warehouse Network
AUR-HOS-00450,Hydraulic Hose Series 190,Central Distribution Hub,G-01-03,PrimeFlow Heat Transfer,73,19,54,47,29,779.2,17.9,3.02,56881.6,2026-08-12 11:52:00,Available,Aurelis Synthetic Warehouse Network
AUR-FIT-00451,Pipe Fitting Series 191,West Coast Fulfillment,H-02-04,PrimeFlow Process Instruments,42,36,6,32,38,1385.88,31.2,0.19,58206.96,2026-08-12 12:26:00,Reorder Required,Aurelis Synthetic Warehouse Network
AUR-CAB-00452,Instrumentation Cable Series 192,Central Distribution Hub,I-03-05,NorthForge Systems,58,0,58,47,30,9973.52,21.1,2.75,578464.16,2026-08-12 13:23:00,Available,Aurelis Synthetic Warehouse Network
AUR-SEN-00453,Process Sensor Series 193,West Coast Fulfillment,J-04-06,NorthForge Controls,49,0,49,16,30,3841.6,24.0,2.04,188238.4,2026-08-12 12:36:00,Available,Aurelis Synthetic Warehouse Network
AUR-CMP-00454,Compressor Component Series 194,Central Distribution Hub,K-05-07,NorthForge Gearworks,16,1,15,18,25,13739.51,14.0,1.07,219832.16,2026-08-12 14:21:00,Reorder Required,Aurelis Synthetic Warehouse Network
AUR-SAF-00455,Safety Equipment Series 195,West Coast Fulfillment,L-06-08,VectorValve Systems,4,2,2,10,7,2927.24,4.2,0.48,11708.96,2026-08-12 12:34:00,Reorder Required,Aurelis Synthetic Warehouse Network
AUR-PLC-00456,Automation Controller Series 196,Central Distribution Hub,A-07-01,VectorValve Controls,61,50,11,130,50,1482.14,31.0,0.35,90410.54,2026-08-12 14:41:00,Reorder Required,Aurelis Synthetic Warehouse Network
AUR-DRV-00457,Variable Frequency Drive Series 197,West Coast Fulfillment,B-08-02,VectorValve Gearworks,70,10,60,35,24,9009.42,20.1,2.99,630659.4,2026-08-12 13:01:00,Available,Aurelis Synthetic Warehouse Network
AUR-HEX-00458,Heat Exchanger Part Series 198,Central Distribution Hub,C-09-03,VectorValve Technical Metals,28,6,22,20,11,23283.09,7.1,3.1,651926.52,2026-08-12 14:39:00,Available,Aurelis Synthetic Warehouse Network
AUR-LUB-00459,Industrial Lubrication Series 199,West Coast Fulfillment,D-10-04,PrimeFlow Pumps,175,47,128,114,49,293.18,47.3,2.71,51306.5,2026-08-12 11:08:00,Available,Aurelis Synthetic Warehouse Network
AUR-TOL-00460,Specialty Tooling Series 200,Central Distribution Hub,E-11-05,PrimeFlow Technologies,35,24,11,0,27,7487.35,15.4,0.71,262057.25,2026-08-12 14:24:00,Reorder Required,Aurelis Synthetic Warehouse Network
AUR-PMP-00461,Centrifugal Pump Series 201,West Coast Fulfillment,F-12-06,PrimeFlow Cable Systems,54,25,29,42,25,35300.93,18.3,1.58,1906250.22,2026-08-12 14:41:00,Available,Aurelis Synthetic Warehouse Network
AUR-VLV-00462,Control Valve Series 202,Central Distribution Hub,G-13-07,PrimeFlow Heat Transfer,0,5,-5,14,14,7760.2,9.4,0.0,0.0,2026-08-12 13:48:00,Negative Availability,Aurelis Synthetic Warehouse Network
AUR-BRG-00463,Industrial Bearing Series 203,West Coast Fulfillment,H-14-08,PrimeFlow Process Instruments,27,12,15,27,24,9748.76,14.3,1.05,263216.52,2026-08-12 12:05:00,Reorder Required,Aurelis Synthetic Warehouse Network
AUR-INS-00464,Pressure Instrument Series 204,Central Distribution Hub,I-15-01,NorthForge Systems,56,47,9,6,37,7736.68,26.3,0.34,433254.08,2026-08-12 11:35:00,Reorder Required,Aurelis Synthetic Warehouse Network
AUR-MTR-00465,Electric Motor Series 205,West Coast Fulfillment,J-16-02,NorthForge Controls,69,29,40,40,23,12635.31,24.0,1.67,871836.39,2026-08-12 11:33:00,Available,Aurelis Synthetic Warehouse Network
AUR-SEA-00466,Mechanical Seal Series 206,Central Distribution Hub,K-17-03,NorthForge Gearworks,48,0,48,0,9,1500.71,9.8,4.9,72034.08,2026-08-12 13:36:00,Available,Aurelis Synthetic Warehouse Network
AUR-FLT-00467,Process Filter Series 207,West Coast Fulfillment,L-18-04,VectorValve Systems,40,16,24,21,12,5098.71,12.1,1.98,203948.4,2026-08-12 14:14:00,Available,Aurelis Synthetic Warehouse Network
AUR-ACT-00468,Valve Actuator Series 208,Central Distribution Hub,A-19-05,VectorValve Fasteners,31,4,27,31,16,2778.22,13.3,2.03,86124.82,2026-08-12 11:45:00,Available,Aurelis Synthetic Warehouse Network
AUR-GSK-00469,Industrial Gasket Series 209,West Coast Fulfillment,B-20-06,VectorValve Marine Components,104,0,104,21,23,1332.66,22.3,4.66,138596.64,2026-08-12 14:56:00,Available,Aurelis Synthetic Warehouse Network
AUR-HOS-00470,Hydraulic Hose Series 210,Central Distribution Hub,C-21-07,VectorValve Hose & Fittings,33,9,24,25,13,1762.74,9.8,2.45,58170.42,2026-08-12 11:46:00,Available,Aurelis Synthetic Warehouse Network
AUR-FIT-00471,Pipe Fitting Series 211,West Coast Fulfillment,D-22-08,PrimeFlow Pumps,15,2,13,0,21,1949.84,14.0,0.93,29247.6,2026-08-12 13:44:00,Reorder Required,Aurelis Synthetic Warehouse Network
AUR-CAB-00472,Instrumentation Cable Series 212,Central Distribution Hub,E-23-01,PrimeFlow Technologies,60,8,52,52,23,10097.49,20.5,2.54,605849.4,2026-08-12 14:32:00,Available,Aurelis Synthetic Warehouse Network
AUR-SEN-00473,Process Sensor Series 213,West Coast Fulfillment,F-24-02,PrimeFlow Cable Systems,24,8,16,15,13,722.89,10.7,1.5,17349.36,2026-08-12 11:17:00,Available,Aurelis Synthetic Warehouse Network
AUR-CMP-00474,Compressor Component Series 214,Central Distribution Hub,G-25-03,PrimeFlow Heat Transfer,15,8,7,12,13,10010.19,13.8,0.51,150152.85,2026-08-12 11:29:00,Reorder Required,Aurelis Synthetic Warehouse Network
AUR-SAF-00475,Safety Equipment Series 215,West Coast Fulfillment,H-26-04,PrimeFlow Process Instruments,0,2,-2,47,30,5065.02,18.0,0.0,0.0,2026-08-12 12:41:00,Negative Availability,Aurelis Synthetic Warehouse Network
AUR-PLC-00476,Automation Controller Series 216,Central Distribution Hub,I-27-05,NorthForge Systems,43,36,7,84,42,8123.47,25.5,0.27,349309.21,2026-08-12 14:54:00,Reorder Required,Aurelis Synthetic Warehouse Network
AUR-DRV-00477,Variable Frequency Drive Series 217,West Coast Fulfillment,J-28-06,NorthForge Fasteners,37,1,36,7,18,7682.68,21.3,1.69,284259.16,2026-08-12 14:23:00,Available,Aurelis Synthetic Warehouse Network
AUR-HEX-00478,Heat Exchanger Part Series 218,Central Distribution Hub,K-29-07,NorthForge Marine Components,30,14,16,19,17,27351.46,10.7,1.5,820543.8,2026-08-12 14:18:00,Reorder Required,Aurelis Synthetic Warehouse Network
AUR-LUB-00479,Industrial Lubrication Series 219,West Coast Fulfillment,L-30-08,VectorValve Bearing Works,45,21,24,108,30,5029.49,32.3,0.74,226327.05,2026-08-12 11:23:00,Reorder Required,Aurelis Synthetic Warehouse Network
AUR-TOL-00480,Specialty Tooling Series 220,Central Distribution Hub,A-01-01,VectorValve Fasteners,14,5,9,9,6,6036.79,3.7,2.43,84515.06,2026-08-12 11:15:00,Available,Aurelis Synthetic Warehouse Network
AUR-PMP-00481,Centrifugal Pump Series 221,West Coast Fulfillment,B-02-02,VectorValve Marine Components,91,12,79,27,22,25763.43,21.8,3.62,2344472.13,2026-08-12 14:05:00,Available,Aurelis Synthetic Warehouse Network
AUR-VLV-00482,Control Valve Series 222,Central Distribution Hub,C-03-03,VectorValve Hose & Fittings,26,9,17,4,9,1940.55,7.2,2.36,50454.3,2026-08-12 13:28:00,Available,Aurelis Synthetic Warehouse Network
AUR-BRG-00483,Industrial Bearing Series 223,West Coast Fulfillment,D-04-04,PrimeFlow Pumps,38,11,27,55,13,4315.52,15.0,1.8,163989.76,2026-08-12 11:59:00,Available,Aurelis Synthetic Warehouse Network
AUR-INS-00484,Pressure Instrument Series 224,Central Distribution Hub,E-05-05,PrimeFlow Technologies,42,38,4,27,33,7719.94,27.5,0.15,324237.48,2026-08-12 11:07:00,Reorder Required,Aurelis Synthetic Warehouse Network
AUR-MTR-00485,Electric Motor Series 225,West Coast Fulfillment,F-06-06,PrimeFlow Cable Systems,22,30,-8,18,22,2921.62,17.3,0.0,64275.64,2026-08-12 13:25:00,Negative Availability,Aurelis Synthetic Warehouse Network
AUR-SEA-00486,Mechanical Seal Series 226,Central Distribution Hub,G-07-07,PrimeFlow Valve Automation,53,18,35,15,20,5654.0,13.3,2.63,299662.0,2026-08-12 11:39:00,Available,Aurelis Synthetic Warehouse Network
AUR-FLT-00487,Process Filter Series 227,West Coast Fulfillment,H-08-08,PrimeFlow Specialty Alloys,60,27,33,0,30,7518.32,18.0,1.83,451099.2,2026-08-12 14:16:00,Available,Aurelis Synthetic Warehouse Network
AUR-ACT-00488,Valve Actuator Series 228,Central Distribution Hub,I-09-01,NorthForge Bearing Works,74,12,62,57,24,6685.11,16.7,3.71,494698.14,2026-08-12 13:29:00,Available,Aurelis Synthetic Warehouse Network
AUR-GSK-00489,Industrial Gasket Series 229,West Coast Fulfillment,J-10-02,NorthForge Fasteners,22,3,19,16,12,5527.98,11.6,1.64,121615.56,2026-08-12 12:16:00,Available,Aurelis Synthetic Warehouse Network
AUR-HOS-00490,Hydraulic Hose Series 230,Central Distribution Hub,K-11-03,NorthForge Marine Components,48,11,37,37,28,9931.98,27.4,1.35,476735.04,2026-08-12 11:25:00,Available,Aurelis Synthetic Warehouse Network
AUR-FIT-00491,Pipe Fitting Series 231,West Coast Fulfillment,L-12-04,VectorValve Bearing Works,19,3,16,10,8,10173.94,5.8,2.76,193304.86,2026-08-12 12:39:00,Available,Aurelis Synthetic Warehouse Network
AUR-CAB-00492,Instrumentation Cable Series 232,Central Distribution Hub,A-13-05,VectorValve Fasteners,73,28,45,46,33,10314.21,23.6,1.91,752937.33,2026-08-12 12:28:00,Available,Aurelis Synthetic Warehouse Network
AUR-SEN-00493,Process Sensor Series 233,West Coast Fulfillment,B-14-06,VectorValve Marine Components,10,4,6,0,12,6919.59,7.1,0.85,69195.9,2026-08-12 11:29:00,Reorder Required,Aurelis Synthetic Warehouse Network
AUR-CMP-00494,Compressor Component Series 234,Central Distribution Hub,C-15-07,VectorValve Hose & Fittings,42,14,28,33,15,8797.58,16.9,1.66,369498.36,2026-08-12 13:38:00,Available,Aurelis Synthetic Warehouse Network
AUR-SAF-00495,Safety Equipment Series 235,West Coast Fulfillment,D-16-08,PrimeFlow Industries,23,20,3,41,15,1990.66,14.2,0.21,45785.18,2026-08-12 13:48:00,Reorder Required,Aurelis Synthetic Warehouse Network
AUR-PLC-00496,Automation Controller Series 236,Central Distribution Hub,E-17-01,PrimeFlow Gasket & Seal,27,0,27,9,10,3121.95,5.9,4.58,84292.65,2026-08-12 12:01:00,Available,Aurelis Synthetic Warehouse Network
AUR-DRV-00497,Variable Frequency Drive Series 237,West Coast Fulfillment,F-18-02,PrimeFlow Filter Technologies,34,11,23,32,26,4242.99,15.1,1.52,144261.66,2026-08-12 14:50:00,Reorder Required,Aurelis Synthetic Warehouse Network
AUR-HEX-00498,Heat Exchanger Part Series 238,Central Distribution Hub,G-19-03,PrimeFlow Valve Automation,31,7,24,61,44,9317.09,31.1,0.77,288829.79,2026-08-12 11:16:00,Reorder Required,Aurelis Synthetic Warehouse Network
AUR-LUB-00499,Industrial Lubrication Series 239,West Coast Fulfillment,H-20-04,PrimeFlow Specialty Alloys,22,4,18,5,7,5335.86,6.3,2.86,117388.92,2026-08-12 14:46:00,Available,Aurelis Synthetic Warehouse Network
AUR-TOL-00500,Specialty Tooling Series 240,Central Distribution Hub,I-21-05,NorthForge Bearing Works,31,18,13,18,24,10480.27,14.0,0.93,324888.37,2026-08-12 12:31:00,Reorder Required,Aurelis Synthetic Warehouse Network
AUR-PMP-00501,Centrifugal Pump Series 241,West Coast Fulfillment,J-22-06,NorthForge Fasteners,51,22,29,0,46,2719.14,35.6,0.81,138676.14,2026-08-12 11:24:00,Reorder Required,Aurelis Synthetic Warehouse Network
AUR-VLV-00502,Control Valve Series 242,Central Distribution Hub,K-23-07,NorthForge Marine Components,13,3,10,4,7,9058.56,5.3,1.89,117761.28,2026-08-12 12:15:00,Available,Aurelis Synthetic Warehouse Network
AUR-BRG-00503,Industrial Bearing Series 243,West Coast Fulfillment,L-24-08,VectorValve Bearing Works,10,4,6,13,5,10595.35,4.4,1.36,105953.5,2026-08-12 13:46:00,Available,Aurelis Synthetic Warehouse Network
AUR-INS-00504,Pressure Instrument Series 244,Central Distribution Hub,A-25-01,VectorValve Fabrication,114,21,93,70,42,10482.3,29.2,3.18,1194982.2,2026-08-12 11:25:00,Available,Aurelis Synthetic Warehouse Network
AUR-MTR-00505,Electric Motor Series 245,West Coast Fulfillment,B-26-02,VectorValve Compressor Parts,85,21,64,43,26,11129.59,20.4,3.14,946015.15,2026-08-12 13:49:00,Available,Aurelis Synthetic Warehouse Network
AUR-SEA-00506,Mechanical Seal Series 246,Central Distribution Hub,C-27-03,VectorValve Motion Controls,36,7,29,21,13,6662.34,13.0,2.23,239844.24,2026-08-12 11:47:00,Available,Aurelis Synthetic Warehouse Network
AUR-FLT-00507,Process Filter Series 247,West Coast Fulfillment,D-28-04,PrimeFlow Industries,59,21,38,69,41,2694.02,24.3,1.56,158947.18,2026-08-12 13:07:00,Reorder Required,Aurelis Synthetic Warehouse Network
AUR-ACT-00508,Valve Actuator Series 248,Central Distribution Hub,E-29-05,PrimeFlow Gasket & Seal,94,14,80,33,34,1509.47,26.0,3.08,141890.18,2026-08-12 11:56:00,Available,Aurelis Synthetic Warehouse Network
AUR-GSK-00509,Industrial Gasket Series 249,West Coast Fulfillment,F-30-06,PrimeFlow Filter Technologies,61,0,61,33,44,9721.4,26.9,2.27,593005.4,2026-08-12 14:48:00,Available,Aurelis Synthetic Warehouse Network
AUR-HOS-00510,Hydraulic Hose Series 250,Central Distribution Hub,G-01-07,PrimeFlow Valve Automation,101,59,42,61,36,5068.1,36.8,1.14,511878.1,2026-08-12 13:07:00,Available,Aurelis Synthetic Warehouse Network
AUR-FIT-00511,Pipe Fitting Series 251,West Coast Fulfillment,H-02-08,PrimeFlow Specialty Alloys,64,0,64,29,12,6049.5,13.8,4.64,387168.0,2026-08-12 13:43:00,Available,Aurelis Synthetic Warehouse Network
AUR-CAB-00512,Instrumentation Cable Series 252,Central Distribution Hub,I-03-01,NorthForge Bearing Works,46,32,14,20,26,7361.4,17.5,0.8,338624.4,2026-08-12 14:11:00,Reorder Required,Aurelis Synthetic Warehouse Network
AUR-SEN-00513,Process Sensor Series 253,West Coast Fulfillment,J-04-02,NorthForge Fabrication,26,9,17,23,21,2111.94,15.7,1.08,54910.44,2026-08-12 12:59:00,Reorder Required,Aurelis Synthetic Warehouse Network
AUR-CMP-00514,Compressor Component Series 254,Central Distribution Hub,K-05-03,VectorValve Manufacturing,53,15,38,5,11,8709.02,10.8,3.52,461578.06,2026-08-12 12:01:00,Available,Aurelis Synthetic Warehouse Network
AUR-SAF-00515,Safety Equipment Series 255,West Coast Fulfillment,L-06-04,VectorValve Hydraulics,13,4,9,12,6,6009.08,5.5,1.64,78118.04,2026-08-12 11:18:00,Available,Aurelis Synthetic Warehouse Network
AUR-PLC-00516,Automation Controller Series 256,Central Distribution Hub,A-07-05,VectorValve Fabrication,32,8,24,0,8,7548.47,9.8,2.45,241551.04,2026-08-12 14:07:00,Available,Aurelis Synthetic Warehouse Network
AUR-DRV-00517,Variable Frequency Drive Series 257,West Coast Fulfillment,B-08-06,VectorValve Compressor Parts,1,1,0,7,5,7202.7,2.3,0.0,7202.7,2026-08-12 14:10:00,Reorder Required,Aurelis Synthetic Warehouse Network
AUR-HEX-00518,Heat Exchanger Part Series 258,Central Distribution Hub,C-09-07,VectorValve Motion Controls,85,8,77,27,28,9835.79,22.9,3.36,836042.15,2026-08-12 13:18:00,Available,Aurelis Synthetic Warehouse Network
AUR-LUB-00519,Industrial Lubrication Series 259,West Coast Fulfillment,D-10-08,PrimeFlow Industries,61,40,21,47,33,1697.66,23.7,0.89,103557.26,2026-08-12 12:44:00,Reorder Required,Aurelis Synthetic Warehouse Network
AUR-TOL-00520,Specialty Tooling Series 260,Central Distribution Hub,E-11-01,PrimeFlow Gasket & Seal,12,5,7,35,9,6328.24,6.8,1.03,75938.88,2026-08-12 14:33:00,Reorder Required,Aurelis Synthetic Warehouse Network
AUR-PMP-00521,Centrifugal Pump Series 261,West Coast Fulfillment,F-12-02,PrimeFlow Filter Technologies,26,7,19,15,17,16755.96,10.0,1.9,435654.96,2026-08-12 14:51:00,Available,Aurelis Synthetic Warehouse Network
AUR-VLV-00522,Control Valve Series 262,Central Distribution Hub,G-13-03,PrimeFlow Sensor Labs,24,10,14,43,22,7907.38,16.2,0.86,189777.12,2026-08-12 15:00:00,Reorder Required,Aurelis Synthetic Warehouse Network
AUR-BRG-00523,Industrial Bearing Series 263,West Coast Fulfillment,H-14-04,NorthForge Manufacturing,8,5,3,9,5,10244.7,4.7,0.64,81957.6,2026-08-12 11:15:00,Reorder Required,Aurelis Synthetic Warehouse Network
AUR-INS-00524,Pressure Instrument Series 264,Central Distribution Hub,I-15-05,NorthForge Hydraulics,87,3,84,51,26,4300.86,17.1,4.91,374174.82,2026-08-12 11:55:00,Available,Aurelis Synthetic Warehouse Network
AUR-MTR-00525,Electric Motor Series 265,West Coast Fulfillment,J-16-06,NorthForge Fabrication,8,4,4,1,9,26303.65,5.9,0.68,210429.2,2026-08-12 13:58:00,Reorder Required,Aurelis Synthetic Warehouse Network
AUR-SEA-00526,Mechanical Seal Series 266,Central Distribution Hub,K-17-07,VectorValve Manufacturing,8,19,-11,34,12,6923.21,14.6,0.0,55385.68,2026-08-12 13:14:00,Negative Availability,Aurelis Synthetic Warehouse Network
AUR-FLT-00527,Process Filter Series 267,West Coast Fulfillment,L-18-08,VectorValve Hydraulics,104,0,104,24,26,2354.1,24.8,4.19,244826.4,2026-08-12 11:13:00,Available,Aurelis Synthetic Warehouse Network
AUR-ACT-00528,Valve Actuator Series 268,Central Distribution Hub,A-19-01,VectorValve Fabrication,147,66,81,67,59,8127.14,37.3,2.17,1194689.58,2026-08-12 12:53:00,Available,Aurelis Synthetic Warehouse Network
AUR-GSK-00529,Industrial Gasket Series 269,West Coast Fulfillment,B-20-02,VectorValve Compressor Parts,37,34,3,43,24,333.21,17.9,0.17,12328.77,2026-08-12 11:28:00,Reorder Required,Aurelis Synthetic Warehouse Network
AUR-HOS-00530,Hydraulic Hose Series 270,Central Distribution Hub,C-21-03,VectorValve Motion Controls,43,6,37,37,24,6779.24,15.0,2.47,291507.32,2026-08-12 14:26:00,Available,Aurelis Synthetic Warehouse Network
AUR-FIT-00531,Pipe Fitting Series 271,West Coast Fulfillment,D-22-04,PrimeFlow Instrumentation,18,12,6,5,13,3603.79,8.6,0.7,64868.22,2026-08-12 13:10:00,Reorder Required,Aurelis Synthetic Warehouse Network
AUR-CAB-00532,Instrumentation Cable Series 272,Central Distribution Hub,E-23-05,PrimeFlow Electric,14,0,14,7,10,2669.36,7.4,1.89,37371.04,2026-08-12 11:28:00,Available,Aurelis Synthetic Warehouse Network
AUR-SEN-00533,Process Sensor Series 273,West Coast Fulfillment,F-24-06,PrimeFlow Safety Supply,59,8,51,72,33,6664.64,23.6,2.16,393213.76,2026-08-12 14:41:00,Available,Aurelis Synthetic Warehouse Network
AUR-CMP-00534,Compressor Component Series 274,Central Distribution Hub,G-25-07,PrimeFlow Sensor Labs,61,4,57,12,20,23274.29,24.1,2.37,1419731.69,2026-08-12 12:33:00,Available,Aurelis Synthetic Warehouse Network
AUR-SAF-00535,Safety Equipment Series 275,West Coast Fulfillment,H-26-08,NorthForge Manufacturing,26,8,18,5,11,4525.85,7.3,2.47,117672.1,2026-08-12 12:34:00,Available,Aurelis Synthetic Warehouse Network
AUR-PLC-00536,Automation Controller Series 276,Central Distribution Hub,I-27-01,NorthForge Hydraulics,33,27,6,43,25,8854.45,22.0,0.27,292196.85,2026-08-12 11:33:00,Reorder Required,Aurelis Synthetic Warehouse Network
AUR-DRV-00537,Variable Frequency Drive Series 277,West Coast Fulfillment,J-28-02,NorthForge Fabrication,38,6,32,19,10,3267.06,9.8,3.27,124148.28,2026-08-12 12:20:00,Available,Aurelis Synthetic Warehouse Network
AUR-HEX-00538,Heat Exchanger Part Series 278,Central Distribution Hub,K-29-03,VectorValve Manufacturing,23,18,5,34,17,12558.09,12.3,0.41,288836.07,2026-08-12 12:03:00,Reorder Required,Aurelis Synthetic Warehouse Network
AUR-LUB-00539,Industrial Lubrication Series 279,West Coast Fulfillment,L-30-04,VectorValve Hydraulics,52,29,23,0,24,6289.82,14.4,1.6,327070.64,2026-08-12 12:57:00,Reorder Required,Aurelis Synthetic Warehouse Network
AUR-TOL-00540,Specialty Tooling Series 100,Central Distribution Hub,A-01-05,VectorValve Process Equipment,74,15,59,78,36,2059.46,26.3,2.24,152400.04,2026-08-12 11:26:00,Available,Aurelis Synthetic Warehouse Network
AUR-PMP-00541,Centrifugal Pump Series 101,West Coast Fulfillment,B-02-06,VectorValve Industrial Plastics,23,7,16,31,12,2573.85,9.4,1.7,59198.55,2026-08-12 13:10:00,Available,Aurelis Synthetic Warehouse Network
AUR-VLV-00542,Control Valve Series 102,Central Distribution Hub,C-03-07,VectorValve Mechanical Supply,25,9,16,12,21,4643.11,14.3,1.12,116077.75,2026-08-12 12:38:00,Reorder Required,Aurelis Synthetic Warehouse Network
AUR-BRG-00543,Industrial Bearing Series 103,West Coast Fulfillment,D-04-08,PrimeFlow Instrumentation,8,4,4,5,11,2748.3,6.8,0.59,21986.4,2026-08-12 14:48:00,Reorder Required,Aurelis Synthetic Warehouse Network
AUR-INS-00544,Pressure Instrument Series 104,Central Distribution Hub,E-05-01,PrimeFlow Electric,18,5,13,6,5,6783.09,4.9,2.65,122095.62,2026-08-12 13:28:00,Available,Aurelis Synthetic Warehouse Network
AUR-MTR-00545,Electric Motor Series 105,West Coast Fulfillment,F-06-02,PrimeFlow Safety Supply,96,0,96,33,30,11482.19,22.8,4.21,1102290.24,2026-08-12 14:42:00,Available,Aurelis Synthetic Warehouse Network
AUR-SEA-00546,Mechanical Seal Series 106,Central Distribution Hub,G-07-03,PrimeFlow Sensor Labs,44,10,34,11,13,228.8,10.3,3.3,10067.2,2026-08-12 12:19:00,Available,Aurelis Synthetic Warehouse Network
AUR-FLT-00547,Process Filter Series 107,West Coast Fulfillment,H-08-04,NorthForge Manufacturing,2,7,-5,19,13,3736.4,11.2,0.0,7472.8,2026-08-12 12:51:00,Negative Availability,Aurelis Synthetic Warehouse Network
AUR-ACT-00548,Valve Actuator Series 108,Central Distribution Hub,I-09-05,NorthForge Hydraulics,14,10,4,31,18,3891.51,12.5,0.32,54481.14,2026-08-12 13:43:00,Reorder Required,Aurelis Synthetic Warehouse Network
AUR-GSK-00549,Industrial Gasket Series 109,West Coast Fulfillment,J-10-06,NorthForge Process Equipment,84,36,48,70,37,4746.65,37.0,1.3,398718.6,2026-08-12 13:49:00,Available,Aurelis Synthetic Warehouse Network
AUR-HOS-00550,Hydraulic Hose Series 110,Central Distribution Hub,K-11-07,VectorValve Components,47,16,31,29,11,6754.56,13.0,2.38,317464.32,2026-08-12 13:25:00,Available,Aurelis Synthetic Warehouse Network
AUR-FIT-00551,Pipe Fitting Series 111,West Coast Fulfillment,L-12-08,VectorValve Actuation,64,40,24,17,25,512.69,21.7,1.11,32812.16,2026-08-12 14:33:00,Reorder Required,Aurelis Synthetic Warehouse Network
AUR-CAB-00552,Instrumentation Cable Series 112,Central Distribution Hub,A-13-01,VectorValve Process Equipment,46,13,33,36,38,582.65,24.1,1.37,26801.9,2026-08-12 13:30:00,Reorder Required,Aurelis Synthetic Warehouse Network
AUR-SEN-00553,Process Sensor Series 113,West Coast Fulfillment,B-14-02,VectorValve Industrial Plastics,17,0,17,29,21,2881.03,12.2,1.39,48977.51,2026-08-12 12:08:00,Reorder Required,Aurelis Synthetic Warehouse Network
AUR-CMP-00554,Compressor Component Series 114,Central Distribution Hub,C-15-03,VectorValve Mechanical Supply,52,22,30,8,14,5281.11,14.3,2.1,274617.72,2026-08-12 11:47:00,Available,Aurelis Synthetic Warehouse Network
AUR-SAF-00555,Safety Equipment Series 115,West Coast Fulfillment,D-16-04,PrimeFlow Instrumentation,12,1,11,6,6,8261.92,3.8,2.89,99143.04,2026-08-12 14:50:00,Available,Aurelis Synthetic Warehouse Network
AUR-PLC-00556,Automation Controller Series 116,Central Distribution Hub,E-17-05,PrimeFlow Electric,23,13,10,14,14,6940.28,13.4,0.75,159626.44,2026-08-12 14:40:00,Reorder Required,Aurelis Synthetic Warehouse Network
AUR-DRV-00557,Variable Frequency Drive Series 117,West Coast Fulfillment,F-18-06,PrimeFlow Safety Supply,12,10,2,25,7,1108.89,8.6,0.23,13306.68,2026-08-12 12:28:00,Reorder Required,Aurelis Synthetic Warehouse Network
AUR-HEX-00558,Heat Exchanger Part Series 118,Central Distribution Hub,G-19-07,PrimeFlow Technical Metals,105,10,95,17,20,11207.24,25.0,3.8,1176760.2,2026-08-12 13:27:00,Available,Aurelis Synthetic Warehouse Network
AUR-LUB-00559,Industrial Lubrication Series 119,West Coast Fulfillment,H-20-08,NorthForge Components,19,30,-11,50,35,3440.99,23.0,0.0,65378.81,2026-08-12 12:31:00,Negative Availability,Aurelis Synthetic Warehouse Network
AUR-TOL-00560,Specialty Tooling Series 120,Central Distribution Hub,I-21-01,NorthForge Actuation,29,4,25,0,9,5447.44,5.6,4.46,157975.76,2026-08-12 14:39:00,Available,Aurelis Synthetic Warehouse Network
AUR-PMP-00561,Centrifugal Pump Series 121,West Coast Fulfillment,J-22-02,NorthForge Process Equipment,42,10,32,16,21,6820.14,12.7,2.52,286445.88,2026-08-12 11:43:00,Available,Aurelis Synthetic Warehouse Network
AUR-VLV-00562,Control Valve Series 122,Central Distribution Hub,K-23-03,VectorValve Components,66,18,48,7,14,2263.76,17.6,2.73,149408.16,2026-08-12 12:41:00,Available,Aurelis Synthetic Warehouse Network
AUR-BRG-00563,Industrial Bearing Series 123,West Coast Fulfillment,L-24-04,VectorValve Actuation,24,1,23,5,7,4416.7,6.5,3.54,106000.8,2026-08-12 14:28:00,Available,Aurelis Synthetic Warehouse Network
AUR-INS-00564,Pressure Instrument Series 124,Central Distribution Hub,A-25-05,VectorValve Process Equipment,35,8,27,1,13,1710.59,10.2,2.65,59870.65,2026-08-12 14:51:00,Available,Aurelis Synthetic Warehouse Network
AUR-MTR-00565,Electric Motor Series 125,West Coast Fulfillment,B-26-06,VectorValve Industrial Plastics,59,40,19,85,20,529.44,23.3,0.82,31236.96,2026-08-12 13:47:00,Reorder Required,Aurelis Synthetic Warehouse Network
AUR-SEA-00566,Mechanical Seal Series 126,Central Distribution Hub,C-27-07,VectorValve Mechanical Supply,87,11,76,17,36,7604.84,22.3,3.41,661621.08,2026-08-12 13:53:00,Available,Aurelis Synthetic Warehouse Network
AUR-FLT-00567,Process Filter Series 127,West Coast Fulfillment,D-28-08,PrimeFlow Systems,39,15,24,3,23,239.45,13.6,1.76,9338.55,2026-08-12 12:54:00,Available,Aurelis Synthetic Warehouse Network
AUR-ACT-00568,Valve Actuator Series 128,Central Distribution Hub,E-29-01,PrimeFlow Controls,26,7,19,10,13,7373.64,10.9,1.74,191714.64,2026-08-12 14:18:00,Available,Aurelis Synthetic Warehouse Network
AUR-GSK-00569,Industrial Gasket Series 129,West Coast Fulfillment,F-30-02,PrimeFlow Gearworks,48,12,36,50,27,9815.0,15.5,2.32,471120.0,2026-08-12 12:43:00,Available,Aurelis Synthetic Warehouse Network
AUR-HOS-00570,Hydraulic Hose Series 130,Central Distribution Hub,G-01-03,PrimeFlow Technical Metals,52,23,29,27,22,872.8,20.4,1.42,45385.6,2026-08-12 11:16:00,Available,Aurelis Synthetic Warehouse Network
AUR-FIT-00571,Pipe Fitting Series 131,West Coast Fulfillment,H-02-04,NorthForge Components,13,14,-1,0,11,5888.0,9.8,0.0,76544.0,2026-08-12 14:40:00,Negative Availability,Aurelis Synthetic Warehouse Network
AUR-CAB-00572,Instrumentation Cable Series 132,Central Distribution Hub,I-03-05,NorthForge Actuation,31,3,28,19,10,3551.25,9.9,2.83,110088.75,2026-08-12 14:12:00,Available,Aurelis Synthetic Warehouse Network
AUR-SEN-00573,Process Sensor Series 133,West Coast Fulfillment,J-04-06,NorthForge Process Equipment,39,3,36,36,12,4015.79,13.4,2.69,156615.81,2026-08-12 13:55:00,Available,Aurelis Synthetic Warehouse Network
AUR-CMP-00574,Compressor Component Series 134,Central Distribution Hub,K-05-07,VectorValve Components,25,12,13,38,34,18301.67,24.8,0.52,457541.75,2026-08-12 13:03:00,Reorder Required,Aurelis Synthetic Warehouse Network
AUR-SAF-00575,Safety Equipment Series 135,West Coast Fulfillment,L-06-08,VectorValve Actuation,43,12,31,9,16,4387.36,9.9,3.13,188656.48,2026-08-12 11:03:00,Available,Aurelis Synthetic Warehouse Network
AUR-PLC-00576,Automation Controller Series 136,Central Distribution Hub,A-07-01,VectorValve Cable Systems,72,4,68,18,28,7505.71,16.5,4.12,540411.12,2026-08-12 11:25:00,Available,Aurelis Synthetic Warehouse Network
AUR-DRV-00577,Variable Frequency Drive Series 137,West Coast Fulfillment,B-08-02,VectorValve Heat Transfer,44,9,35,14,14,9543.36,11.1,3.15,419907.84,2026-08-12 14:54:00,Available,Aurelis Synthetic Warehouse Network
AUR-HEX-00578,Heat Exchanger Part Series 138,Central Distribution Hub,C-09-03,VectorValve Process Instruments,34,9,25,14,17,5251.73,10.7,2.34,178558.82,2026-08-12 13:19:00,Available,Aurelis Synthetic Warehouse Network
AUR-LUB-00579,Industrial Lubrication Series 139,West Coast Fulfillment,D-10-04,PrimeFlow Systems,57,0,57,27,12,8311.0,12.1,4.71,473727.0,2026-08-12 13:06:00,Available,Aurelis Synthetic Warehouse Network
AUR-TOL-00580,Specialty Tooling Series 140,Central Distribution Hub,E-11-05,PrimeFlow Controls,42,6,36,18,28,8856.91,16.2,2.22,371990.22,2026-08-12 13:18:00,Available,Aurelis Synthetic Warehouse Network
AUR-PMP-00581,Centrifugal Pump Series 141,West Coast Fulfillment,F-12-06,PrimeFlow Gearworks,16,17,-1,15,18,13459.41,13.1,0.0,215350.56,2026-08-12 11:37:00,Negative Availability,Aurelis Synthetic Warehouse Network
AUR-VLV-00582,Control Valve Series 142,Central Distribution Hub,G-13-07,PrimeFlow Technical Metals,176,23,153,91,61,9456.02,45.4,3.37,1664259.52,2026-08-12 11:20:00,Available,Aurelis Synthetic Warehouse Network
AUR-BRG-00583,Industrial Bearing Series 143,West Coast Fulfillment,H-14-08,NorthForge Components,11,8,3,11,26,1383.51,15.1,0.2,15218.61,2026-08-12 13:44:00,Reorder Required,Aurelis Synthetic Warehouse Network
AUR-INS-00584,Pressure Instrument Series 144,Central Distribution Hub,I-15-01,NorthForge Actuation,11,14,-3,7,15,7420.54,12.2,0.0,81625.94,2026-08-12 11:00:00,Negative Availability,Aurelis Synthetic Warehouse Network
AUR-MTR-00585,Electric Motor Series 145,West Coast Fulfillment,J-16-02,NorthForge Cable Systems,37,6,31,26,15,4169.15,11.9,2.61,154258.55,2026-08-12 13:39:00,Available,Aurelis Synthetic Warehouse Network
AUR-SEA-00586,Mechanical Seal Series 146,Central Distribution Hub,K-17-03,VectorValve Pumps,72,8,64,25,34,4571.9,20.8,3.08,329176.8,2026-08-12 11:27:00,Available,Aurelis Synthetic Warehouse Network
AUR-FLT-00587,Process Filter Series 147,West Coast Fulfillment,L-18-04,VectorValve Technologies,8,0,8,29,31,9910.69,18.7,0.43,79285.52,2026-08-12 14:08:00,Reorder Required,Aurelis Synthetic Warehouse Network
AUR-ACT-00588,Valve Actuator Series 148,Central Distribution Hub,A-19-05,VectorValve Cable Systems,43,25,18,24,34,2041.7,18.8,0.96,87793.1,2026-08-12 12:00:00,Reorder Required,Aurelis Synthetic Warehouse Network
AUR-GSK-00589,Industrial Gasket Series 149,West Coast Fulfillment,B-20-06,VectorValve Heat Transfer,6,4,2,37,16,7274.19,13.3,0.15,43645.14,2026-08-12 14:27:00,Reorder Required,Aurelis Synthetic Warehouse Network
AUR-HOS-00590,Hydraulic Hose Series 150,Central Distribution Hub,C-21-07,VectorValve Process Instruments,44,19,25,50,26,1456.86,22.3,1.12,64101.84,2026-08-12 11:48:00,Reorder Required,Aurelis Synthetic Warehouse Network
AUR-FIT-00591,Pipe Fitting Series 151,West Coast Fulfillment,D-22-08,PrimeFlow Systems,24,10,14,15,16,1593.12,8.9,1.57,38234.88,2026-08-12 11:42:00,Reorder Required,Aurelis Synthetic Warehouse Network
AUR-CAB-00592,Instrumentation Cable Series 152,Central Distribution Hub,E-23-01,PrimeFlow Controls,24,13,11,24,11,3339.4,12.8,0.86,80145.6,2026-08-12 11:48:00,Reorder Required,Aurelis Synthetic Warehouse Network
AUR-SEN-00593,Process Sensor Series 153,West Coast Fulfillment,F-24-02,PrimeFlow Gearworks,73,33,40,44,21,5902.74,20.8,1.92,430900.02,2026-08-12 14:49:00,Available,Aurelis Synthetic Warehouse Network
AUR-CMP-00594,Compressor Component Series 154,Central Distribution Hub,G-25-03,PrimeFlow Hose & Fittings,15,2,13,12,7,1221.26,4.1,3.17,18318.9,2026-08-12 13:53:00,Available,Aurelis Synthetic Warehouse Network
AUR-SAF-00595,Safety Equipment Series 155,West Coast Fulfillment,H-26-04,NorthForge Pumps,8,0,8,1,13,10263.23,7.4,1.08,82105.84,2026-08-12 12:53:00,Reorder Required,Aurelis Synthetic Warehouse Network
AUR-PLC-00596,Automation Controller Series 156,Central Distribution Hub,I-27-05,NorthForge Technologies,46,12,34,28,30,3904.29,17.9,1.9,179597.34,2026-08-12 12:40:00,Available,Aurelis Synthetic Warehouse Network
AUR-DRV-00597,Variable Frequency Drive Series 157,West Coast Fulfillment,J-28-06,NorthForge Cable Systems,39,0,39,17,10,2943.97,9.9,3.94,114814.83,2026-08-12 13:34:00,Available,Aurelis Synthetic Warehouse Network
AUR-HEX-00598,Heat Exchanger Part Series 158,Central Distribution Hub,K-29-07,VectorValve Pumps,22,0,22,0,16,11617.69,10.4,2.12,255589.18,2026-08-12 13:24:00,Available,Aurelis Synthetic Warehouse Network
AUR-LUB-00599,Industrial Lubrication Series 159,West Coast Fulfillment,L-30-08,VectorValve Technologies,84,18,66,34,36,5656.34,21.9,3.01,475132.56,2026-08-12 12:03:00,Available,Aurelis Synthetic Warehouse Network
AUR-TOL-00600,Specialty Tooling Series 160,Central Distribution Hub,A-01-01,VectorValve Cable Systems,79,29,50,20,31,5362.24,18.7,2.67,423616.96,2026-08-12 14:32:00,Available,Aurelis Synthetic Warehouse Network
AUR-PMP-00601,Centrifugal Pump Series 161,West Coast Fulfillment,B-02-02,VectorValve Heat Transfer,42,6,36,0,38,20400.85,23.0,1.57,856835.7,2026-08-12 12:41:00,Reorder Required,Aurelis Synthetic Warehouse Network
AUR-VLV-00602,Control Valve Series 162,Central Distribution Hub,C-03-03,VectorValve Process Instruments,24,10,14,50,21,6223.26,22.5,0.62,149358.24,2026-08-12 11:01:00,Reorder Required,Aurelis Synthetic Warehouse Network
AUR-BRG-00603,Industrial Bearing Series 163,West Coast Fulfillment,D-04-04,PrimeFlow Bearing Works,22,0,22,20,20,833.79,12.3,1.79,18343.38,2026-08-12 13:17:00,Available,Aurelis Synthetic Warehouse Network
AUR-INS-00604,Pressure Instrument Series 164,Central Distribution Hub,E-05-05,PrimeFlow Fasteners,31,0,31,25,12,97.96,10.7,2.9,3036.76,2026-08-12 14:07:00,Available,Aurelis Synthetic Warehouse Network
AUR-MTR-00605,Electric Motor Series 165,West Coast Fulfillment,F-06-06,PrimeFlow Marine Components,100,0,100,21,31,6687.79,31.7,3.15,668779.0,2026-08-12 13:44:00,Available,Aurelis Synthetic Warehouse Network
AUR-SEA-00606,Mechanical Seal Series 166,Central Distribution Hub,G-07-07,PrimeFlow Hose & Fittings,27,1,26,25,13,9005.49,9.3,2.8,243148.23,2026-08-12 12:21:00,Available,Aurelis Synthetic Warehouse Network
AUR-FLT-00607,Process Filter Series 167,West Coast Fulfillment,H-08-08,NorthForge Pumps,57,19,38,71,24,4697.52,24.1,1.58,267758.64,2026-08-12 14:59:00,Available,Aurelis Synthetic Warehouse Network
AUR-ACT-00608,Valve Actuator Series 168,Central Distribution Hub,I-09-01,NorthForge Technologies,77,29,48,70,59,1013.05,40.6,1.18,78004.85,2026-08-12 14:29:00,Reorder Required,Aurelis Synthetic Warehouse Network
AUR-GSK-00609,Industrial Gasket Series 169,West Coast Fulfillment,J-10-02,NorthForge Cable Systems,105,20,85,13,30,1501.21,18.8,4.52,157627.05,2026-08-12 12:09:00,Available,Aurelis Synthetic Warehouse Network
AUR-HOS-00610,Hydraulic Hose Series 170,Central Distribution Hub,K-11-03,VectorValve Pumps,55,18,37,8,14,1382.61,11.7,3.16,76043.55,2026-08-12 13:16:00,Available,Aurelis Synthetic Warehouse Network
AUR-FIT-00611,Pipe Fitting Series 171,West Coast Fulfillment,L-12-04,VectorValve Technologies,16,10,6,11,12,5977.58,12.7,0.47,95641.28,2026-08-12 12:53:00,Reorder Required,Aurelis Synthetic Warehouse Network
AUR-CAB-00612,Instrumentation Cable Series 172,Central Distribution Hub,A-13-05,VectorValve Filter Technologies,114,30,84,98,32,8074.81,31.8,2.64,920528.34,2026-08-12 12:47:00,Available,Aurelis Synthetic Warehouse Network
AUR-SEN-00613,Process Sensor Series 173,West Coast Fulfillment,B-14-06,VectorValve Valve Automation,40,4,36,27,13,2263.2,11.5,3.13,90528.0,2026-08-12 13:13:00,Available,Aurelis Synthetic Warehouse Network
AUR-CMP-00614,Compressor Component Series 174,Central Distribution Hub,C-15-07,VectorValve Specialty Alloys,104,19,85,53,19,487.2,18.0,4.72,50668.8,2026-08-12 11:49:00,Available,Aurelis Synthetic Warehouse Network
AUR-SAF-00615,Safety Equipment Series 175,West Coast Fulfillment,D-16-08,PrimeFlow Bearing Works,64,19,45,41,13,8246.36,16.2,2.78,527767.04,2026-08-12 13:43:00,Available,Aurelis Synthetic Warehouse Network
AUR-PLC-00616,Automation Controller Series 176,Central Distribution Hub,E-17-01,PrimeFlow Fasteners,124,35,89,122,46,9704.51,46.0,1.93,1203359.24,2026-08-12 13:00:00,Available,Aurelis Synthetic Warehouse Network
AUR-DRV-00617,Variable Frequency Drive Series 177,West Coast Fulfillment,F-18-02,PrimeFlow Marine Components,23,8,15,9,15,9727.61,9.5,1.58,223735.03,2026-08-12 12:57:00,Reorder Required,Aurelis Synthetic Warehouse Network
AUR-HEX-00618,Heat Exchanger Part Series 178,Central Distribution Hub,G-19-03,PrimeFlow Hose & Fittings,1,2,-1,4,7,9614.24,6.3,0.0,9614.24,2026-08-12 12:55:00,Negative Availability,Aurelis Synthetic Warehouse Network
AUR-LUB-00619,Industrial Lubrication Series 179,West Coast Fulfillment,H-20-04,NorthForge Pumps,60,22,38,32,24,857.25,16.2,2.35,51435.0,2026-08-12 15:00:00,Available,Aurelis Synthetic Warehouse Network
AUR-TOL-00620,Specialty Tooling Series 180,Central Distribution Hub,I-21-05,NorthForge Technologies,13,7,6,8,6,2156.35,5.4,1.11,28032.55,2026-08-12 11:00:00,Reorder Required,Aurelis Synthetic Warehouse Network
AUR-PMP-00621,Centrifugal Pump Series 181,West Coast Fulfillment,J-22-06,NorthForge Filter Technologies,82,0,82,33,35,19508.88,23.8,3.45,1599728.16,2026-08-12 14:33:00,Available,Aurelis Synthetic Warehouse Network
AUR-VLV-00622,Control Valve Series 182,Central Distribution Hub,K-23-07,VectorValve Industries,24,14,10,27,10,3728.74,8.8,1.14,89489.76,2026-08-12 11:25:00,Reorder Required,Aurelis Synthetic Warehouse Network
AUR-BRG-00623,Industrial Bearing Series 183,West Coast Fulfillment,L-24-08,VectorValve Gasket & Seal,25,10,15,10,13,9283.14,7.3,2.05,232078.5,2026-08-12 12:41:00,Available,Aurelis Synthetic Warehouse Network
AUR-INS-00624,Pressure Instrument Series 184,Central Distribution Hub,A-25-01,VectorValve Filter Technologies,33,17,16,13,15,8525.55,13.3,1.2,281343.15,2026-08-12 11:24:00,Available,Aurelis Synthetic Warehouse Network
AUR-MTR-00625,Electric Motor Series 185,West Coast Fulfillment,B-26-02,VectorValve Valve Automation,24,6,18,13,9,7109.25,6.3,2.86,170622.0,2026-08-12 13:42:00,Available,Aurelis Synthetic Warehouse Network
AUR-SEA-00626,Mechanical Seal Series 186,Central Distribution Hub,C-27-03,VectorValve Specialty Alloys,30,11,19,38,16,1069.83,17.8,1.07,32094.9,2026-08-12 13:58:00,Available,Aurelis Synthetic Warehouse Network
AUR-FLT-00627,Process Filter Series 187,West Coast Fulfillment,D-28-04,PrimeFlow Bearing Works,36,0,36,24,27,1654.77,18.1,1.99,59571.72,2026-08-12 14:32:00,Available,Aurelis Synthetic Warehouse Network
AUR-ACT-00628,Valve Actuator Series 188,Central Distribution Hub,E-29-05,PrimeFlow Fasteners,40,18,22,25,25,8671.52,19.5,1.13,346860.8,2026-08-12 11:08:00,Reorder Required,Aurelis Synthetic Warehouse Network
AUR-GSK-00629,Industrial Gasket Series 189,West Coast Fulfillment,F-30-06,PrimeFlow Marine Components,10,6,4,2,21,2696.1,14.3,0.28,26961.0,2026-08-12 12:59:00,Reorder Required,Aurelis Synthetic Warehouse Network
AUR-HOS-00630,Hydraulic Hose Series 190,Central Distribution Hub,G-01-07,PrimeFlow Motion Controls,25,2,23,10,5,2032.9,4.3,5.35,50822.5,2026-08-12 14:45:00,Available,Aurelis Synthetic Warehouse Network
AUR-FIT-00631,Pipe Fitting Series 191,West Coast Fulfillment,H-02-08,NorthForge Industries,64,17,47,43,28,1442.94,33.2,1.42,92348.16,2026-08-12 13:04:00,Available,Aurelis Synthetic Warehouse Network
AUR-CAB-00632,Instrumentation Cable Series 192,Central Distribution Hub,I-03-01,NorthForge Gasket & Seal,73,13,60,9,25,8085.34,24.7,2.43,590229.82,2026-08-12 11:28:00,Available,Aurelis Synthetic Warehouse Network
AUR-SEN-00633,Process Sensor Series 193,West Coast Fulfillment,J-04-02,NorthForge Filter Technologies,9,0,9,21,17,6456.99,10.9,0.83,58112.91,2026-08-12 14:21:00,Reorder Required,Aurelis Synthetic Warehouse Network
AUR-CMP-00634,Compressor Component Series 194,Central Distribution Hub,K-05-03,VectorValve Industries,53,28,25,0,39,8628.2,27.6,0.91,457294.6,2026-08-12 14:02:00,Reorder Required,Aurelis Synthetic Warehouse Network
AUR-SAF-00635,Safety Equipment Series 195,West Coast Fulfillment,L-06-04,VectorValve Gasket & Seal,24,9,15,0,16,2388.76,16.5,0.91,57330.24,2026-08-12 12:13:00,Reorder Required,Aurelis Synthetic Warehouse Network
AUR-PLC-00636,Automation Controller Series 196,Central Distribution Hub,A-07-05,VectorValve Filter Technologies,2,6,-4,17,10,714.5,6.7,0.0,1429.0,2026-08-12 14:22:00,Negative Availability,Aurelis Synthetic Warehouse Network
AUR-DRV-00637,Variable Frequency Drive Series 197,West Coast Fulfillment,B-08-06,VectorValve Valve Automation,30,8,22,17,10,2800.1,7.8,2.82,84003.0,2026-08-12 13:56:00,Available,Aurelis Synthetic Warehouse Network
AUR-HEX-00638,Heat Exchanger Part Series 198,Central Distribution Hub,C-09-07,VectorValve Specialty Alloys,77,20,57,0,41,5902.41,23.3,2.45,454485.57,2026-08-12 13:32:00,Available,Aurelis Synthetic Warehouse Network
AUR-LUB-00639,Industrial Lubrication Series 199,West Coast Fulfillment,D-10-08,PrimeFlow Hydraulics,20,0,20,17,11,2662.28,7.2,2.78,53245.6,2026-08-12 14:57:00,Available,Aurelis Synthetic Warehouse Network
AUR-TOL-00640,Specialty Tooling Series 200,Central Distribution Hub,E-11-01,PrimeFlow Fabrication,61,14,47,30,19,821.85,14.2,3.31,50132.85,2026-08-12 12:22:00,Available,Aurelis Synthetic Warehouse Network
AUR-PMP-00641,Centrifugal Pump Series 201,West Coast Fulfillment,F-12-02,PrimeFlow Compressor Parts,48,7,41,22,17,13896.15,12.5,3.28,667015.2,2026-08-12 11:58:00,Available,Aurelis Synthetic Warehouse Network
AUR-VLV-00642,Control Valve Series 202,Central Distribution Hub,G-13-03,PrimeFlow Motion Controls,5,3,2,20,22,5913.27,15.2,0.13,29566.35,2026-08-12 14:25:00,Reorder Required,Aurelis Synthetic Warehouse Network
AUR-BRG-00643,Industrial Bearing Series 203,West Coast Fulfillment,H-14-04,NorthForge Industries,9,14,-5,25,8,3061.9,8.9,0.0,27557.1,2026-08-12 14:28:00,Negative Availability,Aurelis Synthetic Warehouse Network
AUR-INS-00644,Pressure Instrument Series 204,Central Distribution Hub,I-15-05,NorthForge Gasket & Seal,33,5,28,0,9,1483.21,6.4,4.38,48945.93,2026-08-12 13:18:00,Available,Aurelis Synthetic Warehouse Network
AUR-MTR-00645,Electric Motor Series 205,West Coast Fulfillment,J-16-06,NorthForge Filter Technologies,12,8,4,2,13,16112.41,11.4,0.35,193348.92,2026-08-12 12:06:00,Reorder Required,Aurelis Synthetic Warehouse Network
AUR-SEA-00646,Mechanical Seal Series 206,Central Distribution Hub,K-17-07,VectorValve Industries,131,0,131,51,23,6262.32,24.8,5.28,820363.92,2026-08-12 13:48:00,Available,Aurelis Synthetic Warehouse Network
AUR-FLT-00647,Process Filter Series 207,West Coast Fulfillment,L-18-08,VectorValve Gasket & Seal,29,7,22,10,11,3760.69,10.3,2.14,109060.01,2026-08-12 14:07:00,Available,Aurelis Synthetic Warehouse Network
AUR-ACT-00648,Valve Actuator Series 208,Central Distribution Hub,A-19-01,VectorValve Safety Supply,60,0,60,23,19,8599.85,14.5,4.14,515991.0,2026-08-12 11:14:00,Available,Aurelis Synthetic Warehouse Network
AUR-GSK-00649,Industrial Gasket Series 209,West Coast Fulfillment,B-20-02,VectorValve Sensor Labs,51,13,38,19,22,8759.45,17.0,2.24,446731.95,2026-08-12 14:56:00,Available,Aurelis Synthetic Warehouse Network
AUR-HOS-00650,Hydraulic Hose Series 210,Central Distribution Hub,C-21-03,PrimeFlow Manufacturing,8,22,-14,32,47,6400.62,27.5,0.0,51204.96,2026-08-12 12:44:00,Negative Availability,Aurelis Synthetic Warehouse Network
AUR-FIT-00651,Pipe Fitting Series 211,West Coast Fulfillment,D-22-04,PrimeFlow Hydraulics,35,11,24,27,18,3868.31,10.3,2.33,135390.85,2026-08-12 11:54:00,Available,Aurelis Synthetic Warehouse Network
AUR-CAB-00652,Instrumentation Cable Series 212,Central Distribution Hub,E-23-05,PrimeFlow Fabrication,16,6,10,23,10,2176.26,7.9,1.27,34820.16,2026-08-12 11:57:00,Reorder Required,Aurelis Synthetic Warehouse Network
AUR-SEN-00653,Process Sensor Series 213,West Coast Fulfillment,F-24-06,PrimeFlow Compressor Parts,34,0,34,9,17,3088.49,10.7,3.18,105008.66,2026-08-12 14:41:00,Available,Aurelis Synthetic Warehouse Network
AUR-CMP-00654,Compressor Component Series 214,Central Distribution Hub,G-25-07,PrimeFlow Motion Controls,76,15,61,58,29,14695.73,18.8,3.24,1116875.48,2026-08-12 14:37:00,Available,Aurelis Synthetic Warehouse Network
AUR-SAF-00655,Safety Equipment Series 215,West Coast Fulfillment,H-26-08,NorthForge Industries,32,5,27,25,21,4036.97,12.8,2.11,129183.04,2026-08-12 12:13:00,Available,Aurelis Synthetic Warehouse Network
AUR-PLC-00656,Automation Controller Series 216,Central Distribution Hub,I-27-01,NorthForge Gasket & Seal,29,4,25,17,8,6048.64,7.7,3.25,175410.56,2026-08-12 12:19:00,Available,Aurelis Synthetic Warehouse Network
AUR-DRV-00657,Variable Frequency Drive Series 217,West Coast Fulfillment,J-28-02,NorthForge Safety Supply,33,15,18,58,24,7000.79,15.7,1.15,231026.07,2026-08-12 13:17:00,Reorder Required,Aurelis Synthetic Warehouse Network
AUR-HEX-00658,Heat Exchanger Part Series 218,Central Distribution Hub,K-29-03,VectorValve Instrumentation,49,5,44,38,15,32264.06,16.1,2.73,1580938.94,2026-08-12 12:06:00,Available,Aurelis Synthetic Warehouse Network
AUR-LUB-00659,Industrial Lubrication Series 219,West Coast Fulfillment,L-30-04,VectorValve Electric,37,12,25,12,18,9499.17,19.7,1.27,351469.29,2026-08-12 11:09:00,Available,Aurelis Synthetic Warehouse Network
AUR-TOL-00660,Specialty Tooling Series 220,Central Distribution Hub,A-01-05,VectorValve Safety Supply,24,3,21,9,12,474.25,8.3,2.53,11382.0,2026-08-12 14:50:00,Available,Aurelis Synthetic Warehouse Network
AUR-PMP-00661,Centrifugal Pump Series 221,West Coast Fulfillment,B-02-06,VectorValve Sensor Labs,58,1,57,21,27,1577.8,16.1,3.54,91512.4,2026-08-12 14:52:00,Available,Aurelis Synthetic Warehouse Network
AUR-VLV-00662,Control Valve Series 222,Central Distribution Hub,C-03-07,PrimeFlow Manufacturing,13,8,5,7,15,5540.25,9.6,0.52,72023.25,2026-08-12 11:35:00,Reorder Required,Aurelis Synthetic Warehouse Network
AUR-BRG-00663,Industrial Bearing Series 223,West Coast Fulfillment,D-04-08,PrimeFlow Hydraulics,96,17,79,64,42,4698.3,26.2,3.02,451036.8,2026-08-12 11:46:00,Available,Aurelis Synthetic Warehouse Network
AUR-INS-00664,Pressure Instrument Series 224,Central Distribution Hub,E-05-01,PrimeFlow Fabrication,27,7,20,13,12,9651.74,7.9,2.53,260596.98,2026-08-12 13:30:00,Available,Aurelis Synthetic Warehouse Network
AUR-MTR-00665,Electric Motor Series 225,West Coast Fulfillment,F-06-02,PrimeFlow Compressor Parts,19,7,12,11,6,33417.74,7.0,1.71,634937.06,2026-08-12 14:29:00,Available,Aurelis Synthetic Warehouse Network
AUR-SEA-00666,Mechanical Seal Series 226,Central Distribution Hub,G-07-03,PrimeFlow Mechanical Supply,15,4,11,11,10,4431.29,7.4,1.49,66469.35,2026-08-12 13:32:00,Available,Aurelis Synthetic Warehouse Network
AUR-FLT-00667,Process Filter Series 227,West Coast Fulfillment,H-08-04,NorthForge Instrumentation,75,0,75,52,42,5589.91,28.9,2.6,419243.25,2026-08-12 12:21:00,Available,Aurelis Synthetic Warehouse Network
AUR-ACT-00668,Valve Actuator Series 228,Central Distribution Hub,I-09-05,NorthForge Electric,8,5,3,6,6,1813.52,5.5,0.55,14508.16,2026-08-12 12:52:00,Reorder Required,Aurelis Synthetic Warehouse Network
AUR-GSK-00669,Industrial Gasket Series 229,West Coast Fulfillment,J-10-06,NorthForge Safety Supply,88,2,86,91,43,8021.62,25.1,3.43,705902.56,2026-08-12 14:13:00,Available,Aurelis Synthetic Warehouse Network
AUR-HOS-00670,Hydraulic Hose Series 230,Central Distribution Hub,K-11-07,VectorValve Instrumentation,0,5,-5,82,29,247.15,34.2,0.0,0.0,2026-08-12 12:13:00,Negative Availability,Aurelis Synthetic Warehouse Network
AUR-FIT-00671,Pipe Fitting Series 231,West Coast Fulfillment,L-12-08,VectorValve Electric,33,18,15,39,17,9219.35,13.8,1.09,304238.55,2026-08-12 12:26:00,Reorder Required,Aurelis Synthetic Warehouse Network
AUR-CAB-00672,Instrumentation Cable Series 232,Central Distribution Hub,A-13-01,VectorValve Safety Supply,6,0,6,5,5,1873.01,3.8,1.58,11238.06,2026-08-12 11:16:00,Available,Aurelis Synthetic Warehouse Network
AUR-SEN-00673,Process Sensor Series 233,West Coast Fulfillment,B-14-02,VectorValve Sensor Labs,38,15,23,41,23,2971.11,14.5,1.59,112902.18,2026-08-12 14:15:00,Reorder Required,Aurelis Synthetic Warehouse Network
AUR-CMP-00674,Compressor Component Series 234,Central Distribution Hub,C-15-03,PrimeFlow Manufacturing,56,27,29,0,19,2713.4,20.8,1.39,151950.4,2026-08-12 12:10:00,Available,Aurelis Synthetic Warehouse Network
AUR-SAF-00675,Safety Equipment Series 235,West Coast Fulfillment,D-16-04,PrimeFlow Actuation,57,15,42,25,18,6912.49,15.7,2.68,394011.93,2026-08-12 13:05:00,Available,Aurelis Synthetic Warehouse Network
AUR-PLC-00676,Automation Controller Series 236,Central Distribution Hub,E-17-05,PrimeFlow Process Equipment,26,5,21,19,11,5082.83,11.0,1.91,132153.58,2026-08-12 14:31:00,Available,Aurelis Synthetic Warehouse Network
AUR-DRV-00677,Variable Frequency Drive Series 237,West Coast Fulfillment,F-18-06,PrimeFlow Industrial Plastics,28,16,12,30,20,926.12,13.6,0.88,25931.36,2026-08-12 11:13:00,Reorder Required,Aurelis Synthetic Warehouse Network
AUR-HEX-00678,Heat Exchanger Part Series 238,Central Distribution Hub,G-19-07,PrimeFlow Mechanical Supply,134,0,134,73,32,10564.08,28.6,4.69,1415586.72,2026-08-12 11:23:00,Available,Aurelis Synthetic Warehouse Network
AUR-LUB-00679,Industrial Lubrication Series 239,West Coast Fulfillment,H-20-08,NorthForge Instrumentation,21,9,12,3,14,4707.54,8.6,1.4,98858.34,2026-08-12 13:24:00,Reorder Required,Aurelis Synthetic Warehouse Network
AUR-TOL-00680,Specialty Tooling Series 240,Central Distribution Hub,I-21-01,NorthForge Electric,424,52,372,160,122,4199.75,88.8,4.19,1780694.0,2026-08-12 13:42:00,Available,Aurelis Synthetic Warehouse Network
AUR-PMP-00681,Centrifugal Pump Series 241,West Coast Fulfillment,J-22-02,NorthForge Safety Supply,26,16,10,21,15,19486.47,11.8,0.85,506648.22,2026-08-12 14:22:00,Reorder Required,Aurelis Synthetic Warehouse Network
AUR-VLV-00682,Control Valve Series 242,Central Distribution Hub,K-23-03,VectorValve Instrumentation,25,13,12,38,11,957.91,12.3,0.98,23947.75,2026-08-12 13:32:00,Available,Aurelis Synthetic Warehouse Network
AUR-BRG-00683,Industrial Bearing Series 243,West Coast Fulfillment,L-24-04,VectorValve Electric,63,13,50,33,18,7088.29,17.6,2.84,446562.27,2026-08-12 14:50:00,Available,Aurelis Synthetic Warehouse Network
AUR-INS-00684,Pressure Instrument Series 244,Central Distribution Hub,A-25-05,VectorValve Gearworks,102,21,81,79,57,8460.69,34.1,2.38,862990.38,2026-08-12 11:36:00,Available,Aurelis Synthetic Warehouse Network
AUR-MTR-00685,Electric Motor Series 245,West Coast Fulfillment,B-26-06,VectorValve Technical Metals,4,1,3,9,9,18107.41,7.8,0.38,72429.64,2026-08-12 11:55:00,Reorder Required,Aurelis Synthetic Warehouse Network
AUR-SEA-00686,Mechanical Seal Series 246,Central Distribution Hub,C-27-07,PrimeFlow Components,57,11,46,0,11,4881.55,13.5,3.41,278248.35,2026-08-12 12:57:00,Available,Aurelis Synthetic Warehouse Network
AUR-FLT-00687,Process Filter Series 247,West Coast Fulfillment,D-28-08,PrimeFlow Actuation,10,8,2,8,7,9519.27,5.0,0.4,95192.7,2026-08-12 14:43:00,Reorder Required,Aurelis Synthetic Warehouse Network
AUR-ACT-00688,Valve Actuator Series 248,Central Distribution Hub,E-29-01,PrimeFlow Process Equipment,70,0,70,23,33,4093.39,25.6,2.73,286537.3,2026-08-12 12:39:00,Available,Aurelis Synthetic Warehouse Network
AUR-GSK-00689,Industrial Gasket Series 249,West Coast Fulfillment,F-30-02,PrimeFlow Industrial Plastics,81,0,81,4,27,1180.46,17.6,4.6,95617.26,2026-08-12 11:40:00,Available,Aurelis Synthetic Warehouse Network
AUR-HOS-00690,Hydraulic Hose Series 250,Central Distribution Hub,G-01-03,PrimeFlow Mechanical Supply,0,92,-92,40,62,8597.32,56.5,0.0,0.0,2026-08-12 13:37:00,Negative Availability,Aurelis Synthetic Warehouse Network
AUR-FIT-00691,Pipe Fitting Series 251,West Coast Fulfillment,H-02-04,NorthForge Instrumentation,42,1,41,8,15,7463.64,8.6,4.77,313472.88,2026-08-12 14:31:00,Available,Aurelis Synthetic Warehouse Network
AUR-CAB-00692,Instrumentation Cable Series 252,Central Distribution Hub,I-03-05,NorthForge Electric,24,6,18,0,15,9324.88,9.8,1.84,223797.12,2026-08-12 14:31:00,Available,Aurelis Synthetic Warehouse Network
AUR-SEN-00693,Process Sensor Series 253,West Coast Fulfillment,J-04-06,NorthForge Gearworks,67,19,48,0,27,6410.08,21.7,2.21,429475.36,2026-08-12 11:59:00,Available,Aurelis Synthetic Warehouse Network
AUR-CMP-00694,Compressor Component Series 254,Central Distribution Hub,K-05-07,VectorValve Systems,8,4,4,25,9,5899.36,11.4,0.35,47194.88,2026-08-12 13:27:00,Reorder Required,Aurelis Synthetic Warehouse Network
AUR-SAF-00695,Safety Equipment Series 255,West Coast Fulfillment,L-06-08,VectorValve Controls,20,5,15,15,6,9232.21,5.6,2.68,184644.2,2026-08-12 13:29:00,Available,Aurelis Synthetic Warehouse Network
AUR-PLC-00696,Automation Controller Series 256,Central Distribution Hub,A-07-01,VectorValve Gearworks,6,7,-1,9,12,7543.31,7.9,0.0,45259.86,2026-08-12 12:11:00,Negative Availability,Aurelis Synthetic Warehouse Network
AUR-DRV-00697,Variable Frequency Drive Series 257,West Coast Fulfillment,B-08-02,VectorValve Technical Metals,87,17,70,35,34,9788.02,22.7,3.08,851557.74,2026-08-12 13:28:00,Available,Aurelis Synthetic Warehouse Network
AUR-HEX-00698,Heat Exchanger Part Series 258,Central Distribution Hub,C-09-03,PrimeFlow Components,86,18,68,14,22,13313.62,17.0,4.0,1144971.32,2026-08-12 11:32:00,Available,Aurelis Synthetic Warehouse Network
AUR-LUB-00699,Industrial Lubrication Series 259,West Coast Fulfillment,D-10-04,PrimeFlow Actuation,1,13,-12,40,31,5128.83,17.5,0.0,5128.83,2026-08-12 11:16:00,Negative Availability,Aurelis Synthetic Warehouse Network
AUR-TOL-00700,Specialty Tooling Series 260,Central Distribution Hub,E-11-05,PrimeFlow Process Equipment,52,0,52,31,18,1331.69,15.8,3.29,69247.88,2026-08-12 12:35:00,Available,Aurelis Synthetic Warehouse Network
AUR-PMP-00701,Centrifugal Pump Series 261,West Coast Fulfillment,F-12-06,PrimeFlow Industrial Plastics,97,28,69,19,56,19922.72,36.3,1.9,1932503.84,2026-08-12 13:13:00,Available,Aurelis Synthetic Warehouse Network
AUR-VLV-00702,Control Valve Series 262,Central Distribution Hub,G-13-07,PrimeFlow Process Instruments,97,0,97,75,31,2966.55,25.6,3.79,287755.35,2026-08-12 11:49:00,Available,Aurelis Synthetic Warehouse Network
AUR-BRG-00703,Industrial Bearing Series 263,West Coast Fulfillment,H-14-08,NorthForge Systems,31,0,31,29,17,6692.04,17.8,1.74,207453.24,2026-08-12 14:42:00,Available,Aurelis Synthetic Warehouse Network
AUR-INS-00704,Pressure Instrument Series 264,Central Distribution Hub,I-15-01,NorthForge Controls,54,13,41,28,12,4976.47,9.6,4.27,268729.38,2026-08-12 12:18:00,Available,Aurelis Synthetic Warehouse Network
AUR-MTR-00705,Electric Motor Series 265,West Coast Fulfillment,J-16-02,NorthForge Gearworks,73,4,69,32,34,21788.11,20.6,3.35,1590532.03,2026-08-12 13:50:00,Available,Aurelis Synthetic Warehouse Network
AUR-SEA-00706,Mechanical Seal Series 266,Central Distribution Hub,K-17-03,VectorValve Systems,0,0,0,15,8,4779.29,7.2,0.0,0.0,2026-08-12 12:56:00,Out of Stock,Aurelis Synthetic Warehouse Network
AUR-FLT-00707,Process Filter Series 267,West Coast Fulfillment,L-18-04,VectorValve Controls,11,9,2,32,18,9108.89,11.9,0.17,100197.79,2026-08-12 12:33:00,Reorder Required,Aurelis Synthetic Warehouse Network
AUR-ACT-00708,Valve Actuator Series 268,Central Distribution Hub,A-19-05,VectorValve Gearworks,13,10,3,4,14,3902.54,9.6,0.31,50733.02,2026-08-12 14:38:00,Reorder Required,Aurelis Synthetic Warehouse Network
AUR-GSK-00709,Industrial Gasket Series 269,West Coast Fulfillment,B-20-06,VectorValve Technical Metals,9,3,6,3,12,2550.04,7.8,0.77,22950.36,2026-08-12 14:07:00,Reorder Required,Aurelis Synthetic Warehouse Network
AUR-HOS-00710,Hydraulic Hose Series 270,Central Distribution Hub,C-21-07,PrimeFlow Components,10,4,6,4,6,2565.2,5.2,1.15,25652.0,2026-08-12 11:17:00,Reorder Required,Aurelis Synthetic Warehouse Network
AUR-FIT-00711,Pipe Fitting Series 271,West Coast Fulfillment,D-22-08,PrimeFlow Technologies,48,31,17,14,20,6985.71,15.4,1.1,335314.08,2026-08-12 14:03:00,Reorder Required,Aurelis Synthetic Warehouse Network
AUR-CAB-00712,Instrumentation Cable Series 272,Central Distribution Hub,E-23-01,PrimeFlow Cable Systems,199,45,154,106,54,8542.35,43.1,3.57,1699927.65,2026-08-12 11:24:00,Available,Aurelis Synthetic Warehouse Network
AUR-SEN-00713,Process Sensor Series 273,West Coast Fulfillment,F-24-02,PrimeFlow Heat Transfer,43,20,23,9,21,96.8,16.8,1.37,4162.4,2026-08-12 14:15:00,Available,Aurelis Synthetic Warehouse Network
AUR-CMP-00714,Compressor Component Series 274,Central Distribution Hub,G-25-03,PrimeFlow Process Instruments,66,12,54,2,14,7644.96,9.4,5.74,504567.36,2026-08-12 14:23:00,Available,Aurelis Synthetic Warehouse Network
AUR-SAF-00715,Safety Equipment Series 275,West Coast Fulfillment,H-26-04,NorthForge Systems,47,20,27,50,35,8105.68,21.7,1.24,380966.96,2026-08-12 13:02:00,Reorder Required,Aurelis Synthetic Warehouse Network
AUR-PLC-00716,Automation Controller Series 276,Central Distribution Hub,I-27-05,NorthForge Controls,63,13,50,19,30,884.39,17.9,2.79,55716.57,2026-08-12 12:24:00,Available,Aurelis Synthetic Warehouse Network
AUR-DRV-00717,Variable Frequency Drive Series 277,West Coast Fulfillment,J-28-06,NorthForge Gearworks,19,10,9,21,12,658.58,8.7,1.03,12513.02,2026-08-12 14:07:00,Reorder Required,Aurelis Synthetic Warehouse Network
AUR-HEX-00718,Heat Exchanger Part Series 278,Central Distribution Hub,K-29-07,VectorValve Systems,15,38,-23,37,25,38822.16,28.6,0.0,582332.4,2026-08-12 13:22:00,Negative Availability,Aurelis Synthetic Warehouse Network
AUR-LUB-00719,Industrial Lubrication Series 279,West Coast Fulfillment,L-30-08,VectorValve Controls,81,27,54,45,24,2026.7,21.1,2.56,164162.7,2026-08-12 11:44:00,Available,Aurelis Synthetic Warehouse Network
AUR-TOL-00720,Specialty Tooling Series 100,Central Distribution Hub,A-01-01,VectorValve Marine Components,43,19,24,31,15,6835.56,16.7,1.44,293929.08,2026-08-12 14:11:00,Available,Aurelis Synthetic Warehouse Network
AUR-PMP-00721,Centrifugal Pump Series 101,West Coast Fulfillment,B-02-02,VectorValve Hose & Fittings,9,21,-12,42,30,19656.45,20.0,0.0,176908.05,2026-08-12 13:05:00,Negative Availability,Aurelis Synthetic Warehouse Network
AUR-VLV-00722,Control Valve Series 102,Central Distribution Hub,C-03-03,PrimeFlow Pumps,17,6,11,8,7,6390.55,6.7,1.64,108639.35,2026-08-12 14:22:00,Available,Aurelis Synthetic Warehouse Network
AUR-BRG-00723,Industrial Bearing Series 103,West Coast Fulfillment,D-04-04,PrimeFlow Technologies,4,1,3,13,15,8776.29,14.7,0.2,35105.16,2026-08-12 11:00:00,Reorder Required,Aurelis Synthetic Warehouse Network
AUR-INS-00724,Pressure Instrument Series 104,Central Distribution Hub,E-05-05,PrimeFlow Cable Systems,47,10,37,29,15,707.85,10.8,3.43,33268.95,2026-08-12 13:46:00,Available,Aurelis Synthetic Warehouse Network
AUR-MTR-00725,Electric Motor Series 105,West Coast Fulfillment,F-06-06,PrimeFlow Heat Transfer,25,9,16,19,9,3073.56,10.7,1.5,76839.0,2026-08-12 12:40:00,Available,Aurelis Synthetic Warehouse Network
AUR-SEA-00726,Mechanical Seal Series 106,Central Distribution Hub,G-07-07,PrimeFlow Process Instruments,29,4,25,59,19,1764.84,18.3,1.37,51180.36,2026-08-12 11:20:00,Available,Aurelis Synthetic Warehouse Network
AUR-FLT-00727,Process Filter Series 107,West Coast Fulfillment,H-08-08,NorthForge Systems,2,6,-4,2,9,4154.56,6.3,0.0,8309.12,2026-08-12 14:16:00,Negative Availability,Aurelis Synthetic Warehouse Network
AUR-ACT-00728,Valve Actuator Series 108,Central Distribution Hub,I-09-01,NorthForge Controls,15,3,12,21,9,5081.18,6.7,1.79,76217.7,2026-08-12 14:26:00,Available,Aurelis Synthetic Warehouse Network
AUR-GSK-00729,Industrial Gasket Series 109,West Coast Fulfillment,J-10-02,NorthForge Marine Components,31,7,24,17,10,8869.88,8.4,2.86,274966.28,2026-08-12 12:52:00,Available,Aurelis Synthetic Warehouse Network
AUR-HOS-00730,Hydraulic Hose Series 110,Central Distribution Hub,K-11-03,VectorValve Bearing Works,15,5,10,0,14,741.88,8.1,1.23,11128.2,2026-08-12 13:47:00,Reorder Required,Aurelis Synthetic Warehouse Network
AUR-FIT-00731,Pipe Fitting Series 111,West Coast Fulfillment,L-12-04,VectorValve Fasteners,129,14,115,14,33,6362.42,24.0,4.79,820752.18,2026-08-12 14:42:00,Available,Aurelis Synthetic Warehouse Network
AUR-CAB-00732,Instrumentation Cable Series 112,Central Distribution Hub,A-13-05,VectorValve Marine Components,42,30,12,0,42,1258.95,23.6,0.51,52875.9,2026-08-12 13:05:00,Reorder Required,Aurelis Synthetic Warehouse Network
AUR-SEN-00733,Process Sensor Series 113,West Coast Fulfillment,B-14-06,VectorValve Hose & Fittings,23,8,15,15,9,465.65,7.7,1.95,10709.95,2026-08-12 11:12:00,Available,Aurelis Synthetic Warehouse Network
AUR-CMP-00734,Compressor Component Series 114,Central Distribution Hub,C-15-07,PrimeFlow Pumps,32,10,22,45,22,11527.64,18.6,1.18,368884.48,2026-08-12 11:12:00,Reorder Required,Aurelis Synthetic Warehouse Network
AUR-SAF-00735,Safety Equipment Series 115,West Coast Fulfillment,D-16-08,PrimeFlow Technologies,30,31,-1,57,52,2595.49,30.1,0.0,77864.7,2026-08-12 12:52:00,Negative Availability,Aurelis Synthetic Warehouse Network
AUR-PLC-00736,Automation Controller Series 116,Central Distribution Hub,E-17-01,PrimeFlow Cable Systems,110,14,96,35,29,1646.79,29.2,3.29,181146.9,2026-08-12 13:15:00,Available,Aurelis Synthetic Warehouse Network
AUR-DRV-00737,Variable Frequency Drive Series 117,West Coast Fulfillment,F-18-02,PrimeFlow Heat Transfer,34,8,26,23,24,6450.74,14.7,1.77,219325.16,2026-08-12 11:53:00,Available,Aurelis Synthetic Warehouse Network
AUR-HEX-00738,Heat Exchanger Part Series 118,Central Distribution Hub,G-19-03,PrimeFlow Specialty Alloys,75,9,66,20,23,8568.55,14.2,4.65,642641.25,2026-08-12 13:27:00,Available,Aurelis Synthetic Warehouse Network
AUR-LUB-00739,Industrial Lubrication Series 119,West Coast Fulfillment,H-20-04,NorthForge Bearing Works,45,12,33,26,20,7144.64,13.9,2.37,321508.8,2026-08-12 13:33:00,Available,Aurelis Synthetic Warehouse Network
AUR-TOL-00740,Specialty Tooling Series 120,Central Distribution Hub,I-21-05,NorthForge Fasteners,70,23,47,52,32,5686.33,31.7,1.48,398043.1,2026-08-12 14:19:00,Available,Aurelis Synthetic Warehouse Network
AUR-PMP-00741,Centrifugal Pump Series 121,West Coast Fulfillment,J-22-06,NorthForge Marine Components,31,4,27,9,9,20743.64,9.8,2.76,643052.84,2026-08-12 13:46:00,Available,Aurelis Synthetic Warehouse Network
AUR-VLV-00742,Control Valve Series 122,Central Distribution Hub,K-23-07,VectorValve Bearing Works,25,7,18,13,13,504.9,10.5,1.71,12622.5,2026-08-12 14:06:00,Available,Aurelis Synthetic Warehouse Network
AUR-BRG-00743,Industrial Bearing Series 123,West Coast Fulfillment,L-24-08,VectorValve Fasteners,0,0,0,40,20,1542.25,12.3,0.0,0.0,2026-08-12 12:22:00,Out of Stock,Aurelis Synthetic Warehouse Network
AUR-INS-00744,Pressure Instrument Series 124,Central Distribution Hub,A-25-01,VectorValve Marine Components,98,4,94,17,38,5458.79,31.6,2.97,534961.42,2026-08-12 12:45:00,Available,Aurelis Synthetic Warehouse Network
AUR-MTR-00745,Electric Motor Series 125,West Coast Fulfillment,B-26-02,VectorValve Hose & Fittings,48,29,19,10,14,22256.1,15.8,1.2,1068292.8,2026-08-12 14:45:00,Available,Aurelis Synthetic Warehouse Network
AUR-SEA-00746,Mechanical Seal Series 126,Central Distribution Hub,C-27-03,PrimeFlow Pumps,4,2,2,0,5,5450.7,2.8,0.71,21802.8,2026-08-12 12:02:00,Reorder Required,Aurelis Synthetic Warehouse Network
AUR-FLT-00747,Process Filter Series 127,West Coast Fulfillment,D-28-04,PrimeFlow Gasket & Seal,35,11,24,42,18,2287.65,15.1,1.59,80067.75,2026-08-12 11:28:00,Available,Aurelis Synthetic Warehouse Network
AUR-ACT-00748,Valve Actuator Series 128,Central Distribution Hub,E-29-05,PrimeFlow Filter Technologies,93,36,57,1,46,2384.04,28.2,2.02,221715.72,2026-08-12 11:23:00,Available,Aurelis Synthetic Warehouse Network
AUR-GSK-00749,Industrial Gasket Series 129,West Coast Fulfillment,F-30-06,PrimeFlow Valve Automation,54,21,33,73,46,2040.24,26.4,1.25,110172.96,2026-08-12 14:53:00,Reorder Required,Aurelis Synthetic Warehouse Network
AUR-HOS-00750,Hydraulic Hose Series 130,Central Distribution Hub,G-01-07,PrimeFlow Specialty Alloys,52,15,37,24,18,9435.9,22.0,1.68,490666.8,2026-08-12 11:00:00,Available,Aurelis Synthetic Warehouse Network
AUR-FIT-00751,Pipe Fitting Series 131,West Coast Fulfillment,H-02-08,NorthForge Bearing Works,29,0,29,22,15,1560.16,17.6,1.65,45244.64,2026-08-12 11:58:00,Available,Aurelis Synthetic Warehouse Network
AUR-CAB-00752,Instrumentation Cable Series 132,Central Distribution Hub,I-03-01,NorthForge Fasteners,35,3,32,10,17,1331.88,10.0,3.2,46615.8,2026-08-12 14:02:00,Available,Aurelis Synthetic Warehouse Network
AUR-SEN-00753,Process Sensor Series 133,West Coast Fulfillment,J-04-02,NorthForge Marine Components,68,11,57,9,22,2522.5,17.3,3.29,171530.0,2026-08-12 13:24:00,Available,Aurelis Synthetic Warehouse Network
AUR-CMP-00754,Compressor Component Series 134,Central Distribution Hub,K-05-03,VectorValve Bearing Works,31,10,21,12,10,22469.74,9.8,2.14,696561.94,2026-08-12 13:22:00,Available,Aurelis Synthetic Warehouse Network
AUR-SAF-00755,Safety Equipment Series 135,West Coast Fulfillment,L-06-04,VectorValve Fasteners,22,0,22,17,9,1498.79,9.9,2.22,32973.38,2026-08-12 14:21:00,Available,Aurelis Synthetic Warehouse Network
AUR-PLC-00756,Automation Controller Series 136,Central Distribution Hub,A-07-05,VectorValve Compressor Parts,31,3,28,38,13,4151.77,8.8,3.18,128704.87,2026-08-12 12:02:00,Available,Aurelis Synthetic Warehouse Network
AUR-DRV-00757,Variable Frequency Drive Series 137,West Coast Fulfillment,B-08-06,VectorValve Motion Controls,4,3,1,0,5,3219.7,6.6,0.15,12878.8,2026-08-12 13:38:00,Reorder Required,Aurelis Synthetic Warehouse Network
AUR-HEX-00758,Heat Exchanger Part Series 138,Central Distribution Hub,C-09-07,PrimeFlow Industries,3,9,-6,13,13,28393.51,9.3,0.0,85180.53,2026-08-12 13:52:00,Negative Availability,Aurelis Synthetic Warehouse Network
AUR-LUB-00759,Industrial Lubrication Series 139,West Coast Fulfillment,D-10-08,PrimeFlow Gasket & Seal,43,12,31,34,32,1336.4,20.4,1.52,57465.2,2026-08-12 12:44:00,Reorder Required,Aurelis Synthetic Warehouse Network
AUR-TOL-00760,Specialty Tooling Series 140,Central Distribution Hub,E-11-01,PrimeFlow Filter Technologies,14,16,-2,16,14,2340.68,10.4,0.0,32769.52,2026-08-12 11:34:00,Negative Availability,Aurelis Synthetic Warehouse Network
AUR-PMP-00761,Centrifugal Pump Series 141,West Coast Fulfillment,F-12-02,PrimeFlow Valve Automation,29,13,16,32,14,18137.15,10.5,1.52,525977.35,2026-08-12 14:57:00,Available,Aurelis Synthetic Warehouse Network
AUR-VLV-00762,Control Valve Series 142,Central Distribution Hub,G-13-03,PrimeFlow Specialty Alloys,56,5,51,31,21,6296.86,12.3,4.15,352624.16,2026-08-12 13:00:00,Available,Aurelis Synthetic Warehouse Network
AUR-BRG-00763,Industrial Bearing Series 143,West Coast Fulfillment,H-14-04,NorthForge Bearing Works,10,9,1,8,18,3676.24,10.3,0.1,36762.4,2026-08-12 13:21:00,Reorder Required,Aurelis Synthetic Warehouse Network
AUR-INS-00764,Pressure Instrument Series 144,Central Distribution Hub,I-15-05,NorthForge Fasteners,37,8,29,13,11,1504.55,12.9,2.25,55668.35,2026-08-12 13:47:00,Available,Aurelis Synthetic Warehouse Network
AUR-MTR-00765,Electric Motor Series 145,West Coast Fulfillment,J-16-06,VectorValve Manufacturing,48,2,46,5,11,10094.42,9.2,5.0,484532.16,2026-08-12 12:43:00,Available,Aurelis Synthetic Warehouse Network
AUR-SEA-00766,Mechanical Seal Series 146,Central Distribution Hub,K-17-07,VectorValve Hydraulics,126,32,94,106,36,6051.91,33.6,2.8,762540.66,2026-08-12 11:33:00,Available,Aurelis Synthetic Warehouse Network
AUR-FLT-00767,Process Filter Series 147,West Coast Fulfillment,L-18-08,VectorValve Fabrication,46,3,43,17,17,9471.28,10.0,4.3,435678.88,2026-08-12 14:30:00,Available,Aurelis Synthetic Warehouse Network
AUR-ACT-00768,Valve Actuator Series 148,Central Distribution Hub,A-19-01,VectorValve Compressor Parts,0,13,-13,27,22,8569.05,13.7,0.0,0.0,2026-08-12 13:25:00,Negative Availability,Aurelis Synthetic Warehouse Network
AUR-GSK-00769,Industrial Gasket Series 149,West Coast Fulfillment,B-20-02,VectorValve Motion Controls,0,13,-13,25,19,1402.0,17.9,0.0,0.0,2026-08-12 13:35:00,Negative Availability,Aurelis Synthetic Warehouse Network
AUR-HOS-00770,Hydraulic Hose Series 150,Central Distribution Hub,C-21-03,PrimeFlow Industries,75,25,50,0,37,10465.12,31.4,1.59,784884.0,2026-08-12 12:45:00,Available,Aurelis Synthetic Warehouse Network
AUR-FIT-00771,Pipe Fitting Series 151,West Coast Fulfillment,D-22-04,PrimeFlow Gasket & Seal,46,0,46,0,18,5522.69,15.9,2.89,254043.74,2026-08-12 12:46:00,Available,Aurelis Synthetic Warehouse Network
AUR-CAB-00772,Instrumentation Cable Series 152,Central Distribution Hub,E-23-05,PrimeFlow Filter Technologies,37,13,24,17,21,7805.38,12.2,1.97,288799.06,2026-08-12 12:28:00,Available,Aurelis Synthetic Warehouse Network
AUR-SEN-00773,Process Sensor Series 153,West Coast Fulfillment,F-24-06,PrimeFlow Valve Automation,56,2,54,5,14,1867.71,15.9,3.4,104591.76,2026-08-12 12:09:00,Available,Aurelis Synthetic Warehouse Network
AUR-CMP-00774,Compressor Component Series 154,Central Distribution Hub,G-25-07,NorthForge Manufacturing,39,17,22,24,12,16812.1,14.6,1.51,655671.9,2026-08-12 14:19:00,Available,Aurelis Synthetic Warehouse Network
AUR-SAF-00775,Safety Equipment Series 155,West Coast Fulfillment,H-26-08,NorthForge Hydraulics,15,4,11,12,5,5645.62,5.2,2.12,84684.3,2026-08-12 14:40:00,Available,Aurelis Synthetic Warehouse Network
AUR-PLC-00776,Automation Controller Series 156,Central Distribution Hub,I-27-01,NorthForge Fabrication,65,14,51,9,18,8077.02,12.6,4.05,525006.3,2026-08-12 13:50:00,Available,Aurelis Synthetic Warehouse Network
AUR-DRV-00777,Variable Frequency Drive Series 157,West Coast Fulfillment,J-28-02,VectorValve Manufacturing,154,5,149,52,59,3244.14,44.8,3.33,499597.56,2026-08-12 14:37:00,Available,Aurelis Synthetic Warehouse Network
AUR-HEX-00778,Heat Exchanger Part Series 158,Central Distribution Hub,K-29-03,VectorValve Hydraulics,60,51,9,0,41,2486.97,26.1,0.34,149218.2,2026-08-12 14:39:00,Reorder Required,Aurelis Synthetic Warehouse Network
AUR-LUB-00779,Industrial Lubrication Series 159,West Coast Fulfillment,L-30-04,VectorValve Fabrication,76,58,18,54,39,4669.91,31.3,0.58,354913.16,2026-08-12 12:31:00,Reorder Required,Aurelis Synthetic Warehouse Network
AUR-TOL-00780,Specialty Tooling Series 160,Central Distribution Hub,A-01-05,VectorValve Compressor Parts,50,17,33,31,19,1569.3,16.3,2.02,78465.0,2026-08-12 12:36:00,Available,Aurelis Synthetic Warehouse Network
AUR-PMP-00781,Centrifugal Pump Series 161,West Coast Fulfillment,B-02-06,VectorValve Motion Controls,35,32,3,56,44,7960.73,24.7,0.12,278625.55,2026-08-12 13:46:00,Reorder Required,Aurelis Synthetic Warehouse Network
AUR-VLV-00782,Control Valve Series 162,Central Distribution Hub,C-03-07,PrimeFlow Industries,61,15,46,0,19,1191.94,15.0,3.07,72708.34,2026-08-12 14:13:00,Available,Aurelis Synthetic Warehouse Network
AUR-BRG-00783,Industrial Bearing Series 163,West Coast Fulfillment,D-04-08,PrimeFlow Electric,36,11,25,0,12,10551.08,14.1,1.77,379838.88,2026-08-12 11:20:00,Available,Aurelis Synthetic Warehouse Network
AUR-INS-00784,Pressure Instrument Series 164,Central Distribution Hub,E-05-01,PrimeFlow Safety Supply,88,14,74,70,20,7958.15,15.8,4.68,700317.2,2026-08-12 12:45:00,Available,Aurelis Synthetic Warehouse Network
AUR-MTR-00785,Electric Motor Series 165,West Coast Fulfillment,F-06-02,PrimeFlow Sensor Labs,125,13,112,131,43,22876.05,36.7,3.05,2859506.25,2026-08-12 11:04:00,Available,Aurelis Synthetic Warehouse Network
AUR-SEA-00786,Mechanical Seal Series 166,Central Distribution Hub,G-07-03,NorthForge Manufacturing,9,4,5,5,6,5907.14,3.9,1.28,53164.26,2026-08-12 11:57:00,Reorder Required,Aurelis Synthetic Warehouse Network
AUR-FLT-00787,Process Filter Series 167,West Coast Fulfillment,H-08-04,NorthForge Hydraulics,64,25,39,56,26,4306.79,18.6,2.1,275634.56,2026-08-12 14:30:00,Available,Aurelis Synthetic Warehouse Network
AUR-ACT-00788,Valve Actuator Series 168,Central Distribution Hub,I-09-05,NorthForge Fabrication,21,19,2,15,13,5888.9,11.5,0.17,123666.9,2026-08-12 14:06:00,Reorder Required,Aurelis Synthetic Warehouse Network
AUR-GSK-00789,Industrial Gasket Series 169,West Coast Fulfillment,J-10-06,VectorValve Manufacturing,2,2,0,22,10,3542.39,8.3,0.0,7084.78,2026-08-12 14:20:00,Reorder Required,Aurelis Synthetic Warehouse Network
AUR-HOS-00790,Hydraulic Hose Series 170,Central Distribution Hub,K-11-07,VectorValve Hydraulics,14,14,0,24,15,567.46,12.3,0.0,7944.44,2026-08-12 11:09:00,Reorder Required,Aurelis Synthetic Warehouse Network
AUR-FIT-00791,Pipe Fitting Series 171,West Coast Fulfillment,L-12-08,VectorValve Fabrication,163,39,124,61,78,3804.5,50.2,2.47,620133.5,2026-08-12 13:02:00,Available,Aurelis Synthetic Warehouse Network
AUR-CAB-00792,Instrumentation Cable Series 172,Central Distribution Hub,A-13-01,VectorValve Industrial Plastics,51,23,28,26,10,5618.62,12.4,2.26,286549.62,2026-08-12 11:14:00,Available,Aurelis Synthetic Warehouse Network
AUR-SEN-00793,Process Sensor Series 173,West Coast Fulfillment,B-14-02,VectorValve Mechanical Supply,24,8,16,13,13,8907.41,13.7,1.17,213777.84,2026-08-12 11:40:00,Available,Aurelis Synthetic Warehouse Network
AUR-CMP-00794,Compressor Component Series 174,Central Distribution Hub,C-15-03,PrimeFlow Instrumentation,33,9,24,17,14,19812.67,11.4,2.11,653818.11,2026-08-12 14:54:00,Available,Aurelis Synthetic Warehouse Network
AUR-SAF-00795,Safety Equipment Series 175,West Coast Fulfillment,D-16-04,PrimeFlow Electric,24,2,22,2,6,6275.56,5.7,3.86,150613.44,2026-08-12 11:22:00,Available,Aurelis Synthetic Warehouse Network
AUR-PLC-00796,Automation Controller Series 176,Central Distribution Hub,E-17-05,PrimeFlow Safety Supply,73,27,46,57,39,8102.99,26.6,1.73,591518.27,2026-08-12 13:19:00,Available,Aurelis Synthetic Warehouse Network
AUR-DRV-00797,Variable Frequency Drive Series 177,West Coast Fulfillment,F-18-06,PrimeFlow Sensor Labs,108,19,89,79,24,423.65,28.3,3.14,45754.2,2026-08-12 14:27:00,Available,Aurelis Synthetic Warehouse Network
AUR-HEX-00798,Heat Exchanger Part Series 178,Central Distribution Hub,G-19-07,NorthForge Manufacturing,19,21,-2,48,24,1972.94,13.8,0.0,37485.86,2026-08-12 14:46:00,Negative Availability,Aurelis Synthetic Warehouse Network
AUR-LUB-00799,Industrial Lubrication Series 179,West Coast Fulfillment,H-20-08,NorthForge Hydraulics,148,20,128,10,44,5796.29,24.8,5.16,857850.92,2026-08-12 11:10:00,Available,Aurelis Synthetic Warehouse Network
AUR-TOL-00800,Specialty Tooling Series 180,Central Distribution Hub,I-21-01,NorthForge Fabrication,8,2,6,5,5,1261.44,4.8,1.25,10091.52,2026-08-12 12:45:00,Available,Aurelis Synthetic Warehouse Network
